variant	af	filter-pvalue	lrt-pvalue	beta	beta-std-err	variant_h2	notes
group_21050	9.50E-01	3.19E-01	2.09E-01	-2.61E-01	2.07E-01	7.28E-02	
tolA~~~psiF	9.50E-01	3.19E-01	6.32E-01	-1.02E-01	2.13E-01	2.78E-02	
group_20514	9.50E-01	3.02E-02	7.03E-01	-5.46E-02	1.43E-01	2.21E-02	
zraR~~~luxO	9.50E-01	3.19E-01	6.32E-01	-1.02E-01	2.13E-01	2.78E-02	
luxO~~~zraR~~~norR	9.50E-01	3.19E-01	6.32E-01	-1.02E-01	2.13E-01	2.78E-02	
group_20134	9.50E-01	3.19E-01	6.32E-01	-1.02E-01	2.13E-01	2.78E-02	
group_19784	9.50E-01	3.19E-01	6.32E-01	-1.02E-01	2.13E-01	2.78E-02	
lysM~~~fimV~~~rsgI2	9.50E-01	4.46E-01	9.04E-01	-1.28E-02	1.06E-01	6.98E-03	
group_19221	9.50E-01	3.19E-01	6.56E-01	-8.78E-02	1.97E-01	2.58E-02	
group_19126	9.50E-01	1.78E-01	8.21E-02	-1.73E-01	9.89E-02	1.01E-01	
group_19117	9.50E-01	6.82E-01	4.68E-01	-8.74E-02	1.20E-01	4.21E-02	
group_19077	9.50E-01	8.60E-01	4.90E-01	7.19E-02	1.04E-01	4.00E-02	
group_18921	9.50E-01	5.90E-03	2.57E-01	3.01E-01	2.65E-01	6.56E-02	
group_18718	9.50E-01	3.19E-01	4.38E-01	-1.58E-01	2.04E-01	4.50E-02	
ddpA~~~oppA	9.50E-01	3.02E-02	5.09E-01	-9.95E-02	1.50E-01	3.83E-02	
group_17951	9.50E-01	3.02E-02	5.18E-01	7.27E-02	1.12E-01	3.75E-02	
rstA~~~ompR	9.50E-01	5.90E-03	9.22E-01	-1.52E-02	1.56E-01	5.66E-03	
group_16590	9.50E-01	3.02E-02	3.88E-01	-1.42E-01	1.64E-01	5.00E-02	
group_15588	9.50E-01	3.02E-02	9.67E-01	-1.21E-02	2.93E-01	2.40E-03	
djlA~~~terB	9.50E-01	3.19E-01	4.57E-01	7.52E-02	1.01E-01	4.31E-02	
puuR	9.50E-01	3.02E-02	8.35E-01	-6.52E-02	3.14E-01	1.20E-02	
group_15159	9.50E-01	1.14E-01	8.47E-01	-4.45E-02	2.30E-01	1.12E-02	
group_15143	9.50E-01	4.46E-01	1.87E-01	-1.32E-01	1.00E-01	7.63E-02	
group_15106	9.50E-01	5.90E-03	6.54E-01	7.12E-02	1.59E-01	2.60E-02	
axyZ~~~amrR~~~ttgR	9.50E-01	5.90E-03	7.78E-01	-4.72E-02	1.67E-01	1.64E-02	
group_15066	9.50E-01	3.02E-02	8.35E-01	-6.52E-02	3.14E-01	1.20E-02	
ehuD~~~yecS	9.50E-01	3.02E-02	8.35E-01	-6.52E-02	3.14E-01	1.20E-02	
group_14864	9.50E-01	1.14E-01	1.96E-01	-2.04E-01	1.57E-01	7.48E-02	
group_14729	9.50E-01	3.02E-02	8.35E-01	-6.52E-02	3.14E-01	1.20E-02	
cytC556	9.50E-01	6.82E-01	7.86E-01	2.69E-02	9.90E-02	1.58E-02	
group_14474	9.50E-01	3.02E-02	8.35E-01	-6.52E-02	3.14E-01	1.20E-02	
group_14473	9.50E-01	8.60E-01	1.25E-01	-1.66E-01	1.08E-01	8.88E-02	
group_14433	9.50E-01	6.82E-01	9.35E-01	8.27E-03	1.01E-01	4.73E-03	
group_14158	9.50E-01	6.82E-01	8.10E-01	-2.51E-02	1.05E-01	1.39E-02	
group_14087	9.50E-01	8.40E-04	7.83E-01	-5.55E-02	2.01E-01	1.60E-02	
group_13253	9.50E-01	8.68E-05	9.41E-01	-1.42E-02	1.92E-01	4.28E-03	
group_12576	9.50E-01	8.68E-05	9.41E-01	-1.42E-02	1.92E-01	4.28E-03	
paaY	9.50E-01	3.02E-02	4.08E-01	-1.19E-01	1.43E-01	4.80E-02	
rfaD	9.50E-01	1.18E-02	6.44E-01	-4.51E-02	9.76E-02	2.68E-02	bad-chisq
purA	9.50E-01	8.60E-01	4.15E-01	-7.86E-02	9.63E-02	4.72E-02	
group_9147	9.50E-01	5.32E-02	5.99E-01	5.37E-02	1.02E-01	3.05E-02	bad-chisq
ynfM	9.50E-01	3.19E-01	6.32E-01	-1.02E-01	2.13E-01	2.78E-02	
group_8692	9.50E-01	5.90E-03	5.37E-01	8.63E-02	1.40E-01	3.58E-02	
group_8588	9.50E-01	8.68E-05	9.41E-01	-1.42E-02	1.92E-01	4.28E-03	
group_20646	9.47E-01	4.22E-01	6.58E-01	-7.99E-02	1.80E-01	2.57E-02	
group_20434	9.47E-01	4.22E-01	5.29E-01	-1.18E-01	1.87E-01	3.65E-02	
tetR~~~yxaF	9.47E-01	4.22E-01	5.29E-01	-1.18E-01	1.87E-01	3.65E-02	
group_19769	9.47E-01	1.70E-01	7.29E-01	-6.77E-02	1.95E-01	2.01E-02	
eAL~~~rcsC	9.47E-01	1.70E-01	7.29E-01	-6.77E-02	1.95E-01	2.01E-02	
group_19745	9.47E-01	4.22E-01	4.96E-01	1.02E-01	1.50E-01	3.95E-02	
group_19738	9.47E-01	4.22E-01	4.96E-01	1.02E-01	1.50E-01	3.95E-02	
group_19672	9.47E-01	5.24E-02	5.40E-01	-8.57E-02	1.40E-01	3.55E-02	
group_19630	9.47E-01	1.22E-02	7.85E-01	-4.12E-02	1.51E-01	1.58E-02	
group_19463	9.47E-01	2.68E-04	8.82E-01	-2.79E-02	1.88E-01	8.60E-03	
group_19422	9.47E-01	8.14E-01	2.66E-01	1.08E-01	9.71E-02	6.45E-02	
group_18926	9.47E-01	2.10E-03	9.17E-01	8.32E-02	7.98E-01	6.04E-03	
group_18878	9.47E-01	2.10E-03	9.17E-01	8.32E-02	7.98E-01	6.04E-03	
group_18856	9.47E-01	2.10E-03	9.17E-01	8.32E-02	7.98E-01	6.04E-03	
group_17888	9.47E-01	2.53E-05	5.01E-01	1.20E-01	1.79E-01	3.90E-02	
perM~~~ydiK	9.47E-01	8.14E-01	4.81E-01	-6.92E-02	9.82E-02	4.08E-02	
group_16848	9.50E-01	4.46E-01	5.03E-01	-6.45E-02	9.62E-02	3.88E-02	
group_16832	9.47E-01	1.22E-02	3.47E-01	1.93E-01	2.05E-01	5.44E-02	
nIF3	9.47E-01	3.67E-01	6.42E-01	-4.41E-02	9.49E-02	2.69E-02	
group_16783	9.50E-01	8.60E-01	6.58E-01	-4.39E-02	9.92E-02	2.56E-02	
group_15985	9.47E-01	2.68E-04	6.26E-01	8.71E-02	1.78E-01	2.83E-02	
group_15964	9.47E-01	2.68E-04	6.26E-01	8.71E-02	1.78E-01	2.83E-02	
group_15953	9.47E-01	4.16E-02	7.21E-01	3.39E-02	9.48E-02	2.07E-02	bad-chisq
group_15952	9.47E-01	2.68E-04	6.26E-01	8.71E-02	1.78E-01	2.83E-02	
group_15938	9.47E-01	2.68E-04	6.26E-01	8.71E-02	1.78E-01	2.83E-02	
group_15513	9.47E-01	4.22E-01	4.11E-01	-1.41E-01	1.71E-01	4.77E-02	
tex	9.50E-01	6.82E-01	9.12E-01	-1.12E-02	1.01E-01	6.42E-03	
group_15423	9.47E-01	4.22E-01	4.11E-01	-1.41E-01	1.71E-01	4.77E-02	
group_15305	9.47E-01	4.22E-01	4.11E-01	-1.41E-01	1.71E-01	4.77E-02	
group_15218	9.47E-01	5.24E-02	9.75E-01	-3.87E-03	1.24E-01	1.80E-03	
group_15200	9.47E-01	1.70E-01	4.89E-01	-7.63E-02	1.10E-01	4.01E-02	
group_15078	9.47E-01	7.39E-01	9.38E-01	7.30E-03	9.44E-02	4.48E-03	
vacB	9.47E-01	1.42E-01	2.88E-01	-9.79E-02	9.19E-02	6.16E-02	
group_14798	9.47E-01	4.22E-01	5.70E-01	-8.17E-02	1.44E-01	3.29E-02	
group_14560	9.47E-01	4.22E-01	5.70E-01	-8.17E-02	1.44E-01	3.29E-02	
sfcA	9.47E-01	8.14E-01	6.68E-01	4.08E-02	9.50E-02	2.49E-02	
fliJ	9.47E-01	1.70E-01	1.68E-01	1.33E-01	9.61E-02	7.97E-02	
group_13903	9.47E-01	1.70E-01	4.90E-01	1.26E-01	1.82E-01	4.00E-02	
plcC	9.47E-01	5.24E-02	8.59E-01	3.44E-02	1.93E-01	1.03E-02	
yhfF	9.47E-01	2.10E-03	8.02E-01	5.60E-02	2.24E-01	1.45E-02	
group_13036	9.47E-01	2.10E-03	5.98E-01	-1.25E-01	2.38E-01	3.06E-02	
group_12948	9.47E-01	5.24E-02	2.32E-01	-2.93E-01	2.45E-01	6.92E-02	
group_12517	9.47E-01	1.70E-01	4.29E-01	-1.77E-01	2.24E-01	4.58E-02	
group_12292	9.47E-01	2.10E-03	5.98E-01	-1.25E-01	2.38E-01	3.06E-02	
livM~~~livH	9.47E-01	2.10E-03	5.98E-01	-1.25E-01	2.38E-01	3.06E-02	
group_11799	9.47E-01	1.22E-02	6.61E-01	-1.05E-01	2.39E-01	2.54E-02	
group_11745	9.47E-01	2.68E-04	9.16E-01	-1.77E-02	1.68E-01	6.09E-03	
group_11617	9.47E-01	4.22E-01	7.99E-01	-2.52E-02	9.92E-02	1.47E-02	
group_11351	9.47E-01	2.10E-03	5.98E-01	-1.25E-01	2.38E-01	3.06E-02	
group_10492	9.47E-01	2.68E-04	9.21E-01	-1.67E-02	1.68E-01	5.76E-03	
group_8741	9.47E-01	7.39E-01	7.21E-01	-3.36E-02	9.41E-02	2.07E-02	
group_21136	9.43E-01	8.42E-02	3.25E-01	-1.57E-01	1.59E-01	5.70E-02	
group_21126	9.43E-01	4.64E-03	8.63E-01	-5.63E-02	3.25E-01	1.00E-02	
group_20880	9.43E-01	8.42E-02	3.65E-01	1.44E-01	1.59E-01	5.25E-02	
group_20879	9.43E-01	8.42E-02	3.65E-01	1.44E-01	1.59E-01	5.25E-02	
group_20878	9.43E-01	8.42E-02	3.65E-01	1.44E-01	1.59E-01	5.25E-02	
group_20809	9.43E-01	8.42E-02	7.80E-01	-3.81E-02	1.36E-01	1.62E-02	
group_20761	9.43E-01	8.42E-02	7.80E-01	-3.81E-02	1.36E-01	1.62E-02	
group_20715	9.43E-01	8.42E-02	7.80E-01	-3.81E-02	1.36E-01	1.62E-02	
group_20713	9.43E-01	8.42E-02	7.80E-01	-3.81E-02	1.36E-01	1.62E-02	
mdtD~~~emrB	9.43E-01	5.34E-01	5.56E-01	-9.74E-02	1.65E-01	3.41E-02	
ankX~~~aNKYR	9.43E-01	3.24E-02	5.30E-01	-5.83E-02	9.26E-02	3.64E-02	bad-chisq
group_19728	9.43E-01	8.42E-02	7.20E-01	-7.39E-02	2.06E-01	2.08E-02	
group_19387	9.43E-01	4.64E-03	9.78E-01	-8.51E-03	3.13E-01	1.57E-03	
ybjG~~~pgpB	9.43E-01	5.34E-01	2.56E-01	1.09E-01	9.55E-02	6.58E-02	
group_18877	9.43E-01	4.64E-03	9.82E-01	-7.05E-03	3.13E-01	1.30E-03	
group_18872	9.43E-01	8.42E-02	3.30E-01	-1.86E-01	1.91E-01	5.65E-02	
group_18748	9.43E-01	5.34E-01	1.97E-01	-1.87E-01	1.44E-01	7.47E-02	
group_18741	9.43E-01	8.42E-02	9.85E-01	4.11E-03	2.17E-01	1.10E-03	
rutB~~~yecD	9.43E-01	4.64E-03	9.78E-01	-8.51E-03	3.13E-01	1.57E-03	
group_18169	9.43E-01	4.64E-03	9.80E-01	-7.77E-03	3.12E-01	1.44E-03	
group_18168	9.43E-01	4.64E-03	9.80E-01	-7.77E-03	3.12E-01	1.44E-03	
group_17942	9.43E-01	4.64E-03	9.80E-01	-7.77E-03	3.12E-01	1.44E-03	
group_17681	9.43E-01	4.64E-03	7.03E-01	-1.25E-01	3.28E-01	2.21E-02	
group_17552	9.43E-01	9.44E-01	7.06E-01	-3.65E-02	9.69E-02	2.18E-02	
group_17480	9.43E-01	4.64E-03	9.78E-01	-8.51E-03	3.13E-01	1.57E-03	
group_17423	9.43E-01	4.64E-03	9.78E-01	-8.51E-03	3.13E-01	1.57E-03	
group_17263	9.43E-01	4.64E-03	7.03E-01	-1.25E-01	3.28E-01	2.21E-02	
group_16942	9.43E-01	4.64E-03	7.03E-01	-1.25E-01	3.28E-01	2.21E-02	
group_16937	9.43E-01	2.27E-02	9.75E-01	5.02E-03	1.61E-01	1.80E-03	
trmL	9.43E-01	2.40E-01	7.86E-01	-3.15E-02	1.16E-01	1.57E-02	
group_15600	9.43E-01	5.34E-01	4.43E-01	-1.18E-01	1.53E-01	4.45E-02	
group_15577	9.43E-01	7.16E-04	8.03E-01	3.41E-02	1.37E-01	1.44E-02	
group_15337	9.43E-01	4.64E-03	8.43E-02	1.71E-01	9.85E-02	9.98E-02	
nagR	9.43E-01	5.34E-01	3.23E-01	-1.52E-01	1.54E-01	5.73E-02	
group_15083	9.43E-01	8.42E-02	8.38E-01	2.42E-02	1.19E-01	1.18E-02	
group_15025	9.43E-01	5.34E-01	3.23E-01	-1.52E-01	1.54E-01	5.73E-02	
group_14981	9.43E-01	5.34E-01	4.27E-01	-1.07E-01	1.35E-01	4.60E-02	
group_14881	9.43E-01	5.34E-01	3.23E-01	-1.52E-01	1.54E-01	5.73E-02	
group_14683	9.43E-01	5.34E-01	3.23E-01	-1.52E-01	1.54E-01	5.73E-02	
group_14666	9.43E-01	8.30E-05	6.64E-01	-6.83E-02	1.57E-01	2.52E-02	
group_14643	9.43E-01	3.24E-02	9.80E-01	-2.27E-03	9.04E-02	1.45E-03	bad-chisq
group_14419	9.43E-01	5.34E-01	3.23E-01	-1.52E-01	1.54E-01	5.73E-02	
group_14404	9.43E-01	8.30E-05	6.64E-01	-6.83E-02	1.57E-01	2.52E-02	
atoC~~~dctD	9.43E-01	4.64E-03	7.32E-01	-5.50E-02	1.61E-01	1.98E-02	
group_14144	9.43E-01	5.34E-01	3.23E-01	-1.52E-01	1.54E-01	5.73E-02	
group_14132	9.43E-01	8.30E-05	6.64E-01	-6.83E-02	1.57E-01	2.52E-02	
group_13764	9.43E-01	5.34E-01	3.23E-01	-1.52E-01	1.54E-01	5.73E-02	
group_13749	9.43E-01	8.30E-05	6.64E-01	-6.83E-02	1.57E-01	2.52E-02	
group_13708	9.43E-01	8.30E-05	2.18E-01	2.44E-01	1.98E-01	7.13E-02	
group_13592	9.43E-01	4.64E-03	4.56E-01	-1.52E-01	2.03E-01	4.32E-02	
tapA	9.47E-01	1.75E-06	6.35E-01	-9.32E-02	1.96E-01	2.76E-02	
group_10979	9.43E-01	2.27E-02	1.92E-01	-1.92E-01	1.47E-01	7.55E-02	
group_10510	9.43E-01	5.34E-01	9.72E-01	3.48E-03	1.00E-01	2.01E-03	
group_21129	9.40E-01	1.69E-03	7.05E-01	1.10E-01	2.91E-01	2.19E-02	
hdfR~~~argP~~~lysR	9.40E-01	1.69E-03	7.05E-01	1.10E-01	2.91E-01	2.19E-02	
group_20856	9.40E-01	3.90E-02	2.61E-01	1.72E-01	1.52E-01	6.51E-02	
group_19757	9.40E-01	3.90E-02	8.09E-01	-4.64E-02	1.91E-01	1.40E-02	
group_19746	9.40E-01	3.90E-02	8.09E-01	-4.64E-02	1.91E-01	1.40E-02	
ompR~~~phoP~~~baeR~~~mprA	9.40E-01	3.90E-02	8.09E-01	-4.64E-02	1.91E-01	1.40E-02	
group_19740	9.40E-01	3.90E-02	8.09E-01	-4.64E-02	1.91E-01	1.40E-02	
group_19739	9.40E-01	6.52E-01	7.57E-01	4.04E-02	1.30E-01	1.80E-02	
group_19660	9.40E-01	9.27E-03	8.64E-01	-4.03E-02	2.35E-01	9.94E-03	
group_19592	9.40E-01	9.27E-03	8.64E-01	-4.03E-02	2.35E-01	9.94E-03	
ubiK	9.40E-01	5.33E-01	9.26E-01	-8.42E-03	9.09E-02	5.37E-03	
ogt	9.40E-01	6.52E-01	2.98E-01	9.66E-02	9.28E-02	6.02E-02	
group_18663	9.40E-01	1.69E-03	4.79E-02	4.57E-01	2.30E-01	1.14E-01	
lutR~~~gntR~~~fadR	9.40E-01	1.69E-03	5.03E-01	1.62E-01	2.41E-01	3.88E-02	
group_16687	9.40E-01	9.31E-01	4.13E-01	7.24E-02	8.83E-02	4.74E-02	
degQ~~~degS	9.40E-01	5.33E-01	8.34E-01	-1.91E-02	9.12E-02	1.21E-02	
luxN~~~atoC	9.40E-01	9.27E-03	6.61E-01	-1.06E-01	2.41E-01	2.55E-02	
pbuX~~~xanP	9.40E-01	1.27E-01	7.24E-01	-4.24E-02	1.20E-01	2.05E-02	
group_15461	9.40E-01	9.27E-03	3.31E-01	-2.32E-01	2.38E-01	5.63E-02	
group_15352	9.40E-01	9.27E-03	3.31E-01	-2.32E-01	2.38E-01	5.63E-02	
group_15219	9.40E-01	9.27E-03	3.31E-01	-2.32E-01	2.38E-01	5.63E-02	
group_15110	9.40E-01	6.52E-01	4.42E-01	-9.70E-02	1.26E-01	4.45E-02	
group_15087	9.40E-01	9.27E-03	3.31E-01	-2.32E-01	2.38E-01	5.63E-02	
group_15067	9.40E-01	2.36E-04	1.45E-01	4.58E-01	3.13E-01	8.44E-02	
group_14867	9.40E-01	2.50E-05	6.99E-01	5.62E-02	1.45E-01	2.24E-02	
group_14541	9.40E-01	5.33E-01	5.96E-01	-4.82E-02	9.10E-02	3.07E-02	
group_14517	9.40E-01	5.33E-01	2.61E-01	-1.12E-01	9.93E-02	6.51E-02	
group_13349	9.40E-01	1.27E-01	3.26E-01	-2.77E-01	2.81E-01	5.69E-02	
group_12463	9.40E-01	3.23E-01	5.08E-01	-9.37E-02	1.41E-01	3.84E-02	
group_11941	9.40E-01	1.69E-03	6.32E-01	-1.01E-01	2.10E-01	2.77E-02	
group_11552	9.40E-01	1.27E-01	4.87E-01	-1.11E-01	1.60E-01	4.02E-02	
group_11276	9.40E-01	9.31E-01	2.91E-02	-3.08E-01	1.40E-01	1.26E-01	
group_6268	9.40E-01	2.36E-04	8.81E-01	3.20E-02	2.14E-01	8.67E-03	
group_21130	9.37E-01	5.92E-04	4.94E-01	1.54E-01	2.25E-01	3.96E-02	
group_21127	9.37E-01	5.50E-07	9.20E-01	1.88E-02	1.89E-01	5.79E-03	
group_20936	9.37E-01	7.34E-06	2.79E-01	1.74E-01	1.60E-01	6.27E-02	
group_20817	9.37E-01	4.15E-01	7.53E-01	4.24E-02	1.35E-01	1.83E-02	
group_19624	9.37E-01	3.60E-03	6.71E-01	8.47E-02	1.99E-01	2.46E-02	
group_18908	9.37E-01	1.70E-02	3.65E-01	-1.77E-01	1.95E-01	5.25E-02	
group_18854	9.37E-01	1.70E-02	7.98E-01	-5.27E-02	2.06E-01	1.48E-02	
yvaK	9.37E-01	5.92E-04	7.92E-01	-3.99E-02	1.51E-01	1.53E-02	
group_18081	9.37E-01	4.15E-01	4.49E-01	-1.14E-01	1.50E-01	4.39E-02	
group_18028	9.37E-01	7.51E-05	5.60E-01	2.47E-01	4.23E-01	3.37E-02	
group_17972	9.37E-01	3.60E-03	8.11E-01	-4.75E-02	1.99E-01	1.39E-02	
group_17807	9.37E-01	1.70E-02	4.04E-01	-1.64E-01	1.96E-01	4.84E-02	
group_17806	9.37E-01	7.51E-05	5.60E-01	2.47E-01	4.23E-01	3.37E-02	
group_17741	9.37E-01	7.51E-05	5.60E-01	2.47E-01	4.23E-01	3.37E-02	
group_17740	9.37E-01	7.51E-05	5.60E-01	2.47E-01	4.23E-01	3.37E-02	
group_17662	9.37E-01	3.60E-03	8.11E-01	-4.75E-02	1.99E-01	1.39E-02	
group_17467	9.37E-01	7.51E-05	5.60E-01	2.47E-01	4.23E-01	3.37E-02	
nrtD~~~tauB	9.37E-01	5.50E-07	6.34E-01	9.85E-02	2.06E-01	2.76E-02	
group_17246	9.37E-01	3.60E-03	8.11E-01	-4.75E-02	1.99E-01	1.39E-02	
artM~~~hisP	9.37E-01	3.60E-03	8.11E-01	-4.75E-02	1.99E-01	1.39E-02	
group_15918	9.37E-01	3.60E-03	7.74E-01	3.87E-02	1.34E-01	1.67E-02	
group_13654	9.37E-01	4.48E-01	5.47E-01	-5.18E-02	8.58E-02	3.49E-02	
tatC	9.37E-01	4.48E-01	6.45E-01	-4.13E-02	8.95E-02	2.67E-02	
group_13149	9.37E-01	7.51E-05	8.01E-01	-3.43E-02	1.36E-01	1.46E-02	
ompV	9.37E-01	7.51E-05	7.17E-01	-6.14E-02	1.69E-01	2.10E-02	
msbA~~~cydC	9.33E-01	1.34E-03	6.45E-01	1.09E-01	2.36E-01	2.67E-02	
group_21088	9.33E-01	7.02E-03	3.12E-01	1.62E-01	1.60E-01	5.85E-02	
group_20903	9.33E-01	9.45E-02	4.53E-01	9.61E-02	1.28E-01	4.34E-02	
group_20855	9.33E-01	2.46E-01	7.23E-01	-4.67E-02	1.32E-01	2.06E-02	
group_20765	9.33E-01	2.46E-01	5.44E-01	7.71E-02	1.27E-01	3.52E-02	
alaX	9.33E-01	8.91E-01	7.04E-02	-1.82E-01	1.00E-01	1.05E-01	
yqjC	9.33E-01	7.07E-01	6.76E-01	-3.68E-02	8.79E-02	2.42E-02	
group_18555	9.33E-01	9.45E-02	7.02E-01	-4.10E-02	1.07E-01	2.22E-02	
group_18425	9.33E-01	9.45E-02	7.02E-01	-4.10E-02	1.07E-01	2.22E-02	
group_18424	9.33E-01	9.45E-02	7.02E-01	-4.10E-02	1.07E-01	2.22E-02	
group_18263	9.33E-01	9.45E-02	7.02E-01	-4.10E-02	1.07E-01	2.22E-02	
group_17848	9.37E-01	4.15E-01	7.75E-01	2.76E-02	9.66E-02	1.66E-02	
group_17646	9.33E-01	2.32E-05	9.18E-01	1.67E-02	1.61E-01	5.97E-03	
group_15946	9.33E-01	2.90E-02	4.42E-01	-1.33E-01	1.73E-01	4.45E-02	
group_15391	9.33E-01	2.90E-02	8.09E-02	-3.08E-01	1.76E-01	1.01E-01	
group_15049	9.33E-01	9.45E-02	6.26E-01	4.90E-02	1.00E-01	2.83E-02	
group_13175	9.33E-01	2.46E-01	6.93E-01	-4.92E-02	1.25E-01	2.29E-02	
iclR~~~tctC	9.33E-01	7.02E-03	2.11E-01	-2.30E-01	1.83E-01	7.25E-02	
metQ	9.33E-01	2.00E-04	6.36E-01	1.11E-01	2.35E-01	2.74E-02	
glcE	9.33E-01	2.90E-02	8.21E-01	-2.47E-02	1.09E-01	1.31E-02	
group_11114	9.33E-01	2.00E-04	6.36E-01	1.11E-01	2.35E-01	2.74E-02	
citB~~~rcsB~~~luxR	9.30E-01	5.92E-07	1.26E-01	3.00E-01	1.96E-01	8.85E-02	
yobV~~~yafY~~~pafB	9.30E-01	6.52E-05	4.13E-01	1.20E-01	1.46E-01	4.74E-02	
group_20914	9.30E-01	4.64E-02	4.11E-01	-1.43E-01	1.74E-01	4.77E-02	
group_20786	9.30E-01	2.77E-03	7.88E-01	4.72E-02	1.75E-01	1.56E-02	
group_18897	9.30E-01	2.77E-03	4.40E-02	-4.50E-01	2.23E-01	1.16E-01	
group_18851	9.30E-01	2.77E-03	2.83E-01	-2.16E-01	2.01E-01	6.22E-02	
group_18846	9.30E-01	2.77E-03	4.40E-02	-4.50E-01	2.23E-01	1.16E-01	
urcA~~~psiF	9.30E-01	1.27E-02	9.75E-01	-4.99E-03	1.58E-01	1.83E-03	
group_18567	9.30E-01	4.64E-02	2.95E-01	-1.61E-01	1.53E-01	6.07E-02	
group_18433	9.30E-01	4.64E-02	2.92E-01	-1.62E-01	1.53E-01	6.10E-02	
group_18379	9.30E-01	1.27E-02	7.47E-01	-6.08E-02	1.88E-01	1.87E-02	
group_18206	9.30E-01	1.27E-02	7.47E-01	-6.08E-02	1.88E-01	1.87E-02	
group_18124	9.30E-01	4.78E-04	6.80E-01	8.98E-02	2.17E-01	2.39E-02	
group_17878	9.30E-01	6.52E-05	8.42E-01	-4.48E-02	2.25E-01	1.16E-02	
group_17877	9.30E-01	6.52E-05	8.42E-01	-4.48E-02	2.25E-01	1.16E-02	
group_17760	9.30E-01	1.36E-01	2.69E-01	-1.34E-01	1.21E-01	6.40E-02	
group_17545	9.30E-01	6.52E-05	8.42E-01	-4.48E-02	2.25E-01	1.16E-02	
group_17303	9.30E-01	1.27E-02	8.42E-01	-4.95E-02	2.48E-01	1.15E-02	
group_17072	9.30E-01	6.52E-05	8.42E-01	-4.48E-02	2.25E-01	1.16E-02	
group_17071	9.30E-01	6.52E-05	8.42E-01	-4.48E-02	2.25E-01	1.16E-02	
group_16868	9.30E-01	6.52E-05	8.42E-01	-4.48E-02	2.25E-01	1.16E-02	
group_16813	9.30E-01	1.36E-01	2.69E-01	-1.34E-01	1.21E-01	6.40E-02	
group_16029	9.30E-01	3.22E-01	3.66E-01	-8.80E-02	9.73E-02	5.24E-02	
lysR~~~gbpR~~~hdfR	9.30E-01	2.77E-03	1.81E-01	-1.96E-01	1.46E-01	7.75E-02	
group_16003	9.30E-01	2.77E-03	3.76E-01	-1.23E-01	1.39E-01	5.12E-02	
group_15930	9.30E-01	4.64E-02	2.64E-01	-1.88E-01	1.68E-01	6.46E-02	
group_15905	9.30E-01	4.64E-02	2.64E-01	-1.88E-01	1.68E-01	6.46E-02	
group_15855	9.30E-01	4.64E-02	2.64E-01	-1.88E-01	1.68E-01	6.46E-02	
group_15823	9.30E-01	4.64E-02	2.64E-01	-1.88E-01	1.68E-01	6.46E-02	
group_15149	9.30E-01	1.36E-01	2.69E-01	-1.34E-01	1.21E-01	6.40E-02	
group_14817	9.30E-01	2.59E-03	6.70E-01	-3.77E-02	8.83E-02	2.47E-02	bad-chisq
dinG~~~dnaQ	9.30E-01	1.36E-01	2.69E-01	-1.34E-01	1.21E-01	6.40E-02	
iclR~~~kipR	9.30E-01	6.52E-05	9.54E-01	-6.80E-03	1.18E-01	3.32E-03	
bdlA~~~pAS	9.30E-01	1.36E-01	2.69E-01	-1.34E-01	1.21E-01	6.40E-02	
group_13677	9.30E-01	1.36E-01	2.69E-01	-1.34E-01	1.21E-01	6.40E-02	
group_13676	9.30E-01	1.36E-01	2.69E-01	-1.34E-01	1.21E-01	6.40E-02	
cdhR~~~glxA~~~rhaS	9.30E-01	1.36E-01	2.69E-01	-1.34E-01	1.21E-01	6.40E-02	
group_11996	9.30E-01	1.27E-02	5.72E-01	-1.29E-01	2.28E-01	3.28E-02	
group_11576	9.30E-01	1.36E-01	9.02E-01	-1.48E-02	1.20E-01	7.16E-03	
glnK	9.30E-01	1.31E-01	3.44E-01	-8.00E-02	8.45E-02	5.48E-02	
group_20925	9.27E-01	7.34E-01	6.62E-01	-4.04E-02	9.23E-02	2.53E-02	
group_20719	9.27E-01	1.87E-01	4.69E-01	-1.02E-01	1.41E-01	4.19E-02	
group_20349	9.27E-01	8.81E-01	1.96E-02	-2.80E-01	1.19E-01	1.35E-01	
group_20113	9.27E-01	1.65E-04	8.92E-01	3.71E-02	2.72E-01	7.91E-03	
group_18810	9.27E-01	7.05E-02	8.73E-01	-2.27E-02	1.42E-01	9.26E-03	
group_18678	9.27E-01	1.04E-03	9.33E-01	1.38E-02	1.64E-01	4.87E-03	
group_18529	9.27E-01	1.63E-07	6.18E-01	2.53E-01	5.07E-01	2.89E-02	
group_18360	9.27E-01	7.05E-02	8.72E-01	-2.30E-02	1.42E-01	9.38E-03	
tssM~~~icmF	9.27E-01	1.63E-07	6.18E-01	2.53E-01	5.07E-01	2.89E-02	
group_18208	9.27E-01	1.04E-03	7.40E-01	-1.68E-01	5.07E-01	1.92E-02	
group_18096	9.27E-01	1.65E-04	8.58E-01	-5.80E-02	3.23E-01	1.04E-02	
kefA~~~mscS~~~mscK	9.27E-01	7.05E-02	3.28E-01	-1.17E-01	1.19E-01	5.67E-02	
group_16748	9.27E-01	1.65E-04	6.98E-01	-1.26E-01	3.26E-01	2.25E-02	
cytB	9.30E-01	9.92E-01	9.82E-01	1.87E-03	8.28E-02	1.31E-03	
group_16234	9.27E-01	2.15E-02	5.20E-01	-9.46E-02	1.47E-01	3.73E-02	
yhdG~~~ybaT	9.27E-01	1.04E-03	7.83E-01	4.71E-02	1.71E-01	1.60E-02	
group_15959	9.27E-01	5.30E-03	9.86E-01	2.79E-03	1.56E-01	1.03E-03	
group_15881	9.27E-01	7.05E-02	2.27E-01	-1.84E-01	1.52E-01	7.00E-02	
ugpQ	9.27E-01	2.01E-03	5.78E-01	-4.87E-02	8.75E-02	3.23E-02	bad-chisq
rlmJ	9.27E-01	2.01E-03	5.78E-01	-4.87E-02	8.75E-02	3.23E-02	bad-chisq
yadH	9.27E-01	7.05E-02	5.15E-01	-9.34E-02	1.43E-01	3.77E-02	
eutE	9.27E-01	2.59E-01	8.42E-01	-1.82E-02	9.15E-02	1.15E-02	
group_13943	9.27E-01	2.15E-02	8.02E-02	-3.45E-01	1.97E-01	1.01E-01	
amtB	9.27E-01	5.22E-01	8.04E-01	-2.03E-02	8.18E-02	1.44E-02	
mdtC~~~lysR~~~cynR	9.23E-01	5.48E-05	4.31E-01	1.86E-01	2.36E-01	4.56E-02	
group_21074	9.23E-01	5.48E-05	4.31E-01	1.86E-01	2.36E-01	4.56E-02	
group_21066	9.23E-01	5.48E-05	4.31E-01	1.86E-01	2.36E-01	4.56E-02	
group_20526	9.23E-01	3.79E-04	9.46E-01	-1.56E-02	2.31E-01	3.92E-03	
dapA~~~yagE	9.23E-01	3.79E-04	9.03E-01	1.59E-02	1.30E-01	7.08E-03	
group_19420	9.23E-01	3.79E-04	9.03E-01	1.59E-02	1.30E-01	7.08E-03	
group_19104	9.23E-01	5.00E-01	8.65E-01	-1.67E-02	9.85E-02	9.85E-03	
group_18962	9.23E-01	3.79E-04	3.35E-01	2.54E-01	2.63E-01	5.58E-02	
group_18656	9.23E-01	5.92E-07	8.26E-01	6.20E-02	2.82E-01	1.27E-02	
tssA~~~impA	9.23E-01	5.92E-07	8.25E-01	6.26E-02	2.82E-01	1.28E-02	
group_18397	9.23E-01	4.41E-08	2.43E-01	3.54E-01	3.03E-01	6.76E-02	
group_16580	9.23E-01	2.11E-03	7.11E-01	4.07E-02	1.10E-01	2.15E-02	
group_16036	9.23E-01	5.00E-01	3.76E-01	-8.09E-02	9.12E-02	5.13E-02	
group_15501	9.23E-01	5.48E-05	7.70E-01	-8.36E-02	2.86E-01	1.70E-02	
alkP~~~mdoB	9.23E-01	3.79E-04	6.10E-01	-8.19E-02	1.60E-01	2.96E-02	
group_15184	9.23E-01	3.45E-02	8.63E-01	-1.91E-02	1.10E-01	1.00E-02	
group_15048	9.23E-01	1.02E-01	4.89E-01	1.01E-01	1.45E-01	4.01E-02	
prdF	9.23E-01	1.02E-01	5.47E-01	-6.77E-02	1.12E-01	3.49E-02	
group_14640	9.23E-01	1.02E-01	5.47E-01	-6.77E-02	1.12E-01	3.49E-02	
potB~~~potA	9.23E-01	1.02E-01	5.47E-01	-6.77E-02	1.12E-01	3.49E-02	
ftsB	9.23E-01	7.76E-01	9.26E-01	-7.66E-03	8.24E-02	5.38E-03	
group_21075	9.20E-01	1.33E-04	5.45E-01	1.18E-01	1.94E-01	3.51E-02	
ydaF	9.20E-01	8.06E-04	9.87E-01	3.24E-03	2.01E-01	9.35E-04	
group_19610	9.20E-01	1.77E-05	6.82E-01	-6.11E-02	1.49E-01	2.37E-02	
group_19593	9.20E-01	1.33E-04	7.78E-01	3.63E-02	1.29E-01	1.64E-02	
group_19116	9.20E-01	3.18E-01	5.36E-01	5.13E-02	8.29E-02	3.59E-02	
group_18949	9.20E-01	1.60E-02	2.65E-01	-1.76E-01	1.58E-01	6.45E-02	
group_18427	9.20E-01	9.55E-01	5.20E-01	-5.67E-02	8.80E-02	3.73E-02	
araC~~~ftrA~~~rhaS	9.20E-01	8.06E-04	8.95E-01	2.39E-02	1.80E-01	7.68E-03	
yeaO	9.20E-01	3.97E-03	5.53E-01	1.05E-01	1.77E-01	3.44E-02	
group_17750	9.20E-01	1.91E-06	6.50E-01	3.24E-01	7.14E-01	2.63E-02	
group_16820	9.20E-01	9.55E-01	8.89E-01	-1.13E-02	8.09E-02	8.07E-03	
group_16763	9.20E-01	8.06E-04	9.09E-01	-2.21E-02	1.93E-01	6.66E-03	
group_15987	9.20E-01	3.97E-03	5.00E-01	-7.36E-02	1.09E-01	3.91E-02	
group_15807	9.20E-01	8.06E-04	9.79E-01	4.58E-03	1.75E-01	1.52E-03	
group_15460	9.20E-01	5.25E-02	1.01E-01	-1.54E-01	9.37E-02	9.49E-02	
group_13477	9.20E-01	8.06E-04	8.38E-01	-3.96E-02	1.94E-01	1.18E-02	
group_12874	9.20E-01	8.06E-04	8.38E-01	-3.96E-02	1.94E-01	1.18E-02	
betI~~~acrR~~~tetR	9.20E-01	1.77E-05	9.82E-01	4.33E-03	1.97E-01	1.27E-03	
alaC	9.20E-01	6.79E-01	7.15E-01	-2.98E-02	8.15E-02	2.12E-02	
pflA	9.17E-01	5.56E-06	1.67E-01	2.68E-01	1.94E-01	7.99E-02	
group_20534	9.17E-01	1.60E-03	2.08E-01	-2.27E-01	1.80E-01	7.28E-02	
group_20373	9.17E-01	1.60E-03	2.08E-01	-2.27E-01	1.80E-01	7.28E-02	
group_20372	9.17E-01	1.60E-03	2.08E-01	-2.27E-01	1.80E-01	7.28E-02	
group_20148	9.17E-01	1.60E-03	2.08E-01	-2.27E-01	1.80E-01	7.28E-02	
group_20122	9.17E-01	1.60E-03	2.08E-01	-2.27E-01	1.80E-01	7.28E-02	
group_20120	9.17E-01	1.60E-03	2.08E-01	-2.27E-01	1.80E-01	7.28E-02	
group_19807	9.17E-01	1.60E-03	2.08E-01	-2.27E-01	1.80E-01	7.28E-02	
group_19788	9.17E-01	1.60E-03	3.01E-01	-1.91E-01	1.84E-01	5.99E-02	
yciW1	9.17E-01	1.60E-03	2.08E-01	-2.27E-01	1.80E-01	7.28E-02	
group_19674	9.17E-01	2.56E-02	9.77E-01	-3.81E-03	1.31E-01	1.68E-03	
group_19459	9.17E-01	2.96E-04	8.97E-01	-1.66E-02	1.28E-01	7.51E-03	
hlyD~~~emrA	9.17E-01	7.00E-01	6.59E-01	3.76E-02	8.50E-02	2.56E-02	
group_18259	9.17E-01	1.91E-01	7.68E-01	-2.65E-02	8.99E-02	1.71E-02	
sciT~~~tagF	9.17E-01	5.56E-06	9.86E-01	-3.29E-03	1.87E-01	1.02E-03	
group_18180	9.17E-01	5.56E-06	9.93E-01	-2.64E-03	3.19E-01	4.80E-04	
ttgC~~~nodT~~~oprM	9.20E-01	5.98E-01	9.74E-01	2.67E-03	8.06E-02	1.92E-03	
group_18122	9.17E-01	5.56E-06	9.93E-01	-2.64E-03	3.19E-01	4.80E-04	
group_17953	9.17E-01	5.56E-06	9.93E-01	-2.64E-03	3.19E-01	4.80E-04	
group_17860	9.17E-01	5.56E-06	9.93E-01	-2.64E-03	3.19E-01	4.80E-04	
group_16877	9.17E-01	2.56E-02	6.81E-01	4.86E-02	1.18E-01	2.38E-02	
group_16715	9.17E-01	7.66E-02	9.05E-01	-1.49E-02	1.25E-01	6.90E-03	
group_15587	9.17E-01	2.96E-04	3.60E-01	-1.70E-01	1.86E-01	5.31E-02	
group_14756	9.17E-01	7.66E-02	6.46E-02	-3.10E-01	1.67E-01	1.07E-01	
group_14103	9.17E-01	7.05E-03	9.32E-01	2.12E-02	2.49E-01	4.94E-03	
lysR~~~cynR~~~argP	9.17E-01	7.66E-02	2.97E-03	2.45E-01	8.18E-02	1.71E-01	
tctC~~~iclR	9.17E-01	7.66E-02	5.55E-01	-6.78E-02	1.15E-01	3.42E-02	
bcp	9.17E-01	5.90E-01	6.51E-01	-3.63E-02	8.01E-02	2.63E-02	
group_9120	9.17E-01	1.60E-03	6.62E-01	-8.99E-02	2.06E-01	2.53E-02	
hcp	9.13E-01	1.70E-06	1.88E-01	2.17E-01	1.65E-01	7.61E-02	
group_21070	9.13E-01	6.16E-04	7.35E-01	7.22E-02	2.13E-01	1.96E-02	
group_21067	9.13E-01	6.16E-04	7.35E-01	7.22E-02	2.13E-01	1.96E-02	
pigC~~~cmdD~~~kdpD	9.13E-01	6.16E-04	3.26E-01	-1.71E-01	1.74E-01	5.69E-02	
group_21037	9.13E-01	6.16E-04	3.26E-01	-1.71E-01	1.74E-01	5.69E-02	
group_19689	9.13E-01	1.18E-02	3.65E-01	1.06E-01	1.17E-01	5.24E-02	
group_19202	9.13E-01	1.70E-06	8.36E-01	6.25E-02	3.01E-01	1.20E-02	
ccmA~~~yadH~~~ybhF	9.13E-01	8.04E-01	6.80E-01	3.40E-02	8.25E-02	2.39E-02	
ushA	9.13E-01	6.16E-04	5.86E-01	7.16E-02	1.31E-01	3.16E-02	
group_17954	9.13E-01	1.48E-05	6.28E-01	-1.19E-01	2.46E-01	2.81E-02	
group_17498	9.13E-01	2.97E-03	8.24E-01	-3.40E-02	1.53E-01	1.29E-02	
group_17483	9.13E-01	1.48E-05	4.54E-01	-2.16E-01	2.89E-01	4.34E-02	
group_16841	9.13E-01	2.97E-03	4.82E-01	-1.07E-01	1.52E-01	4.08E-02	
group_15779	9.13E-01	1.17E-01	7.50E-01	-2.61E-02	8.19E-02	1.85E-02	
yhhY	9.13E-01	1.05E-04	6.11E-01	-1.86E-01	3.66E-01	2.95E-02	
group_14951	9.13E-01	1.05E-04	6.64E-01	5.63E-02	1.29E-01	2.52E-02	
tcpQ~~~virB9	9.13E-01	6.16E-04	2.71E-01	-1.79E-01	1.62E-01	6.38E-02	
group_13795	9.13E-01	1.48E-05	9.42E-01	-1.70E-02	2.32E-01	4.24E-03	
rhaS~~~araC	9.13E-01	1.48E-05	9.42E-01	-1.70E-02	2.32E-01	4.24E-03	
group_13150	9.13E-01	1.70E-06	9.12E-01	-3.55E-02	3.22E-01	6.39E-03	
group_12919	9.13E-01	1.08E-01	9.13E-01	-9.43E-03	8.64E-02	6.32E-03	
vgrG~~~vgrG1	9.13E-01	1.70E-06	1.88E-01	2.17E-01	1.65E-01	7.61E-02	
group_12146	9.13E-01	1.70E-06	1.88E-01	2.17E-01	1.65E-01	7.61E-02	
group_11136	9.13E-01	1.70E-06	1.88E-01	2.17E-01	1.65E-01	7.61E-02	
bamD~~~tssB	9.13E-01	1.70E-06	1.88E-01	2.17E-01	1.65E-01	7.61E-02	
group_9524	9.13E-01	1.70E-06	1.88E-01	2.17E-01	1.65E-01	7.61E-02	
group_7774	9.13E-01	1.70E-06	8.47E-01	-6.36E-02	3.29E-01	1.12E-02	
group_6979	9.13E-01	1.70E-06	1.88E-01	2.17E-01	1.65E-01	7.61E-02	
group_2945	9.13E-01	1.70E-06	1.88E-01	2.17E-01	1.65E-01	7.61E-02	
dmlR~~~lysR~~~pgrR	9.10E-01	4.71E-06	9.01E-01	-3.83E-02	3.08E-01	7.22E-03	
group_21054	9.10E-01	1.20E-03	9.02E-01	-1.85E-02	1.50E-01	7.17E-03	
group_21044	9.10E-01	3.61E-05	7.50E-01	-6.57E-02	2.06E-01	1.85E-02	
group_20051	9.10E-01	3.61E-05	9.20E-01	-1.94E-02	1.93E-01	5.81E-03	
group_20050	9.10E-01	3.61E-05	9.20E-01	-1.94E-02	1.93E-01	5.81E-03	
group_19092	9.10E-01	4.71E-06	7.82E-01	-6.47E-02	2.34E-01	1.60E-02	
group_19087	9.10E-01	4.71E-06	8.31E-01	4.74E-02	2.22E-01	1.24E-02	
acpA	9.10E-01	3.61E-05	1.56E-01	-3.14E-01	2.21E-01	8.20E-02	
group_18867	9.10E-01	5.23E-03	2.81E-01	-1.57E-01	1.45E-01	6.24E-02	
group_18609	9.10E-01	3.61E-05	5.09E-01	-1.60E-01	2.41E-01	3.83E-02	
group_18139	9.10E-01	1.20E-03	5.77E-01	-1.04E-01	1.86E-01	3.23E-02	
group_17886	9.10E-01	1.20E-03	5.77E-01	-1.04E-01	1.86E-01	3.23E-02	
group_17554	9.10E-01	1.20E-03	5.77E-01	-1.04E-01	1.86E-01	3.23E-02	
group_17527	9.10E-01	3.61E-05	3.25E-01	-2.00E-01	2.03E-01	5.70E-02	
group_17257	9.10E-01	4.71E-06	9.01E-01	-2.91E-02	2.34E-01	7.22E-03	
group_17002	9.10E-01	4.71E-06	9.01E-01	-2.91E-02	2.34E-01	7.22E-03	
group_16914	9.10E-01	4.71E-06	9.01E-01	-2.91E-02	2.34E-01	7.22E-03	
group_16535	9.10E-01	4.71E-06	9.01E-01	-2.91E-02	2.34E-01	7.22E-03	
group_16513	9.10E-01	4.71E-06	9.01E-01	-2.91E-02	2.34E-01	7.22E-03	
group_16202	9.10E-01	4.71E-06	9.01E-01	-2.91E-02	2.34E-01	7.22E-03	
group_16185	9.10E-01	4.71E-06	9.01E-01	-2.91E-02	2.34E-01	7.22E-03	
group_15790	9.10E-01	3.61E-05	2.34E-01	-2.69E-01	2.26E-01	6.89E-02	
group_15366	9.10E-01	4.38E-01	6.79E-01	-3.20E-02	7.73E-02	2.40E-02	
group_14898	9.10E-01	2.29E-04	8.96E-01	2.29E-02	1.76E-01	7.56E-03	
bpoC	9.10E-01	5.08E-07	5.15E-02	3.90E-01	2.00E-01	1.13E-01	
cheA	9.10E-01	3.13E-01	5.98E-01	-4.09E-02	7.74E-02	3.06E-02	
group_13060	9.10E-01	4.71E-06	4.45E-01	1.14E-01	1.49E-01	4.42E-02	
group_12322	9.10E-01	4.71E-06	4.45E-01	1.14E-01	1.49E-01	4.42E-02	
group_11399	9.10E-01	4.71E-06	4.45E-01	1.14E-01	1.49E-01	4.42E-02	
group_21132	9.07E-01	1.46E-06	5.58E-01	1.40E-01	2.39E-01	3.40E-02	
group_20901	9.07E-01	8.20E-05	5.81E-01	-1.21E-01	2.19E-01	3.20E-02	
group_20885	9.07E-01	8.20E-05	5.81E-01	-1.21E-01	2.19E-01	3.20E-02	
group_20864	9.07E-01	6.69E-01	3.12E-01	-1.30E-01	1.29E-01	5.85E-02	
lacI~~~purR	9.07E-01	8.20E-05	8.30E-01	-4.00E-02	1.86E-01	1.24E-02	
group_20298	9.07E-01	8.20E-05	8.30E-01	-4.00E-02	1.86E-01	1.24E-02	
group_20171	9.07E-01	8.20E-05	8.30E-01	-4.00E-02	1.86E-01	1.24E-02	
group_19855	9.07E-01	1.20E-05	8.61E-01	3.37E-02	1.92E-01	1.01E-02	
group_19774	9.07E-01	1.20E-05	7.90E-01	-5.57E-02	2.09E-01	1.54E-02	
hipB~~~puuR	9.07E-01	1.20E-05	8.61E-01	3.37E-02	1.92E-01	1.01E-02	
group_19520	9.07E-01	1.20E-05	8.61E-01	3.37E-02	1.92E-01	1.01E-02	
group_18807	9.07E-01	1.20E-05	2.25E-01	1.77E-01	1.46E-01	7.02E-02	
esiB	9.07E-01	1.20E-05	2.43E-01	-2.41E-01	2.06E-01	6.76E-02	
group_18055	9.07E-01	1.46E-06	8.41E-01	-3.98E-02	1.98E-01	1.16E-02	
group_17926	9.07E-01	8.20E-05	1.67E-01	-2.70E-01	1.95E-01	7.99E-02	
group_17609	9.07E-01	8.20E-05	1.67E-01	-2.70E-01	1.95E-01	7.99E-02	
group_17381	9.07E-01	8.20E-05	1.67E-01	-2.70E-01	1.95E-01	7.99E-02	
group_17380	9.07E-01	1.20E-05	7.23E-01	-6.36E-02	1.79E-01	2.06E-02	
group_17244	9.07E-01	1.20E-05	6.94E-01	-8.63E-02	2.19E-01	2.28E-02	
group_17175	9.07E-01	8.20E-05	1.67E-01	-2.70E-01	1.95E-01	7.99E-02	
group_16780	9.07E-01	1.20E-05	7.23E-01	-6.36E-02	1.79E-01	2.06E-02	
msrP~~~yedY	9.07E-01	8.75E-03	8.12E-01	-3.14E-02	1.32E-01	1.38E-02	
group_13957	9.07E-01	1.46E-06	1.24E-01	3.03E-01	1.96E-01	8.91E-02	
group_13763	9.07E-01	1.46E-06	9.29E-01	2.69E-02	3.01E-01	5.18E-03	
group_13606	9.07E-01	1.20E-05	9.48E-01	-9.20E-03	1.40E-01	3.81E-03	
group_13173	9.07E-01	1.46E-06	9.29E-01	2.69E-02	3.01E-01	5.18E-03	
group_11898	9.07E-01	8.75E-03	4.90E-01	-8.84E-02	1.28E-01	4.00E-02	
group_11564	9.07E-01	1.46E-06	9.29E-01	2.69E-02	3.01E-01	5.18E-03	
group_10225	9.07E-01	1.46E-06	9.29E-01	2.69E-02	3.01E-01	5.18E-03	
group_8181	9.07E-01	1.46E-06	9.29E-01	2.69E-02	3.01E-01	5.18E-03	
phzF~~~yddE~~~yHI9	9.03E-01	3.89E-06	6.95E-01	7.86E-02	2.00E-01	2.27E-02	
ydhU	9.03E-01	3.86E-03	5.54E-01	-7.89E-02	1.33E-01	3.43E-02	
group_21036	9.03E-01	3.86E-03	5.54E-01	-7.89E-02	1.33E-01	3.43E-02	
group_21034	9.03E-01	2.85E-05	9.04E-01	1.96E-02	1.62E-01	7.02E-03	
tlyC~~~terC	9.03E-01	2.85E-05	3.87E-01	1.34E-01	1.55E-01	5.01E-02	
group_20796	9.03E-01	1.75E-04	6.73E-01	-6.81E-02	1.61E-01	2.45E-02	
group_20789	9.03E-01	2.85E-05	6.18E-01	7.90E-02	1.58E-01	2.89E-02	
group_20788	9.03E-01	1.75E-04	7.04E-01	-5.98E-02	1.57E-01	2.20E-02	
group_20787	9.03E-01	1.75E-04	7.04E-01	-5.98E-02	1.57E-01	2.20E-02	
group_20768	9.03E-01	1.75E-04	3.18E-01	-1.58E-01	1.58E-01	5.78E-02	
group_20741	9.03E-01	1.75E-04	7.04E-01	-5.98E-02	1.57E-01	2.20E-02	
group_20737	9.03E-01	1.75E-04	7.04E-01	-5.98E-02	1.57E-01	2.20E-02	
group_20736	9.03E-01	1.75E-04	7.04E-01	-5.98E-02	1.57E-01	2.20E-02	
group_20682	9.03E-01	1.75E-04	7.04E-01	-5.98E-02	1.57E-01	2.20E-02	
group_20675	9.03E-01	1.75E-04	7.04E-01	-5.98E-02	1.57E-01	2.20E-02	
group_20651	9.03E-01	2.85E-05	7.70E-01	-5.66E-02	1.94E-01	1.69E-02	
group_20338	9.03E-01	3.89E-06	9.59E-01	-1.19E-02	2.30E-01	3.00E-03	
group_20316	9.03E-01	3.89E-06	9.59E-01	-1.19E-02	2.30E-01	3.00E-03	
group_20115	9.03E-01	1.75E-04	6.42E-01	-7.67E-02	1.65E-01	2.70E-02	
group_19755	9.03E-01	1.75E-04	6.42E-01	-7.67E-02	1.65E-01	2.70E-02	
group_19702	9.03E-01	2.85E-05	5.21E-01	8.93E-02	1.39E-01	3.72E-02	
group_19234	9.03E-01	4.43E-07	4.04E-01	2.00E-01	2.40E-01	4.83E-02	
group_18775	9.03E-01	3.89E-06	5.52E-01	-1.39E-01	2.33E-01	3.45E-02	
group_18076	9.03E-01	1.75E-04	3.84E-01	-1.81E-01	2.08E-01	5.04E-02	
group_17780	9.03E-01	1.11E-01	4.85E-01	6.55E-02	9.36E-02	4.05E-02	
group_17491	9.03E-01	3.86E-03	6.58E-01	-8.55E-02	1.93E-01	2.57E-02	
group_17221	9.03E-01	3.89E-06	8.11E-01	-5.47E-02	2.29E-01	1.38E-02	
group_16867	9.03E-01	2.85E-05	7.13E-01	-6.79E-02	1.84E-01	2.13E-02	
group_16836	9.03E-01	1.40E-02	8.62E-01	-1.57E-02	9.03E-02	1.00E-02	
group_16779	9.03E-01	2.85E-05	1.84E-01	-2.59E-01	1.95E-01	7.69E-02	
group_15543	9.03E-01	1.75E-04	8.46E-01	-1.40E-01	7.17E-01	1.13E-02	
group_15336	9.03E-01	1.75E-04	4.38E-01	-1.19E-01	1.53E-01	4.49E-02	
group_14659	9.03E-01	4.43E-07	4.65E-01	1.51E-01	2.06E-01	4.23E-02	
group_14264	9.03E-01	2.85E-05	8.87E-01	2.41E-02	1.70E-01	8.24E-03	
group_13056	9.03E-01	2.85E-05	2.96E-01	-2.09E-01	2.00E-01	6.05E-02	
fixJ~~~luxR	9.03E-01	1.75E-04	3.00E-01	1.36E-01	1.31E-01	6.00E-02	
group_7735	9.03E-01	3.86E-03	8.42E-01	-2.68E-02	1.35E-01	1.15E-02	
group_21065	9.00E-01	1.64E-03	5.42E-01	7.33E-02	1.20E-01	3.53E-02	
group_20769	9.00E-01	3.50E-04	3.41E-01	-1.37E-01	1.44E-01	5.52E-02	
group_20650	9.00E-01	6.32E-05	5.79E-01	-7.89E-02	1.42E-01	3.21E-02	
nrtD~~~cmpD~~~ssuB	9.00E-01	1.22E-06	6.04E-01	1.02E-01	1.97E-01	3.01E-02	
group_19823	9.00E-01	3.50E-04	6.58E-01	7.58E-02	1.71E-01	2.56E-02	
group_19756	9.00E-01	1.64E-03	8.62E-01	-3.19E-02	1.84E-01	1.01E-02	
group_19535	9.00E-01	9.60E-06	9.19E-01	1.94E-02	1.91E-01	5.89E-03	
group_19462	9.00E-01	9.60E-06	7.59E-01	-6.42E-02	2.09E-01	1.78E-02	
group_19132	9.00E-01	1.64E-03	2.68E-01	-1.39E-01	1.25E-01	6.42E-02	
group_18699	9.00E-01	9.60E-06	5.00E-01	-1.34E-01	1.98E-01	3.91E-02	
marR~~~echA8	9.00E-01	9.60E-06	5.00E-01	-1.34E-01	1.98E-01	3.91E-02	
group_18459	9.00E-01	9.60E-06	5.00E-01	-1.34E-01	1.98E-01	3.91E-02	
group_18373	9.00E-01	6.32E-05	8.92E-01	2.03E-02	1.49E-01	7.87E-03	
group_18339	9.00E-01	9.60E-06	5.00E-01	-1.34E-01	1.98E-01	3.91E-02	
group_18314	9.00E-01	9.60E-06	5.00E-01	-1.34E-01	1.98E-01	3.91E-02	
glcB	9.00E-01	3.50E-04	7.67E-01	-9.46E-02	3.19E-01	1.72E-02	
group_18161	9.00E-01	3.50E-04	1.09E-01	-2.45E-01	1.52E-01	9.27E-02	
tsdA	9.00E-01	3.50E-04	3.24E-01	-1.77E-01	1.80E-01	5.71E-02	
ucpA	9.00E-01	1.64E-03	5.50E-01	-8.80E-02	1.47E-01	3.47E-02	
group_17798	9.00E-01	3.07E-01	6.97E-01	-3.47E-02	8.90E-02	2.26E-02	
group_17557	9.00E-01	1.22E-06	3.61E-01	1.73E-01	1.89E-01	5.29E-02	
group_15966	9.00E-01	1.31E-07	2.48E-02	4.92E-01	2.18E-01	1.30E-01	
group_15954	9.00E-01	1.31E-07	2.48E-02	4.92E-01	2.18E-01	1.30E-01	
smg	9.00E-01	6.32E-05	8.02E-01	-3.53E-02	1.41E-01	1.45E-02	
glxA~~~rhaS~~~araC	9.00E-01	8.65E-01	8.29E-01	-1.64E-02	7.55E-02	1.25E-02	
siaB	9.00E-01	3.07E-01	1.71E-01	-1.23E-01	8.94E-02	7.93E-02	
tapT	9.00E-01	8.65E-01	8.90E-01	1.01E-02	7.29E-02	7.99E-03	
group_11729	9.00E-01	1.22E-06	9.31E-01	-5.06E-02	5.82E-01	5.04E-03	
group_21022	8.97E-01	1.03E-02	5.21E-01	-7.60E-02	1.18E-01	3.72E-02	
group_21021	8.97E-01	1.03E-02	5.21E-01	-7.60E-02	1.18E-01	3.72E-02	
group_20910	8.97E-01	3.14E-06	2.99E-02	2.99E-01	1.37E-01	1.25E-01	
yeaP~~~dgcP	8.97E-01	2.22E-05	1.81E-01	2.77E-01	2.06E-01	7.74E-02	
group_20516	8.97E-01	1.32E-04	3.22E-01	-1.43E-01	1.44E-01	5.74E-02	
group_20491	8.97E-01	1.32E-04	7.10E-01	-5.65E-02	1.52E-01	2.16E-02	
group_20328	8.97E-01	1.03E-02	9.93E-01	-1.17E-03	1.25E-01	5.41E-04	
group_20138	8.97E-01	2.85E-03	5.48E-01	-7.90E-02	1.31E-01	3.48E-02	
group_20070	8.97E-01	6.66E-04	5.65E-01	-7.72E-02	1.34E-01	3.33E-02	
group_20010	8.97E-01	6.66E-04	5.65E-01	-7.72E-02	1.34E-01	3.33E-02	
group_19913	8.97E-01	6.66E-04	5.65E-01	-7.72E-02	1.34E-01	3.33E-02	
group_19657	8.97E-01	2.22E-05	8.23E-01	3.23E-02	1.45E-01	1.29E-02	
group_19133	8.97E-01	3.14E-06	8.58E-01	-3.45E-02	1.92E-01	1.04E-02	
group_19044	8.97E-01	1.32E-04	7.22E-01	-5.31E-02	1.49E-01	2.06E-02	
yajQ	9.00E-01	2.69E-01	2.56E-01	-8.26E-02	7.26E-02	6.58E-02	
group_18698	8.97E-01	3.14E-06	9.24E-01	-1.68E-02	1.76E-01	5.52E-03	
group_18695	8.97E-01	1.32E-04	3.35E-01	-1.77E-01	1.83E-01	5.58E-02	
gltR~~~hdfR~~~lysR	8.97E-01	1.32E-04	3.35E-01	-1.77E-01	1.83E-01	5.58E-02	
group_18508	8.97E-01	2.22E-05	4.10E-01	1.16E-01	1.41E-01	4.77E-02	
group_17512	8.97E-01	1.32E-04	7.90E-01	6.45E-02	2.42E-01	1.54E-02	
group_17382	8.97E-01	3.14E-06	7.09E-01	-6.65E-02	1.78E-01	2.17E-02	
group_17361	8.97E-01	1.32E-04	7.90E-01	6.45E-02	2.42E-01	1.54E-02	
group_17218	8.97E-01	3.75E-01	3.02E-01	-9.02E-02	8.73E-02	5.98E-02	
group_17024	8.97E-01	1.32E-04	7.90E-01	6.45E-02	2.42E-01	1.54E-02	
group_16808	8.97E-01	1.03E-02	9.59E-01	-5.85E-03	1.14E-01	2.98E-03	
group_16605	8.97E-01	1.32E-04	7.90E-01	6.45E-02	2.42E-01	1.54E-02	
group_16543	8.97E-01	1.32E-04	7.90E-01	6.45E-02	2.42E-01	1.54E-02	
group_15566	8.97E-01	2.85E-03	7.34E-01	9.96E-02	2.93E-01	1.97E-02	
group_15253	8.97E-01	2.22E-05	4.58E-01	1.15E-01	1.54E-01	4.30E-02	
ptsA~~~ptsI	8.97E-01	1.35E-02	2.44E-01	-8.25E-02	7.06E-02	6.75E-02	
group_10126	8.97E-01	1.03E-02	9.90E-01	1.48E-03	1.20E-01	7.13E-04	
group_21059	8.93E-01	1.13E-07	7.20E-01	-7.82E-02	2.18E-01	2.08E-02	
group_21033	8.93E-01	2.61E-04	9.89E-01	1.71E-03	1.28E-01	7.76E-04	
group_20938	8.93E-01	1.21E-03	7.10E-01	-7.53E-02	2.03E-01	2.15E-02	
group_20909	8.93E-01	4.82E-05	1.42E-01	1.89E-01	1.28E-01	8.51E-02	
group_20902	8.93E-01	4.82E-05	4.63E-01	-1.07E-01	1.46E-01	4.26E-02	
group_20876	8.93E-01	1.00E-06	9.05E-01	-1.87E-02	1.57E-01	6.91E-03	
group_20216	8.93E-01	2.61E-04	7.46E-01	-4.28E-02	1.32E-01	1.88E-02	
group_20066	8.93E-01	4.82E-05	9.27E-01	1.48E-02	1.60E-01	5.34E-03	
group_19792	8.93E-01	4.82E-05	7.60E-01	-4.59E-02	1.50E-01	1.77E-02	
zntA	8.93E-01	8.43E-02	8.46E-01	-1.37E-02	7.06E-02	1.13E-02	
group_18805	8.93E-01	2.61E-04	6.56E-01	-7.15E-02	1.60E-01	2.58E-02	
group_18750	8.93E-01	2.61E-04	8.29E-01	-6.34E-02	2.94E-01	1.25E-02	
group_18273	8.93E-01	7.54E-06	3.70E-01	-2.41E-01	2.69E-01	5.20E-02	
group_16894	8.93E-01	1.60E-02	5.17E-01	-7.08E-02	1.09E-01	3.75E-02	
group_15898	8.93E-01	4.82E-05	5.73E-01	8.26E-02	1.47E-01	3.26E-02	
group_15480	8.93E-01	4.82E-05	9.32E-02	5.07E-01	3.01E-01	9.71E-02	
group_15434	8.93E-01	2.61E-04	3.25E-01	-1.30E-01	1.32E-01	5.71E-02	
group_15381	8.93E-01	7.54E-06	1.94E-01	1.85E-01	1.42E-01	7.52E-02	
group_15374	8.93E-01	2.61E-04	8.38E-01	-6.02E-02	2.94E-01	1.19E-02	
group_11101	8.93E-01	1.21E-03	4.14E-01	-3.32E-01	4.06E-01	4.74E-02	
group_10810	8.93E-01	1.07E-08	2.77E-01	2.29E-01	2.11E-01	6.29E-02	
gntR~~~ydcR	8.90E-01	2.97E-09	1.39E-01	2.72E-01	1.84E-01	8.55E-02	
group_20986	8.90E-01	1.70E-05	2.61E-01	2.09E-01	1.86E-01	6.51E-02	
group_20702	8.90E-01	4.93E-04	3.84E-01	-1.51E-01	1.73E-01	5.04E-02	
group_20700	8.90E-01	4.93E-04	3.84E-01	-1.51E-01	1.73E-01	5.04E-02	
group_20541	8.90E-01	4.93E-04	3.84E-01	-1.51E-01	1.73E-01	5.04E-02	
group_19790	8.90E-01	2.09E-03	9.86E-01	-2.80E-03	1.60E-01	1.01E-03	
group_18808	8.90E-01	9.91E-05	4.80E-01	7.62E-02	1.08E-01	4.09E-02	
group_18067	8.90E-01	5.30E-01	6.59E-01	-3.30E-02	7.49E-02	2.56E-02	
group_17330	8.90E-01	3.29E-08	8.35E-01	4.74E-02	2.27E-01	1.21E-02	
group_15921	8.90E-01	1.70E-05	2.66E-01	1.52E-01	1.36E-01	6.44E-02	
rsbU	8.90E-01	4.93E-04	2.64E-01	-2.67E-01	2.39E-01	6.47E-02	
group_15118	8.90E-01	4.93E-04	2.64E-01	-2.67E-01	2.39E-01	6.47E-02	
group_13838	8.90E-01	2.49E-06	6.68E-01	9.23E-02	2.15E-01	2.48E-02	
group_10206	8.90E-01	5.51E-01	7.05E-01	2.71E-02	7.15E-02	2.19E-02	
group_20874	8.87E-01	3.63E-05	4.79E-01	-1.24E-01	1.75E-01	4.10E-02	
surA~~~prsA	8.87E-01	8.87E-04	3.40E-01	-1.62E-01	1.70E-01	5.52E-02	
group_20487	8.90E-01	4.93E-04	3.84E-01	-1.51E-01	1.73E-01	5.04E-02	
group_20486	8.87E-01	8.87E-04	4.18E-01	-1.25E-01	1.55E-01	4.69E-02	
group_20348	8.87E-01	8.87E-04	3.42E-01	-1.14E-01	1.20E-01	5.50E-02	
group_20117	8.87E-01	8.87E-04	3.01E-01	-1.25E-01	1.20E-01	5.99E-02	
group_20116	8.87E-01	8.87E-04	3.01E-01	-1.25E-01	1.20E-01	5.99E-02	
degP	8.87E-01	1.94E-04	5.08E-01	-1.27E-01	1.91E-01	3.84E-02	
group_19782	8.87E-01	8.87E-04	7.08E-01	5.50E-02	1.47E-01	2.17E-02	
group_18005	8.87E-01	9.40E-08	6.00E-01	3.07E-01	5.85E-01	3.04E-02	
group_17887	8.87E-01	3.49E-03	9.56E-01	6.63E-03	1.19E-01	3.22E-03	
group_17401	8.87E-01	9.19E-01	3.81E-01	-7.18E-02	8.19E-02	5.07E-02	
group_16593	8.87E-01	1.94E-04	5.56E-01	-7.88E-02	1.34E-01	3.41E-02	
group_13687	8.87E-01	1.94E-04	5.94E-01	6.38E-02	1.20E-01	3.09E-02	
group_12610	8.87E-01	9.19E-01	2.03E-01	-8.91E-02	6.98E-02	7.37E-02	
group_20883	8.83E-01	1.94E-06	7.98E-01	4.08E-02	1.60E-01	1.48E-02	
group_20853	8.83E-01	7.37E-05	5.24E-01	-8.03E-02	1.26E-01	3.69E-02	
group_20752	8.83E-01	1.53E-03	1.91E-01	-2.03E-01	1.55E-01	7.57E-02	
group_20701	8.83E-01	1.53E-03	2.21E-01	-1.86E-01	1.51E-01	7.09E-02	
group_20619	8.83E-01	1.53E-03	3.64E-01	-1.33E-01	1.47E-01	5.26E-02	
araC~~~pchR~~~ypdC	8.83E-01	2.78E-08	2.01E-01	7.57E-01	5.90E-01	7.41E-02	
group_18950	8.83E-01	2.78E-08	2.01E-01	7.57E-01	5.90E-01	7.41E-02	
group_18927	8.83E-01	2.78E-08	2.01E-01	7.57E-01	5.90E-01	7.41E-02	
group_18907	8.83E-01	2.78E-08	2.01E-01	7.57E-01	5.90E-01	7.41E-02	
group_17709	8.83E-01	1.53E-03	4.77E-01	7.32E-02	1.03E-01	4.12E-02	
yijE~~~rhaT~~~eamA	8.83E-01	4.82E-02	4.06E-01	-8.93E-02	1.07E-01	4.81E-02	
group_15638	8.83E-01	1.53E-03	2.85E-01	-2.84E-01	2.66E-01	6.19E-02	
group_14875	8.83E-01	7.37E-05	8.77E-01	-2.19E-02	1.41E-01	9.00E-03	
group_13044	8.83E-01	5.59E-03	5.87E-01	-7.72E-02	1.42E-01	3.15E-02	
group_12304	8.83E-01	5.59E-03	5.87E-01	-7.72E-02	1.42E-01	3.15E-02	
group_11361	8.83E-01	5.59E-03	5.87E-01	-7.72E-02	1.42E-01	3.15E-02	
group_9905	8.83E-01	5.59E-03	5.87E-01	-7.72E-02	1.42E-01	3.15E-02	
group_9480	8.87E-01	8.67E-02	7.51E-01	-4.03E-02	1.27E-01	1.84E-02	
group_8486	8.83E-01	1.76E-02	4.34E-01	-6.63E-02	8.46E-02	4.54E-02	
group_21124	8.80E-01	8.68E-03	4.65E-01	-9.52E-02	1.30E-01	4.24E-02	
group_21023	8.80E-01	2.56E-02	4.37E-01	-8.31E-02	1.07E-01	4.51E-02	
group_21005	8.80E-01	4.45E-06	9.86E-01	3.47E-03	1.96E-01	1.03E-03	
phiG	8.80E-01	4.45E-06	9.86E-01	3.47E-03	1.96E-01	1.03E-03	
sphA~~~hlyB	8.80E-01	2.72E-05	1.49E-01	-2.40E-01	1.66E-01	8.35E-02	
rhaS~~~araC~~~feaR	8.80E-01	2.72E-05	1.49E-01	-2.40E-01	1.66E-01	8.35E-02	
group_20848	8.80E-01	4.45E-06	3.38E-01	1.52E-01	1.58E-01	5.55E-02	
group_20807	8.80E-01	4.45E-06	3.38E-01	1.52E-01	1.58E-01	5.55E-02	
group_20805	8.80E-01	4.45E-06	3.38E-01	1.52E-01	1.58E-01	5.55E-02	
group_20770	8.80E-01	4.45E-06	3.38E-01	1.52E-01	1.58E-01	5.55E-02	
group_20591	8.80E-01	1.92E-01	8.21E-01	1.64E-02	7.25E-02	1.31E-02	
group_17710	8.80E-01	2.72E-05	7.74E-01	-2.92E-02	1.02E-01	1.66E-02	
group_17222	8.80E-01	4.45E-06	3.45E-01	-1.72E-01	1.82E-01	5.47E-02	
rhtA~~~eamA	8.80E-01	4.45E-06	1.30E-02	3.51E-01	1.41E-01	1.43E-01	
group_16680	8.80E-01	8.04E-09	2.29E-01	2.08E-01	1.73E-01	6.96E-02	
group_16674	8.80E-01	7.67E-08	1.79E-01	2.03E-01	1.50E-01	7.79E-02	
yagE	8.80E-01	1.43E-04	7.33E-01	-6.88E-02	2.01E-01	1.98E-02	
group_21135	8.77E-01	2.65E-04	6.26E-02	-2.21E-01	1.18E-01	1.08E-01	
group_21060	8.77E-01	1.49E-06	7.10E-01	-4.97E-02	1.33E-01	2.16E-02	
group_20758	8.77E-01	1.99E-07	7.52E-01	4.27E-01	1.35E+00	1.83E-02	
group_20725	8.77E-01	2.65E-04	1.38E-01	-1.76E-01	1.18E-01	8.57E-02	
group_20723	8.77E-01	2.65E-04	1.38E-01	-1.76E-01	1.18E-01	8.57E-02	
group_20709	8.77E-01	1.99E-07	7.52E-01	4.27E-01	1.35E+00	1.83E-02	
group_19083	8.77E-01	1.99E-07	1.24E-01	2.69E-01	1.75E-01	8.89E-02	
group_19082	8.77E-01	1.99E-07	1.24E-01	2.69E-01	1.75E-01	8.89E-02	
group_19080	8.77E-01	1.99E-07	1.24E-01	2.69E-01	1.75E-01	8.89E-02	
group_17731	8.77E-01	1.12E-03	7.69E-01	-3.04E-02	1.03E-01	1.70E-02	
group_16460	8.77E-01	1.99E-07	7.52E-01	4.27E-01	1.35E+00	1.83E-02	
group_16357	8.77E-01	1.99E-07	7.52E-01	4.27E-01	1.35E+00	1.83E-02	
group_16124	8.77E-01	2.65E-04	8.21E-01	-3.17E-02	1.40E-01	1.31E-02	
group_15992	8.80E-01	8.96E-02	5.84E-01	3.61E-02	6.58E-02	3.18E-02	
btrW	8.77E-01	4.10E-03	4.25E-01	-1.43E-01	1.79E-01	4.62E-02	
group_14556	8.77E-01	1.99E-07	7.52E-01	4.27E-01	1.35E+00	1.83E-02	
group_14265	8.77E-01	1.99E-07	7.52E-01	4.27E-01	1.35E+00	1.83E-02	
group_14060	8.77E-01	1.99E-07	7.52E-01	4.27E-01	1.35E+00	1.83E-02	
group_13945	8.77E-01	1.99E-07	7.52E-01	4.27E-01	1.35E+00	1.83E-02	
group_13853	8.77E-01	1.99E-07	7.52E-01	4.27E-01	1.35E+00	1.83E-02	
group_13410	8.77E-01	1.99E-07	7.52E-01	4.27E-01	1.35E+00	1.83E-02	
group_13268	8.77E-01	1.99E-07	7.52E-01	4.27E-01	1.35E+00	1.83E-02	
cdhR~~~araC	8.77E-01	1.99E-07	7.52E-01	4.27E-01	1.35E+00	1.83E-02	
group_13221	8.77E-01	2.65E-04	3.38E-01	-1.22E-01	1.27E-01	5.55E-02	
group_13021	8.77E-01	1.99E-07	7.52E-01	4.27E-01	1.35E+00	1.83E-02	
group_12896	8.77E-01	1.99E-07	7.52E-01	4.27E-01	1.35E+00	1.83E-02	
group_12880	8.77E-01	1.49E-06	4.67E-01	1.32E-01	1.81E-01	4.22E-02	
group_12785	8.77E-01	1.99E-07	7.52E-01	4.27E-01	1.35E+00	1.83E-02	
group_12600	8.77E-01	1.99E-07	7.52E-01	4.27E-01	1.35E+00	1.83E-02	
group_12147	8.77E-01	1.99E-07	7.52E-01	4.27E-01	1.35E+00	1.83E-02	
group_12088	8.77E-01	1.99E-07	7.52E-01	4.27E-01	1.35E+00	1.83E-02	
group_12004	8.77E-01	1.99E-07	7.52E-01	4.27E-01	1.35E+00	1.83E-02	
group_12003	8.77E-01	1.99E-07	7.52E-01	4.27E-01	1.35E+00	1.83E-02	
group_11751	8.77E-01	1.99E-07	7.52E-01	4.27E-01	1.35E+00	1.83E-02	
group_11698	8.77E-01	1.99E-07	7.52E-01	4.27E-01	1.35E+00	1.83E-02	
group_11409	8.77E-01	1.99E-07	7.52E-01	4.27E-01	1.35E+00	1.83E-02	
group_11330	8.77E-01	1.99E-07	7.52E-01	4.27E-01	1.35E+00	1.83E-02	
group_11139	8.77E-01	1.99E-07	7.52E-01	4.27E-01	1.35E+00	1.83E-02	
group_11083	8.77E-01	1.99E-07	7.52E-01	4.27E-01	1.35E+00	1.83E-02	
group_10525	8.77E-01	1.99E-07	7.52E-01	4.27E-01	1.35E+00	1.83E-02	
group_10497	8.77E-01	1.99E-07	7.52E-01	4.27E-01	1.35E+00	1.83E-02	
group_10439	8.77E-01	1.99E-07	7.52E-01	4.27E-01	1.35E+00	1.83E-02	
group_10257	8.77E-01	1.99E-07	7.52E-01	4.27E-01	1.35E+00	1.83E-02	
group_9171	8.77E-01	1.99E-07	7.52E-01	4.27E-01	1.35E+00	1.83E-02	
group_8949	8.77E-01	1.99E-07	7.52E-01	4.27E-01	1.35E+00	1.83E-02	
group_8653	8.77E-01	1.99E-07	7.52E-01	4.27E-01	1.35E+00	1.83E-02	
group_8603	8.77E-01	1.99E-07	7.52E-01	4.27E-01	1.35E+00	1.83E-02	
group_8602	8.77E-01	1.99E-07	7.52E-01	4.27E-01	1.35E+00	1.83E-02	
group_8551	8.77E-01	1.99E-07	7.52E-01	4.27E-01	1.35E+00	1.83E-02	
group_7568	8.77E-01	1.99E-07	7.52E-01	4.27E-01	1.35E+00	1.83E-02	
group_6822	8.77E-01	1.99E-07	7.52E-01	4.27E-01	1.35E+00	1.83E-02	
group_6106	8.77E-01	1.99E-07	7.52E-01	4.27E-01	1.35E+00	1.83E-02	
group_5579	8.77E-01	1.99E-07	7.52E-01	4.27E-01	1.35E+00	1.83E-02	
group_5495	8.77E-01	1.99E-07	7.52E-01	4.27E-01	1.35E+00	1.83E-02	
abaF	8.77E-01	1.99E-07	7.52E-01	4.27E-01	1.35E+00	1.83E-02	
hisM	8.77E-01	1.99E-07	7.52E-01	4.27E-01	1.35E+00	1.83E-02	
ydbC	8.73E-01	1.86E-03	4.29E-01	-1.33E-01	1.68E-01	4.58E-02	
group_20875	8.73E-01	3.36E-06	9.86E-01	-3.17E-03	1.76E-01	1.04E-03	
group_20726	8.73E-01	1.05E-04	1.87E-01	-1.55E-01	1.18E-01	7.64E-02	
group_20334	8.73E-01	4.87E-07	8.77E-01	-5.38E-02	3.46E-01	9.00E-03	
rhaS~~~araC~~~ypdC	8.73E-01	4.87E-07	8.77E-01	-5.38E-02	3.46E-01	9.00E-03	
group_20165	8.73E-01	2.33E-01	3.71E-01	-8.21E-02	9.17E-02	5.18E-02	
group_20164	8.73E-01	3.36E-06	7.52E-01	7.05E-02	2.23E-01	1.83E-02	
group_20103	8.73E-01	4.87E-07	8.77E-01	-5.38E-02	3.46E-01	9.00E-03	
group_19416	8.73E-01	1.15E-01	8.56E-01	-1.43E-02	7.89E-02	1.05E-02	
group_18405	8.77E-01	3.62E-02	9.81E-01	-2.71E-03	1.16E-01	1.35E-03	
group_18286	8.73E-01	4.87E-07	8.83E-01	-5.09E-02	3.45E-01	8.55E-03	
group_17859	8.73E-01	2.01E-05	5.89E-01	-1.42E-01	2.64E-01	3.13E-02	
group_17653	8.77E-01	8.14E-01	8.66E-01	-1.10E-02	6.53E-02	9.80E-03	
group_17424	8.73E-01	4.87E-07	8.83E-01	-5.09E-02	3.45E-01	8.55E-03	
group_17230	8.73E-01	4.87E-07	2.36E-01	-4.06E-01	3.42E-01	6.86E-02	
group_16637	8.73E-01	4.87E-07	7.90E-01	-9.05E-02	3.39E-01	1.55E-02	
group_16309	8.73E-01	4.87E-07	7.90E-01	-9.05E-02	3.39E-01	1.55E-02	
group_14776	8.73E-01	4.87E-07	9.91E-01	3.58E-03	3.30E-01	6.27E-04	
group_14138	8.73E-01	4.87E-07	7.13E-01	-1.28E-01	3.47E-01	2.13E-02	
group_13668	8.73E-01	4.87E-07	6.85E-01	-1.83E-01	4.49E-01	2.35E-02	
group_13384	8.73E-01	6.12E-08	1.25E-01	5.24E-01	3.41E-01	8.88E-02	
group_12864	8.73E-01	4.87E-07	9.99E-01	-6.07E-04	3.29E-01	1.07E-04	
lrgA	8.73E-01	4.87E-07	9.93E-01	3.03E-03	3.28E-01	5.35E-04	
group_12694	8.73E-01	4.87E-07	7.01E-01	-1.31E-01	3.42E-01	2.22E-02	
group_12693	8.73E-01	4.87E-07	7.01E-01	-1.31E-01	3.42E-01	2.22E-02	
ywnA	8.73E-01	4.87E-07	7.90E-01	-9.05E-02	3.39E-01	1.55E-02	
group_12514	8.73E-01	4.73E-04	2.21E-01	-1.48E-01	1.21E-01	7.08E-02	
yggS	8.73E-01	4.87E-07	8.38E-01	-7.17E-02	3.50E-01	1.19E-02	
group_12321	8.73E-01	6.12E-08	1.25E-01	5.24E-01	3.41E-01	8.88E-02	
group_12291	8.73E-01	6.12E-08	2.58E-01	4.13E-01	3.65E-01	6.55E-02	
group_12226	8.73E-01	4.87E-07	9.90E-01	4.22E-03	3.30E-01	7.41E-04	
group_12137	8.73E-01	4.87E-07	9.98E-01	9.56E-04	3.30E-01	1.68E-04	
group_11891	8.73E-01	4.87E-07	7.01E-01	-1.31E-01	3.42E-01	2.22E-02	
group_11880	8.73E-01	6.12E-08	1.25E-01	5.24E-01	3.41E-01	8.88E-02	
ditF	8.73E-01	6.12E-08	2.58E-01	4.13E-01	3.65E-01	6.55E-02	
tcyC	8.73E-01	6.12E-08	1.25E-01	5.24E-01	3.41E-01	8.88E-02	
group_11662	8.73E-01	4.73E-04	2.21E-01	-1.48E-01	1.21E-01	7.08E-02	
group_11556	8.73E-01	4.87E-07	8.84E-01	-5.04E-02	3.45E-01	8.47E-03	
group_11421	8.73E-01	6.12E-08	1.25E-01	5.24E-01	3.41E-01	8.88E-02	
group_11377	8.73E-01	4.87E-07	9.93E-01	3.03E-03	3.28E-01	5.35E-04	
group_11375	8.73E-01	6.12E-08	1.25E-01	5.24E-01	3.41E-01	8.88E-02	
group_11350	8.73E-01	6.12E-08	2.58E-01	4.13E-01	3.65E-01	6.55E-02	
group_11342	8.73E-01	4.87E-07	8.84E-01	-5.04E-02	3.45E-01	8.47E-03	
group_11214	8.73E-01	6.12E-08	1.25E-01	5.24E-01	3.41E-01	8.88E-02	
group_11122	8.73E-01	4.87E-07	9.98E-01	9.56E-04	3.30E-01	1.68E-04	
group_10912	8.73E-01	4.87E-07	7.66E-01	-1.10E-01	3.70E-01	1.73E-02	
group_10848	8.73E-01	4.87E-07	7.01E-01	-1.31E-01	3.42E-01	2.22E-02	
group_10826	8.73E-01	6.12E-08	1.25E-01	5.24E-01	3.41E-01	8.88E-02	
group_10735	8.73E-01	6.12E-08	1.25E-01	5.24E-01	3.41E-01	8.88E-02	
group_10623	8.73E-01	4.87E-07	8.77E-01	-5.38E-02	3.46E-01	9.00E-03	
ycbX	8.73E-01	6.37E-03	8.96E-01	-2.99E-02	2.28E-01	7.60E-03	
group_10556	8.73E-01	4.87E-07	7.02E-01	-1.31E-01	3.42E-01	2.22E-02	
group_10454	8.73E-01	6.12E-08	1.25E-01	5.24E-01	3.41E-01	8.88E-02	
group_10370	8.73E-01	6.12E-08	1.25E-01	5.24E-01	3.41E-01	8.88E-02	
group_10361	8.73E-01	4.73E-04	2.21E-01	-1.48E-01	1.21E-01	7.08E-02	
group_10226	8.73E-01	4.87E-07	7.07E-01	-1.30E-01	3.45E-01	2.18E-02	
group_10011	8.73E-01	6.12E-08	1.25E-01	5.24E-01	3.41E-01	8.88E-02	
group_9923	8.73E-01	4.87E-07	7.13E-01	-1.28E-01	3.47E-01	2.13E-02	
group_9908	8.73E-01	4.87E-07	8.84E-01	-5.04E-02	3.45E-01	8.47E-03	
group_9898	8.73E-01	6.12E-08	1.25E-01	5.24E-01	3.41E-01	8.88E-02	
group_9897	8.73E-01	6.12E-08	1.25E-01	5.24E-01	3.41E-01	8.88E-02	
group_9527	8.73E-01	4.87E-07	8.77E-01	-5.38E-02	3.46E-01	9.00E-03	
group_9498	8.73E-01	4.87E-07	9.98E-01	9.56E-04	3.30E-01	1.68E-04	
fixJ	8.73E-01	4.87E-07	9.93E-01	3.06E-03	3.30E-01	5.38E-04	
fepG	8.73E-01	4.87E-07	9.93E-01	3.06E-03	3.30E-01	5.38E-04	
group_9099	8.73E-01	4.87E-07	7.01E-01	-1.31E-01	3.42E-01	2.22E-02	
group_9075	8.73E-01	6.12E-08	1.25E-01	5.24E-01	3.41E-01	8.88E-02	
group_8802	8.73E-01	4.87E-07	8.77E-01	-5.38E-02	3.46E-01	9.00E-03	
group_8420	8.73E-01	6.12E-08	1.25E-01	5.24E-01	3.41E-01	8.88E-02	
mtrA	8.73E-01	6.12E-08	1.25E-01	5.24E-01	3.41E-01	8.88E-02	
group_8388	8.73E-01	4.87E-07	7.90E-01	-9.05E-02	3.39E-01	1.55E-02	
group_8252	8.73E-01	4.87E-07	8.84E-01	-5.04E-02	3.45E-01	8.47E-03	
group_8227	8.73E-01	4.87E-07	1.30E-01	-5.18E-01	3.41E-01	8.77E-02	
group_8223	8.73E-01	4.87E-07	9.93E-01	3.06E-03	3.30E-01	5.38E-04	
yusQ	8.73E-01	4.87E-07	7.07E-01	-1.30E-01	3.45E-01	2.18E-02	
group_8170	8.73E-01	4.87E-07	4.59E-01	-2.52E-01	3.41E-01	4.29E-02	
group_8012	8.73E-01	4.87E-07	5.78E-01	-2.01E-01	3.61E-01	3.23E-02	
purL	8.73E-01	4.87E-07	8.84E-01	-5.04E-02	3.45E-01	8.47E-03	
group_7791	8.73E-01	4.87E-07	3.71E-01	-3.06E-01	3.41E-01	5.18E-02	
group_7691	8.73E-01	6.12E-08	1.25E-01	5.24E-01	3.41E-01	8.88E-02	
group_7675	8.73E-01	4.87E-07	7.13E-01	-1.28E-01	3.47E-01	2.13E-02	
benM~~~lysR	8.73E-01	6.12E-08	1.25E-01	5.24E-01	3.41E-01	8.88E-02	
group_7636	8.73E-01	6.12E-08	1.25E-01	5.24E-01	3.41E-01	8.88E-02	
group_7635	8.73E-01	6.12E-08	1.25E-01	5.24E-01	3.41E-01	8.88E-02	
glnQ~~~ehuA	8.73E-01	4.87E-07	8.77E-01	-5.38E-02	3.46E-01	9.00E-03	
group_6695	8.73E-01	4.87E-07	8.84E-01	-5.04E-02	3.45E-01	8.47E-03	
group_6495	8.73E-01	2.01E-05	9.38E-01	9.95E-03	1.29E-01	4.48E-03	
fecE	8.73E-01	4.87E-07	5.78E-01	-2.01E-01	3.61E-01	3.23E-02	
group_6330	8.73E-01	4.87E-07	7.01E-01	-1.31E-01	3.42E-01	2.22E-02	
group_6158	8.73E-01	4.87E-07	9.93E-01	3.03E-03	3.28E-01	5.35E-04	
group_5884	8.73E-01	6.12E-08	1.25E-01	5.24E-01	3.41E-01	8.88E-02	
group_5367	8.73E-01	6.12E-08	1.25E-01	5.24E-01	3.41E-01	8.88E-02	
group_5358	8.73E-01	4.87E-07	8.84E-01	-5.04E-02	3.45E-01	8.47E-03	
group_5308	8.73E-01	4.87E-07	7.90E-01	-9.05E-02	3.39E-01	1.55E-02	
group_5255	8.73E-01	4.87E-07	8.84E-01	-5.04E-02	3.45E-01	8.47E-03	
group_5116	8.73E-01	4.87E-07	8.84E-01	-5.04E-02	3.45E-01	8.47E-03	
group_3899	8.73E-01	6.12E-08	1.25E-01	5.24E-01	3.41E-01	8.88E-02	
group_3845	8.73E-01	6.12E-08	2.13E-02	7.82E-01	3.38E-01	1.33E-01	
dctQ	8.73E-01	4.87E-07	8.84E-01	-5.04E-02	3.45E-01	8.47E-03	
group_2993	8.73E-01	4.87E-07	8.84E-01	-5.04E-02	3.45E-01	8.47E-03	
group_21122	8.70E-01	2.71E-02	2.53E-01	-1.36E-01	1.19E-01	6.63E-02	
group_20977	8.70E-01	4.00E-05	8.48E-01	-2.43E-02	1.27E-01	1.11E-02	
group_20884	8.70E-01	7.21E-06	6.70E-01	-6.04E-02	1.41E-01	2.47E-02	
group_20694	8.70E-01	4.00E-05	2.32E-01	-1.67E-01	1.40E-01	6.92E-02	
group_19645	8.70E-01	1.13E-06	8.79E-01	-3.71E-02	2.44E-01	8.80E-03	
group_19107	8.70E-01	4.08E-01	6.30E-01	-3.86E-02	7.99E-02	2.79E-02	
group_18803	8.70E-01	1.13E-06	8.61E-01	-4.23E-02	2.42E-01	1.01E-02	
group_18720	8.70E-01	1.13E-06	8.61E-01	-4.23E-02	2.42E-01	1.01E-02	
group_18719	8.70E-01	1.13E-06	8.61E-01	-4.23E-02	2.42E-01	1.01E-02	
group_18630	8.70E-01	1.13E-06	8.61E-01	-4.23E-02	2.42E-01	1.01E-02	
group_18331	8.73E-01	1.05E-04	8.53E-01	-2.35E-02	1.27E-01	1.07E-02	
group_17831	8.70E-01	4.00E-05	8.56E-01	-2.76E-02	1.52E-01	1.05E-02	
group_17826	8.70E-01	1.13E-06	8.76E-01	-3.78E-02	2.42E-01	9.06E-03	
group_17143	8.70E-01	1.13E-06	8.12E-01	-5.70E-02	2.40E-01	1.38E-02	
group_16828	8.70E-01	1.13E-06	6.81E-02	-4.63E-01	2.53E-01	1.05E-01	
group_16731	8.70E-01	1.55E-07	4.76E-02	4.78E-01	2.40E-01	1.14E-01	
group_16683	8.70E-01	1.55E-07	4.76E-02	4.78E-01	2.40E-01	1.14E-01	
group_16555	8.70E-01	1.55E-07	4.76E-02	4.78E-01	2.40E-01	1.14E-01	
group_16323	8.70E-01	1.55E-07	4.76E-02	4.78E-01	2.40E-01	1.14E-01	
group_15268	8.70E-01	1.13E-06	7.00E-01	4.80E-02	1.24E-01	2.24E-02	
group_15254	8.70E-01	1.13E-06	7.74E-01	-7.61E-02	2.65E-01	1.67E-02	
group_15169	8.70E-01	1.13E-06	8.61E-01	-4.23E-02	2.42E-01	1.01E-02	
group_14866	8.70E-01	1.13E-06	8.61E-01	-4.23E-02	2.42E-01	1.01E-02	
group_14796	8.70E-01	1.55E-07	4.76E-02	4.78E-01	2.40E-01	1.14E-01	
group_14663	8.70E-01	1.13E-06	8.61E-01	-4.23E-02	2.42E-01	1.01E-02	
group_14516	8.70E-01	1.13E-06	9.69E-01	-9.24E-03	2.39E-01	2.24E-03	
group_14402	8.70E-01	1.13E-06	8.61E-01	-4.23E-02	2.42E-01	1.01E-02	
group_14268	8.70E-01	1.55E-07	4.76E-02	4.78E-01	2.40E-01	1.14E-01	
rluF	8.70E-01	1.13E-06	8.61E-01	-4.23E-02	2.42E-01	1.01E-02	
group_13876	8.70E-01	1.13E-06	8.61E-01	-4.23E-02	2.42E-01	1.01E-02	
group_13674	8.70E-01	1.55E-07	5.96E-01	1.37E-01	2.59E-01	3.07E-02	
group_13627	8.70E-01	1.13E-06	8.12E-01	-5.70E-02	2.40E-01	1.38E-02	
group_13413	8.70E-01	1.13E-06	9.69E-01	-9.24E-03	2.39E-01	2.24E-03	
group_13385	8.70E-01	1.55E-07	3.02E-01	2.49E-01	2.41E-01	5.97E-02	
group_13303	8.70E-01	1.13E-06	6.56E-01	-1.16E-01	2.61E-01	2.58E-02	
nanR~~~gntR	8.70E-01	1.55E-07	6.85E-01	1.03E-01	2.53E-01	2.35E-02	
group_12988	8.70E-01	1.13E-06	7.88E-01	-6.75E-02	2.51E-01	1.56E-02	
group_12963	8.70E-01	1.55E-07	4.76E-02	4.78E-01	2.40E-01	1.14E-01	
group_12790	8.70E-01	1.13E-06	9.69E-01	-9.24E-03	2.39E-01	2.24E-03	
group_12755	8.70E-01	1.13E-06	9.69E-01	-9.24E-03	2.39E-01	2.24E-03	
rhaR~~~araC	8.70E-01	1.13E-06	7.54E-01	-8.54E-02	2.72E-01	1.82E-02	
group_12346	8.70E-01	1.13E-06	8.12E-01	-5.70E-02	2.40E-01	1.38E-02	
group_12336	8.70E-01	1.13E-06	3.33E-01	-2.68E-01	2.77E-01	5.60E-02	
group_12335	8.70E-01	1.84E-08	3.51E-01	2.56E-01	2.74E-01	5.41E-02	
group_12315	8.70E-01	1.55E-07	5.96E-01	1.37E-01	2.59E-01	3.07E-02	
group_12239	8.70E-01	1.55E-07	4.76E-02	4.78E-01	2.40E-01	1.14E-01	
group_12148	8.70E-01	1.13E-06	7.94E-01	-6.48E-02	2.47E-01	1.52E-02	
rhlE	8.73E-01	6.71E-01	9.01E-01	-8.02E-03	6.44E-02	7.21E-03	
group_11804	8.70E-01	1.13E-06	6.69E-01	-1.06E-01	2.49E-01	2.48E-02	
group_11755	8.70E-01	1.13E-06	7.54E-01	-8.54E-02	2.72E-01	1.82E-02	
group_11700	8.70E-01	1.55E-07	3.93E-02	4.90E-01	2.37E-01	1.19E-01	
group_11547	8.70E-01	1.13E-06	7.55E-01	-7.79E-02	2.50E-01	1.81E-02	
group_11411	8.70E-01	1.55E-07	3.98E-01	2.07E-01	2.44E-01	4.90E-02	
group_11261	8.70E-01	1.55E-07	4.76E-02	4.78E-01	2.40E-01	1.14E-01	
group_11252	8.70E-01	1.55E-07	4.76E-02	4.78E-01	2.40E-01	1.14E-01	
group_11231	8.70E-01	1.55E-07	4.76E-02	4.78E-01	2.40E-01	1.14E-01	
group_11141	8.70E-01	1.13E-06	7.94E-01	-6.48E-02	2.47E-01	1.52E-02	
group_11123	8.70E-01	1.13E-06	6.27E-01	-1.22E-01	2.51E-01	2.82E-02	
group_11003	8.70E-01	1.13E-06	8.79E-01	-3.71E-02	2.44E-01	8.80E-03	
group_10923	8.70E-01	1.55E-07	5.15E-01	1.65E-01	2.54E-01	3.77E-02	
group_10892	8.70E-01	1.13E-06	8.89E-01	-3.55E-02	2.54E-01	8.10E-03	
group_10602	8.70E-01	1.13E-06	8.08E-01	-5.85E-02	2.40E-01	1.41E-02	
group_10596	8.70E-01	1.13E-06	8.08E-01	-5.85E-02	2.40E-01	1.41E-02	
group_10524	8.70E-01	1.55E-07	2.92E-01	2.59E-01	2.45E-01	6.11E-02	
takP	8.70E-01	1.55E-07	6.52E-01	1.15E-01	2.55E-01	2.61E-02	
group_10506	8.70E-01	1.13E-06	7.54E-01	-8.54E-02	2.72E-01	1.82E-02	
group_10503	8.70E-01	1.55E-07	4.76E-02	4.78E-01	2.40E-01	1.14E-01	
yciH	8.70E-01	1.55E-07	4.76E-02	4.78E-01	2.40E-01	1.14E-01	
group_10469	8.70E-01	1.13E-06	2.36E-01	-3.06E-01	2.58E-01	6.86E-02	
group_10268	8.70E-01	1.13E-06	3.32E-01	-2.40E-01	2.47E-01	5.61E-02	
ydcR	8.70E-01	1.13E-06	8.12E-01	-5.70E-02	2.39E-01	1.38E-02	
group_10089	8.70E-01	1.55E-07	4.76E-02	4.78E-01	2.40E-01	1.14E-01	
group_10004	8.70E-01	1.13E-06	9.65E-01	-1.03E-02	2.38E-01	2.51E-03	
group_9997	8.70E-01	1.13E-06	8.12E-01	-5.70E-02	2.40E-01	1.38E-02	
group_9995	8.70E-01	1.55E-07	3.98E-01	2.07E-01	2.44E-01	4.90E-02	
group_9930	8.70E-01	1.55E-07	5.96E-01	1.37E-01	2.59E-01	3.07E-02	
group_9913	8.70E-01	1.13E-06	8.81E-01	-3.63E-02	2.42E-01	8.68E-03	
group_9900	8.70E-01	1.13E-06	8.79E-01	-3.71E-02	2.44E-01	8.80E-03	
group_9881	8.70E-01	1.13E-06	8.79E-01	-3.71E-02	2.44E-01	8.80E-03	
group_9880	8.70E-01	1.13E-06	8.79E-01	-3.71E-02	2.44E-01	8.80E-03	
group_9877	8.70E-01	1.13E-06	8.79E-01	-3.71E-02	2.44E-01	8.80E-03	
group_9694	8.70E-01	1.55E-07	4.76E-02	4.78E-01	2.40E-01	1.14E-01	
group_9693	8.70E-01	1.55E-07	4.76E-02	4.78E-01	2.40E-01	1.14E-01	
group_9652	8.70E-01	1.55E-07	4.76E-02	4.78E-01	2.40E-01	1.14E-01	
group_9531	8.70E-01	1.13E-06	7.94E-01	-6.48E-02	2.47E-01	1.52E-02	
group_9377	8.70E-01	1.13E-06	9.69E-01	-9.24E-03	2.39E-01	2.24E-03	
group_9375	8.70E-01	1.55E-07	3.98E-01	2.07E-01	2.44E-01	4.90E-02	
prsA~~~ppiC	8.70E-01	1.55E-07	3.98E-01	2.07E-01	2.44E-01	4.90E-02	
group_9202	8.70E-01	1.55E-07	5.15E-01	1.65E-01	2.54E-01	3.77E-02	
group_9129	8.70E-01	1.13E-06	1.55E-01	-3.50E-01	2.45E-01	8.23E-02	
ampC	8.70E-01	1.13E-06	9.69E-01	-9.24E-03	2.39E-01	2.24E-03	
group_8930	8.70E-01	1.55E-07	9.63E-01	-1.21E-02	2.61E-01	2.68E-03	
dan	8.70E-01	1.13E-06	8.61E-01	-4.23E-02	2.42E-01	1.01E-02	
gsiA~~~gsiD	8.70E-01	1.13E-06	8.61E-01	-4.23E-02	2.42E-01	1.01E-02	
group_8776	8.70E-01	1.13E-06	8.08E-01	-5.85E-02	2.40E-01	1.41E-02	
group_8775	8.70E-01	1.13E-06	8.08E-01	-5.85E-02	2.40E-01	1.41E-02	
group_8770	8.70E-01	1.13E-06	8.72E-01	-3.91E-02	2.42E-01	9.36E-03	
group_8622	8.70E-01	1.13E-06	7.54E-01	-8.54E-02	2.72E-01	1.82E-02	
group_8616	8.70E-01	1.55E-07	4.76E-02	4.78E-01	2.40E-01	1.14E-01	
group_8569	8.70E-01	1.13E-06	2.36E-01	-3.06E-01	2.58E-01	6.86E-02	
group_8568	8.70E-01	1.13E-06	2.36E-01	-3.06E-01	2.58E-01	6.86E-02	
group_8487	8.70E-01	1.13E-06	9.86E-02	-4.21E-01	2.54E-01	9.56E-02	
group_8462	8.70E-01	1.55E-07	7.00E-01	1.03E-01	2.67E-01	2.23E-02	
group_8454	8.70E-01	1.55E-07	3.93E-02	4.90E-01	2.37E-01	1.19E-01	
abaF~~~melB	8.70E-01	1.13E-06	8.08E-01	-5.85E-02	2.40E-01	1.41E-02	
group_8284	8.70E-01	1.13E-06	8.61E-01	-4.23E-02	2.42E-01	1.01E-02	
group_8074	8.70E-01	1.13E-06	6.69E-01	-1.06E-01	2.49E-01	2.48E-02	
group_8048	8.70E-01	1.13E-06	8.12E-01	-5.70E-02	2.40E-01	1.38E-02	
group_7993	8.70E-01	1.13E-06	8.12E-01	-5.70E-02	2.39E-01	1.38E-02	
group_7941	8.70E-01	1.55E-07	4.76E-02	4.78E-01	2.40E-01	1.14E-01	
group_7940	8.70E-01	1.55E-07	4.76E-02	4.78E-01	2.40E-01	1.14E-01	
group_7795	8.70E-01	1.13E-06	8.12E-01	-5.70E-02	2.40E-01	1.38E-02	
luxR~~~citB	8.70E-01	1.55E-07	3.98E-01	2.07E-01	2.44E-01	4.90E-02	
group_7603	8.70E-01	1.13E-06	8.79E-01	-3.71E-02	2.44E-01	8.80E-03	
group_7284	8.70E-01	1.55E-07	4.76E-02	4.78E-01	2.40E-01	1.14E-01	
moaA	8.70E-01	1.55E-07	3.98E-01	2.07E-01	2.44E-01	4.90E-02	
narI	8.70E-01	1.55E-07	3.98E-01	2.07E-01	2.44E-01	4.90E-02	
group_5885	8.70E-01	1.55E-07	3.04E-01	2.47E-01	2.40E-01	5.96E-02	
group_5826	8.70E-01	1.13E-06	8.61E-01	-4.23E-02	2.42E-01	1.01E-02	
group_5515	8.70E-01	1.13E-06	2.36E-01	-3.06E-01	2.58E-01	6.86E-02	
rfaQ	8.70E-01	1.55E-07	7.00E-01	1.03E-01	2.67E-01	2.23E-02	
narG~~~narZ	8.70E-01	1.55E-07	3.98E-01	2.07E-01	2.44E-01	4.90E-02	
group_5233	8.70E-01	1.55E-07	3.98E-01	2.07E-01	2.44E-01	4.90E-02	
group_5003	8.70E-01	1.55E-07	3.98E-01	2.07E-01	2.44E-01	4.90E-02	
group_4863	8.70E-01	1.13E-06	8.12E-01	-5.70E-02	2.40E-01	1.38E-02	
group_4816	8.70E-01	1.55E-07	4.97E-01	1.84E-01	2.70E-01	3.94E-02	
group_4801	8.70E-01	1.13E-06	5.53E-01	-1.48E-01	2.49E-01	3.44E-02	
lpxO	8.70E-01	1.13E-06	6.69E-01	-1.06E-01	2.49E-01	2.48E-02	
group_3608	8.70E-01	1.13E-06	8.79E-01	-3.71E-02	2.44E-01	8.80E-03	
narK	8.70E-01	1.55E-07	3.98E-01	2.07E-01	2.44E-01	4.90E-02	
group_2798	8.70E-01	1.55E-07	3.98E-01	2.07E-01	2.44E-01	4.90E-02	
yciC~~~yjiA~~~cobW	8.67E-01	1.35E-03	6.43E-01	5.94E-02	1.28E-01	2.69E-02	
group_20507	8.67E-01	2.51E-06	4.83E-01	-3.27E-01	4.65E-01	4.07E-02	
group_19802	8.67E-01	3.72E-07	8.23E-01	-4.53E-02	2.03E-01	1.29E-02	
group_19729	8.67E-01	3.72E-07	7.15E-01	7.62E-02	2.09E-01	2.12E-02	
group_19258	8.67E-01	2.51E-06	7.08E-01	-6.32E-02	1.68E-01	2.17E-02	
group_18448	8.67E-01	4.66E-03	8.61E-01	1.67E-02	9.53E-02	1.01E-02	
group_18444	8.67E-01	3.72E-07	4.76E-01	1.74E-01	2.44E-01	4.13E-02	
group_18287	8.67E-01	3.72E-07	4.76E-01	1.74E-01	2.44E-01	4.13E-02	
group_18149	8.67E-01	2.51E-06	7.62E-01	-6.19E-02	2.04E-01	1.75E-02	
papD~~~stdC	8.67E-01	2.51E-06	7.62E-01	-6.19E-02	2.04E-01	1.75E-02	
stdB~~~papC	8.67E-01	2.51E-06	7.62E-01	-6.19E-02	2.04E-01	1.75E-02	
group_17703	8.67E-01	2.51E-06	7.62E-01	-6.19E-02	2.04E-01	1.75E-02	
opuE	8.67E-01	1.48E-05	9.25E-01	1.42E-02	1.50E-01	5.48E-03	
qseB~~~basR	8.67E-01	2.51E-06	7.62E-01	-6.19E-02	2.04E-01	1.75E-02	
group_17268	8.67E-01	1.84E-01	2.43E-01	-1.29E-01	1.11E-01	6.76E-02	
group_17107	8.67E-01	2.51E-06	1.45E-01	-3.20E-01	2.19E-01	8.43E-02	
group_16948	8.67E-01	3.72E-07	8.23E-01	-4.53E-02	2.03E-01	1.29E-02	
group_16732	8.67E-01	4.80E-08	2.40E-02	4.59E-01	2.02E-01	1.30E-01	
group_16636	8.67E-01	1.84E-01	2.43E-01	-1.29E-01	1.11E-01	6.76E-02	
group_16500	8.67E-01	4.80E-08	2.40E-02	4.59E-01	2.02E-01	1.30E-01	
group_16441	8.67E-01	2.51E-06	8.70E-01	-3.23E-02	1.98E-01	9.45E-03	
group_16356	8.67E-01	2.51E-06	4.83E-01	-3.27E-01	4.65E-01	4.07E-02	
group_14219	8.67E-01	3.72E-07	9.72E-02	3.26E-01	1.96E-01	9.60E-02	
group_14085	8.67E-01	4.80E-08	1.38E-01	3.25E-01	2.18E-01	8.58E-02	
xylF	8.67E-01	3.72E-07	9.72E-02	3.26E-01	1.96E-01	9.60E-02	
group_13793	8.67E-01	1.84E-01	2.43E-01	-1.29E-01	1.11E-01	6.76E-02	
group_13624	8.67E-01	2.51E-06	8.08E-01	-4.78E-02	1.97E-01	1.41E-02	
group_13596	8.67E-01	2.51E-06	1.45E-01	-3.20E-01	2.19E-01	8.43E-02	
group_13496	8.67E-01	2.51E-06	7.27E-01	-7.10E-02	2.03E-01	2.02E-02	
group_13307	8.67E-01	3.72E-07	9.72E-02	3.26E-01	1.96E-01	9.60E-02	
group_13302	8.67E-01	3.72E-07	9.50E-01	-1.42E-02	2.27E-01	3.62E-03	
group_13145	8.67E-01	3.72E-07	4.82E-01	1.40E-01	2.00E-01	4.08E-02	
kpsT	8.67E-01	2.51E-06	7.27E-01	-7.10E-02	2.03E-01	2.02E-02	
otnI	8.67E-01	3.72E-07	8.74E-01	3.33E-02	2.10E-01	9.16E-03	
group_13008	8.67E-01	2.51E-06	7.62E-01	-6.19E-02	2.04E-01	1.75E-02	
group_12773	8.67E-01	2.51E-06	7.17E-01	-7.24E-02	2.00E-01	2.10E-02	
group_12539	8.67E-01	3.72E-07	9.72E-02	3.26E-01	1.96E-01	9.60E-02	
group_12396	8.67E-01	2.51E-06	7.27E-01	-7.10E-02	2.03E-01	2.02E-02	
group_12352	8.67E-01	4.80E-08	2.42E-01	2.46E-01	2.10E-01	6.78E-02	
group_12316	8.67E-01	2.51E-06	2.72E-01	-2.30E-01	2.09E-01	6.36E-02	
group_12312	8.67E-01	4.80E-08	2.42E-01	2.46E-01	2.10E-01	6.78E-02	
group_12298	8.67E-01	2.51E-06	1.45E-01	-3.20E-01	2.19E-01	8.43E-02	
denD	8.67E-01	3.72E-07	8.74E-01	3.33E-02	2.10E-01	9.16E-03	
group_12287	8.67E-01	3.72E-07	7.77E-01	5.76E-02	2.03E-01	1.65E-02	
group_12224	8.67E-01	4.80E-08	2.40E-02	4.59E-01	2.02E-01	1.30E-01	
group_11979	8.67E-01	2.51E-06	6.99E-01	-7.82E-02	2.02E-01	2.24E-02	
group_11690	8.67E-01	3.72E-07	9.72E-02	3.26E-01	1.96E-01	9.60E-02	
group_11659	8.67E-01	2.51E-06	2.72E-01	-2.30E-01	2.09E-01	6.36E-02	
group_11469	8.67E-01	3.72E-07	1.17E-01	3.27E-01	2.08E-01	9.08E-02	
group_11380	8.67E-01	4.80E-08	2.94E-01	2.25E-01	2.14E-01	6.08E-02	
ltnD	8.67E-01	3.72E-07	8.74E-01	3.33E-02	2.10E-01	9.16E-03	
group_11145	8.67E-01	3.72E-07	2.00E-01	2.56E-01	1.99E-01	7.43E-02	
group_11039	8.67E-01	4.80E-08	1.94E-01	2.67E-01	2.05E-01	7.53E-02	
smvA	8.67E-01	2.51E-06	2.72E-01	-2.30E-01	2.09E-01	6.36E-02	
ridA~~~yjgH	8.67E-01	3.72E-07	5.76E-01	1.14E-01	2.04E-01	3.24E-02	
group_10631	8.67E-01	2.51E-06	8.54E-01	-3.64E-02	1.98E-01	1.06E-02	
group_10436	8.67E-01	2.51E-06	8.71E-01	-3.22E-02	1.98E-01	9.41E-03	
group_10353	8.67E-01	2.51E-06	2.72E-01	-2.30E-01	2.09E-01	6.36E-02	
group_10350	8.67E-01	2.51E-06	2.72E-01	-2.30E-01	2.09E-01	6.36E-02	
group_10344	8.67E-01	2.51E-06	4.43E-01	-1.53E-01	1.98E-01	4.45E-02	
group_10309	8.67E-01	4.80E-08	1.94E-01	2.67E-01	2.05E-01	7.53E-02	
group_10196	8.67E-01	2.51E-06	8.69E-01	-3.30E-02	1.99E-01	9.59E-03	
group_10154	8.67E-01	2.51E-06	8.15E-01	-4.61E-02	1.97E-01	1.36E-02	
group_10150	8.67E-01	2.51E-06	6.99E-01	-7.82E-02	2.02E-01	2.24E-02	
group_10097	8.67E-01	3.72E-07	1.17E-01	3.27E-01	2.08E-01	9.08E-02	
group_9992	8.67E-01	2.51E-06	6.84E-01	-8.18E-02	2.01E-01	2.36E-02	
group_9810	8.67E-01	2.51E-06	7.62E-01	-6.19E-02	2.04E-01	1.75E-02	
group_9433	8.67E-01	3.72E-07	7.82E-01	5.63E-02	2.03E-01	1.61E-02	
group_9359	8.67E-01	2.51E-06	2.72E-01	-2.30E-01	2.09E-01	6.36E-02	
allS	8.67E-01	2.51E-06	2.72E-01	-2.30E-01	2.09E-01	6.36E-02	
group_9327	8.67E-01	2.51E-06	6.99E-01	-7.82E-02	2.02E-01	2.24E-02	
group_8838	8.67E-01	3.72E-07	4.22E-01	1.59E-01	1.97E-01	4.65E-02	
group_8777	8.67E-01	3.72E-07	5.90E-01	1.09E-01	2.02E-01	3.13E-02	
fUI1	8.67E-01	2.51E-06	1.45E-01	-3.20E-01	2.19E-01	8.43E-02	
group_8404	8.67E-01	2.51E-06	2.72E-01	-2.30E-01	2.09E-01	6.36E-02	
group_8379	8.67E-01	2.51E-06	6.84E-01	-8.18E-02	2.01E-01	2.36E-02	
group_8365	8.67E-01	2.51E-06	8.55E-01	-3.62E-02	1.98E-01	1.06E-02	
group_8340	8.67E-01	4.80E-08	1.94E-01	2.67E-01	2.05E-01	7.53E-02	
group_8338	8.67E-01	2.51E-06	6.84E-01	-8.18E-02	2.01E-01	2.36E-02	
group_8292	8.67E-01	2.51E-06	8.57E-01	-3.58E-02	1.98E-01	1.05E-02	
group_8043	8.67E-01	2.51E-06	6.99E-01	-7.82E-02	2.02E-01	2.24E-02	
group_7796	8.67E-01	2.51E-06	6.84E-01	-8.18E-02	2.01E-01	2.36E-02	
group_7654	8.67E-01	2.51E-06	5.92E-01	-1.11E-01	2.06E-01	3.11E-02	
group_7648	8.67E-01	2.51E-06	1.45E-01	-3.20E-01	2.19E-01	8.43E-02	
group_7253	8.67E-01	2.51E-06	2.04E-01	-2.59E-01	2.03E-01	7.35E-02	
btuB	8.67E-01	3.72E-07	7.51E-01	6.52E-02	2.05E-01	1.84E-02	
group_6687	8.67E-01	2.51E-06	2.72E-01	-2.30E-01	2.09E-01	6.36E-02	
group_6281	8.67E-01	2.51E-06	6.99E-01	-7.82E-02	2.02E-01	2.24E-02	
group_6152	8.67E-01	2.51E-06	6.84E-01	-8.18E-02	2.01E-01	2.36E-02	
group_5762	8.67E-01	3.72E-07	7.51E-01	6.52E-02	2.05E-01	1.84E-02	
group_5734	8.67E-01	2.51E-06	4.66E-01	-1.48E-01	2.03E-01	4.22E-02	
group_5502	8.67E-01	2.51E-06	6.99E-01	-7.82E-02	2.02E-01	2.24E-02	
group_5351	8.67E-01	2.51E-06	1.45E-01	-3.20E-01	2.19E-01	8.43E-02	
group_5293	8.67E-01	2.51E-06	6.84E-01	-8.18E-02	2.01E-01	2.36E-02	
group_5231	8.67E-01	2.51E-06	6.84E-01	-8.18E-02	2.01E-01	2.36E-02	
group_5152	8.67E-01	3.72E-07	6.63E-01	8.90E-02	2.04E-01	2.53E-02	
group_5149	8.67E-01	2.51E-06	4.88E-01	-1.38E-01	1.99E-01	4.02E-02	
group_4859	8.67E-01	2.51E-06	6.99E-01	-7.82E-02	2.02E-01	2.24E-02	
group_4711	8.67E-01	3.72E-07	4.83E-01	1.40E-01	2.00E-01	4.06E-02	
group_4586	8.67E-01	2.51E-06	6.99E-01	-7.82E-02	2.02E-01	2.24E-02	
metL1	8.67E-01	2.51E-06	4.12E-01	-1.67E-01	2.03E-01	4.75E-02	
murA	8.67E-01	2.51E-06	1.45E-01	-3.20E-01	2.19E-01	8.43E-02	
group_24374	8.63E-01	5.31E-06	7.93E-01	-4.59E-02	1.75E-01	1.52E-02	
group_21077	8.63E-01	2.91E-05	1.99E-01	2.14E-01	1.66E-01	7.44E-02	
group_21076	8.63E-01	2.91E-05	1.99E-01	2.14E-01	1.66E-01	7.44E-02	
group_18536	8.67E-01	1.35E-03	9.38E-01	8.69E-03	1.11E-01	4.53E-03	
yjdC	8.63E-01	5.31E-06	7.90E-01	-4.73E-02	1.77E-01	1.55E-02	
group_17906	8.63E-01	5.31E-06	4.49E-01	-1.32E-01	1.75E-01	4.39E-02	
group_17895	8.63E-01	5.31E-06	2.08E-01	-2.32E-01	1.84E-01	7.29E-02	
group_17568	8.63E-01	5.31E-06	2.06E-01	-2.33E-01	1.84E-01	7.32E-02	
group_17567	8.63E-01	5.31E-06	2.06E-01	-2.33E-01	1.84E-01	7.32E-02	
group_17497	8.63E-01	2.91E-05	8.08E-01	-3.74E-02	1.54E-01	1.41E-02	
group_17302	8.63E-01	5.31E-06	4.79E-01	-1.98E-01	2.80E-01	4.10E-02	
group_17293	8.63E-01	8.49E-07	8.04E-01	4.46E-02	1.80E-01	1.44E-02	
group_17124	8.63E-01	5.31E-06	4.49E-01	-1.32E-01	1.75E-01	4.39E-02	
group_16822	8.63E-01	5.31E-06	6.40E-01	-8.44E-02	1.80E-01	2.71E-02	
group_16795	8.63E-01	1.19E-07	6.06E-02	3.33E-01	1.77E-01	1.08E-01	
group_16772	8.63E-01	8.49E-07	1.78E-01	-2.50E-01	1.85E-01	7.81E-02	
group_16625	8.63E-01	8.49E-07	8.04E-01	4.46E-02	1.80E-01	1.44E-02	
group_16615	8.63E-01	5.31E-06	1.79E-02	-4.32E-01	1.82E-01	1.37E-01	
group_15421	8.63E-01	8.49E-07	9.21E-01	-1.94E-02	1.97E-01	5.73E-03	
group_15129	8.63E-01	5.31E-06	7.89E-01	-4.78E-02	1.79E-01	1.55E-02	
group_14692	8.63E-01	5.31E-06	5.21E-01	-1.18E-01	1.84E-01	3.72E-02	
group_14434	8.63E-01	5.31E-06	5.21E-01	-1.18E-01	1.84E-01	3.72E-02	
pdeM	8.63E-01	8.49E-07	4.66E-01	1.36E-01	1.86E-01	4.23E-02	
group_13667	8.63E-01	5.31E-06	7.66E-02	-3.30E-01	1.86E-01	1.02E-01	
group_13183	8.63E-01	5.31E-06	2.08E-01	-2.32E-01	1.84E-01	7.29E-02	
group_13130	8.63E-01	8.49E-07	7.25E-01	-6.39E-02	1.82E-01	2.04E-02	
iucC	8.63E-01	5.31E-06	5.16E-02	-3.98E-01	2.04E-01	1.12E-01	
group_13078	8.63E-01	5.31E-06	8.11E-01	-4.12E-02	1.72E-01	1.39E-02	
group_12897	8.63E-01	5.31E-06	5.94E-01	-9.45E-02	1.77E-01	3.09E-02	
group_12809	8.63E-01	5.31E-06	6.59E-01	-8.11E-02	1.84E-01	2.56E-02	
group_12643	8.63E-01	5.31E-06	7.90E-01	-4.77E-02	1.79E-01	1.55E-02	
xylH	8.63E-01	1.19E-07	4.83E-02	3.44E-01	1.74E-01	1.14E-01	
kstR2	8.63E-01	5.31E-06	8.46E-01	-3.36E-02	1.73E-01	1.13E-02	
group_12344	8.63E-01	5.31E-06	8.11E-01	-4.12E-02	1.72E-01	1.39E-02	
group_12107	8.63E-01	8.49E-07	5.76E-01	-1.01E-01	1.80E-01	3.24E-02	
cynX	8.63E-01	5.31E-06	6.59E-01	-8.11E-02	1.84E-01	2.56E-02	
group_11970	8.63E-01	5.31E-06	4.20E-01	-2.27E-01	2.81E-01	4.67E-02	
group_11801	8.63E-01	8.49E-07	1.92E-01	2.33E-01	1.78E-01	7.55E-02	
group_11800	8.63E-01	8.49E-07	2.65E-01	2.02E-01	1.80E-01	6.46E-02	
group_11724	8.63E-01	8.49E-07	7.34E-01	5.98E-02	1.76E-01	1.97E-02	
ubiT	8.63E-01	8.49E-07	6.00E-01	9.01E-02	1.72E-01	3.04E-02	
group_11634	8.63E-01	5.31E-06	5.40E-01	-1.73E-01	2.83E-01	3.55E-02	
group_11568	8.63E-01	5.31E-06	4.75E-01	-1.23E-01	1.73E-01	4.14E-02	
group_11499	8.63E-01	8.49E-07	8.38E-01	3.68E-02	1.79E-01	1.19E-02	
group_11415	8.63E-01	5.31E-06	5.06E-01	-1.90E-01	2.86E-01	3.85E-02	
group_10475	8.63E-01	5.31E-06	2.23E-01	-2.20E-01	1.80E-01	7.05E-02	
group_10394	8.63E-01	5.31E-06	4.49E-01	-1.32E-01	1.75E-01	4.39E-02	
group_10351	8.63E-01	5.31E-06	2.36E-01	-2.15E-01	1.81E-01	6.86E-02	
rssB	8.63E-01	5.31E-06	5.40E-01	-1.73E-01	2.83E-01	3.55E-02	
group_10129	8.63E-01	5.31E-06	7.37E-01	-5.90E-02	1.75E-01	1.95E-02	
fetA~~~ybbL	8.63E-01	5.31E-06	1.05E-01	-3.05E-01	1.88E-01	9.37E-02	
group_9469	8.63E-01	8.49E-07	9.44E-01	-1.30E-02	1.83E-01	4.10E-03	
group_9289	8.63E-01	5.31E-06	4.75E-01	-1.23E-01	1.73E-01	4.14E-02	
group_9242	8.63E-01	5.31E-06	3.62E-01	-3.20E-01	3.50E-01	5.28E-02	
group_8717	8.63E-01	5.31E-06	4.20E-01	-2.27E-01	2.81E-01	4.67E-02	
group_8554	8.63E-01	5.31E-06	5.66E-01	-1.01E-01	1.76E-01	3.33E-02	
group_8449	8.63E-01	5.31E-06	4.49E-01	-1.32E-01	1.75E-01	4.39E-02	
group_8402	8.63E-01	5.31E-06	3.31E-01	-1.73E-01	1.78E-01	5.63E-02	
group_8019	8.63E-01	1.19E-07	3.71E-01	1.62E-01	1.81E-01	5.18E-02	
fetB	8.63E-01	5.31E-06	1.05E-01	-3.05E-01	1.88E-01	9.37E-02	
group_7785	8.63E-01	5.31E-06	8.59E-01	-3.07E-02	1.73E-01	1.03E-02	
icdM	8.63E-01	5.31E-06	1.05E-01	-3.05E-01	1.88E-01	9.37E-02	
group_7756	8.63E-01	5.31E-06	7.98E-01	-4.46E-02	1.74E-01	1.48E-02	
group_6584	8.63E-01	5.31E-06	4.75E-01	-1.23E-01	1.73E-01	4.14E-02	
group_5234	8.63E-01	5.31E-06	7.91E-02	-3.15E-01	1.79E-01	1.02E-01	
group_20877	8.60E-01	1.08E-05	4.30E-01	-1.17E-01	1.49E-01	4.57E-02	
group_18873	8.60E-01	1.85E-06	5.45E-01	-9.61E-02	1.59E-01	3.50E-02	
group_18579	8.60E-01	1.85E-06	7.23E-01	6.19E-02	1.75E-01	2.05E-02	
group_18540	8.63E-01	2.18E-03	9.58E-01	5.64E-03	1.06E-01	3.07E-03	
group_18537	8.63E-01	2.18E-03	9.58E-01	5.64E-03	1.06E-01	3.07E-03	
group_18332	8.63E-01	5.88E-04	3.47E-01	-1.03E-01	1.10E-01	5.45E-02	
group_18099	8.60E-01	1.08E-05	4.15E-01	-2.04E-01	2.50E-01	4.73E-02	
group_18098	8.60E-01	1.08E-05	4.03E-01	-1.85E-01	2.21E-01	4.85E-02	
group_17779	8.60E-01	1.08E-05	2.54E-01	-1.86E-01	1.62E-01	6.61E-02	
group_16728	8.60E-01	1.08E-05	1.83E-01	-2.11E-01	1.58E-01	7.72E-02	
group_16675	8.60E-01	1.85E-06	1.12E-01	-2.60E-01	1.63E-01	9.19E-02	
group_16584	8.60E-01	2.76E-01	2.47E-01	-1.18E-01	1.02E-01	6.71E-02	
group_16526	8.60E-01	2.80E-07	5.37E-01	9.90E-02	1.60E-01	3.58E-02	
group_16206	8.60E-01	1.85E-06	7.40E-01	5.32E-02	1.60E-01	1.92E-02	
group_15256	8.60E-01	1.08E-05	6.21E-01	-7.83E-02	1.58E-01	2.87E-02	
group_14096	8.60E-01	1.85E-06	3.23E-01	1.55E-01	1.56E-01	5.72E-02	
group_14084	8.60E-01	1.85E-06	5.05E-01	-1.09E-01	1.63E-01	3.86E-02	
group_13904	8.60E-01	4.29E-09	5.27E-02	5.32E-01	2.74E-01	1.12E-01	
group_13897	8.60E-01	1.85E-06	2.92E-01	1.67E-01	1.58E-01	6.10E-02	
group_13835	8.60E-01	1.85E-06	9.88E-01	-2.49E-03	1.60E-01	9.02E-04	
group_13690	8.60E-01	1.85E-06	3.23E-01	1.55E-01	1.56E-01	5.72E-02	
pcp	8.60E-01	4.29E-09	5.27E-02	5.32E-01	2.74E-01	1.12E-01	
sigK~~~araC	8.60E-01	1.85E-06	2.92E-01	1.67E-01	1.58E-01	6.10E-02	
group_13346	8.60E-01	1.85E-06	2.92E-01	1.67E-01	1.58E-01	6.10E-02	
group_12771	8.60E-01	1.85E-06	2.92E-01	1.67E-01	1.58E-01	6.10E-02	
group_12688	8.60E-01	4.29E-09	5.27E-02	5.32E-01	2.74E-01	1.12E-01	
group_12678	8.60E-01	1.85E-06	2.92E-01	1.67E-01	1.58E-01	6.10E-02	
group_12386	8.60E-01	1.08E-05	5.56E-01	-1.27E-01	2.16E-01	3.42E-02	
group_12343	8.60E-01	1.85E-06	7.07E-01	8.27E-02	2.20E-01	2.18E-02	
group_12268	8.60E-01	1.85E-06	7.63E-01	-4.99E-02	1.65E-01	1.75E-02	
group_12136	8.60E-01	2.80E-07	4.91E-01	1.23E-01	1.78E-01	3.99E-02	
group_12007	8.60E-01	1.08E-05	6.83E-01	-8.80E-02	2.15E-01	2.37E-02	
ytfF~~~rhaT~~~eamA	8.60E-01	1.85E-06	2.92E-01	1.67E-01	1.58E-01	6.10E-02	
group_11833	8.60E-01	1.85E-06	9.76E-01	-6.87E-03	2.25E-01	1.76E-03	
group_11812	8.60E-01	2.80E-07	2.44E-01	1.83E-01	1.57E-01	6.74E-02	
group_11470	8.60E-01	1.08E-05	8.78E-02	-2.99E-01	1.75E-01	9.87E-02	
group_11403	8.60E-01	1.85E-06	2.92E-01	1.67E-01	1.58E-01	6.10E-02	
group_11389	8.60E-01	1.08E-05	1.54E-01	-2.37E-01	1.66E-01	8.25E-02	
group_11300	8.60E-01	1.08E-05	7.68E-01	-4.63E-02	1.57E-01	1.71E-02	
group_11262	8.60E-01	1.85E-06	5.91E-01	1.02E-01	1.89E-01	3.11E-02	
group_11041	8.60E-01	1.08E-05	6.83E-01	-8.80E-02	2.15E-01	2.37E-02	
group_10978	8.60E-01	1.08E-05	2.78E-01	-1.68E-01	1.55E-01	6.28E-02	
group_10919	8.60E-01	1.08E-05	6.83E-01	-8.80E-02	2.15E-01	2.37E-02	
group_10655	8.60E-01	1.85E-06	9.76E-01	-6.87E-03	2.25E-01	1.76E-03	
group_10647	8.60E-01	1.08E-05	3.59E-01	-1.52E-01	1.66E-01	5.32E-02	
group_10515	8.60E-01	1.85E-06	6.82E-01	1.02E-01	2.49E-01	2.37E-02	
group_10417	8.60E-01	1.85E-06	5.70E-01	1.31E-01	2.31E-01	3.30E-02	
yfbR	8.60E-01	1.08E-05	4.32E-01	-1.83E-01	2.32E-01	4.55E-02	
group_9969	8.60E-01	1.85E-06	2.92E-01	1.67E-01	1.58E-01	6.10E-02	
group_9891	8.60E-01	1.08E-05	3.35E-01	-1.52E-01	1.58E-01	5.59E-02	
group_9286	8.60E-01	1.08E-05	3.92E-01	-1.34E-01	1.56E-01	4.96E-02	
group_9132	8.60E-01	1.85E-06	6.74E-01	7.63E-02	1.82E-01	2.44E-02	
copR	8.60E-01	1.85E-06	5.70E-01	1.31E-01	2.31E-01	3.30E-02	
group_8353	8.60E-01	1.08E-05	2.80E-01	-2.48E-01	2.29E-01	6.26E-02	
group_8101	8.60E-01	1.08E-05	3.93E-01	-1.88E-01	2.20E-01	4.95E-02	
group_7725	8.60E-01	1.85E-06	2.92E-01	1.67E-01	1.58E-01	6.10E-02	
group_7686	8.60E-01	1.08E-05	2.98E-01	-1.66E-01	1.59E-01	6.03E-02	
lysR~~~hdfR	8.60E-01	1.08E-05	4.66E-01	-1.49E-01	2.04E-01	4.22E-02	
lldD	8.60E-01	1.08E-05	1.54E-01	-2.37E-01	1.66E-01	8.25E-02	
group_20854	8.57E-01	2.11E-05	9.66E-01	5.59E-03	1.31E-01	2.48E-03	
recD	8.57E-01	4.24E-04	2.49E-01	-1.45E-01	1.25E-01	6.67E-02	
group_18818	8.57E-01	3.88E-06	4.50E-01	-1.13E-01	1.50E-01	4.38E-02	
group_18659	8.57E-01	3.88E-06	4.50E-01	-1.13E-01	1.50E-01	4.38E-02	
ygfF~~~fabG	8.57E-01	6.29E-07	7.88E-01	-1.23E-01	4.56E-01	1.56E-02	
yxdL~~~lolD	8.57E-01	6.29E-07	7.88E-01	-1.23E-01	4.56E-01	1.56E-02	
group_17066	8.57E-01	2.11E-05	5.52E-01	-9.13E-02	1.53E-01	3.45E-02	
group_16878	8.57E-01	1.81E-01	7.85E-01	1.95E-02	7.16E-02	1.58E-02	
group_16595	8.57E-01	2.11E-05	6.25E-01	-9.01E-02	1.84E-01	2.84E-02	
group_16404	8.57E-01	1.01E-04	8.21E-01	-3.61E-02	1.59E-01	1.31E-02	
group_16145	8.57E-01	2.11E-05	4.76E-01	-1.43E-01	2.01E-01	4.13E-02	
group_15417	8.57E-01	6.29E-07	3.97E-01	1.24E-01	1.46E-01	4.91E-02	
group_15402	8.57E-01	3.88E-06	9.25E-01	-1.84E-02	1.96E-01	5.46E-03	
group_14872	8.57E-01	6.29E-07	7.88E-01	-1.23E-01	4.56E-01	1.56E-02	
group_14670	8.57E-01	6.29E-07	7.88E-01	-1.23E-01	4.56E-01	1.56E-02	
group_14376	8.57E-01	3.88E-06	3.82E-01	1.25E-01	1.43E-01	5.07E-02	
group_14150	8.57E-01	3.88E-06	4.77E-01	-1.10E-01	1.54E-01	4.12E-02	
group_14093	8.57E-01	2.11E-05	1.25E-02	-4.53E-01	1.80E-01	1.44E-01	
group_13775	8.57E-01	3.88E-06	4.77E-01	-1.10E-01	1.54E-01	4.12E-02	
group_13626	8.57E-01	8.98E-08	5.13E-01	1.05E-01	1.61E-01	3.80E-02	
group_13590	8.57E-01	3.88E-06	9.63E-01	-6.77E-03	1.46E-01	2.69E-03	
group_13320	8.57E-01	2.11E-05	4.00E-01	-1.60E-01	1.90E-01	4.88E-02	
group_13313	8.57E-01	2.11E-05	8.23E-01	-3.20E-02	1.43E-01	1.30E-02	
group_13082	8.57E-01	6.29E-07	7.12E-01	5.40E-02	1.46E-01	2.14E-02	
group_13063	8.57E-01	3.88E-06	3.88E-01	1.25E-01	1.45E-01	5.00E-02	
group_13062	8.57E-01	3.88E-06	5.89E-01	7.70E-02	1.42E-01	3.13E-02	
group_12636	8.57E-01	2.11E-05	8.23E-01	-3.20E-02	1.43E-01	1.30E-02	
group_12092	8.57E-01	6.29E-07	6.08E-01	7.78E-02	1.51E-01	2.98E-02	
group_11736	8.57E-01	2.11E-05	1.78E-01	-2.60E-01	1.92E-01	7.81E-02	
group_11696	8.57E-01	6.29E-07	2.83E-01	-1.95E-01	1.82E-01	6.21E-02	
yoaK	8.57E-01	2.11E-05	6.24E-01	-9.02E-02	1.84E-01	2.84E-02	
group_11520	8.57E-01	3.88E-06	9.46E-01	-9.85E-03	1.46E-01	3.91E-03	
group_11382	8.57E-01	2.11E-05	9.12E-02	-2.51E-01	1.48E-01	9.77E-02	
group_10710	8.57E-01	3.88E-06	7.75E-01	4.14E-02	1.45E-01	1.66E-02	
group_10667	8.57E-01	6.29E-07	2.83E-01	-1.95E-01	1.82E-01	6.21E-02	
group_10406	8.57E-01	6.29E-07	2.83E-01	-1.95E-01	1.82E-01	6.21E-02	
group_10405	8.57E-01	6.29E-07	2.83E-01	-1.95E-01	1.82E-01	6.21E-02	
group_10254	8.57E-01	1.13E-08	2.12E-02	4.92E-01	2.13E-01	1.33E-01	
group_9939	8.57E-01	2.11E-05	1.25E-02	-4.53E-01	1.80E-01	1.44E-01	
group_9907	8.57E-01	3.88E-06	1.22E-01	-2.43E-01	1.57E-01	8.95E-02	
group_8965	8.60E-01	1.08E-05	1.47E-01	-3.33E-01	2.29E-01	8.40E-02	
group_8859	8.57E-01	6.29E-07	2.83E-01	-1.95E-01	1.82E-01	6.21E-02	
group_8710	8.57E-01	2.11E-05	1.25E-02	-4.53E-01	1.80E-01	1.44E-01	
group_8333	8.57E-01	3.88E-06	5.94E-01	-1.00E-01	1.88E-01	3.09E-02	
group_8219	8.57E-01	1.13E-08	2.12E-02	4.92E-01	2.13E-01	1.33E-01	
group_7976	8.57E-01	2.11E-05	1.25E-02	-4.53E-01	1.80E-01	1.44E-01	
group_7303	8.57E-01	8.98E-08	8.49E-01	6.68E-02	3.50E-01	1.11E-02	
group_4749	8.57E-01	2.11E-05	1.25E-02	-4.53E-01	1.80E-01	1.44E-01	
group_4661	8.57E-01	3.88E-06	9.56E-01	7.93E-03	1.44E-01	3.19E-03	
group_4660	8.57E-01	2.11E-05	4.87E-01	-9.90E-02	1.42E-01	4.03E-02	
group_20825	8.53E-01	7.68E-03	8.77E-01	4.07E-02	2.62E-01	8.98E-03	
group_19165	8.53E-01	3.97E-05	3.68E-01	-1.27E-01	1.40E-01	5.22E-02	
group_18501	8.53E-01	7.81E-06	2.26E-01	-1.78E-01	1.47E-01	7.01E-02	
group_17061	8.53E-01	7.68E-03	7.95E-01	6.64E-02	2.55E-01	1.51E-02	
group_16263	8.53E-01	3.97E-05	7.58E-01	-4.15E-02	1.34E-01	1.79E-02	
group_15667	8.53E-01	7.81E-06	7.72E-01	-3.99E-02	1.38E-01	1.68E-02	
group_15165	8.53E-01	3.97E-05	2.55E-02	-3.57E-01	1.59E-01	1.29E-01	
group_14502	8.53E-01	7.81E-06	7.45E-01	-5.53E-02	1.69E-01	1.89E-02	
motB~~~ompA	8.53E-01	7.81E-06	6.72E-01	5.71E-02	1.34E-01	2.46E-02	
group_14119	8.53E-01	3.97E-05	2.52E-02	-3.58E-01	1.59E-01	1.29E-01	
group_13741	8.53E-01	7.81E-06	3.71E-01	1.46E-01	1.63E-01	5.18E-02	
group_13727	8.53E-01	3.97E-05	2.52E-02	-3.58E-01	1.59E-01	1.29E-01	
group_13693	8.53E-01	7.81E-06	3.71E-01	1.46E-01	1.63E-01	5.18E-02	
group_13608	8.53E-01	7.81E-06	3.71E-01	1.46E-01	1.63E-01	5.18E-02	
group_13112	8.53E-01	3.97E-05	2.52E-02	-3.58E-01	1.59E-01	1.29E-01	
group_13058	8.53E-01	3.97E-05	1.51E-02	-3.98E-01	1.63E-01	1.40E-01	
group_12769	8.53E-01	1.36E-06	3.96E-01	1.15E-01	1.35E-01	4.92E-02	
group_12679	8.53E-01	7.81E-06	8.12E-01	3.19E-02	1.34E-01	1.38E-02	
group_12563	8.53E-01	1.36E-06	3.69E-01	1.20E-01	1.33E-01	5.20E-02	
group_12325	8.53E-01	7.81E-06	3.71E-01	1.46E-01	1.63E-01	5.18E-02	
group_12162	8.53E-01	3.97E-05	4.24E-01	-1.09E-01	1.35E-01	4.64E-02	
cynR~~~lysR	8.53E-01	7.81E-06	6.31E-01	6.43E-02	1.34E-01	2.78E-02	
group_11573	8.53E-01	3.97E-05	6.53E-01	-7.34E-02	1.63E-01	2.61E-02	
group_11151	8.53E-01	3.97E-05	4.24E-01	-1.09E-01	1.35E-01	4.64E-02	
nifQ	8.53E-01	3.97E-05	4.78E-01	-1.18E-01	1.67E-01	4.11E-02	
dipZ	8.53E-01	7.81E-06	4.13E-01	-1.10E-01	1.35E-01	4.74E-02	
group_8995	8.53E-01	3.97E-05	3.50E-01	-1.26E-01	1.35E-01	5.42E-02	
yniC	8.53E-01	1.36E-06	3.43E-01	1.29E-01	1.36E-01	5.49E-02	
group_8849	8.53E-01	2.08E-07	5.74E-01	-9.34E-02	1.66E-01	3.26E-02	
group_8638	8.53E-01	2.08E-07	3.38E-01	2.03E-01	2.11E-01	5.55E-02	
group_8573	8.53E-01	3.97E-05	1.20E-01	-2.24E-01	1.44E-01	8.99E-02	
mlrC	8.53E-01	1.36E-06	3.21E-01	-1.59E-01	1.60E-01	5.75E-02	
group_7745	8.53E-01	3.97E-05	6.46E-01	-7.52E-02	1.63E-01	2.67E-02	
group_7618	8.53E-01	2.08E-07	7.02E-01	1.42E-01	3.70E-01	2.22E-02	
group_6338	8.53E-01	2.08E-07	2.08E-01	1.74E-01	1.37E-01	7.30E-02	
group_5706	8.53E-01	3.97E-05	1.79E-02	-3.91E-01	1.64E-01	1.37E-01	
group_5151	8.53E-01	1.36E-06	3.21E-01	-1.59E-01	1.60E-01	5.75E-02	
group_19726	8.50E-01	4.62E-07	4.66E-01	1.25E-01	1.71E-01	4.23E-02	
group_19367	8.50E-01	6.94E-01	5.37E-01	4.09E-02	6.62E-02	3.58E-02	
adaA~~~alkA~~~araC	8.50E-01	4.53E-01	1.46E-01	8.76E-02	6.00E-02	8.42E-02	
group_18423	8.50E-01	1.52E-05	5.59E-01	-7.75E-02	1.33E-01	3.38E-02	
group_18340	8.50E-01	1.52E-05	5.59E-01	-7.75E-02	1.33E-01	3.38E-02	
group_17825	8.50E-01	2.81E-06	4.59E-01	1.21E-01	1.63E-01	4.30E-02	
group_17332	8.50E-01	4.62E-07	9.24E-01	2.47E-02	2.57E-01	5.57E-03	
group_17062	8.50E-01	1.11E-02	9.55E-01	-1.18E-02	2.08E-01	3.29E-03	
group_15597	8.50E-01	1.52E-05	9.81E-01	-2.99E-03	1.27E-01	1.36E-03	
group_15131	8.50E-01	7.22E-05	4.63E-01	-1.11E-01	1.51E-01	4.25E-02	
group_14819	8.50E-01	7.22E-05	4.63E-01	-1.11E-01	1.51E-01	4.25E-02	
marR~~~mhqR	8.50E-01	1.63E-01	7.86E-01	1.76E-02	6.48E-02	1.57E-02	
group_14596	8.50E-01	7.22E-05	4.63E-01	-1.11E-01	1.51E-01	4.25E-02	
group_14318	8.50E-01	7.22E-05	4.63E-01	-1.11E-01	1.51E-01	4.25E-02	
group_14020	8.50E-01	7.22E-05	4.63E-01	-1.11E-01	1.51E-01	4.25E-02	
group_13456	8.50E-01	1.52E-05	6.14E-01	7.51E-02	1.49E-01	2.92E-02	
group_13355	8.53E-01	2.81E-08	3.18E-01	1.47E-01	1.47E-01	5.78E-02	
group_13081	8.50E-01	8.58E-09	4.13E-01	1.35E-01	1.65E-01	4.74E-02	
group_13030	8.50E-01	1.52E-05	2.42E-01	-1.53E-01	1.31E-01	6.77E-02	
group_12626	8.50E-01	2.81E-06	7.64E-01	4.23E-02	1.41E-01	1.74E-02	
group_12583	8.50E-01	7.22E-05	2.48E-01	-1.43E-01	1.24E-01	6.69E-02	
group_12512	8.50E-01	7.22E-05	7.61E-03	-3.68E-01	1.37E-01	1.54E-01	
group_12382	8.50E-01	1.52E-05	4.28E-02	-2.99E-01	1.47E-01	1.17E-01	
hmuU	8.50E-01	7.22E-05	1.68E-02	-3.48E-01	1.45E-01	1.38E-01	
group_12317	8.50E-01	1.52E-05	1.62E-01	-2.11E-01	1.50E-01	8.09E-02	
group_12161	8.50E-01	7.22E-05	4.63E-01	-1.11E-01	1.51E-01	4.25E-02	
yhaJ~~~lysR	8.50E-01	1.52E-05	8.44E-01	2.48E-02	1.26E-01	1.14E-02	
group_11827	8.50E-01	7.22E-05	1.92E-01	-1.69E-01	1.29E-01	7.56E-02	
group_11777	8.50E-01	7.22E-05	9.73E-02	-2.72E-01	1.63E-01	9.59E-02	
azu	8.50E-01	7.22E-05	1.68E-02	-3.48E-01	1.45E-01	1.38E-01	
group_11385	8.50E-01	7.22E-05	6.49E-03	-3.96E-01	1.44E-01	1.57E-01	
group_11150	8.50E-01	7.22E-05	4.63E-01	-1.11E-01	1.51E-01	4.25E-02	
group_10673	8.50E-01	4.62E-07	4.62E-01	-1.11E-01	1.51E-01	4.26E-02	
group_10624	8.50E-01	9.70E-10	2.16E-01	2.15E-01	1.74E-01	7.16E-02	
group_10398	8.50E-01	7.22E-05	5.84E-01	-8.14E-02	1.48E-01	3.18E-02	
group_10099	8.50E-01	7.22E-05	1.68E-02	-3.48E-01	1.45E-01	1.38E-01	
group_9970	8.50E-01	2.81E-06	2.76E-01	1.53E-01	1.41E-01	6.31E-02	
group_9740	8.50E-01	4.62E-07	1.12E-01	2.85E-01	1.78E-01	9.20E-02	
group_9398	8.50E-01	1.52E-05	8.00E-01	-3.32E-02	1.31E-01	1.47E-02	
group_8985	8.50E-01	2.81E-06	8.95E-01	1.71E-02	1.29E-01	7.67E-03	
yhjE~~~abaF	8.50E-01	4.62E-07	4.62E-01	-1.11E-01	1.51E-01	4.26E-02	
group_8755	8.50E-01	1.52E-05	6.11E-01	6.39E-02	1.25E-01	2.95E-02	
group_8625	8.50E-01	2.81E-06	6.25E-01	-6.74E-02	1.38E-01	2.84E-02	
group_8283	8.50E-01	4.62E-07	6.23E-01	-7.27E-02	1.48E-01	2.85E-02	
group_7963	8.50E-01	7.22E-05	1.68E-02	-3.48E-01	1.45E-01	1.38E-01	
group_7772	8.50E-01	4.62E-07	6.23E-01	-7.27E-02	1.48E-01	2.85E-02	
group_7036	8.50E-01	7.22E-05	4.63E-01	-1.11E-01	1.51E-01	4.25E-02	
crcB	8.50E-01	4.62E-07	9.23E-01	2.49E-02	2.57E-01	5.63E-03	
group_20824	8.47E-01	1.58E-02	9.76E-01	5.39E-03	1.79E-01	1.75E-03	
tolC~~~bepC	8.47E-01	1.58E-02	8.75E-01	-2.84E-02	1.81E-01	9.10E-03	
group_19857	8.47E-01	1.58E-02	8.75E-01	-2.84E-02	1.81E-01	9.10E-03	
group_19854	8.47E-01	5.62E-06	9.94E-01	9.78E-04	1.22E-01	4.66E-04	
group_19814	8.47E-01	5.62E-06	8.58E-01	2.17E-02	1.21E-01	1.04E-02	
group_17868	8.47E-01	5.62E-06	4.21E-01	-2.78E-01	3.45E-01	4.67E-02	
nolA~~~merR	8.47E-01	9.84E-07	5.74E-01	1.25E-01	2.22E-01	3.25E-02	
motA~~~pomA	8.47E-01	5.62E-06	3.95E-01	1.01E-01	1.19E-01	4.93E-02	
tetR~~~kstR2~~~acrR~~~betI	8.47E-01	3.94E-02	3.74E-01	6.12E-02	6.88E-02	5.15E-02	
group_13895	8.47E-01	2.84E-05	5.00E-01	-8.37E-02	1.24E-01	3.91E-02	
group_13632	8.47E-01	2.84E-05	5.85E-01	6.55E-02	1.20E-01	3.16E-02	
group_13479	8.47E-01	5.62E-06	8.10E-01	3.15E-02	1.31E-01	1.40E-02	
group_13326	8.47E-01	5.62E-06	6.74E-02	-3.12E-01	1.70E-01	1.06E-01	
group_13295	8.47E-01	5.62E-06	8.10E-01	3.15E-02	1.31E-01	1.40E-02	
fecI~~~sigM	8.47E-01	1.27E-04	3.08E-01	-1.21E-01	1.18E-01	5.90E-02	
group_13029	8.47E-01	1.27E-04	3.08E-01	-1.21E-01	1.18E-01	5.90E-02	
group_12834	8.47E-01	2.84E-05	5.85E-01	6.55E-02	1.20E-01	3.16E-02	
group_12653	8.47E-01	5.62E-06	8.77E-01	-2.61E-02	1.68E-01	8.99E-03	
group_12358	8.47E-01	2.84E-05	5.85E-01	6.55E-02	1.20E-01	3.16E-02	
group_11772	8.47E-01	9.84E-07	9.86E-01	3.57E-03	2.05E-01	1.01E-03	
group_11631	8.47E-01	5.62E-06	8.06E-01	3.70E-02	1.51E-01	1.42E-02	
group_11443	8.47E-01	2.84E-05	3.30E-01	-1.40E-01	1.43E-01	5.64E-02	
group_10532	8.47E-01	9.84E-07	9.86E-01	3.57E-03	2.05E-01	1.01E-03	
group_10458	8.47E-01	2.10E-08	6.17E-01	7.92E-02	1.58E-01	2.90E-02	
group_10288	8.47E-01	2.84E-05	5.85E-01	6.55E-02	1.20E-01	3.16E-02	
group_10051	8.47E-01	2.84E-05	3.30E-01	-1.40E-01	1.43E-01	5.64E-02	
nimR~~~araC	8.47E-01	1.53E-07	5.56E-02	3.87E-01	2.01E-01	1.11E-01	
group_9552	8.47E-01	1.27E-04	3.91E-01	-1.19E-01	1.39E-01	4.97E-02	
group_9247	8.47E-01	1.53E-07	5.56E-02	3.87E-01	2.01E-01	1.11E-01	
group_8556	8.47E-01	2.10E-08	6.17E-01	7.92E-02	1.58E-01	2.90E-02	
group_8230	8.47E-01	2.84E-05	9.15E-01	-1.35E-02	1.26E-01	6.21E-03	
group_8106	8.47E-01	2.84E-05	5.85E-01	6.55E-02	1.20E-01	3.16E-02	
group_7869	8.47E-01	2.84E-05	3.30E-01	-1.40E-01	1.43E-01	5.64E-02	
group_7539	8.47E-01	9.84E-07	1.40E-01	2.17E-01	1.47E-01	8.54E-02	
group_19856	8.43E-01	2.19E-02	5.92E-01	-9.33E-02	1.74E-01	3.10E-02	
group_19566	8.43E-01	2.19E-02	5.92E-01	-9.33E-02	1.74E-01	3.10E-02	
degU~~~citB~~~evgA	8.43E-01	2.19E-02	5.92E-01	-9.33E-02	1.74E-01	3.10E-02	
group_16146	8.43E-01	1.08E-05	6.78E-01	-6.87E-02	1.65E-01	2.41E-02	
group_13980	8.43E-01	5.15E-05	6.20E-01	5.65E-02	1.14E-01	2.87E-02	
group_13774	8.43E-01	3.35E-07	7.09E-01	-4.99E-02	1.33E-01	2.17E-02	
group_13448	8.43E-01	5.15E-05	6.20E-01	5.66E-02	1.14E-01	2.88E-02	
group_12419	8.43E-01	5.15E-05	1.83E-01	-1.54E-01	1.16E-01	7.71E-02	
group_11819	8.43E-01	2.18E-04	7.88E-01	-3.07E-02	1.14E-01	1.56E-02	
group_11453	8.43E-01	2.02E-06	9.51E-01	-1.04E-02	1.70E-01	3.56E-03	
group_11426	8.43E-01	5.15E-05	7.39E-01	3.87E-02	1.16E-01	1.93E-02	
mdtK	8.43E-01	2.02E-06	6.66E-01	7.93E-02	1.84E-01	2.50E-02	
group_10603	8.43E-01	5.15E-05	9.87E-01	2.14E-03	1.30E-01	9.50E-04	
kdgR~~~iclR	8.43E-01	5.15E-05	6.20E-01	5.66E-02	1.14E-01	2.87E-02	
group_10009	8.43E-01	2.02E-06	9.72E-01	-5.22E-03	1.49E-01	2.03E-03	
group_10000	8.43E-01	3.35E-07	1.86E-01	1.62E-01	1.22E-01	7.66E-02	
group_9936	8.43E-01	1.08E-05	3.71E-01	-1.68E-01	1.88E-01	5.18E-02	
pfkB~~~rbsK	8.43E-01	5.15E-05	4.84E-01	-7.91E-02	1.13E-01	4.05E-02	
group_8231	8.43E-01	5.15E-05	9.01E-01	-1.47E-02	1.18E-01	7.24E-03	
group_7693	8.43E-01	1.08E-05	3.71E-01	-1.68E-01	1.88E-01	5.18E-02	
group_4726	8.43E-01	2.18E-04	1.62E-02	-3.67E-01	1.52E-01	1.39E-01	
group_21483	8.40E-01	2.02E-05	3.30E-01	1.07E-01	1.09E-01	5.64E-02	
group_18407	8.43E-01	2.18E-04	8.86E-01	1.66E-02	1.16E-01	8.31E-03	
group_18004	8.43E-01	1.08E-05	5.30E-01	4.86E-02	7.74E-02	3.64E-02	
group_17304	8.40E-01	2.02E-05	6.27E-01	-1.16E-01	2.38E-01	2.82E-02	
ybhI	8.40E-01	7.08E-07	3.76E-01	1.14E-01	1.28E-01	5.13E-02	
group_14370	8.40E-01	4.01E-06	9.25E-01	-1.71E-02	1.81E-01	5.48E-03	
group_14289	8.40E-01	9.06E-05	8.44E-01	2.16E-02	1.10E-01	1.14E-02	
group_13629	8.40E-01	9.06E-05	3.01E-01	-1.48E-01	1.43E-01	5.99E-02	
group_13604	8.40E-01	4.01E-06	3.93E-01	-1.05E-01	1.23E-01	4.95E-02	
group_13449	8.40E-01	9.06E-05	6.79E-01	5.05E-02	1.22E-01	2.40E-02	
group_13435	8.40E-01	9.06E-05	3.01E-01	-1.48E-01	1.43E-01	5.99E-02	
group_13067	8.40E-01	2.02E-05	3.30E-01	1.07E-01	1.09E-01	5.64E-02	
yabI	8.40E-01	2.02E-05	5.71E-01	-6.26E-02	1.10E-01	3.28E-02	
fepD~~~hmuU	8.40E-01	9.06E-05	3.01E-01	-1.48E-01	1.43E-01	5.99E-02	
group_12048	8.40E-01	9.06E-05	3.01E-01	-1.48E-01	1.43E-01	5.99E-02	
group_11263	8.40E-01	7.08E-07	1.29E-01	2.16E-01	1.42E-01	8.79E-02	
group_11113	8.40E-01	2.02E-05	2.01E-01	-1.77E-01	1.38E-01	7.41E-02	
group_10260	8.40E-01	2.02E-05	3.30E-01	1.07E-01	1.09E-01	5.64E-02	
group_8615	8.40E-01	2.02E-05	3.30E-01	1.07E-01	1.09E-01	5.64E-02	
cptA	8.40E-01	2.02E-05	8.62E-01	-2.93E-02	1.68E-01	1.01E-02	
group_8281	8.40E-01	2.02E-05	3.30E-01	1.07E-01	1.09E-01	5.64E-02	
group_8234	8.40E-01	2.02E-05	3.30E-01	1.07E-01	1.09E-01	5.64E-02	
group_6727	8.40E-01	2.02E-05	3.30E-01	1.07E-01	1.09E-01	5.64E-02	
group_6517	8.40E-01	9.06E-05	9.94E-01	-1.08E-03	1.35E-01	4.64E-04	
group_6352	8.40E-01	2.02E-05	3.30E-01	1.07E-01	1.09E-01	5.64E-02	
group_5617	8.40E-01	2.02E-05	3.30E-01	1.07E-01	1.09E-01	5.64E-02	
group_5591	8.40E-01	2.02E-05	3.30E-01	1.07E-01	1.09E-01	5.64E-02	
group_4918	8.40E-01	2.02E-05	4.13E-01	-1.35E-01	1.64E-01	4.75E-02	
group_4727	8.40E-01	4.01E-06	1.87E-01	-2.23E-01	1.69E-01	7.63E-02	
group_16695	8.37E-01	1.55E-04	7.52E-01	-3.85E-02	1.22E-01	1.83E-02	
group_16443	8.37E-01	3.65E-05	6.33E-02	-2.45E-01	1.32E-01	1.07E-01	
group_14767	8.37E-01	3.65E-05	4.98E-01	7.03E-02	1.04E-01	3.92E-02	
group_13786	8.37E-01	3.65E-05	6.61E-01	-8.57E-02	1.95E-01	2.54E-02	
group_13086	8.37E-01	1.55E-04	2.32E-01	-1.71E-01	1.43E-01	6.92E-02	
group_12630	8.37E-01	5.62E-10	2.91E-02	3.28E-01	1.50E-01	1.26E-01	
group_12580	8.37E-01	3.65E-05	5.69E-01	-1.17E-01	2.05E-01	3.30E-02	
holB	8.40E-01	4.01E-06	4.19E-01	-9.29E-02	1.15E-01	4.68E-02	
group_12285	8.37E-01	5.87E-04	2.33E-01	-1.38E-01	1.15E-01	6.91E-02	
group_11900	8.37E-01	1.55E-04	7.00E-01	-4.07E-02	1.06E-01	2.23E-02	
group_11766	8.37E-01	3.65E-05	3.00E-01	-2.05E-01	1.98E-01	6.00E-02	
group_11527	8.37E-01	5.87E-04	2.19E-02	-2.36E-01	1.03E-01	1.32E-01	
group_10297	8.37E-01	1.44E-06	4.13E-01	1.20E-01	1.47E-01	4.75E-02	
group_9492	8.37E-01	7.69E-06	3.58E-01	-1.34E-01	1.45E-01	5.32E-02	
group_8635	8.37E-01	3.65E-05	3.96E-01	8.96E-02	1.06E-01	4.92E-02	
group_8232	8.37E-01	3.65E-05	3.96E-01	8.96E-02	1.06E-01	4.92E-02	
tmpT	8.37E-01	3.65E-05	3.25E-01	-1.27E-01	1.29E-01	5.70E-02	
group_20037	8.37E-01	7.69E-06	6.97E-01	5.12E-02	1.32E-01	2.25E-02	
group_19787	8.37E-01	7.69E-06	6.97E-01	5.12E-02	1.32E-01	2.25E-02	
group_19461	8.33E-01	2.99E-03	9.21E-01	-1.13E-02	1.13E-01	5.76E-03	
group_19444	8.33E-01	2.99E-03	9.21E-01	-1.13E-02	1.13E-01	5.76E-03	
group_15752	8.33E-01	1.43E-05	9.42E-01	9.62E-03	1.31E-01	4.24E-03	
group_14159	8.33E-01	1.43E-05	9.15E-01	1.88E-02	1.75E-01	6.21E-03	
group_14016	8.33E-01	1.43E-05	9.15E-01	1.88E-02	1.75E-01	6.21E-03	
trpI	8.33E-01	1.43E-05	9.15E-01	1.87E-02	1.75E-01	6.20E-03	
group_13089	8.33E-01	2.84E-06	4.08E-01	9.66E-02	1.17E-01	4.79E-02	
group_12924	8.33E-01	1.43E-05	5.59E-01	-6.14E-02	1.05E-01	3.39E-02	
group_12833	8.33E-01	6.42E-05	3.12E-01	-1.29E-01	1.27E-01	5.86E-02	
group_12125	8.33E-01	1.43E-05	4.47E-01	-9.33E-02	1.23E-01	4.40E-02	
group_11347	8.33E-01	5.04E-07	6.78E-01	4.32E-02	1.04E-01	2.41E-02	
group_11184	8.33E-01	1.43E-05	5.59E-01	-6.14E-02	1.05E-01	3.39E-02	
group_10504	8.37E-01	2.41E-07	1.98E-01	2.07E-01	1.60E-01	7.46E-02	
group_10270	8.33E-01	1.43E-05	5.59E-01	-6.14E-02	1.05E-01	3.39E-02	
group_10259	8.33E-01	6.42E-05	5.16E-01	6.58E-02	1.01E-01	3.76E-02	
group_9998	8.33E-01	2.84E-06	8.35E-01	2.84E-02	1.37E-01	1.21E-02	
group_9590	8.33E-01	1.43E-05	5.59E-01	-6.14E-02	1.05E-01	3.39E-02	
group_8250	8.33E-01	1.43E-05	5.59E-01	-6.14E-02	1.05E-01	3.39E-02	
ykgO	8.33E-01	6.42E-05	5.52E-01	-8.06E-02	1.35E-01	3.45E-02	
group_7905	8.33E-01	9.27E-04	1.20E-01	-1.56E-01	9.98E-02	9.01E-02	
cheR~~~wspC	8.30E-01	1.10E-04	2.01E-01	-1.49E-01	1.17E-01	7.41E-02	
group_16569	8.30E-01	5.42E-06	9.41E-01	-1.75E-02	2.38E-01	4.26E-03	
group_16292	8.30E-01	2.58E-05	1.96E-01	1.40E-01	1.08E-01	7.48E-02	
nimR~~~araC~~~rhaS	8.30E-01	1.10E-04	8.71E-01	1.62E-02	9.98E-02	9.38E-03	
group_14348	8.30E-01	2.58E-05	3.59E-01	-9.31E-02	1.01E-01	5.31E-02	
group_14059	8.30E-01	2.58E-05	3.59E-01	-9.31E-02	1.01E-01	5.31E-02	
group_13635	8.30E-01	2.58E-05	3.59E-01	-9.31E-02	1.01E-01	5.31E-02	
group_13598	8.30E-01	4.19E-04	4.50E-02	-3.24E-01	1.61E-01	1.16E-01	
group_13585	8.30E-01	4.19E-04	4.50E-02	-3.24E-01	1.61E-01	1.16E-01	
group_13556	8.30E-01	2.58E-05	3.59E-01	-9.31E-02	1.01E-01	5.31E-02	
group_13401	8.30E-01	1.02E-06	4.83E-01	7.20E-02	1.02E-01	4.07E-02	
group_13048	8.30E-01	4.19E-04	4.50E-02	-3.24E-01	1.61E-01	1.16E-01	
group_12862	8.30E-01	1.10E-04	1.98E-01	-1.47E-01	1.14E-01	7.46E-02	
group_12743	8.33E-01	5.04E-07	2.46E-01	2.15E-01	1.85E-01	6.72E-02	
group_12429	8.30E-01	1.72E-07	8.15E-01	-3.24E-02	1.38E-01	1.36E-02	
argO~~~lysE	8.30E-01	1.10E-04	1.98E-01	-1.47E-01	1.14E-01	7.46E-02	
group_11829	8.30E-01	1.02E-06	4.75E-01	-8.55E-02	1.19E-01	4.14E-02	
sapC	8.30E-01	4.19E-04	4.50E-02	-3.24E-01	1.61E-01	1.16E-01	
fixK	8.30E-01	1.10E-04	5.81E-01	-6.56E-02	1.19E-01	3.20E-02	
group_10825	8.33E-01	5.04E-07	2.46E-01	2.15E-01	1.85E-01	6.72E-02	
group_10644	8.30E-01	1.02E-06	4.75E-01	-8.55E-02	1.19E-01	4.14E-02	
group_10090	8.30E-01	3.48E-09	3.19E-02	3.25E-01	1.51E-01	1.24E-01	
group_9454	8.30E-01	5.42E-06	3.49E-01	-9.54E-02	1.02E-01	5.42E-02	
group_9418	8.30E-01	1.10E-04	1.98E-01	-1.47E-01	1.14E-01	7.46E-02	
group_20102	8.30E-01	1.02E-06	3.78E-01	1.23E-01	1.39E-01	5.11E-02	
group_19723	8.27E-01	1.83E-04	9.14E-02	-1.90E-01	1.12E-01	9.76E-02	
group_19711	8.27E-01	1.83E-04	2.72E-01	-1.26E-01	1.15E-01	6.36E-02	
nepI~~~pbuE	8.27E-01	1.00E-05	8.39E-01	2.22E-02	1.09E-01	1.18E-02	
group_18254	8.27E-01	2.00E-06	7.13E-01	-3.96E-02	1.08E-01	2.13E-02	
group_16368	8.27E-01	1.00E-05	8.42E-01	-3.94E-02	1.98E-01	1.15E-02	
group_15637	8.27E-01	9.79E-02	7.51E-01	-1.81E-02	5.69E-02	1.84E-02	
group_14950	8.27E-01	6.63E-04	6.02E-01	-5.02E-02	9.61E-02	3.02E-02	
group_12711	8.27E-01	1.83E-04	7.16E-01	-5.13E-02	1.41E-01	2.11E-02	
group_12504	8.27E-01	1.83E-04	7.16E-01	-5.13E-02	1.41E-01	2.11E-02	
group_12369	8.27E-01	1.83E-04	7.16E-01	-5.13E-02	1.41E-01	2.11E-02	
group_11647	8.27E-01	1.83E-04	7.16E-01	-5.13E-02	1.41E-01	2.11E-02	
group_11615	8.27E-01	4.52E-05	2.23E-01	1.27E-01	1.04E-01	7.06E-02	
group_11076	8.27E-01	4.52E-05	3.58E-01	-1.01E-01	1.09E-01	5.33E-02	
group_10366	8.27E-01	4.52E-05	2.23E-01	1.27E-01	1.04E-01	7.06E-02	
group_10348	8.27E-01	2.66E-03	5.94E-01	-4.01E-02	7.51E-02	3.09E-02	
group_9899	8.27E-01	5.70E-08	3.93E-02	4.08E-01	1.97E-01	1.19E-01	
group_8370	8.27E-01	1.83E-04	7.16E-01	-5.13E-02	1.41E-01	2.11E-02	
lysR~~~gltC	8.27E-01	3.57E-07	7.54E-01	6.18E-02	1.97E-01	1.81E-02	
group_7977	8.27E-01	4.52E-05	1.19E-01	-2.31E-01	1.48E-01	9.01E-02	
group_7762	8.27E-01	6.63E-04	5.46E-01	-5.68E-02	9.40E-02	3.50E-02	
group_5870	8.27E-01	2.00E-06	4.05E-01	-9.45E-02	1.13E-01	4.83E-02	
group_5280	8.27E-01	1.83E-04	7.16E-01	-5.13E-02	1.41E-01	2.11E-02	
group_4885	8.27E-01	3.57E-07	7.54E-01	6.18E-02	1.97E-01	1.81E-02	
group_20254	8.23E-01	1.81E-05	4.61E-02	2.86E-01	1.43E-01	1.15E-01	
fabA	8.23E-01	1.81E-05	4.61E-02	2.86E-01	1.43E-01	1.15E-01	
group_20188	8.23E-01	1.81E-05	4.61E-02	2.86E-01	1.43E-01	1.15E-01	
group_20187	8.23E-01	1.81E-05	4.61E-02	2.86E-01	1.43E-01	1.15E-01	
group_20091	8.27E-01	2.00E-06	4.60E-01	9.59E-02	1.30E-01	4.28E-02	
group_19975	8.23E-01	1.81E-05	4.61E-02	2.86E-01	1.43E-01	1.15E-01	
group_19974	8.23E-01	1.81E-05	4.61E-02	2.86E-01	1.43E-01	1.15E-01	
group_19663	8.23E-01	1.81E-05	4.61E-02	2.86E-01	1.43E-01	1.15E-01	
group_19432	8.23E-01	1.81E-05	4.61E-02	2.86E-01	1.43E-01	1.15E-01	
group_19386	8.23E-01	1.81E-05	4.61E-02	2.86E-01	1.43E-01	1.15E-01	
group_16388	8.23E-01	7.74E-05	9.65E-01	-5.35E-03	1.21E-01	2.57E-03	
group_13571	8.23E-01	3.80E-06	6.06E-01	7.52E-02	1.46E-01	2.99E-02	
group_13430	8.23E-01	7.17E-07	1.24E-01	1.45E-01	9.39E-02	8.91E-02	
hasA	8.23E-01	1.03E-03	2.11E-01	-1.43E-01	1.14E-01	7.25E-02	
shlB	8.23E-01	3.80E-06	6.06E-01	7.52E-02	1.46E-01	2.99E-02	
prsD	8.23E-01	1.03E-03	2.11E-01	-1.43E-01	1.14E-01	7.25E-02	
group_11798	8.23E-01	6.09E-03	2.81E-01	-6.52E-02	6.03E-02	6.25E-02	
tolC~~~hlyD	8.23E-01	1.03E-03	2.11E-01	-1.43E-01	1.14E-01	7.25E-02	
czcC~~~tolC	8.23E-01	7.74E-05	9.70E-01	5.03E-03	1.33E-01	2.19E-03	
melB~~~yhjE	8.27E-01	1.00E-05	3.02E-01	9.71E-02	9.40E-02	5.97E-02	
group_9347	8.23E-01	3.80E-06	6.81E-01	4.06E-02	9.87E-02	2.38E-02	
group_5937	8.23E-01	2.51E-09	5.08E-01	7.23E-02	1.09E-01	3.83E-02	
group_19864	8.20E-01	7.02E-06	2.39E-02	3.04E-01	1.34E-01	1.30E-01	
group_19628	8.20E-01	7.02E-06	2.39E-02	3.04E-01	1.34E-01	1.30E-01	
group_19483	8.20E-01	1.56E-03	6.99E-01	-3.87E-02	1.00E-01	2.24E-02	
group_16629	8.20E-01	1.29E-04	4.36E-01	-8.96E-02	1.15E-01	4.52E-02	
group_15753	8.20E-01	1.33E-01	8.26E-01	-1.71E-02	7.80E-02	1.27E-02	
group_13966	8.20E-01	2.50E-07	7.88E-02	1.61E-01	9.10E-02	1.02E-01	
group_13609	8.20E-01	1.56E-03	9.22E-01	9.01E-03	9.15E-02	5.70E-03	
group_12566	8.23E-01	7.17E-07	9.87E-01	1.59E-03	9.96E-02	9.27E-04	
group_11075	8.20E-01	1.29E-04	8.54E-01	-1.86E-02	1.01E-01	1.07E-02	
group_10666	8.20E-01	1.29E-04	3.29E-02	-2.98E-01	1.39E-01	1.23E-01	
group_10396	8.20E-01	1.29E-04	3.29E-02	-2.98E-01	1.39E-01	1.23E-01	
group_9728	8.20E-01	4.72E-04	1.64E-01	-1.76E-01	1.26E-01	8.05E-02	
group_9659	8.20E-01	1.29E-04	3.29E-02	-2.98E-01	1.39E-01	1.23E-01	
group_8508	8.20E-01	1.29E-04	3.29E-02	-2.98E-01	1.39E-01	1.23E-01	
group_8452	8.20E-01	1.29E-04	3.29E-02	-2.98E-01	1.39E-01	1.23E-01	
group_8451	8.20E-01	1.29E-04	3.29E-02	-2.98E-01	1.39E-01	1.23E-01	
group_8047	8.20E-01	4.63E-03	6.68E-01	-4.02E-02	9.36E-02	2.49E-02	
group_5404	8.20E-01	1.29E-04	3.29E-02	-2.98E-01	1.39E-01	1.23E-01	
group_19863	8.17E-01	1.26E-05	3.81E-02	2.59E-01	1.25E-01	1.20E-01	
kdtA	8.17E-01	8.00E-01	6.81E-01	-4.07E-02	9.88E-02	2.39E-02	
pgrR~~~lysR	8.17E-01	7.34E-04	1.41E-01	-1.37E-01	9.25E-02	8.53E-02	
group_16643	8.17E-01	1.30E-08	8.87E-01	-2.02E-02	1.43E-01	8.21E-03	
group_16454	8.17E-01	1.70E-02	5.66E-01	5.32E-02	9.25E-02	3.33E-02	
group_16450	8.17E-01	5.43E-05	7.28E-01	-5.06E-02	1.45E-01	2.01E-02	
group_15813	8.17E-01	6.84E-01	1.62E-01	7.86E-02	5.61E-02	8.09E-02	
proQ~~~proP	8.17E-01	1.26E-05	5.44E-01	-5.59E-02	9.20E-02	3.52E-02	
group_13589	8.17E-01	7.34E-04	4.44E-01	-7.01E-02	9.14E-02	4.44E-02	
group_12645	8.17E-01	1.26E-05	2.48E-01	-1.20E-01	1.04E-01	6.69E-02	
group_12182	8.17E-01	5.43E-05	8.65E-01	1.49E-02	8.77E-02	9.84E-03	
group_11841	8.17E-01	2.10E-04	8.81E-02	-1.76E-01	1.03E-01	9.86E-02	
group_11493	8.17E-01	1.26E-05	8.07E-01	-3.96E-02	1.62E-01	1.42E-02	
group_11185	8.17E-01	5.43E-05	8.65E-01	1.49E-02	8.77E-02	9.84E-03	
group_11171	8.17E-01	5.43E-05	8.96E-01	1.20E-02	9.18E-02	7.60E-03	
group_8850	8.17E-01	5.43E-05	1.04E-01	-2.14E-01	1.31E-01	9.40E-02	
group_8371	8.17E-01	7.34E-04	7.08E-01	-4.42E-02	1.18E-01	2.17E-02	
group_20386	8.17E-01	2.10E-04	5.70E-01	7.17E-02	1.26E-01	3.29E-02	
group_18474	8.13E-01	5.36E-10	6.98E-02	5.12E-01	2.81E-01	1.05E-01	
group_13723	8.13E-01	9.70E-07	1.58E-01	1.64E-01	1.16E-01	8.16E-02	
rpfG~~~luxR	8.13E-01	1.12E-03	4.47E-01	-6.74E-02	8.86E-02	4.40E-02	
group_13107	8.13E-01	9.70E-07	1.58E-01	1.64E-01	1.16E-01	8.16E-02	
group_12772	8.13E-01	3.37E-03	3.36E-01	-1.32E-01	1.37E-01	5.57E-02	
group_12725	8.13E-01	9.06E-05	6.32E-01	-7.94E-02	1.66E-01	2.78E-02	
group_12457	8.13E-01	9.06E-05	6.32E-01	-7.94E-02	1.66E-01	2.78E-02	
group_12266	8.13E-01	9.06E-05	6.32E-01	-7.94E-02	1.66E-01	2.78E-02	
group_10943	8.13E-01	4.88E-06	7.88E-01	2.39E-02	8.89E-02	1.56E-02	
group_19891	8.10E-01	4.83E-03	1.60E-01	-1.20E-01	8.54E-02	8.14E-02	
group_19456	8.13E-01	4.73E-02	3.89E-01	-5.42E-02	6.28E-02	4.99E-02	
wecB~~~bcsB	8.10E-01	5.22E-04	6.63E-01	-7.60E-02	1.74E-01	2.53E-02	
group_19368	8.10E-01	1.67E-03	8.81E-01	1.41E-02	9.43E-02	8.68E-03	
group_18958	8.10E-01	1.27E-02	4.46E-01	-9.04E-02	1.19E-01	4.41E-02	
group_17670	8.10E-01	1.48E-04	7.69E-02	-1.86E-01	1.05E-01	1.02E-01	
group_16552	8.10E-01	1.48E-04	2.98E-01	-1.38E-01	1.33E-01	6.02E-02	
group_11983	8.10E-01	4.83E-03	3.13E-01	-1.30E-01	1.29E-01	5.85E-02	
group_11924	8.10E-01	3.79E-05	9.96E-01	-7.20E-04	1.53E-01	2.73E-04	
group_11571	8.10E-01	3.79E-05	9.73E-01	-5.16E-03	1.51E-01	1.98E-03	
group_10356	8.10E-01	1.48E-04	5.94E-01	-8.02E-02	1.50E-01	3.09E-02	
qacR~~~tetR	8.10E-01	1.83E-06	9.04E-01	1.62E-02	1.33E-01	7.02E-03	
group_10105	8.10E-01	3.79E-05	4.17E-01	-9.41E-02	1.16E-01	4.70E-02	
group_8408	8.10E-01	1.48E-04	5.94E-01	-8.02E-02	1.50E-01	3.09E-02	
group_7970	8.10E-01	3.79E-05	7.60E-01	-3.24E-02	1.06E-01	1.77E-02	
pimD	8.10E-01	3.79E-05	6.51E-01	-4.04E-02	8.92E-02	2.62E-02	
group_5328	8.10E-01	1.48E-04	5.94E-01	-8.02E-02	1.50E-01	3.09E-02	
group_16547	8.07E-01	8.39E-01	7.19E-01	-3.19E-02	8.88E-02	2.08E-02	
group_16264	8.10E-01	1.83E-06	9.05E-01	1.99E-02	1.66E-01	6.95E-03	
group_14657	8.07E-01	1.95E-08	7.30E-01	4.15E-02	1.20E-01	2.00E-02	
group_14304	8.10E-01	1.83E-06	2.11E-01	1.66E-01	1.32E-01	7.25E-02	
group_14004	8.10E-01	1.83E-06	2.11E-01	1.66E-01	1.32E-01	7.25E-02	
group_12724	8.07E-01	6.33E-05	8.44E-01	-2.77E-02	1.41E-01	1.14E-02	
group_10355	8.07E-01	2.36E-04	3.49E-01	-1.29E-01	1.38E-01	5.42E-02	
group_10231	8.07E-01	6.33E-05	9.02E-01	-1.71E-02	1.39E-01	7.12E-03	
group_8190	8.07E-01	6.33E-05	9.02E-01	-1.71E-02	1.39E-01	7.12E-03	
nfrB	8.03E-01	1.20E-03	5.59E-01	-8.44E-02	1.44E-01	3.38E-02	
group_13475	8.07E-01	3.37E-06	3.74E-01	1.11E-01	1.25E-01	5.15E-02	
group_11334	8.03E-01	6.05E-06	7.79E-01	2.46E-02	8.75E-02	1.63E-02	
group_8827	8.03E-01	2.63E-05	2.32E-01	-1.05E-01	8.77E-02	6.91E-02	
group_7089	8.03E-01	4.06E-08	7.10E-01	4.38E-02	1.17E-01	2.16E-02	
group_17894	8.00E-01	1.66E-04	3.18E-02	-2.89E-01	1.34E-01	1.24E-01	
group_14858	8.00E-01	1.34E-08	5.58E-01	7.11E-02	1.21E-01	3.40E-02	
ytxH	8.00E-01	2.31E-06	1.55E-01	1.16E-01	8.17E-02	8.23E-02	
group_5366	8.03E-01	1.26E-06	5.25E-01	1.12E-01	1.77E-01	3.68E-02	
group_16634	7.97E-01	6.92E-03	1.13E-01	-1.58E-01	9.93E-02	9.17E-02	
group_16542	7.97E-01	7.20E-05	4.68E-01	-6.38E-02	8.78E-02	4.20E-02	
group_16398	7.97E-01	7.20E-05	4.68E-01	-6.38E-02	8.78E-02	4.20E-02	
group_16220	7.97E-01	6.92E-03	1.13E-01	-1.58E-01	9.93E-02	9.17E-02	
cytR~~~lacI~~~purR	7.97E-01	8.71E-01	8.06E-01	-2.39E-02	9.71E-02	1.43E-02	
group_13162	7.97E-01	3.96E-02	1.79E-01	-7.75E-02	5.76E-02	7.78E-02	
group_13031	7.97E-01	6.01E-10	4.42E-01	1.12E-01	1.46E-01	4.45E-02	
group_12286	7.97E-01	6.01E-10	4.42E-01	1.12E-01	1.46E-01	4.45E-02	
group_10369	8.00E-01	2.31E-06	6.85E-01	6.41E-02	1.58E-01	2.35E-02	
group_9711	7.97E-01	1.81E-05	3.76E-01	-8.24E-02	9.29E-02	5.13E-02	
group_8419	8.00E-01	2.31E-06	6.85E-01	6.41E-02	1.58E-01	2.35E-02	
group_20336	7.97E-01	4.15E-06	9.45E-01	-1.22E-02	1.78E-01	3.97E-03	
group_17123	7.93E-01	1.26E-03	5.61E-01	-6.85E-02	1.18E-01	3.37E-02	
group_15227	7.97E-01	6.92E-03	3.32E-01	-6.83E-02	7.04E-02	5.62E-02	
group_12972	7.93E-01	3.04E-05	2.40E-01	-1.06E-01	9.03E-02	6.81E-02	
group_12229	7.93E-01	3.04E-05	2.40E-01	-1.06E-01	9.03E-02	6.81E-02	
group_11256	7.93E-01	3.04E-05	2.40E-01	-1.06E-01	9.03E-02	6.81E-02	
group_10230	7.93E-01	1.16E-04	7.58E-01	-3.48E-02	1.13E-01	1.79E-02	
group_18988	7.90E-01	6.05E-04	4.51E-01	-8.87E-02	1.17E-01	4.37E-02	
group_18969	7.90E-01	6.05E-04	4.51E-01	-8.87E-02	1.17E-01	4.37E-02	
group_18968	7.90E-01	6.05E-04	4.51E-01	-8.87E-02	1.17E-01	4.37E-02	
group_18959	7.90E-01	6.05E-04	4.51E-01	-8.87E-02	1.17E-01	4.37E-02	
fadK	7.90E-01	1.24E-05	8.36E-01	-3.21E-02	1.55E-01	1.20E-02	
group_17169	7.90E-01	1.24E-05	8.36E-01	-3.21E-02	1.55E-01	1.20E-02	
group_16470	7.90E-01	1.24E-05	8.36E-01	-3.21E-02	1.55E-01	1.20E-02	
group_16273	7.90E-01	1.28E-02	9.68E-02	-1.55E-01	9.30E-02	9.60E-02	
group_15789	7.90E-01	5.43E-01	1.88E-01	-8.27E-02	6.28E-02	7.61E-02	
group_15788	7.90E-01	5.43E-01	1.88E-01	-8.27E-02	6.28E-02	7.61E-02	
group_15746	7.90E-01	5.43E-01	1.88E-01	-8.27E-02	6.28E-02	7.61E-02	
group_15745	7.90E-01	5.43E-01	1.88E-01	-8.27E-02	6.28E-02	7.61E-02	
group_15694	7.90E-01	5.43E-01	1.88E-01	-8.27E-02	6.28E-02	7.61E-02	
fliC	7.90E-01	1.87E-08	1.34E-01	-3.28E-01	2.19E-01	8.67E-02	
group_11355	7.90E-01	1.28E-02	7.54E-03	-2.65E-01	9.85E-02	1.54E-01	
group_9890	7.90E-01	1.28E-02	7.54E-03	-2.65E-01	9.85E-02	1.54E-01	
group_8323	7.90E-01	5.84E-07	9.00E-01	2.40E-02	1.90E-01	7.32E-03	
group_7922	7.90E-01	1.28E-02	7.54E-03	-2.65E-01	9.85E-02	1.54E-01	
lysR~~~argP	7.90E-01	1.28E-02	7.54E-03	-2.65E-01	9.85E-02	1.54E-01	
dppC	7.90E-01	1.28E-02	7.54E-03	-2.65E-01	9.85E-02	1.54E-01	
dppD	7.90E-01	1.28E-02	7.54E-03	-2.65E-01	9.85E-02	1.54E-01	
group_19759	7.87E-01	3.50E-07	3.12E-01	-1.06E-01	1.05E-01	5.86E-02	
group_18936	7.87E-01	2.81E-04	4.71E-01	-8.45E-02	1.17E-01	4.18E-02	
group_18933	7.87E-01	2.81E-04	5.49E-01	-6.95E-02	1.16E-01	3.47E-02	
group_18475	7.87E-01	9.00E-04	6.49E-01	-3.65E-02	7.99E-02	2.64E-02	
group_15279	7.87E-01	2.81E-04	7.39E-01	-6.57E-02	1.97E-01	1.93E-02	
group_14066	7.87E-01	3.50E-07	6.05E-01	-7.95E-02	1.54E-01	3.00E-02	
group_13631	7.90E-01	1.82E-04	3.92E-02	-2.38E-01	1.15E-01	1.19E-01	
group_11828	7.87E-01	2.81E-04	3.39E-01	-7.89E-02	8.24E-02	5.54E-02	
gsiA~~~ddpF	7.87E-01	7.00E-03	2.11E-02	-2.22E-01	9.56E-02	1.33E-01	
group_20652	7.83E-01	4.27E-04	9.16E-01	-7.30E-03	6.93E-02	6.10E-03	
trpA	7.83E-01	7.36E-08	9.73E-01	4.01E-03	1.19E-01	1.95E-03	
group_13088	7.87E-01	2.81E-04	4.70E-02	-2.18E-01	1.09E-01	1.15E-01	
csbC	7.80E-01	1.43E-05	9.18E-01	2.98E-02	2.89E-01	5.97E-03	
group_18740	7.80E-01	1.43E-05	9.18E-01	2.98E-02	2.89E-01	5.97E-03	
group_18665	7.80E-01	1.43E-05	9.18E-01	2.98E-02	2.89E-01	5.97E-03	
group_18664	7.80E-01	1.43E-05	9.18E-01	2.98E-02	2.89E-01	5.97E-03	
group_18539	7.80E-01	1.43E-05	9.18E-01	2.98E-02	2.89E-01	5.97E-03	
holC	7.83E-01	6.13E-01	4.48E-01	-4.00E-02	5.26E-02	4.40E-02	
group_10035	7.77E-01	2.35E-05	4.18E-01	5.97E-02	7.37E-02	4.69E-02	
group_10001	7.80E-01	1.97E-04	8.75E-01	-1.36E-02	8.68E-02	9.09E-03	
group_4663	7.77E-01	2.38E-11	3.12E-02	5.14E-01	2.38E-01	1.24E-01	
group_20869	7.73E-01	1.69E-01	1.63E-01	-1.13E-01	8.08E-02	8.08E-02	
group_20868	7.73E-01	1.69E-01	1.63E-01	-1.13E-01	8.08E-02	8.08E-02	
group_20867	7.73E-01	1.69E-01	1.63E-01	-1.13E-01	8.08E-02	8.08E-02	
group_20837	7.73E-01	1.69E-01	1.63E-01	-1.13E-01	8.08E-02	8.08E-02	
group_20836	7.73E-01	1.69E-01	1.63E-01	-1.13E-01	8.08E-02	8.08E-02	
cynS	7.73E-01	1.69E-01	1.63E-01	-1.13E-01	8.08E-02	8.08E-02	
group_17655	7.73E-01	2.26E-06	2.42E-01	1.39E-01	1.18E-01	6.78E-02	
group_16290	7.73E-01	4.50E-04	9.77E-01	2.23E-03	7.81E-02	1.65E-03	
group_15536	7.77E-01	8.79E-05	7.49E-01	2.22E-02	6.93E-02	1.86E-02	
group_15130	7.77E-01	2.45E-01	6.78E-01	-2.52E-02	6.06E-02	2.40E-02	
yiiM	7.73E-01	1.37E-04	9.70E-01	-7.64E-03	2.00E-01	2.21E-03	
group_13712	7.77E-01	3.00E-04	7.86E-01	-1.96E-02	7.21E-02	1.57E-02	
group_12647	7.73E-01	4.81E-07	7.03E-01	4.97E-02	1.30E-01	2.21E-02	
group_12350	7.73E-01	4.01E-10	3.20E-01	2.09E-01	2.10E-01	5.76E-02	
group_12178	7.73E-01	4.47E-01	4.42E-01	-3.97E-02	5.16E-02	4.46E-02	
group_11420	7.73E-01	4.01E-10	3.20E-01	2.09E-01	2.10E-01	5.76E-02	
group_11130	7.73E-01	1.36E-03	9.70E-01	-4.49E-03	1.19E-01	2.18E-03	
group_10014	7.73E-01	4.01E-10	3.20E-01	2.09E-01	2.10E-01	5.76E-02	
group_7798	7.73E-01	4.01E-10	3.20E-01	2.09E-01	2.10E-01	5.76E-02	
group_7797	7.73E-01	4.01E-10	3.20E-01	2.09E-01	2.10E-01	5.76E-02	
group_4420	7.73E-01	4.01E-10	3.20E-01	2.09E-01	2.10E-01	5.76E-02	
algJ	7.70E-01	6.05E-05	6.53E-01	-7.80E-02	1.73E-01	2.60E-02	
group_14133	7.70E-01	3.88E-06	5.90E-01	4.66E-02	8.63E-02	3.13E-02	
group_13247	7.70E-01	5.51E-09	9.53E-01	-1.01E-02	1.73E-01	3.39E-03	
group_11235	7.70E-01	1.93E-03	5.32E-02	-1.46E-01	7.51E-02	1.12E-01	
group_10970	7.70E-01	3.24E-08	5.96E-01	-8.09E-02	1.52E-01	3.07E-02	
group_10709	7.73E-01	4.50E-04	7.67E-01	2.73E-02	9.20E-02	1.72E-02	
group_19394	7.67E-01	1.66E-02	4.16E-01	6.49E-02	7.97E-02	4.71E-02	
group_16619	7.67E-01	2.63E-10	8.65E-01	3.18E-02	1.86E-01	9.88E-03	
algJ~~~ftsQ	7.67E-01	9.46E-05	5.78E-01	-9.61E-02	1.72E-01	3.23E-02	
group_15690	7.67E-01	9.46E-05	5.78E-01	-9.61E-02	1.72E-01	3.23E-02	
group_15651	7.67E-01	9.46E-05	5.78E-01	-9.61E-02	1.72E-01	3.23E-02	
group_15496	7.67E-01	9.46E-05	5.78E-01	-9.61E-02	1.72E-01	3.23E-02	
group_15398	7.67E-01	9.46E-05	5.78E-01	-9.61E-02	1.72E-01	3.23E-02	
group_11296	7.67E-01	1.77E-09	7.75E-01	-5.61E-02	1.96E-01	1.65E-02	
group_10968	7.67E-01	1.77E-09	8.67E-01	2.70E-02	1.61E-01	9.69E-03	
group_10476	7.67E-01	1.51E-06	8.19E-01	2.42E-02	1.06E-01	1.32E-02	
group_9274	7.67E-01	1.77E-09	8.67E-01	2.70E-02	1.61E-01	9.69E-03	
group_8464	7.70E-01	1.26E-02	1.94E-02	-2.33E-01	9.91E-02	1.35E-01	
group_17088	7.63E-01	1.15E-07	8.47E-01	-2.09E-02	1.08E-01	1.12E-02	
group_16447	7.63E-01	3.60E-09	1.05E-01	1.53E-01	9.39E-02	9.37E-02	
group_15945	7.63E-01	3.53E-08	5.94E-02	-3.73E-01	1.97E-01	1.09E-01	
group_7626	7.63E-01	5.72E-07	6.08E-01	-6.52E-02	1.27E-01	2.97E-02	
group_19585	7.60E-01	1.15E-09	3.49E-02	3.26E-01	1.54E-01	1.22E-01	
group_16522	7.60E-01	7.14E-09	1.40E-01	1.35E-01	9.14E-02	8.54E-02	
group_14888	7.63E-01	4.59E-02	4.25E-01	-9.17E-02	1.15E-01	4.63E-02	
tet	7.60E-01	4.05E-08	6.18E-01	7.91E-02	1.58E-01	2.89E-02	
group_9706	7.60E-01	2.88E-12	9.62E-03	6.77E-01	2.60E-01	1.49E-01	
group_17017	7.57E-01	3.60E-10	5.13E-01	3.01E-01	4.59E-01	3.79E-02	
group_16568	7.57E-01	3.60E-10	5.13E-01	3.01E-01	4.59E-01	3.79E-02	
group_15475	7.60E-01	4.80E-01	9.29E-01	-4.93E-03	5.55E-02	5.15E-03	
group_11489	7.57E-01	1.39E-08	7.36E-01	-6.29E-02	1.86E-01	1.96E-02	
group_11084	7.57E-01	7.55E-08	2.51E-01	1.29E-01	1.12E-01	6.65E-02	
group_10752	7.60E-01	6.50E-05	5.23E-01	7.11E-02	1.11E-01	3.71E-02	
group_10198	7.57E-01	3.60E-10	5.13E-01	3.01E-01	4.59E-01	3.79E-02	
group_8119	7.57E-01	3.60E-10	5.13E-01	3.01E-01	4.59E-01	3.79E-02	
group_8021	7.57E-01	2.72E-03	9.92E-01	-8.49E-04	8.23E-02	5.98E-04	
group_15199	7.53E-01	1.38E-07	7.96E-01	-3.61E-02	1.39E-01	1.50E-02	
group_15063	7.53E-01	1.38E-07	7.96E-01	-3.61E-02	1.39E-01	1.50E-02	
group_14918	7.53E-01	1.38E-07	7.96E-01	-3.61E-02	1.39E-01	1.50E-02	
rspR~~~gntR	7.53E-01	2.98E-04	3.26E-01	-3.16E-01	3.22E-01	5.69E-02	
group_8950	7.57E-01	1.00E-04	5.58E-01	6.19E-02	1.06E-01	3.40E-02	
group_19899	7.53E-01	1.19E-05	3.61E-01	7.55E-02	8.25E-02	5.30E-02	
group_19888	7.53E-01	1.19E-05	3.61E-01	7.55E-02	8.25E-02	5.30E-02	
group_16326	7.50E-01	1.50E-09	9.66E-01	9.23E-03	2.15E-01	2.48E-03	
group_16272	7.50E-01	1.50E-09	9.66E-01	9.23E-03	2.15E-01	2.48E-03	
group_16140	7.50E-01	1.50E-09	9.66E-01	9.23E-03	2.15E-01	2.48E-03	
group_14727	7.50E-01	2.47E-07	7.89E-01	-3.47E-02	1.30E-01	1.55E-02	
group_14525	7.50E-01	6.97E-04	9.26E-01	-2.24E-02	2.43E-01	5.36E-03	
group_14472	7.50E-01	2.47E-07	7.89E-01	-3.47E-02	1.30E-01	1.55E-02	
yacA	7.50E-01	4.87E-06	8.15E-01	-2.38E-02	1.02E-01	1.35E-02	
group_20142	7.50E-01	3.02E-01	1.68E-01	-1.16E-01	8.39E-02	7.98E-02	
group_19973	7.50E-01	1.91E-05	4.29E-01	6.43E-02	8.12E-02	4.58E-02	
group_19972	7.50E-01	6.88E-05	9.36E-01	-6.31E-03	7.86E-02	4.65E-03	
group_13887	7.47E-01	1.70E-08	2.23E-01	-2.73E-01	2.23E-01	7.05E-02	
group_12313	7.47E-01	2.96E-09	6.97E-01	-7.87E-02	2.02E-01	2.25E-02	
gltR	7.47E-01	8.96E-08	7.39E-01	-4.57E-02	1.37E-01	1.93E-02	
norB	7.43E-01	2.62E-06	5.58E-01	-1.26E-01	2.15E-01	3.40E-02	
group_19618	7.43E-01	1.46E-10	1.85E-02	3.67E-01	1.55E-01	1.36E-01	
group_18758	7.43E-01	1.05E-05	7.91E-01	5.74E-02	2.17E-01	1.53E-02	
ytfE	7.43E-01	2.62E-06	5.08E-01	-1.40E-01	2.12E-01	3.84E-02	
group_11374	7.43E-01	5.73E-09	9.91E-01	1.90E-03	1.63E-01	6.76E-04	
group_8118	7.43E-01	2.06E-11	1.78E-01	4.56E-01	3.38E-01	7.79E-02	
group_4956	7.43E-01	2.06E-11	1.78E-01	4.56E-01	3.38E-01	7.79E-02	
groL	7.43E-01	2.06E-11	1.78E-01	4.56E-01	3.38E-01	7.79E-02	
group_19071	7.40E-01	2.04E-01	7.41E-01	-2.01E-02	6.07E-02	1.92E-02	
group_17109	7.40E-01	1.09E-08	8.86E-01	-2.12E-02	1.48E-01	8.29E-03	
group_15579	7.40E-01	5.30E-06	3.52E-01	-1.49E-01	1.60E-01	5.39E-02	
group_9929	7.40E-01	4.40E-11	4.31E-01	1.99E-01	2.52E-01	4.56E-02	
group_9429	7.43E-01	1.61E-07	3.71E-01	9.48E-02	1.06E-01	5.18E-02	
bioC	7.37E-01	3.64E-09	6.95E-01	9.40E-02	2.40E-01	2.27E-02	
group_6684	7.37E-01	1.08E-04	6.75E-01	3.42E-02	8.16E-02	2.43E-02	
group_6163	7.37E-01	2.02E-08	7.18E-01	-4.96E-02	1.37E-01	2.09E-02	
group_19763	7.33E-01	3.70E-08	6.34E-01	-8.39E-02	1.76E-01	2.76E-02	
group_16992	7.33E-01	1.83E-07	8.82E-01	1.30E-02	8.72E-02	8.63E-03	
group_9641	7.33E-01	3.76E-01	7.02E-01	3.24E-02	8.46E-02	2.22E-02	
group_20653	7.33E-01	1.36E-05	3.05E-01	-1.01E-01	9.81E-02	5.95E-02	
group_20633	7.30E-01	3.76E-10	4.85E-02	4.58E-01	2.31E-01	1.14E-01	
group_13739	7.30E-01	2.29E-09	6.72E-01	1.05E-01	2.48E-01	2.45E-02	
group_13134	7.30E-01	2.29E-09	6.72E-01	1.05E-01	2.48E-01	2.45E-02	
group_12402	7.30E-01	2.29E-09	6.72E-01	1.05E-01	2.48E-01	2.45E-02	
catB	7.30E-01	3.76E-10	7.75E-01	6.75E-02	2.37E-01	1.65E-02	
tuf~~~tufA	7.37E-01	1.21E-01	8.86E-01	7.45E-03	5.17E-02	8.35E-03	
nirK	7.27E-01	8.90E-06	3.32E-01	-1.98E-01	2.04E-01	5.62E-02	
group_20640	7.27E-01	8.90E-06	3.32E-01	-1.98E-01	2.04E-01	5.62E-02	
group_20634	7.27E-01	7.40E-10	1.10E-01	3.08E-01	1.92E-01	9.24E-02	
group_19725	7.27E-01	4.33E-09	9.06E-01	2.46E-02	2.08E-01	6.84E-03	
group_19713	7.27E-01	2.65E-03	6.00E-01	4.07E-02	7.75E-02	3.04E-02	
group_19478	7.30E-01	2.29E-09	1.25E-01	1.85E-01	1.20E-01	8.88E-02	
group_14826	7.27E-01	4.33E-09	2.45E-01	-2.46E-01	2.11E-01	6.73E-02	
group_11504	7.27E-01	4.33E-09	7.61E-01	6.15E-02	2.02E-01	1.76E-02	
group_10414	7.27E-01	7.40E-10	3.68E-02	4.21E-01	2.01E-01	1.21E-01	
group_9663	7.27E-01	4.33E-09	7.30E-01	4.51E-02	1.30E-01	2.00E-02	
group_8744	7.27E-01	9.93E-04	5.94E-01	-5.20E-02	9.74E-02	3.09E-02	
group_8478	7.27E-01	7.40E-10	3.68E-02	4.21E-01	2.01E-01	1.21E-01	
dctP	7.27E-01	9.93E-04	5.94E-01	-5.20E-02	9.74E-02	3.09E-02	
group_20631	7.23E-01	1.43E-09	1.72E-01	2.31E-01	1.69E-01	7.91E-02	
group_19948	7.23E-01	1.43E-09	1.29E-01	2.69E-01	1.77E-01	8.79E-02	
group_19283	7.23E-01	1.43E-09	1.70E-01	2.44E-01	1.77E-01	7.94E-02	
group_16630	7.23E-01	1.43E-09	9.26E-02	3.07E-01	1.82E-01	9.73E-02	
group_13532	7.23E-01	8.07E-09	1.95E-01	-2.54E-01	1.96E-01	7.49E-02	
group_11699	7.23E-01	1.43E-09	7.64E-02	3.10E-01	1.74E-01	1.02E-01	
group_11569	7.23E-01	1.43E-09	7.64E-02	3.10E-01	1.74E-01	1.02E-01	
group_10228	7.23E-01	1.43E-09	7.64E-02	3.10E-01	1.74E-01	1.02E-01	
group_10136	7.23E-01	1.38E-03	4.83E-01	-6.64E-02	9.45E-02	4.06E-02	
ppk2	7.23E-01	8.07E-09	8.96E-01	2.30E-02	1.76E-01	7.57E-03	
group_19563	7.20E-01	7.45E-08	8.05E-01	-3.87E-02	1.57E-01	1.43E-02	
nadA	7.20E-01	1.48E-08	9.30E-01	1.38E-02	1.57E-01	5.10E-03	
group_8020	7.20E-01	1.90E-03	4.48E-01	-6.92E-02	9.11E-02	4.40E-02	
group_18874	7.17E-01	1.30E-07	9.55E-01	8.23E-03	1.47E-01	3.25E-03	
group_17025	7.23E-01	8.60E-03	2.58E-02	1.77E-01	7.92E-02	1.29E-01	
group_13591	7.17E-01	1.43E-10	3.67E-02	3.19E-01	1.52E-01	1.21E-01	
group_13159	7.20E-01	5.99E-06	7.18E-01	-3.09E-02	8.54E-02	2.10E-02	
group_12938	7.17E-01	5.03E-09	3.88E-01	-1.47E-01	1.70E-01	5.00E-02	
group_20987	7.13E-01	3.54E-04	8.90E-01	2.57E-02	1.87E-01	7.99E-03	
group_17608	7.13E-01	2.80E-10	5.74E-01	6.47E-02	1.15E-01	3.26E-02	
group_17580	7.13E-01	9.21E-09	9.99E-01	1.75E-04	1.36E-01	7.46E-05	
group_11913	7.13E-01	9.21E-09	9.88E-01	-2.01E-03	1.33E-01	8.74E-04	
group_8184	7.13E-01	9.21E-09	5.93E-01	6.92E-02	1.29E-01	3.10E-02	
group_4819	7.13E-01	3.49E-03	5.24E-01	-5.47E-02	8.56E-02	3.70E-02	
group_20970	7.10E-01	2.63E-05	3.52E-01	-2.03E-01	2.17E-01	5.40E-02	
group_17905	7.10E-01	8.19E-08	6.78E-01	-5.25E-02	1.26E-01	2.41E-02	
group_16424	7.10E-01	8.19E-08	5.77E-01	-9.01E-02	1.61E-01	3.23E-02	
group_14382	7.13E-01	1.47E-05	6.61E-01	3.12E-02	7.12E-02	2.54E-02	
group_13286	7.10E-01	8.19E-08	2.46E-02	-3.15E-01	1.39E-01	1.30E-01	
group_12648	7.13E-01	8.32E-03	3.55E-01	-8.74E-02	9.43E-02	5.36E-02	
group_10415	7.10E-01	1.66E-08	4.38E-01	1.02E-01	1.31E-01	4.50E-02	
group_1908	7.10E-01	1.86E-03	6.38E-01	-3.96E-02	8.42E-02	2.73E-02	
group_20086	7.07E-01	2.52E-03	6.82E-01	3.21E-02	7.82E-02	2.38E-02	
group_19838	7.07E-01	2.52E-03	6.82E-01	3.21E-02	7.82E-02	2.38E-02	
group_11824	7.07E-01	4.13E-03	3.49E-01	-1.71E-01	1.82E-01	5.43E-02	
group_20327	7.03E-01	1.32E-03	4.66E-01	5.58E-02	7.65E-02	4.23E-02	
group_20326	7.03E-01	1.32E-03	4.66E-01	5.58E-02	7.65E-02	4.23E-02	
group_19735	7.03E-01	3.38E-03	7.52E-01	2.44E-02	7.74E-02	1.83E-02	
rhaT~~~eamA~~~yedA	7.07E-01	4.13E-03	8.61E-01	3.71E-02	2.12E-01	1.01E-02	
group_10696	7.03E-01	1.91E-09	7.82E-01	5.50E-02	1.99E-01	1.60E-02	
nosD	7.00E-01	1.21E-04	3.48E-01	-2.01E-01	2.14E-01	5.43E-02	
nosZ	7.00E-01	1.21E-04	3.48E-01	-2.01E-01	2.14E-01	5.43E-02	
ccmA~~~nosF~~~drrA	7.00E-01	1.21E-04	3.48E-01	-2.01E-01	2.14E-01	5.43E-02	
nosR	7.00E-01	1.21E-04	3.48E-01	-2.01E-01	2.14E-01	5.43E-02	
copZ~~~nosL	7.00E-01	1.21E-04	3.48E-01	-2.01E-01	2.14E-01	5.43E-02	
group_20638	7.00E-01	3.62E-04	5.07E-01	-1.42E-01	2.14E-01	3.84E-02	
group_15695	7.00E-01	9.56E-01	3.95E-01	-4.35E-02	5.11E-02	4.93E-02	
group_10671	7.03E-01	4.83E-04	9.23E-01	-8.49E-03	8.75E-02	5.63E-03	
nosY	6.97E-01	2.78E-04	9.05E-01	2.26E-02	1.88E-01	6.95E-03	
group_19604	7.00E-01	3.49E-09	4.63E-01	1.05E-01	1.42E-01	4.25E-02	
group_13686	6.97E-01	1.97E-10	9.35E-01	-9.61E-03	1.17E-01	4.74E-03	
group_11532	6.97E-01	6.52E-07	9.96E-01	-4.87E-04	8.76E-02	3.22E-04	
group_9828	7.00E-01	6.76E-04	8.34E-01	-1.79E-02	8.52E-02	1.22E-02	
group_7498	7.00E-01	2.35E-04	9.77E-01	2.54E-03	8.61E-02	1.71E-03	
group_12681	6.93E-01	7.69E-03	5.63E-01	-4.94E-02	8.51E-02	3.36E-02	
ycxB	6.93E-01	1.69E-02	1.84E-01	-1.13E-01	8.49E-02	7.70E-02	
group_6206	6.97E-01	3.35E-04	9.87E-01	-1.36E-03	8.36E-02	9.45E-04	
group_11688	6.90E-01	3.84E-09	2.85E-01	8.00E-02	7.47E-02	6.19E-02	
group_19898	6.90E-01	2.29E-05	9.99E-01	-1.26E-04	8.17E-02	8.93E-05	
group_7773	6.90E-01	1.75E-03	9.16E-01	-6.27E-03	5.91E-02	6.14E-03	
group_15851	6.87E-01	6.18E-03	6.93E-01	4.91E-02	1.24E-01	2.29E-02	
phlB	6.80E-01	9.17E-03	8.28E-02	-3.37E-01	1.94E-01	1.00E-01	
hisJ~~~yhdW	6.80E-01	1.97E-02	4.68E-01	-1.52E-01	2.09E-01	4.20E-02	
group_20776	6.80E-01	1.97E-02	4.68E-01	-1.52E-01	2.09E-01	4.20E-02	
wspC~~~cheR	6.80E-01	1.31E-01	9.63E-01	-7.46E-03	1.62E-01	2.67E-03	
group_12782	6.80E-01	9.47E-03	4.74E-01	-6.04E-02	8.43E-02	4.14E-02	
group_11997	6.80E-01	9.47E-03	4.74E-01	-6.04E-02	8.43E-02	4.14E-02	
group_11476	6.77E-01	1.62E-07	6.02E-01	-5.24E-02	1.00E-01	3.02E-02	
group_10909	6.80E-01	9.47E-03	4.74E-01	-6.04E-02	8.43E-02	4.14E-02	
group_20969	6.73E-01	1.33E-02	4.07E-01	-1.77E-01	2.14E-01	4.80E-02	
group_20639	6.73E-01	2.53E-03	8.01E-01	-3.02E-02	1.20E-01	1.46E-02	
ybgD~~~lpfA~~~stdA	6.73E-01	4.95E-05	2.08E-01	-1.32E-01	1.05E-01	7.29E-02	
group_13944	6.77E-01	1.21E-02	4.76E-01	-5.84E-02	8.19E-02	4.13E-02	
group_13797	6.77E-01	1.21E-02	4.76E-01	-5.84E-02	8.19E-02	4.13E-02	
group_13408	6.77E-01	1.21E-02	4.76E-01	-5.84E-02	8.19E-02	4.13E-02	
group_13201	6.77E-01	1.21E-02	4.76E-01	-5.84E-02	8.19E-02	4.13E-02	
group_12493	6.77E-01	1.21E-02	4.76E-01	-5.84E-02	8.19E-02	4.13E-02	
prfH~~~rtcB	6.73E-01	1.19E-03	4.31E-01	-6.48E-02	8.22E-02	4.56E-02	
group_20733	6.70E-01	1.09E-02	3.10E-01	-1.98E-01	1.94E-01	5.88E-02	
syrM~~~lysR	6.70E-01	2.17E-04	2.49E-01	9.71E-02	8.41E-02	6.67E-02	
group_10799	6.70E-01	4.51E-02	8.94E-01	-2.56E-02	1.93E-01	7.70E-03	
group_18749	6.70E-01	6.11E-04	4.21E-01	-9.93E-02	1.23E-01	4.66E-02	
group_17324	6.67E-01	3.79E-02	3.34E-01	-1.79E-01	1.85E-01	5.60E-02	
group_17322	6.67E-01	3.79E-02	3.34E-01	-1.79E-01	1.85E-01	5.60E-02	
group_17321	6.67E-01	3.79E-02	3.34E-01	-1.79E-01	1.85E-01	5.60E-02	
group_16260	6.67E-01	2.67E-06	8.89E-01	-1.14E-02	8.15E-02	8.09E-03	
group_15642	6.67E-01	3.79E-02	3.97E-01	-1.56E-01	1.84E-01	4.90E-02	
group_15571	6.67E-01	3.79E-02	3.97E-01	-1.56E-01	1.84E-01	4.90E-02	
group_15486	6.67E-01	3.79E-02	3.97E-01	-1.56E-01	1.84E-01	4.90E-02	
group_15383	6.67E-01	3.79E-02	3.97E-01	-1.56E-01	1.84E-01	4.90E-02	
group_15255	6.67E-01	3.79E-02	3.97E-01	-1.56E-01	1.84E-01	4.90E-02	
nikE~~~nikD~~~dppD	6.67E-01	3.79E-02	3.97E-01	-1.56E-01	1.84E-01	4.90E-02	
group_14531	6.67E-01	3.21E-01	1.77E-01	-4.09E-01	3.02E-01	7.82E-02	
group_14239	6.67E-01	3.21E-01	1.77E-01	-4.09E-01	3.02E-01	7.82E-02	
metN	6.67E-01	3.79E-02	3.34E-01	-1.79E-01	1.85E-01	5.60E-02	
group_12079	6.67E-01	3.79E-02	3.34E-01	-1.79E-01	1.85E-01	5.60E-02	
group_11475	6.67E-01	3.21E-01	3.47E-01	-1.81E-01	1.92E-01	5.44E-02	
group_11034	6.67E-01	3.79E-02	3.34E-01	-1.79E-01	1.85E-01	5.60E-02	
group_15657	6.63E-01	2.74E-01	4.61E-01	-3.63E-02	4.92E-02	4.27E-02	
sfnC~~~hsaA	6.63E-01	6.03E-02	4.58E-01	-1.39E-01	1.87E-01	4.30E-02	
group_9528	6.63E-01	2.85E-01	2.34E-01	-2.75E-01	2.31E-01	6.89E-02	
group_8644	6.63E-01	2.85E-01	2.34E-01	-2.75E-01	2.31E-01	6.89E-02	
group_8642	6.63E-01	2.85E-01	2.34E-01	-2.75E-01	2.31E-01	6.89E-02	
yhdW	6.63E-01	2.85E-01	2.34E-01	-2.75E-01	2.31E-01	6.89E-02	
group_20596	6.63E-01	5.69E-02	1.93E-01	-1.13E-01	8.69E-02	7.54E-02	
group_19599	6.60E-01	3.83E-01	6.56E-01	-1.78E-01	4.01E-01	2.58E-02	
clcA	6.60E-01	3.83E-01	6.56E-01	-1.78E-01	4.01E-01	2.58E-02	
sutR~~~pezA	6.60E-01	1.21E-01	1.80E-02	-2.00E-01	8.42E-02	1.36E-01	
ccmF~~~dsbE~~~ccmG	6.57E-01	3.69E-08	8.82E-01	-1.34E-02	9.03E-02	8.60E-03	
group_20308	6.57E-01	3.69E-08	8.82E-01	-1.34E-02	9.03E-02	8.60E-03	
ccmD~~~ccmC	6.57E-01	3.69E-08	8.82E-01	-1.34E-02	9.03E-02	8.60E-03	
group_18629	6.57E-01	3.43E-01	6.37E-01	-1.26E-01	2.66E-01	2.73E-02	
lysR~~~gcvA	6.57E-01	1.37E-01	7.39E-01	6.00E-02	1.80E-01	1.93E-02	
group_20488	6.53E-01	6.11E-08	5.79E-01	-4.90E-02	8.81E-02	3.22E-02	
group_14367	6.57E-01	2.91E-04	9.23E-01	-7.45E-03	7.69E-02	5.61E-03	
group_18906	6.50E-01	1.03E-01	3.90E-01	-2.69E-01	3.12E-01	4.98E-02	
torA	6.47E-01	1.62E-07	6.58E-01	-3.77E-02	8.52E-02	2.56E-02	
group_19417	6.47E-01	2.36E-03	8.20E-01	-1.04E-02	4.58E-02	1.32E-02	
group_18734	6.47E-01	3.66E-01	2.98E-01	-1.81E-01	1.73E-01	6.03E-02	
group_14752	6.47E-01	2.41E-01	1.30E-01	-3.20E-01	2.11E-01	8.75E-02	
group_14500	6.47E-01	2.41E-01	1.30E-01	-3.20E-01	2.11E-01	8.75E-02	
group_14221	6.47E-01	2.41E-01	1.30E-01	-3.20E-01	2.11E-01	8.75E-02	
group_13874	6.47E-01	2.41E-01	1.30E-01	-3.20E-01	2.11E-01	8.75E-02	
group_13310	6.47E-01	2.41E-01	1.30E-01	-3.20E-01	2.11E-01	8.75E-02	
group_13059	6.47E-01	5.24E-01	2.47E-01	2.39E-01	2.06E-01	6.71E-02	
group_12738	6.47E-01	7.73E-02	5.34E-02	-1.36E-01	6.99E-02	1.12E-01	
group_12632	6.47E-01	2.41E-01	1.30E-01	-3.20E-01	2.11E-01	8.75E-02	
group_11815	6.47E-01	2.41E-01	1.30E-01	-3.20E-01	2.11E-01	8.75E-02	
group_10557	6.47E-01	2.41E-01	3.17E-01	-2.38E-01	2.38E-01	5.80E-02	
group_10318	6.47E-01	1.50E-01	8.74E-01	2.27E-02	1.43E-01	9.19E-03	
group_6583	6.47E-01	4.20E-02	2.52E-01	-6.34E-02	5.52E-02	6.64E-02	
group_21086	6.43E-01	1.30E-01	9.53E-01	-1.46E-02	2.46E-01	3.45E-03	
group_20849	6.43E-01	1.30E-01	8.35E-01	-3.77E-02	1.81E-01	1.21E-02	
group_20821	6.43E-01	2.13E-01	3.57E-01	1.57E-01	1.71E-01	5.33E-02	
group_20524	6.43E-01	7.53E-02	1.94E-01	-3.11E-01	2.39E-01	7.52E-02	
group_20360	6.43E-01	7.53E-02	1.94E-01	-3.11E-01	2.39E-01	7.52E-02	
group_20358	6.43E-01	1.30E-01	9.53E-01	-1.46E-02	2.46E-01	3.45E-03	
group_17056	6.43E-01	1.04E-06	7.95E-01	-2.10E-02	8.09E-02	1.50E-02	
group_11232	6.43E-01	6.56E-01	8.57E-01	4.22E-02	2.33E-01	1.05E-02	
torC	6.40E-01	4.10E-07	6.51E-01	-3.64E-02	8.06E-02	2.62E-02	
group_19579	6.40E-01	4.31E-01	5.23E-01	-2.11E-01	3.30E-01	3.70E-02	
group_13907	6.43E-01	6.56E-01	7.80E-01	3.72E-02	1.33E-01	1.62E-02	
group_11353	6.40E-01	2.92E-01	5.58E-01	-1.13E-01	1.93E-01	3.40E-02	
group_10678	6.40E-01	2.92E-01	5.58E-01	-1.13E-01	1.93E-01	3.40E-02	
group_9888	6.40E-01	2.92E-01	5.58E-01	-1.13E-01	1.93E-01	3.40E-02	
group_9887	6.40E-01	2.92E-01	5.58E-01	-1.13E-01	1.93E-01	3.40E-02	
group_8060	6.40E-01	2.92E-01	5.58E-01	-1.13E-01	1.93E-01	3.40E-02	
group_7625	6.40E-01	2.92E-01	5.58E-01	-1.13E-01	1.93E-01	3.40E-02	
group_7624	6.40E-01	2.92E-01	5.58E-01	-1.13E-01	1.93E-01	3.40E-02	
caiA	6.40E-01	2.92E-01	5.58E-01	-1.13E-01	1.93E-01	3.40E-02	
group_19684	6.37E-01	6.42E-07	6.44E-01	-3.63E-02	7.86E-02	2.68E-02	
group_16240	6.37E-01	5.51E-01	9.29E-01	-2.58E-02	2.89E-01	5.16E-03	
group_13213	6.37E-01	2.86E-02	1.80E-01	3.92E-01	2.92E-01	7.76E-02	
group_8868	6.37E-01	3.89E-01	9.76E-01	-5.35E-03	1.75E-01	1.77E-03	
group_5575	6.37E-01	2.60E-01	5.12E-01	-1.29E-01	1.97E-01	3.80E-02	
group_5454	6.37E-01	2.60E-01	5.12E-01	-1.29E-01	1.97E-01	3.80E-02	
group_4941	6.37E-01	1.64E-01	4.42E-02	-4.49E-01	2.22E-01	1.16E-01	
group_18184	6.33E-01	3.49E-01	7.19E-01	-1.01E-01	2.80E-01	2.08E-02	
group_17962	6.33E-01	3.49E-01	7.19E-01	-1.01E-01	2.80E-01	2.08E-02	
group_17961	6.33E-01	3.49E-01	7.19E-01	-1.01E-01	2.80E-01	2.08E-02	
group_17641	6.33E-01	3.49E-01	7.19E-01	-1.01E-01	2.80E-01	2.08E-02	
group_16642	6.33E-01	3.49E-01	6.49E-01	-1.26E-01	2.76E-01	2.64E-02	
group_16417	6.33E-01	3.49E-01	7.19E-01	-1.01E-01	2.80E-01	2.08E-02	
group_16411	6.33E-01	3.49E-01	6.49E-01	-1.26E-01	2.76E-01	2.64E-02	
group_15751	6.33E-01	3.49E-01	7.19E-01	-1.01E-01	2.80E-01	2.08E-02	
group_15701	6.33E-01	3.49E-01	7.19E-01	-1.01E-01	2.80E-01	2.08E-02	
group_15666	6.33E-01	3.49E-01	7.19E-01	-1.01E-01	2.80E-01	2.08E-02	
gspK	6.33E-01	3.49E-01	7.19E-01	-1.01E-01	2.80E-01	2.08E-02	
gspG	6.33E-01	3.49E-01	7.19E-01	-1.01E-01	2.80E-01	2.08E-02	
group_13628	6.40E-01	4.10E-07	3.70E-01	7.46E-02	8.32E-02	5.19E-02	
group_12280	6.33E-01	3.49E-01	5.99E-01	-1.55E-01	2.94E-01	3.05E-02	
group_8867	6.33E-01	5.02E-01	8.28E-01	-4.87E-02	2.25E-01	1.26E-02	
gspH	6.33E-01	3.49E-01	7.19E-01	-1.01E-01	2.80E-01	2.08E-02	
group_19664	6.30E-01	3.12E-01	2.90E-01	-3.04E-01	2.87E-01	6.12E-02	
ccoN~~~ccoN1	6.37E-01	1.41E-02	3.63E-01	-4.41E-02	4.84E-02	5.27E-02	
insH	6.30E-01	4.56E-01	7.22E-01	8.06E-02	2.26E-01	2.06E-02	
group_17220	6.30E-01	3.12E-01	5.61E-01	-1.28E-01	2.20E-01	3.37E-02	
group_16221	6.30E-01	4.56E-01	3.56E-01	-1.75E-01	1.89E-01	5.35E-02	
group_13707	6.30E-01	1.88E-05	2.52E-01	9.53E-02	8.30E-02	6.64E-02	
group_13599	6.30E-01	4.56E-01	7.86E-01	6.19E-02	2.28E-01	1.57E-02	
group_13052	6.30E-01	4.56E-01	7.86E-01	6.19E-02	2.28E-01	1.57E-02	
group_13051	6.30E-01	4.56E-01	7.86E-01	6.19E-02	2.28E-01	1.57E-02	
group_5965	6.30E-01	4.56E-01	6.58E-01	-8.46E-02	1.91E-01	2.57E-02	
group_20645	6.27E-01	2.78E-01	2.27E-01	-2.03E-01	1.68E-01	7.00E-02	
group_20176	6.27E-01	1.07E-01	4.90E-01	7.21E-02	1.04E-01	4.00E-02	
group_20175	6.27E-01	1.07E-01	4.90E-01	7.21E-02	1.04E-01	4.00E-02	
group_19718	6.27E-01	2.78E-01	1.81E-01	-3.18E-01	2.37E-01	7.74E-02	
rfbF	6.30E-01	1.52E-02	1.36E-03	2.23E-01	6.90E-02	1.84E-01	
group_18840	6.27E-01	5.41E-04	1.81E-01	-1.18E-01	8.80E-02	7.74E-02	
pulJ	6.27E-01	2.78E-01	2.18E-01	-2.34E-01	1.90E-01	7.13E-02	
group_18245	6.27E-01	5.78E-01	5.63E-01	-1.17E-01	2.02E-01	3.35E-02	
rfaZ	6.27E-01	7.64E-03	5.75E-01	-1.53E-01	2.72E-01	3.25E-02	
group_17684	6.27E-01	5.78E-01	5.63E-01	-1.17E-01	2.02E-01	3.35E-02	
group_17683	6.27E-01	5.78E-01	5.63E-01	-1.17E-01	2.02E-01	3.35E-02	
group_16814	6.27E-01	5.78E-01	5.63E-01	-1.17E-01	2.02E-01	3.35E-02	
group_15156	6.27E-01	5.78E-01	5.63E-01	-1.17E-01	2.02E-01	3.35E-02	
group_14381	6.27E-01	5.78E-01	5.63E-01	-1.17E-01	2.02E-01	3.35E-02	
group_14102	6.27E-01	5.78E-01	5.63E-01	-1.17E-01	2.02E-01	3.35E-02	
group_13705	6.27E-01	5.78E-01	5.63E-01	-1.17E-01	2.02E-01	3.35E-02	
group_13077	6.27E-01	7.70E-01	3.54E-01	1.73E-01	1.87E-01	5.37E-02	
group_13073	6.27E-01	5.78E-01	5.63E-01	-1.17E-01	2.02E-01	3.35E-02	
group_10871	6.27E-01	7.52E-09	2.85E-01	7.28E-02	6.81E-02	6.19E-02	
group_18415	6.23E-01	7.14E-01	9.99E-01	-2.18E-04	1.79E-01	7.04E-05	
group_18044	6.23E-01	5.28E-01	2.49E-01	-2.02E-01	1.75E-01	6.67E-02	
group_17918	6.23E-01	2.39E-07	3.77E-01	-7.20E-02	8.14E-02	5.12E-02	
group_17402	6.23E-01	5.28E-01	4.01E-01	-1.52E-01	1.81E-01	4.86E-02	
group_17052	6.23E-01	2.47E-01	2.68E-01	-1.83E-01	1.64E-01	6.42E-02	
group_16831	6.23E-01	7.14E-01	9.99E-01	-2.18E-04	1.79E-01	7.04E-05	
group_14850	6.23E-01	7.14E-01	9.99E-01	-2.18E-04	1.79E-01	7.04E-05	
group_14646	6.23E-01	7.14E-01	9.99E-01	-2.18E-04	1.79E-01	7.04E-05	
group_14121	6.23E-01	2.47E-01	2.28E-01	-2.13E-01	1.76E-01	6.99E-02	
group_13622	6.23E-01	7.14E-01	9.99E-01	-2.18E-04	1.79E-01	7.04E-05	
group_13050	6.23E-01	2.47E-01	3.96E-01	-2.13E-01	2.50E-01	4.92E-02	
group_12655	6.23E-01	2.47E-01	3.96E-01	-2.13E-01	2.50E-01	4.92E-02	
group_12310	6.23E-01	2.47E-01	3.96E-01	-2.13E-01	2.50E-01	4.92E-02	
group_11418	6.23E-01	9.17E-01	6.73E-02	3.08E-01	1.67E-01	1.06E-01	
group_11373	6.23E-01	2.47E-01	3.96E-01	-2.13E-01	2.50E-01	4.92E-02	
group_9921	6.23E-01	2.47E-01	3.96E-01	-2.13E-01	2.50E-01	4.92E-02	
group_8689	6.23E-01	2.47E-01	4.45E-01	-1.93E-01	2.53E-01	4.43E-02	
group_7671	6.23E-01	2.47E-01	3.96E-01	-2.13E-01	2.50E-01	4.92E-02	
group_3776	6.23E-01	2.47E-01	3.96E-01	-2.13E-01	2.50E-01	4.92E-02	
group_18053	6.20E-01	2.18E-01	6.98E-02	-3.37E-01	1.85E-01	1.05E-01	
tarH~~~tar	6.23E-01	9.21E-02	2.04E-01	-6.51E-02	5.12E-02	7.35E-02	
group_15594	6.20E-01	3.33E-01	7.48E-01	-5.21E-02	1.62E-01	1.87E-02	
group_10002	6.20E-01	1.44E-06	6.18E-01	3.33E-02	6.68E-02	2.89E-02	
group_5592	6.20E-01	6.59E-01	7.58E-01	7.56E-02	2.45E-01	1.79E-02	
group_4996	6.20E-01	6.59E-01	7.58E-01	7.56E-02	2.45E-01	1.79E-02	
group_20305	6.17E-01	6.73E-02	9.28E-01	8.45E-03	9.41E-02	5.21E-03	
group_19190	6.17E-01	4.36E-01	8.64E-01	-1.64E-02	9.58E-02	9.90E-03	
gspC	6.17E-01	2.98E-01	1.72E-01	-2.12E-01	1.55E-01	7.90E-02	
gspL~~~pulL	6.17E-01	6.06E-01	8.43E-01	2.92E-02	1.47E-01	1.15E-02	
rclR~~~araC	6.17E-01	1.92E-01	1.24E-01	-2.83E-01	1.84E-01	8.90E-02	
group_15313	6.17E-01	1.92E-01	1.24E-01	-2.83E-01	1.84E-01	8.90E-02	
group_18209	6.13E-01	5.55E-01	1.45E-01	-2.53E-01	1.73E-01	8.44E-02	
fet4	6.13E-01	5.55E-01	6.00E-01	-7.22E-02	1.38E-01	3.04E-02	
group_13039	6.10E-01	5.06E-01	6.47E-01	-7.56E-02	1.65E-01	2.66E-02	
group_20189	6.07E-01	8.29E-01	1.09E-01	-2.28E-01	1.42E-01	9.26E-02	
ybjT~~~nmrA	6.07E-01	8.29E-01	1.09E-01	-2.28E-01	1.42E-01	9.26E-02	
ohrB~~~osmC	6.07E-01	8.29E-01	1.09E-01	-2.28E-01	1.42E-01	9.26E-02	
group_19866	6.07E-01	8.29E-01	1.09E-01	-2.28E-01	1.42E-01	9.26E-02	
ykvA	6.07E-01	4.60E-01	1.90E-01	-1.65E-01	1.26E-01	7.59E-02	
rpoE~~~sigJ	6.07E-01	8.29E-01	1.09E-01	-2.28E-01	1.42E-01	9.26E-02	
group_19469	6.07E-01	8.29E-01	1.09E-01	-2.28E-01	1.42E-01	9.26E-02	
group_19152	6.10E-01	1.33E-02	6.39E-01	3.27E-02	6.98E-02	2.72E-02	
group_17057	6.07E-01	3.17E-01	2.88E-01	-3.55E-01	3.33E-01	6.16E-02	
group_16150	6.07E-01	2.07E-01	3.14E-01	-1.17E-01	1.17E-01	5.83E-02	
group_5117	6.07E-01	5.41E-07	6.29E-01	3.76E-02	7.77E-02	2.80E-02	
group_20057	6.03E-01	1.82E-01	6.26E-01	-6.90E-02	1.42E-01	2.82E-02	
group_19635	6.03E-01	9.76E-01	1.46E-01	-2.05E-01	1.41E-01	8.42E-02	
tatB	6.07E-01	4.60E-01	4.36E-01	-3.69E-02	4.74E-02	4.51E-02	
group_11507	6.03E-01	5.81E-01	6.07E-01	-6.74E-02	1.31E-01	2.98E-02	
group_18839	6.00E-01	2.86E-02	4.40E-01	-6.57E-02	8.50E-02	4.47E-02	
group_18202	6.00E-01	2.52E-01	7.55E-01	-7.34E-02	2.34E-01	1.81E-02	
group_12879	6.03E-01	7.71E-01	1.27E-01	2.28E-01	1.49E-01	8.82E-02	
group_12407	6.00E-01	3.76E-01	7.53E-01	4.13E-02	1.31E-01	1.82E-02	
yfcG	6.03E-01	5.81E-01	4.97E-01	9.18E-02	1.35E-01	3.94E-02	
group_11514	6.00E-01	3.76E-01	7.53E-01	4.13E-02	1.31E-01	1.82E-02	
group_11455	6.00E-01	5.32E-01	5.50E-01	7.91E-02	1.32E-01	3.47E-02	
group_20389	5.97E-01	1.39E-01	6.65E-01	4.39E-02	1.01E-01	2.51E-02	
group_19646	5.97E-01	3.37E-01	7.95E-01	-3.59E-02	1.38E-01	1.51E-02	
group_18757	5.97E-01	1.17E-02	2.57E-01	-9.39E-02	8.27E-02	6.56E-02	
group_16125	5.97E-01	1.25E-07	4.68E-01	5.56E-02	7.65E-02	4.21E-02	
group_13137	5.97E-01	4.84E-01	6.14E-01	6.61E-02	1.31E-01	2.93E-02	
group_11883	5.97E-01	2.23E-01	7.70E-01	-4.76E-02	1.62E-01	1.70E-02	
group_8761	5.97E-01	4.84E-01	6.69E-01	-5.65E-02	1.32E-01	2.48E-02	
group_19639	5.93E-01	4.40E-01	8.94E-01	-1.83E-02	1.38E-01	7.70E-03	
ydfH	5.93E-01	1.90E-02	9.89E-01	1.16E-03	8.42E-02	7.95E-04	
group_14693	5.93E-01	1.90E-02	9.89E-01	1.16E-03	8.42E-02	7.95E-04	
group_10024	5.97E-01	5.30E-04	5.13E-01	-5.03E-02	7.69E-02	3.79E-02	
group_19512	5.90E-01	9.46E-01	4.93E-01	-1.65E-01	2.40E-01	3.97E-02	
cysJ	5.93E-01	6.99E-02	4.47E-01	1.35E-01	1.77E-01	4.41E-02	
apbE	5.93E-01	6.99E-02	4.47E-01	1.35E-01	1.77E-01	4.41E-02	
group_19076	5.93E-01	6.99E-02	4.47E-01	1.35E-01	1.77E-01	4.41E-02	
group_19075	5.93E-01	6.99E-02	4.47E-01	1.35E-01	1.77E-01	4.41E-02	
group_19069	5.93E-01	6.99E-02	4.47E-01	1.35E-01	1.77E-01	4.41E-02	
group_18747	5.90E-01	1.04E-01	3.88E-01	-1.88E-01	2.17E-01	5.01E-02	
group_18675	5.90E-01	1.04E-01	3.88E-01	-1.88E-01	2.17E-01	5.01E-02	
group_18552	5.90E-01	1.04E-01	3.88E-01	-1.88E-01	2.17E-01	5.01E-02	
group_18551	5.90E-01	1.04E-01	3.88E-01	-1.88E-01	2.17E-01	5.01E-02	
ycaC	5.90E-01	1.72E-01	1.94E-01	-2.56E-01	1.96E-01	7.53E-02	
group_13259	5.90E-01	1.15E-06	2.46E-02	1.16E-01	5.13E-02	1.30E-01	
group_12357	5.93E-01	1.17E-01	2.58E-01	-6.47E-02	5.71E-02	6.55E-02	
group_6361	5.93E-01	3.02E-01	3.43E-01	-1.04E-01	1.09E-01	5.50E-02	
group_21032	5.87E-01	5.04E-02	4.70E-01	-8.53E-02	1.18E-01	4.19E-02	
group_21020	5.87E-01	5.04E-02	4.70E-01	-8.53E-02	1.18E-01	4.19E-02	
group_21019	5.87E-01	5.04E-02	4.70E-01	-8.53E-02	1.18E-01	4.19E-02	
group_21001	5.87E-01	5.04E-02	4.70E-01	-8.53E-02	1.18E-01	4.19E-02	
group_21000	5.87E-01	5.04E-02	4.70E-01	-8.53E-02	1.18E-01	4.19E-02	
ccmB~~~ccmA	5.87E-01	5.04E-02	4.70E-01	-8.53E-02	1.18E-01	4.19E-02	
group_20980	5.87E-01	5.04E-02	4.70E-01	-8.53E-02	1.18E-01	4.19E-02	
group_20958	5.87E-01	5.04E-02	4.70E-01	-8.53E-02	1.18E-01	4.19E-02	
group_20950	5.87E-01	5.04E-02	4.70E-01	-8.53E-02	1.18E-01	4.19E-02	
group_18782	5.87E-01	3.58E-01	8.36E-01	9.21E-02	4.45E-01	1.20E-02	
group_17761	5.87E-01	6.88E-01	7.91E-01	-3.76E-02	1.42E-01	1.54E-02	
group_16245	5.87E-01	9.06E-01	6.41E-01	6.59E-02	1.41E-01	2.70E-02	
group_15777	5.87E-01	2.84E-02	9.79E-01	-2.13E-03	7.97E-02	1.55E-03	
group_15734	5.87E-01	2.84E-02	8.55E-01	-1.48E-02	8.12E-02	1.06E-02	
group_12968	5.90E-01	1.39E-05	5.45E-01	5.32E-02	8.77E-02	3.51E-02	
tcyB	5.83E-01	4.63E-01	8.00E-01	3.69E-02	1.45E-01	1.47E-02	
group_20693	5.83E-01	3.21E-01	9.39E-01	1.40E-02	1.82E-01	4.46E-03	
urtE~~~tcyN	5.83E-01	1.76E-02	9.64E-01	3.63E-03	8.03E-02	2.62E-03	
group_10050	5.83E-01	4.63E-01	2.49E-01	-1.47E-01	1.27E-01	6.67E-02	
group_10013	5.83E-01	4.63E-01	8.00E-01	3.69E-02	1.45E-01	1.47E-02	
group_9360	5.83E-01	4.63E-01	8.00E-01	3.69E-02	1.45E-01	1.47E-02	
group_7790	5.83E-01	4.63E-01	8.00E-01	3.69E-02	1.45E-01	1.47E-02	
glnH	5.83E-01	4.63E-01	8.00E-01	3.69E-02	1.45E-01	1.47E-02	
group_6689	5.83E-01	4.63E-01	8.00E-01	3.69E-02	1.45E-01	1.47E-02	
group_4399	5.83E-01	4.63E-01	8.00E-01	3.69E-02	1.45E-01	1.47E-02	
group_18598	5.80E-01	7.72E-01	8.11E-01	3.87E-02	1.62E-01	1.38E-02	
group_18469	5.80E-01	7.72E-01	8.11E-01	3.87E-02	1.62E-01	1.38E-02	
group_18465	5.80E-01	7.72E-01	8.11E-01	3.87E-02	1.62E-01	1.38E-02	
group_18461	5.80E-01	7.72E-01	8.11E-01	3.87E-02	1.62E-01	1.38E-02	
group_18460	5.80E-01	7.72E-01	8.11E-01	3.87E-02	1.62E-01	1.38E-02	
group_18317	5.80E-01	7.72E-01	8.11E-01	3.87E-02	1.62E-01	1.38E-02	
group_18316	5.80E-01	7.72E-01	8.11E-01	3.87E-02	1.62E-01	1.38E-02	
group_18127	5.80E-01	7.72E-01	8.11E-01	3.87E-02	1.62E-01	1.38E-02	
group_17869	5.80E-01	7.72E-01	8.11E-01	3.87E-02	1.62E-01	1.38E-02	
group_16147	5.80E-01	3.25E-09	7.54E-02	1.34E-01	7.49E-02	1.03E-01	
group_8152	5.80E-01	4.20E-01	2.14E-01	-2.22E-01	1.78E-01	7.20E-02	
group_20054	5.77E-01	1.80E-05	6.82E-01	-2.55E-02	6.21E-02	2.37E-02	
group_16256	5.80E-01	7.72E-01	3.63E-01	1.23E-01	1.35E-01	5.27E-02	
ccmG~~~dsbE	5.73E-01	2.48E-02	2.58E-01	-1.21E-01	1.07E-01	6.56E-02	
group_20927	5.73E-01	2.48E-02	2.58E-01	-1.21E-01	1.07E-01	6.56E-02	
group_18144	5.73E-01	4.87E-01	9.21E-01	8.85E-03	8.98E-02	5.71E-03	
group_12375	5.77E-01	1.14E-03	7.62E-01	2.21E-02	7.28E-02	1.76E-02	
group_10663	5.77E-01	1.63E-04	7.14E-01	-2.61E-02	7.11E-02	2.12E-02	
cdhR~~~rhaS	5.77E-01	1.62E-01	1.01E-01	-1.24E-01	7.52E-02	9.48E-02	
group_18553	5.73E-01	1.49E-04	1.13E-01	-1.86E-01	1.17E-01	9.17E-02	
group_18421	5.73E-01	1.49E-04	1.13E-01	-1.86E-01	1.17E-01	9.17E-02	
group_17979	5.73E-01	6.62E-01	5.40E-02	-2.85E-01	1.48E-01	1.11E-01	
group_17978	5.73E-01	6.62E-01	5.40E-02	-2.85E-01	1.48E-01	1.11E-01	
fepB	5.73E-01	6.62E-01	5.40E-02	-2.85E-01	1.48E-01	1.11E-01	
group_17252	5.73E-01	6.62E-01	5.40E-02	-2.85E-01	1.48E-01	1.11E-01	
group_17229	5.73E-01	6.62E-01	5.40E-02	-2.85E-01	1.48E-01	1.11E-01	
group_16527	5.73E-01	6.62E-01	5.40E-02	-2.85E-01	1.48E-01	1.11E-01	
group_20907	5.67E-01	3.32E-02	2.21E-01	-1.30E-01	1.06E-01	7.09E-02	
group_18677	5.70E-01	3.12E-04	2.32E-01	-1.35E-01	1.13E-01	6.92E-02	
group_18249	5.70E-01	1.12E-04	7.05E-02	-2.03E-01	1.12E-01	1.05E-01	
group_18131	5.67E-01	7.44E-01	7.71E-01	3.57E-02	1.22E-01	1.69E-02	
group_18128	5.67E-01	7.44E-01	7.71E-01	3.57E-02	1.22E-01	1.69E-02	
yscX	5.70E-01	1.12E-04	7.05E-02	-2.03E-01	1.12E-01	1.05E-01	
sycN	5.70E-01	1.12E-04	7.05E-02	-2.03E-01	1.12E-01	1.05E-01	
group_17767	5.70E-01	1.12E-04	7.05E-02	-2.03E-01	1.12E-01	1.05E-01	
group_17612	5.67E-01	9.45E-01	8.55E-01	7.30E-02	3.98E-01	1.06E-02	
msuE	5.67E-01	9.45E-01	8.55E-01	7.30E-02	3.98E-01	1.06E-02	
group_16554	5.67E-01	9.45E-01	8.55E-01	7.30E-02	3.98E-01	1.06E-02	
group_16295	5.67E-01	9.45E-01	8.55E-01	7.30E-02	3.98E-01	1.06E-02	
group_14577	5.70E-01	1.12E-04	7.05E-02	-2.03E-01	1.12E-01	1.05E-01	
group_13985	5.70E-01	1.12E-04	7.05E-02	-2.03E-01	1.12E-01	1.05E-01	
sctT	5.70E-01	1.12E-04	7.05E-02	-2.03E-01	1.12E-01	1.05E-01	
sctN	5.70E-01	1.12E-04	7.05E-02	-2.03E-01	1.12E-01	1.05E-01	
group_12843	5.70E-01	1.12E-04	7.05E-02	-2.03E-01	1.12E-01	1.05E-01	
group_12842	5.70E-01	1.12E-04	7.05E-02	-2.03E-01	1.12E-01	1.05E-01	
sctR	5.70E-01	1.12E-04	7.05E-02	-2.03E-01	1.12E-01	1.05E-01	
group_12077	5.70E-01	1.12E-04	7.05E-02	-2.03E-01	1.12E-01	1.05E-01	
group_11033	5.70E-01	1.12E-04	7.05E-02	-2.03E-01	1.12E-01	1.05E-01	
group_6075	5.67E-01	7.44E-01	3.72E-01	-1.01E-01	1.13E-01	5.17E-02	
ccoO	5.67E-01	4.81E-01	7.93E-02	-8.88E-02	5.04E-02	1.01E-01	
group_14992	5.67E-01	8.37E-05	5.76E-02	-2.04E-01	1.07E-01	1.10E-01	
group_14806	5.67E-01	8.37E-05	5.76E-02	-2.04E-01	1.07E-01	1.10E-01	
sctI	5.67E-01	8.37E-05	5.67E-02	-2.08E-01	1.09E-01	1.10E-01	
group_14578	5.67E-01	8.37E-05	5.76E-02	-2.04E-01	1.07E-01	1.10E-01	
cesT~~~sctU	5.67E-01	8.37E-05	5.76E-02	-2.04E-01	1.07E-01	1.10E-01	
sctK	5.67E-01	8.37E-05	3.81E-02	-2.30E-01	1.11E-01	1.20E-01	
group_13986	5.67E-01	8.37E-05	5.76E-02	-2.04E-01	1.07E-01	1.10E-01	
group_13584	5.67E-01	5.59E-01	7.57E-01	4.19E-02	1.35E-01	1.80E-02	
group_11371	5.70E-01	1.21E-01	6.08E-01	4.00E-02	7.80E-02	2.97E-02	
group_10888	5.70E-01	1.21E-01	6.08E-01	4.00E-02	7.80E-02	2.97E-02	
group_10643	5.63E-01	5.18E-02	8.18E-02	-1.75E-01	1.00E-01	1.01E-01	
rutC~~~ridA	5.70E-01	1.21E-01	6.08E-01	4.00E-02	7.80E-02	2.97E-02	
group_9218	5.70E-01	1.21E-01	6.08E-01	4.00E-02	7.80E-02	2.97E-02	
hpaI	5.70E-01	1.21E-01	6.08E-01	4.00E-02	7.80E-02	2.97E-02	
group_9162	5.70E-01	1.21E-01	6.08E-01	4.00E-02	7.80E-02	2.97E-02	
group_7665	5.70E-01	1.21E-01	6.08E-01	4.00E-02	7.80E-02	2.97E-02	
hpaH	5.70E-01	1.21E-01	6.08E-01	4.00E-02	7.80E-02	2.97E-02	
group_19442	5.60E-01	5.79E-01	3.77E-01	-1.62E-01	1.83E-01	5.12E-02	
group_14253	5.63E-01	7.08E-06	1.81E-03	2.28E-01	7.24E-02	1.79E-01	
group_21055	5.57E-01	7.72E-01	8.23E-01	-3.45E-02	1.54E-01	1.29E-02	
group_17613	5.57E-01	8.22E-01	6.49E-01	1.54E-01	3.39E-01	2.64E-02	
group_15186	5.63E-01	2.41E-01	5.66E-01	-4.58E-02	7.97E-02	3.33E-02	
group_13377	5.57E-01	7.73E-02	5.16E-02	-1.22E-01	6.25E-02	1.12E-01	
group_13019	5.60E-01	6.36E-01	7.32E-01	4.12E-02	1.20E-01	1.99E-02	
group_10457	5.60E-01	4.65E-01	7.50E-01	4.57E-02	1.43E-01	1.85E-02	
group_20002	5.53E-01	3.57E-01	9.32E-01	-1.79E-02	2.09E-01	4.96E-03	
group_17055	5.57E-01	7.72E-01	1.70E-01	2.25E-01	1.64E-01	7.94E-02	
group_15171	5.53E-01	5.35E-01	9.38E-01	6.23E-03	7.96E-02	4.53E-03	
degS	5.57E-01	8.22E-01	1.70E-01	1.26E-01	9.19E-02	7.95E-02	
nreC	5.57E-01	8.22E-01	1.70E-01	1.26E-01	9.19E-02	7.95E-02	
group_11730	5.57E-01	4.22E-01	9.01E-01	1.67E-02	1.34E-01	7.20E-03	
mdtP~~~tolC	5.57E-01	4.22E-01	9.01E-01	1.67E-02	1.34E-01	7.20E-03	
group_8403	5.60E-01	1.84E-01	7.60E-01	-2.97E-02	9.72E-02	1.77E-02	
group_16827	5.50E-01	1.06E-01	2.16E-01	-1.16E-01	9.33E-02	7.17E-02	
dmlR~~~lysR	5.53E-01	7.17E-01	3.44E-01	1.21E-01	1.28E-01	5.49E-02	
group_9990	5.53E-01	3.81E-01	9.72E-01	4.40E-03	1.26E-01	2.02E-03	
group_9976	5.53E-01	7.49E-03	1.27E-01	-1.82E-01	1.19E-01	8.83E-02	
amiE	5.50E-01	4.81E-02	3.20E-01	-1.14E-01	1.14E-01	5.76E-02	
group_18030	5.50E-01	4.81E-02	3.20E-01	-1.14E-01	1.14E-01	5.76E-02	
group_18029	5.50E-01	4.81E-02	3.20E-01	-1.14E-01	1.14E-01	5.76E-02	
group_17743	5.50E-01	4.81E-02	3.20E-01	-1.14E-01	1.14E-01	5.76E-02	
norD	5.50E-01	4.81E-02	3.20E-01	-1.14E-01	1.14E-01	5.76E-02	
group_17742	5.50E-01	4.81E-02	3.20E-01	-1.14E-01	1.14E-01	5.76E-02	
group_17415	5.50E-01	4.81E-02	3.20E-01	-1.14E-01	1.14E-01	5.76E-02	
group_17374	5.50E-01	4.81E-02	3.20E-01	-1.14E-01	1.14E-01	5.76E-02	
group_17372	5.50E-01	4.81E-02	3.20E-01	-1.14E-01	1.14E-01	5.76E-02	
group_16842	5.50E-01	4.81E-02	3.20E-01	-1.14E-01	1.14E-01	5.76E-02	
group_20168	5.43E-01	8.52E-01	6.75E-01	-5.84E-02	1.39E-01	2.43E-02	
group_19708	5.47E-01	8.66E-04	8.49E-01	-1.82E-02	9.55E-02	1.10E-02	
group_19675	5.47E-01	8.66E-04	8.49E-01	-1.82E-02	9.55E-02	1.10E-02	
group_19596	5.43E-01	5.55E-05	3.14E-01	8.01E-02	7.94E-02	5.83E-02	
group_18545	5.43E-01	6.58E-01	3.52E-01	-1.75E-01	1.87E-01	5.39E-02	
group_14435	5.43E-01	2.65E-03	9.59E-01	-4.12E-03	7.96E-02	3.00E-03	
group_19410	5.40E-01	8.86E-01	8.40E-01	4.24E-02	2.10E-01	1.17E-02	
group_16265	5.43E-01	7.44E-01	6.52E-01	6.90E-02	1.53E-01	2.61E-02	
group_14521	5.47E-01	4.44E-01	4.95E-01	7.21E-02	1.06E-01	3.95E-02	
group_8218	5.47E-01	4.73E-03	5.08E-01	5.66E-02	8.54E-02	3.84E-02	
group_5068	5.47E-01	4.73E-03	5.08E-01	5.66E-02	8.54E-02	3.84E-02	
group_14057	5.40E-01	6.89E-01	7.24E-01	-3.50E-02	9.92E-02	2.04E-02	
group_9138	5.40E-01	2.32E-06	4.57E-01	4.91E-02	6.59E-02	4.31E-02	
group_15044	5.40E-01	6.89E-01	5.00E-01	-5.23E-02	7.75E-02	3.91E-02	
group_14236	5.40E-01	3.62E-01	8.44E-01	1.94E-02	9.86E-02	1.14E-02	
group_10102	5.33E-01	3.22E-01	6.22E-01	-1.05E-01	2.13E-01	2.85E-02	
group_14674	5.37E-01	3.35E-06	2.80E-01	8.08E-02	7.47E-02	6.26E-02	
group_8192	5.30E-01	1.53E-01	5.23E-02	4.11E-01	2.11E-01	1.12E-01	
relE2	5.30E-01	3.82E-01	6.13E-01	-5.10E-02	1.01E-01	2.93E-02	
galU	5.30E-01	1.53E-01	5.23E-02	4.11E-01	2.11E-01	1.12E-01	
group_19435	5.30E-01	9.23E-02	3.84E-01	-4.68E-02	5.36E-02	5.05E-02	
group_18315	5.27E-01	7.41E-01	7.03E-01	6.39E-02	1.67E-01	2.21E-02	
group_15411	5.27E-01	1.08E-01	2.43E-01	-1.07E-01	9.13E-02	6.76E-02	
group_11711	5.27E-01	4.00E-01	5.83E-01	-1.30E-01	2.37E-01	3.18E-02	
group_10748	5.27E-01	4.00E-01	5.83E-01	-1.30E-01	2.37E-01	3.18E-02	
group_9991	5.27E-01	4.00E-01	6.32E-02	-3.57E-01	1.92E-01	1.07E-01	
group_11660	5.30E-01	1.53E-01	6.11E-01	-4.56E-02	8.95E-02	2.95E-02	
group_10352	5.30E-01	1.53E-01	6.11E-01	-4.56E-02	8.95E-02	2.95E-02	
group_7534	5.27E-01	1.19E-08	4.45E-01	6.29E-02	8.22E-02	4.43E-02	
marR~~~mprA	5.23E-01	4.44E-01	9.07E-01	-1.06E-02	9.10E-02	6.75E-03	
group_16546	5.27E-01	3.88E-03	2.94E-01	8.79E-02	8.37E-02	6.07E-02	
group_16397	5.23E-01	7.38E-02	2.03E-01	-1.28E-01	1.00E-01	7.38E-02	
group_14139	5.27E-01	2.90E-06	3.17E-01	7.36E-02	7.34E-02	5.80E-02	
group_8756	5.20E-01	8.59E-02	1.61E-01	2.93E-01	2.09E-01	8.11E-02	
group_21833	5.17E-01	2.57E-01	7.67E-01	1.55E-01	5.22E-01	1.72E-02	
group_12959	5.17E-01	2.57E-01	7.67E-01	1.55E-01	5.22E-01	1.72E-02	
group_12217	5.17E-01	2.57E-01	7.67E-01	1.55E-01	5.22E-01	1.72E-02	
apaH	5.17E-01	5.75E-02	2.07E-02	4.55E-01	1.96E-01	1.34E-01	
group_7919	5.17E-01	2.57E-01	7.67E-01	1.55E-01	5.22E-01	1.72E-02	
group_7395	5.17E-01	2.57E-01	7.67E-01	1.55E-01	5.22E-01	1.72E-02	
group_6804	5.17E-01	2.57E-01	7.67E-01	1.55E-01	5.22E-01	1.72E-02	
group_6125	5.17E-01	2.57E-01	7.67E-01	1.55E-01	5.22E-01	1.72E-02	
group_4995	5.17E-01	2.57E-01	7.67E-01	1.55E-01	5.22E-01	1.72E-02	
fcbT1	5.17E-01	2.57E-01	7.67E-01	1.55E-01	5.22E-01	1.72E-02	
group_16364	5.13E-01	2.89E-01	8.21E-01	-7.07E-02	3.12E-01	1.31E-02	
group_16308	5.13E-01	4.66E-01	9.03E-01	1.16E-02	9.56E-02	7.03E-03	
group_13084	5.20E-01	2.59E-02	9.35E-01	-4.77E-03	5.82E-02	4.75E-03	
cerR	5.13E-01	2.89E-01	8.95E-01	-3.84E-02	2.91E-01	7.65E-03	
group_9545	5.13E-01	2.89E-01	8.95E-01	-3.84E-02	2.91E-01	7.65E-03	
group_8199	5.13E-01	2.89E-01	9.79E-01	-7.80E-03	2.94E-01	1.54E-03	
group_8191	5.13E-01	2.89E-01	9.79E-01	-7.80E-03	2.94E-01	1.54E-03	
lysE	5.13E-01	2.89E-01	8.46E-01	-7.14E-02	3.68E-01	1.12E-02	
group_7628	5.13E-01	2.89E-01	8.95E-01	-3.84E-02	2.91E-01	7.64E-03	
group_6972	5.13E-01	2.89E-01	3.59E-01	-2.69E-01	2.93E-01	5.31E-02	
group_6107	5.13E-01	2.89E-01	7.59E-01	-9.00E-02	2.93E-01	1.78E-02	
group_5043	5.13E-01	2.89E-01	9.79E-01	-7.80E-03	2.94E-01	1.54E-03	
group_16380	5.10E-01	3.24E-01	4.19E-01	-1.86E-01	2.30E-01	4.68E-02	
group_12228	5.13E-01	4.49E-02	1.91E-01	-1.35E-01	1.03E-01	7.58E-02	
group_12227	5.13E-01	1.92E-03	4.72E-01	5.91E-02	8.22E-02	4.17E-02	
glpE~~~arsR	5.13E-01	4.49E-02	1.52E-01	-1.42E-01	9.90E-02	8.30E-02	
group_11831	5.10E-01	3.24E-01	8.59E-01	-4.06E-02	2.29E-01	1.03E-02	
group_10648	5.10E-01	3.24E-01	8.59E-01	-4.06E-02	2.29E-01	1.03E-02	
group_9870	5.10E-01	3.24E-01	4.19E-01	-1.86E-01	2.30E-01	4.68E-02	
group_9432	5.10E-01	3.24E-01	8.58E-01	-4.31E-02	2.40E-01	1.04E-02	
yfiZ	5.13E-01	2.89E-01	9.79E-01	-7.80E-03	2.94E-01	1.54E-03	
group_7794	5.10E-01	3.24E-01	8.58E-01	-4.31E-02	2.40E-01	1.04E-02	
cmpC	5.10E-01	2.15E-01	3.49E-01	2.12E-01	2.26E-01	5.43E-02	
group_7627	5.10E-01	3.24E-01	7.98E-01	-5.80E-02	2.26E-01	1.49E-02	
group_6958	5.10E-01	3.24E-01	7.42E-01	-7.48E-02	2.27E-01	1.91E-02	
group_13726	5.10E-01	7.71E-01	2.16E-01	1.29E-01	1.04E-01	7.17E-02	
group_12872	5.07E-01	3.61E-01	6.15E-01	-2.15E-01	4.28E-01	2.91E-02	
group_12800	5.07E-01	3.61E-01	6.15E-01	-2.15E-01	4.28E-01	2.91E-02	
group_12018	5.07E-01	3.61E-01	6.15E-01	-2.15E-01	4.28E-01	2.91E-02	
group_11526	5.07E-01	3.61E-01	5.96E-01	-1.11E-01	2.09E-01	3.07E-02	
group_11266	5.07E-01	3.61E-01	6.15E-01	-2.15E-01	4.28E-01	2.91E-02	
group_11152	5.07E-01	3.61E-01	6.15E-01	-2.15E-01	4.28E-01	2.91E-02	
group_11103	5.07E-01	3.61E-01	6.15E-01	-2.15E-01	4.28E-01	2.91E-02	
group_10094	5.07E-01	3.61E-01	6.15E-01	-2.15E-01	4.28E-01	2.91E-02	
group_9975	5.07E-01	2.43E-01	8.89E-01	2.76E-02	1.97E-01	8.12E-03	
group_9914	5.07E-01	3.61E-01	6.15E-01	-2.15E-01	4.28E-01	2.91E-02	
blaOXA~~~blaOXA114g	5.07E-01	3.61E-01	6.15E-01	-2.15E-01	4.28E-01	2.91E-02	
group_9767	5.07E-01	1.55E-01	2.29E-01	2.67E-01	2.22E-01	6.96E-02	
fdx	5.07E-01	3.61E-01	6.15E-01	-2.15E-01	4.28E-01	2.91E-02	
group_7957	5.07E-01	3.61E-01	6.15E-01	-2.15E-01	4.28E-01	2.91E-02	
group_7727	5.07E-01	2.43E-01	8.89E-01	2.76E-02	1.97E-01	8.12E-03	
group_7559	5.07E-01	3.61E-01	6.15E-01	-2.15E-01	4.28E-01	2.91E-02	
group_7541	5.07E-01	3.61E-01	6.15E-01	-2.15E-01	4.28E-01	2.91E-02	
group_6040	5.07E-01	3.61E-01	6.83E-01	-8.16E-02	2.00E-01	2.37E-02	
group_5155	5.07E-01	3.61E-01	5.39E-01	-1.19E-01	1.93E-01	3.56E-02	
group_4721	5.07E-01	3.61E-01	6.15E-01	-2.15E-01	4.28E-01	2.91E-02	
group_19482	5.07E-01	3.49E-10	2.61E-01	9.26E-02	8.22E-02	6.51E-02	
group_19255	5.03E-01	4.01E-01	3.90E-01	-1.67E-01	1.93E-01	4.98E-02	
group_19212	5.03E-01	4.01E-01	3.90E-01	-1.67E-01	1.93E-01	4.98E-02	
group_19141	5.07E-01	9.13E-01	2.26E-01	-1.17E-01	9.66E-02	7.02E-02	
group_17431	5.03E-01	7.42E-01	2.84E-01	-1.68E-01	1.57E-01	6.20E-02	
group_16288	5.03E-01	1.77E-01	2.78E-01	2.17E-01	2.00E-01	6.28E-02	
group_15008	5.07E-01	5.35E-01	6.10E-01	4.51E-02	8.83E-02	2.96E-02	
group_12119	5.03E-01	2.74E-01	6.19E-01	1.46E-01	2.94E-01	2.88E-02	
group_10276	5.10E-01	7.98E-02	3.80E-01	-6.43E-02	7.31E-02	5.08E-02	
fhuC	5.03E-01	4.01E-01	4.72E-01	-1.35E-01	1.87E-01	4.17E-02	
group_9860	5.03E-01	4.01E-01	4.72E-01	-1.35E-01	1.87E-01	4.17E-02	
group_9553	5.03E-01	2.74E-01	6.19E-01	1.46E-01	2.94E-01	2.88E-02	
group_9451	5.03E-01	4.01E-01	4.96E-01	-1.88E-01	2.76E-01	3.95E-02	
group_9450	5.03E-01	4.01E-01	4.96E-01	-1.88E-01	2.76E-01	3.95E-02	
group_8342	5.03E-01	4.01E-01	4.26E-01	-2.74E-01	3.44E-01	4.61E-02	
irtA	5.03E-01	4.01E-01	4.72E-01	-1.35E-01	1.87E-01	4.17E-02	
group_7793	5.03E-01	4.01E-01	6.16E-01	-1.37E-01	2.74E-01	2.91E-02	
group_7558	5.03E-01	4.01E-01	4.72E-01	-1.35E-01	1.87E-01	4.17E-02	
group_7544	5.03E-01	4.01E-01	4.72E-01	-1.35E-01	1.87E-01	4.17E-02	
group_6854	5.03E-01	4.01E-01	4.96E-01	-1.88E-01	2.76E-01	3.95E-02	
group_5261	5.03E-01	4.01E-01	6.16E-01	-1.37E-01	2.74E-01	2.91E-02	
group_5237	5.03E-01	4.01E-01	4.26E-01	-2.74E-01	3.44E-01	4.61E-02	
group_4857	5.03E-01	4.01E-01	4.72E-01	-1.35E-01	1.87E-01	4.17E-02	
group_3827	5.03E-01	2.74E-01	8.87E-01	-2.50E-02	1.75E-01	8.27E-03	
lysR~~~hdfR~~~cmpR	5.03E-01	5.59E-01	2.28E-01	-1.49E-01	1.23E-01	6.98E-02	
group_19683	5.00E-01	4.44E-01	2.23E-01	-1.41E-01	1.15E-01	7.06E-02	
group_18150	5.00E-01	4.44E-01	1.03E-01	-2.02E-01	1.23E-01	9.44E-02	
group_16805	5.00E-01	4.44E-01	2.48E-01	-2.55E-01	2.20E-01	6.70E-02	
group_13755	5.07E-01	2.10E-06	3.46E-01	6.93E-02	7.35E-02	5.45E-02	
group_12163	5.00E-01	4.44E-01	1.57E-01	-3.07E-01	2.16E-01	8.19E-02	
group_10590	5.00E-01	4.44E-01	5.18E-02	-4.39E-01	2.25E-01	1.12E-01	
group_9684	5.00E-01	1.25E-01	6.20E-01	1.35E-01	2.73E-01	2.87E-02	
group_8543	5.00E-01	1.25E-01	5.23E-01	1.66E-01	2.61E-01	3.70E-02	
group_8349	5.00E-01	4.44E-01	5.19E-01	-1.08E-01	1.67E-01	3.74E-02	
group_7839	5.00E-01	1.25E-01	5.23E-01	1.66E-01	2.61E-01	3.70E-02	
group_7706	5.00E-01	1.25E-01	5.97E-01	1.44E-01	2.72E-01	3.07E-02	
feuC	5.00E-01	4.44E-01	3.64E-01	-1.53E-01	1.69E-01	5.26E-02	
yraN	5.00E-01	3.07E-01	9.93E-01	-1.34E-03	1.60E-01	4.86E-04	
group_6536	5.00E-01	3.07E-01	8.15E-01	5.31E-02	2.27E-01	1.35E-02	
group_3212	5.00E-01	4.44E-01	4.55E-01	-1.66E-01	2.22E-01	4.32E-02	
feuB	5.00E-01	4.44E-01	3.64E-01	-1.53E-01	1.69E-01	5.26E-02	
group_22645	4.97E-01	4.88E-01	3.81E-01	-1.79E-01	2.04E-01	5.07E-02	
group_21824	4.97E-01	2.29E-01	8.73E-01	-2.08E-02	1.30E-01	9.27E-03	
yajR	5.00E-01	4.44E-01	2.44E-01	-1.44E-01	1.23E-01	6.75E-02	
group_18066	5.00E-01	7.39E-02	2.64E-01	9.67E-02	8.65E-02	6.46E-02	
group_18065	5.00E-01	7.39E-02	2.64E-01	9.67E-02	8.65E-02	6.46E-02	
group_16786	4.97E-01	3.43E-01	6.44E-01	-8.94E-02	1.94E-01	2.68E-02	
group_14218	4.97E-01	4.88E-01	4.13E-01	-1.44E-01	1.76E-01	4.74E-02	
group_13871	4.97E-01	4.88E-01	4.13E-01	-1.44E-01	1.76E-01	4.74E-02	
group_13680	4.97E-01	4.88E-01	4.13E-01	-1.44E-01	1.76E-01	4.74E-02	
group_12431	4.97E-01	8.65E-02	2.92E-01	1.25E-01	1.19E-01	6.11E-02	
group_11589	4.97E-01	8.65E-02	2.92E-01	1.25E-01	1.19E-01	6.11E-02	
group_11562	4.97E-01	4.88E-01	3.69E-01	-1.79E-01	1.99E-01	5.20E-02	
group_10938	4.97E-01	4.88E-01	2.95E-01	-2.26E-01	2.16E-01	6.07E-02	
group_10882	4.97E-01	1.45E-01	8.65E-01	4.24E-02	2.50E-01	9.83E-03	
group_10221	4.97E-01	4.88E-01	3.69E-01	-1.79E-01	1.99E-01	5.20E-02	
group_10044	4.97E-01	1.45E-01	7.53E-01	7.58E-02	2.40E-01	1.83E-02	
group_9219	4.97E-01	4.88E-01	2.95E-01	-2.26E-01	2.16E-01	6.07E-02	
group_8009	4.97E-01	1.45E-01	3.31E-01	8.30E-02	8.52E-02	5.63E-02	
group_7680	4.97E-01	4.88E-01	2.95E-01	-2.26E-01	2.16E-01	6.07E-02	
group_6989	4.97E-01	4.88E-01	3.81E-01	-1.79E-01	2.04E-01	5.07E-02	
group_6973	4.97E-01	3.43E-01	6.15E-01	-7.32E-02	1.45E-01	2.92E-02	
group_6500	4.97E-01	4.88E-01	2.95E-01	-2.26E-01	2.16E-01	6.07E-02	
group_4342	4.97E-01	4.88E-01	2.06E-01	-2.40E-01	1.90E-01	7.32E-02	
group_22697	4.93E-01	1.66E-01	5.95E-01	2.06E-01	3.88E-01	3.08E-02	
group_21878	4.93E-01	5.35E-01	1.91E-02	-5.04E-01	2.14E-01	1.35E-01	
group_18260	4.97E-01	1.08E-01	1.82E-01	1.13E-01	8.46E-02	7.73E-02	
group_17790	4.97E-01	3.43E-02	6.47E-01	3.79E-02	8.27E-02	2.66E-02	
group_13830	4.93E-01	1.66E-01	3.78E-01	7.38E-02	8.36E-02	5.11E-02	
group_13237	4.93E-01	1.66E-01	3.78E-01	7.38E-02	8.36E-02	5.11E-02	
group_12908	4.97E-01	2.29E-01	6.18E-01	-4.57E-02	9.17E-02	2.89E-02	
group_12537	4.93E-01	1.66E-01	3.78E-01	7.38E-02	8.36E-02	5.11E-02	
group_11784	4.93E-01	5.35E-01	2.91E-01	-1.99E-01	1.88E-01	6.12E-02	
group_11497	4.93E-01	1.66E-01	3.78E-01	7.38E-02	8.36E-02	5.11E-02	
group_9535	4.93E-01	1.66E-01	5.95E-01	2.06E-01	3.88E-01	3.08E-02	
group_8081	4.97E-01	4.89E-02	2.44E-01	-8.69E-02	7.44E-02	6.75E-02	
group_8046	4.93E-01	2.58E-01	4.69E-01	1.43E-01	1.97E-01	4.20E-02	
group_7660	4.93E-01	5.35E-01	2.39E-01	-2.24E-01	1.90E-01	6.81E-02	
group_7542	4.93E-01	5.35E-01	2.39E-01	-2.24E-01	1.90E-01	6.81E-02	
group_7004	4.93E-01	1.66E-01	5.95E-01	2.06E-01	3.88E-01	3.08E-02	
group_3102	4.93E-01	5.35E-01	2.39E-01	-2.24E-01	1.90E-01	6.81E-02	
fixH	4.90E-01	4.23E-01	8.86E-01	6.81E-03	4.76E-02	8.29E-03	
ccoP	4.97E-01	6.62E-01	1.73E-01	-6.32E-02	4.63E-02	7.88E-02	
aph3	4.90E-01	1.89E-01	8.52E-01	4.91E-02	2.62E-01	1.08E-02	
group_7831	4.90E-01	1.89E-01	8.52E-01	4.91E-02	2.62E-01	1.08E-02	
group_5843	4.90E-01	1.89E-01	8.52E-01	4.91E-02	2.62E-01	1.08E-02	
group_3656	4.90E-01	4.23E-01	3.30E-01	-1.59E-01	1.63E-01	5.65E-02	
group_24209	4.87E-01	4.66E-01	9.58E-01	1.08E-02	2.05E-01	3.06E-03	
group_20801	4.93E-01	5.79E-02	2.81E-01	1.36E-01	1.26E-01	6.24E-02	
mfpA	4.90E-01	1.34E-01	9.51E-01	-5.52E-03	9.00E-02	3.55E-03	
group_11318	4.93E-01	1.66E-01	1.60E-01	-1.14E-01	8.13E-02	8.12E-02	
ccoN	4.93E-01	1.01E-01	2.95E-01	-4.83E-02	4.61E-02	6.07E-02	
group_8697	4.87E-01	2.15E-01	7.63E-01	-6.42E-02	2.13E-01	1.75E-02	
group_7814	4.87E-01	2.15E-01	9.02E-01	-2.63E-02	2.13E-01	7.16E-03	
group_5986	4.87E-01	2.15E-01	7.41E-01	-1.27E-01	3.84E-01	1.92E-02	
group_4964	4.87E-01	2.15E-01	9.02E-01	-2.63E-02	2.13E-01	7.16E-03	
acdA	4.87E-01	2.15E-01	7.63E-01	-6.42E-02	2.13E-01	1.75E-02	
group_3947	4.87E-01	2.15E-01	7.41E-01	-1.27E-01	3.84E-01	1.92E-02	
group_3704	4.87E-01	2.15E-01	9.02E-01	-2.63E-02	2.13E-01	7.16E-03	
group_3507	4.87E-01	2.15E-01	7.41E-01	-1.27E-01	3.84E-01	1.92E-02	
group_2696	4.87E-01	2.15E-01	9.02E-01	-2.63E-02	2.13E-01	7.16E-03	
group_16797	4.83E-01	5.12E-01	4.47E-01	-1.01E-01	1.33E-01	4.41E-02	
group_16423	4.83E-01	5.12E-01	1.26E-01	-1.99E-01	1.30E-01	8.86E-02	
group_16334	4.83E-01	5.12E-01	1.26E-01	-1.99E-01	1.30E-01	8.86E-02	
group_16137	4.83E-01	2.43E-01	6.01E-01	-1.07E-01	2.05E-01	3.03E-02	
group_16113	4.83E-01	2.43E-01	6.01E-01	-1.07E-01	2.05E-01	3.03E-02	
group_13930	4.83E-01	2.43E-01	7.03E-01	-7.45E-02	1.95E-01	2.21E-02	
group_12166	4.83E-01	1.55E-01	7.01E-01	7.97E-02	2.08E-01	2.22E-02	
group_11413	4.90E-01	9.71E-01	6.07E-01	4.26E-02	8.28E-02	2.98E-02	
group_10544	4.83E-01	2.43E-01	7.03E-01	-7.45E-02	1.95E-01	2.21E-02	
group_10291	4.87E-01	5.83E-01	3.90E-01	7.27E-02	8.45E-02	4.98E-02	
group_10182	4.83E-01	2.43E-01	7.91E-01	-4.92E-02	1.85E-01	1.54E-02	
group_10080	4.83E-01	2.43E-01	7.91E-01	-4.92E-02	1.85E-01	1.54E-02	
ygfJ~~~mobA	4.83E-01	3.62E-01	2.09E-01	-1.44E-01	1.14E-01	7.27E-02	
ccoS	4.83E-01	3.62E-01	8.86E-01	1.80E-02	1.25E-01	8.34E-03	
group_7631	4.83E-01	2.43E-01	7.03E-01	-7.45E-02	1.95E-01	2.21E-02	
group_7116	4.83E-01	1.55E-01	4.85E-01	1.93E-01	2.75E-01	4.05E-02	
group_6012	4.83E-01	1.55E-01	8.33E-01	3.86E-02	1.83E-01	1.22E-02	
group_5613	4.83E-01	2.43E-01	5.69E-01	-1.51E-01	2.64E-01	3.30E-02	
group_3565	4.83E-01	2.43E-01	7.03E-01	-7.45E-02	1.95E-01	2.21E-02	
group_20101	4.80E-01	1.30E-02	4.53E-01	-6.25E-02	8.32E-02	4.35E-02	
group_12659	4.87E-01	3.25E-01	1.95E-02	-2.10E-01	8.95E-02	1.35E-01	
group_11401	4.80E-01	5.60E-01	7.90E-01	-3.46E-02	1.30E-01	1.54E-02	
group_9755	4.80E-01	1.09E-01	2.17E-01	2.45E-01	1.98E-01	7.15E-02	
group_9456	4.80E-01	2.74E-01	6.93E-01	-6.02E-02	1.52E-01	2.29E-02	
shlB~~~fhaC~~~tpsB	4.83E-01	3.46E-10	5.60E-01	5.36E-02	9.17E-02	3.38E-02	
group_5827	4.80E-01	2.74E-01	6.00E-01	-9.20E-02	1.75E-01	3.04E-02	
group_20762	4.80E-01	7.44E-01	6.76E-01	3.74E-02	8.96E-02	2.42E-02	
group_20718	4.80E-01	7.44E-01	6.76E-01	3.74E-02	8.96E-02	2.42E-02	
group_20717	4.80E-01	7.44E-01	6.76E-01	3.74E-02	8.96E-02	2.42E-02	
group_20716	4.80E-01	7.44E-01	6.76E-01	3.74E-02	8.96E-02	2.42E-02	
group_8297	4.80E-01	6.60E-01	3.01E-01	8.62E-02	8.32E-02	5.99E-02	
group_20100	4.73E-01	1.75E-02	6.31E-01	-4.07E-02	8.47E-02	2.79E-02	
group_15504	4.77E-01	3.21E-07	5.86E-01	-4.71E-02	8.64E-02	3.16E-02	
dld	4.77E-01	4.07E-02	2.81E-01	-9.42E-02	8.72E-02	6.24E-02	
group_13205	4.77E-01	3.07E-01	6.03E-01	7.23E-02	1.39E-01	3.01E-02	
group_11635	4.77E-01	3.07E-01	5.53E-01	8.31E-02	1.40E-01	3.44E-02	
group_10319	4.77E-01	3.07E-01	5.53E-01	8.31E-02	1.40E-01	3.44E-02	
group_20810	4.73E-01	6.63E-01	5.55E-01	5.05E-02	8.55E-02	3.42E-02	
group_20763	4.73E-01	4.89E-01	4.93E-01	5.93E-02	8.63E-02	3.97E-02	
group_16804	4.73E-01	7.41E-01	8.84E-01	1.21E-02	8.23E-02	8.49E-03	
group_13802	4.73E-01	2.29E-01	3.87E-01	1.14E-01	1.31E-01	5.02E-02	
group_11581	4.70E-01	2.58E-01	9.91E-01	-1.76E-03	1.56E-01	6.55E-04	
group_11367	4.70E-01	6.86E-01	6.78E-01	-4.05E-02	9.75E-02	2.41E-02	
cdiA	4.73E-01	2.65E-10	5.87E-01	4.97E-02	9.14E-02	3.15E-02	
group_9911	4.70E-01	6.86E-01	6.78E-01	-4.05E-02	9.75E-02	2.41E-02	
group_9910	4.70E-01	6.86E-01	6.78E-01	-4.05E-02	9.75E-02	2.41E-02	
group_8354	4.73E-01	3.43E-01	7.00E-01	5.05E-02	1.31E-01	2.23E-02	
group_7800	4.73E-01	2.29E-01	9.20E-01	1.23E-02	1.22E-01	5.85E-03	
group_7649	4.70E-01	6.86E-01	6.78E-01	-4.05E-02	9.75E-02	2.41E-02	
group_6420	4.70E-01	2.58E-01	9.28E-01	1.38E-02	1.53E-01	5.22E-03	
maiA	4.73E-01	3.43E-01	7.00E-01	5.05E-02	1.31E-01	2.23E-02	
group_5257	4.73E-01	3.43E-01	7.03E-01	5.08E-02	1.33E-01	2.21E-02	
group_4685	4.70E-01	3.82E-01	3.30E-01	-1.51E-01	1.54E-01	5.65E-02	
group_4527	4.70E-01	3.82E-01	3.30E-01	-1.51E-01	1.54E-01	5.65E-02	
mdtC	4.70E-01	3.12E-02	6.81E-02	2.36E-01	1.29E-01	1.05E-01	
group_3487	4.73E-01	3.43E-01	7.03E-01	5.08E-02	1.33E-01	2.21E-02	
group_3427	4.70E-01	3.82E-01	3.30E-01	-1.51E-01	1.54E-01	5.65E-02	
group_3413	4.70E-01	3.82E-01	3.30E-01	-1.51E-01	1.54E-01	5.65E-02	
group_3257	4.70E-01	3.82E-01	3.30E-01	-1.51E-01	1.54E-01	5.65E-02	
group_20469	4.73E-01	1.72E-06	1.15E-02	1.68E-01	6.61E-02	1.46E-01	
group_16809	4.67E-01	2.90E-01	4.52E-01	1.35E-01	1.80E-01	4.36E-02	
group_16126	4.70E-01	1.49E-03	7.60E-01	-2.15E-02	7.01E-02	1.77E-02	
ygiT	4.70E-01	2.41E-01	5.46E-01	5.52E-02	9.14E-02	3.50E-02	
megL	4.67E-01	9.73E-01	6.70E-02	-2.59E-01	1.41E-01	1.06E-01	
group_5161	4.67E-01	9.73E-01	6.70E-02	-2.59E-01	1.41E-01	1.06E-01	
arsH	4.67E-01	1.89E-01	9.39E-02	-2.79E-01	1.66E-01	9.69E-02	
group_20637	4.70E-01	2.41E-01	9.42E-01	1.11E-02	1.53E-01	4.21E-03	
group_19218	4.70E-01	6.77E-07	3.43E-02	1.46E-01	6.86E-02	1.22E-01	
group_11467	4.67E-01	7.76E-04	4.87E-02	1.97E-01	9.94E-02	1.14E-01	
group_9902	4.67E-01	1.08E-04	7.58E-01	2.73E-02	8.87E-02	1.78E-02	
hcpC	4.63E-01	4.66E-01	5.80E-01	-7.91E-02	1.43E-01	3.21E-02	
group_6770	4.63E-01	7.96E-02	3.43E-01	1.67E-01	1.75E-01	5.49E-02	
group_4402	4.63E-01	2.15E-01	7.95E-02	-2.70E-01	1.53E-01	1.01E-01	
group_3877	4.67E-01	4.23E-01	1.27E-01	-2.24E-01	1.47E-01	8.82E-02	
group_21116	4.63E-01	2.35E-02	1.06E-01	1.11E-01	6.87E-02	9.34E-02	
group_20957	4.60E-01	9.10E-01	4.48E-01	-8.39E-02	1.10E-01	4.40E-02	
group_19443	4.60E-01	1.54E-01	7.46E-01	3.55E-02	1.10E-01	1.88E-02	
group_16592	4.67E-01	4.23E-01	3.51E-01	-1.20E-01	1.28E-01	5.40E-02	
group_12314	4.63E-01	1.02E-09	4.51E-02	1.74E-01	8.66E-02	1.16E-01	
group_4983	4.63E-01	7.96E-02	3.64E-01	1.37E-01	1.50E-01	5.26E-02	
group_4847	4.63E-01	1.34E-01	9.42E-01	-1.16E-02	1.58E-01	4.24E-03	
ehuA~~~artM~~~glnQ	4.63E-01	3.25E-01	3.69E-01	1.53E-01	1.70E-01	5.20E-02	
group_15104	4.63E-01	3.25E-01	3.69E-01	1.53E-01	1.70E-01	5.20E-02	
hisJ~~~fliY	4.63E-01	3.25E-01	3.69E-01	1.53E-01	1.70E-01	5.20E-02	
group_14791	4.63E-01	3.25E-01	3.69E-01	1.53E-01	1.70E-01	5.20E-02	
group_14549	4.63E-01	3.25E-01	3.69E-01	1.53E-01	1.70E-01	5.20E-02	
group_12497	4.60E-01	2.43E-01	8.09E-01	2.82E-02	1.16E-01	1.41E-02	
group_11244	4.57E-01	4.01E-01	9.37E-01	1.22E-02	1.53E-01	4.61E-03	
group_16285	4.50E-01	4.88E-01	5.55E-01	-8.45E-02	1.43E-01	3.42E-02	
gspD	4.50E-01	6.63E-01	4.81E-01	-7.10E-02	1.01E-01	4.08E-02	
group_10792	4.53E-01	4.40E-01	2.09E-01	-1.47E-01	1.17E-01	7.28E-02	
group_9548	4.50E-01	4.88E-01	5.55E-01	-8.45E-02	1.43E-01	3.42E-02	
group_7966	4.50E-01	4.88E-01	5.55E-01	-8.45E-02	1.43E-01	3.42E-02	
group_20915	4.53E-01	7.95E-01	9.58E-01	9.90E-03	1.89E-01	3.03E-03	
group_20664	4.53E-01	6.06E-01	5.12E-01	-1.32E-01	2.00E-01	3.80E-02	
group_20663	4.53E-01	6.06E-01	5.12E-01	-1.32E-01	2.00E-01	3.80E-02	
mglA	4.53E-01	6.06E-01	5.12E-01	-1.32E-01	2.00E-01	3.80E-02	
group_14711	4.50E-01	1.74E-01	4.05E-01	-6.75E-02	8.09E-02	4.83E-02	
group_14457	4.50E-01	1.74E-01	4.05E-01	-6.75E-02	8.09E-02	4.83E-02	
group_14184	4.50E-01	1.74E-01	4.05E-01	-6.75E-02	8.09E-02	4.83E-02	
group_13828	4.50E-01	1.74E-01	4.05E-01	-6.75E-02	8.09E-02	4.83E-02	
group_13234	4.50E-01	1.74E-01	4.05E-01	-6.75E-02	8.09E-02	4.83E-02	
group_12532	4.50E-01	1.74E-01	4.05E-01	-6.75E-02	8.09E-02	4.83E-02	
group_11680	4.50E-01	1.74E-01	4.05E-01	-6.75E-02	8.09E-02	4.83E-02	
group_9957	4.47E-01	2.57E-01	4.15E-01	-1.04E-01	1.27E-01	4.73E-02	
group_8537	4.47E-01	5.69E-02	1.64E-01	1.36E-01	9.76E-02	8.05E-02	
group_8439	4.50E-01	1.74E-01	4.05E-01	-6.75E-02	8.09E-02	4.83E-02	
group_19409	4.50E-01	9.39E-01	5.36E-01	-1.55E-01	2.50E-01	3.59E-02	
group_10384	4.47E-01	2.39E-01	5.55E-01	-4.70E-02	7.95E-02	3.42E-02	
group_9855	4.43E-01	1.88E-01	8.33E-01	-2.40E-02	1.14E-01	1.22E-02	
group_7523	4.43E-01	1.88E-01	8.33E-01	-2.40E-02	1.14E-01	1.22E-02	
fecI	4.43E-01	1.88E-01	8.33E-01	-2.40E-02	1.14E-01	1.22E-02	
group_20112	4.47E-01	8.80E-01	9.78E-01	5.29E-03	1.94E-01	1.58E-03	
group_16767	4.40E-01	5.79E-01	2.87E-01	-8.07E-02	7.57E-02	6.16E-02	
xylB	4.43E-01	4.60E-01	4.13E-01	-1.19E-01	1.46E-01	4.74E-02	
group_19881	4.43E-01	8.22E-01	6.45E-01	-7.86E-02	1.70E-01	2.67E-02	
yngG~~~leuA	4.43E-01	9.74E-01	5.17E-01	1.18E-01	1.82E-01	3.76E-02	
group_18517	4.43E-01	9.74E-01	5.17E-01	1.18E-01	1.82E-01	3.76E-02	
group_18515	4.43E-01	9.74E-01	5.17E-01	1.18E-01	1.82E-01	3.76E-02	
benM~~~lysR~~~argP	4.43E-01	9.74E-01	5.17E-01	1.18E-01	1.82E-01	3.76E-02	
group_18035	4.43E-01	6.30E-01	7.72E-01	-1.29E-01	4.44E-01	1.68E-02	
group_5769	4.37E-01	1.53E-01	9.55E-01	5.03E-03	8.81E-02	3.30E-03	
group_12668	4.37E-01	1.53E-01	2.57E-01	-1.26E-01	1.11E-01	6.57E-02	
group_11855	4.37E-01	1.53E-01	2.57E-01	-1.26E-01	1.11E-01	6.57E-02	
group_10698	4.37E-01	1.53E-01	2.57E-01	-1.26E-01	1.11E-01	6.57E-02	
group_8886	4.37E-01	1.53E-01	2.57E-01	-1.26E-01	1.11E-01	6.57E-02	
group_8885	4.37E-01	1.53E-01	2.57E-01	-1.26E-01	1.11E-01	6.57E-02	
group_8595	4.37E-01	1.53E-01	2.57E-01	-1.26E-01	1.11E-01	6.57E-02	
group_8515	4.37E-01	1.53E-01	2.57E-01	-1.26E-01	1.11E-01	6.57E-02	
group_7921	4.37E-01	3.60E-01	9.68E-01	5.80E-03	1.45E-01	2.32E-03	
group_7767	4.33E-01	4.00E-01	8.46E-01	-1.97E-02	1.01E-01	1.13E-02	
group_7701	4.37E-01	1.53E-01	2.57E-01	-1.26E-01	1.11E-01	6.57E-02	
group_7240	4.37E-01	3.60E-01	9.68E-01	5.80E-03	1.45E-01	2.32E-03	
group_6000	4.37E-01	1.53E-01	2.57E-01	-1.26E-01	1.11E-01	6.57E-02	
group_5999	4.37E-01	1.53E-01	2.57E-01	-1.26E-01	1.11E-01	6.57E-02	
caiD	4.37E-01	1.53E-01	2.57E-01	-1.26E-01	1.11E-01	6.57E-02	
group_5066	4.33E-01	1.06E-01	4.68E-01	1.35E-01	1.86E-01	4.20E-02	
group_4680	4.37E-01	3.60E-01	9.68E-01	5.80E-03	1.45E-01	2.32E-03	
group_838	4.37E-01	3.60E-01	9.68E-01	5.80E-03	1.45E-01	2.32E-03	
group_13335	4.33E-01	1.75E-01	2.71E-01	-1.16E-01	1.05E-01	6.38E-02	
group_10172	4.33E-01	6.12E-02	1.79E-01	-1.06E-01	7.84E-02	7.78E-02	
group_4318	4.33E-01	4.00E-01	3.75E-01	-1.38E-01	1.56E-01	5.14E-02	
group_18329	4.33E-01	2.72E-01	1.00E+00	-5.04E-06	1.61E-01	1.81E-06	
group_18328	4.33E-01	2.72E-01	1.00E+00	-5.04E-06	1.61E-01	1.81E-06	
group_14958	4.30E-01	1.23E-01	6.99E-02	-1.60E-01	8.81E-02	1.05E-01	
group_14957	4.30E-01	1.23E-01	6.99E-02	-1.60E-01	8.81E-02	1.05E-01	
group_7302	4.30E-01	1.01E-02	9.30E-01	8.72E-03	9.86E-02	5.12E-03	
group_15289	4.30E-01	9.96E-01	5.94E-01	-1.60E-01	2.99E-01	3.09E-02	
group_14780	4.27E-01	8.40E-02	1.02E-01	-1.43E-01	8.70E-02	9.46E-02	
group_14052	4.27E-01	1.42E-01	4.82E-01	8.35E-02	1.19E-01	4.07E-02	
group_13138	4.30E-01	1.21E-01	5.57E-01	4.67E-02	7.95E-02	3.40E-02	
group_9419	4.27E-01	7.36E-01	3.20E-01	-1.20E-01	1.20E-01	5.76E-02	
group_9156	4.27E-01	1.42E-01	4.82E-01	8.35E-02	1.19E-01	4.07E-02	
group_7817	4.27E-01	7.36E-01	3.20E-01	-1.20E-01	1.20E-01	5.76E-02	
group_6394	4.27E-01	1.42E-01	4.82E-01	8.35E-02	1.19E-01	4.07E-02	
group_6393	4.27E-01	1.42E-01	4.82E-01	8.35E-02	1.19E-01	4.07E-02	
group_5137	4.27E-01	1.71E-01	4.24E-01	-6.54E-02	8.16E-02	4.64E-02	
group_4508	4.27E-01	7.36E-01	3.20E-01	-1.20E-01	1.20E-01	5.76E-02	
group_19896	4.20E-01	7.51E-02	7.78E-01	-2.33E-02	8.25E-02	1.64E-02	
hmoA	4.23E-01	9.78E-02	4.60E-01	9.12E-02	1.23E-01	4.28E-02	
group_7095	4.23E-01	5.32E-04	8.02E-01	1.92E-02	7.62E-02	1.46E-02	
group_18257	4.23E-01	3.79E-01	2.47E-01	-1.53E-01	1.32E-01	6.70E-02	
bluF	4.20E-01	3.57E-02	9.84E-01	1.88E-03	9.58E-02	1.14E-03	
group_12438	4.17E-01	3.36E-09	9.58E-01	5.15E-03	9.68E-02	3.08E-03	
group_12218	4.20E-01	7.72E-01	3.13E-01	-9.95E-02	9.86E-02	5.84E-02	
group_9634	4.17E-01	3.36E-09	9.58E-01	5.15E-03	9.68E-02	3.08E-03	
group_7818	4.20E-01	8.20E-01	3.76E-01	-9.66E-02	1.09E-01	5.13E-02	
group_6399	4.17E-01	9.66E-01	2.18E-02	-2.57E-01	1.11E-01	1.32E-01	
group_4043	4.17E-01	3.21E-01	8.72E-01	1.38E-02	8.56E-02	9.35E-03	
mepA~~~norM	4.20E-01	1.51E-08	1.49E-01	-1.21E-01	8.34E-02	8.35E-02	
group_16168	4.20E-01	4.56E-01	7.16E-01	3.75E-02	1.03E-01	2.11E-02	
group_14845	4.20E-01	9.75E-01	8.52E-01	-3.43E-02	1.84E-01	1.08E-02	
group_9946	4.13E-01	5.09E-01	6.44E-01	-3.25E-02	7.03E-02	2.68E-02	
group_5359	4.17E-01	2.22E-02	5.55E-01	6.91E-02	1.17E-01	3.42E-02	
hsrA~~~rspA	4.17E-01	9.66E-01	5.99E-02	-3.50E-01	1.85E-01	1.09E-01	
group_16989	4.17E-01	1.30E-05	7.10E-01	2.92E-02	7.84E-02	2.15E-02	
nudL	4.13E-01	6.88E-01	5.35E-01	-6.10E-02	9.81E-02	3.60E-02	
group_12696	4.13E-01	7.06E-01	7.75E-01	-2.93E-02	1.02E-01	1.66E-02	
group_11892	4.13E-01	7.06E-01	7.75E-01	-2.93E-02	1.02E-01	1.66E-02	
group_10053	4.10E-01	5.57E-01	9.36E-01	-8.82E-03	1.09E-01	4.67E-03	
group_9393	4.17E-01	1.09E-02	8.80E-01	2.25E-02	1.48E-01	8.78E-03	
group_7871	4.10E-01	5.57E-01	9.36E-01	-8.82E-03	1.09E-01	4.67E-03	
group_4598	4.10E-01	5.57E-01	9.36E-01	-8.82E-03	1.09E-01	4.67E-03	
group_10750	4.10E-01	6.51E-01	6.93E-01	-3.94E-02	9.98E-02	2.29E-02	
group_7235	4.07E-01	5.98E-01	1.65E-01	-1.12E-01	8.03E-02	8.05E-02	
group_17891	4.07E-01	6.08E-01	1.29E-01	-1.23E-01	8.09E-02	8.78E-02	
group_7271	4.00E-01	9.17E-01	6.66E-02	-1.90E-01	1.03E-01	1.06E-01	
group_17916	3.97E-01	2.83E-01	6.69E-01	-3.97E-02	9.27E-02	2.48E-02	
group_17832	4.03E-01	8.58E-01	9.79E-01	-4.01E-03	1.54E-01	1.51E-03	
group_15739	3.97E-01	3.10E-01	8.99E-01	1.04E-02	8.15E-02	7.38E-03	
yvaA	3.97E-01	3.10E-01	8.99E-01	1.04E-02	8.15E-02	7.38E-03	
group_12109	4.00E-01	2.03E-10	1.84E-01	1.22E-01	9.12E-02	7.70E-02	
group_1127	4.03E-01	1.39E-01	5.76E-01	5.91E-02	1.05E-01	3.24E-02	
group_10076	4.00E-01	2.50E-02	5.72E-01	-4.78E-02	8.46E-02	3.27E-02	
piuB	3.97E-01	1.74E-02	9.37E-01	9.55E-03	1.20E-01	4.61E-03	
group_13436	3.97E-01	1.74E-02	9.37E-01	9.55E-03	1.20E-01	4.61E-03	
group_12050	3.97E-01	1.74E-02	9.37E-01	9.45E-03	1.20E-01	4.56E-03	
group_10586	3.93E-01	6.08E-02	4.22E-01	-4.96E-02	6.17E-02	4.65E-02	
group_21083	3.90E-01	3.65E-01	5.32E-01	-6.18E-02	9.88E-02	3.62E-02	
group_10604	3.90E-01	3.65E-01	5.32E-01	-6.18E-02	9.88E-02	3.62E-02	
group_8383	3.93E-01	3.17E-06	5.57E-01	4.91E-02	8.34E-02	3.41E-02	
mazG	3.93E-01	8.01E-04	8.73E-01	1.57E-02	9.86E-02	9.25E-03	
group_19816	3.90E-01	7.02E-01	7.30E-02	1.33E-01	7.42E-02	1.04E-01	
group_18764	3.90E-01	8.69E-02	8.51E-01	4.74E-02	2.52E-01	1.09E-02	
group_16004	3.90E-01	4.84E-02	6.43E-01	1.78E-01	3.83E-01	2.68E-02	
group_12823	3.90E-01	2.54E-02	9.78E-01	2.96E-03	1.08E-01	1.58E-03	
group_16071	3.87E-01	3.17E-03	5.58E-01	-4.00E-02	6.83E-02	3.39E-02	
group_13836	3.83E-01	6.06E-01	3.68E-01	7.64E-02	8.47E-02	5.22E-02	
group_12430	3.87E-01	3.94E-01	5.08E-03	-4.32E-01	1.53E-01	1.61E-01	
group_10153	3.80E-01	8.58E-01	7.44E-01	-3.04E-02	9.29E-02	1.90E-02	
group_6138	3.83E-01	8.00E-01	1.51E-01	-1.48E-01	1.03E-01	8.31E-02	
group_20446	3.80E-01	2.26E-07	6.24E-03	1.87E-01	6.81E-02	1.58E-01	
group_19514	3.80E-01	7.28E-01	2.37E-01	-1.29E-01	1.09E-01	6.85E-02	
group_10849	3.80E-01	3.83E-01	5.32E-01	-5.75E-02	9.19E-02	3.62E-02	
group_8008	3.83E-01	8.37E-06	1.31E-01	1.40E-01	9.24E-02	8.74E-02	
group_6725	3.77E-01	2.47E-01	2.85E-01	-1.16E-01	1.09E-01	6.19E-02	
group_4926	3.80E-01	6.59E-01	2.35E-01	-1.26E-01	1.06E-01	6.88E-02	
group_3618	3.83E-01	8.37E-06	1.31E-01	1.40E-01	9.24E-02	8.74E-02	
group_3521	3.77E-01	2.47E-01	4.43E-01	-4.56E-02	5.93E-02	4.45E-02	
group_19228	3.73E-01	1.20E-01	2.17E-01	-9.76E-02	7.89E-02	7.15E-02	
group_16895	3.80E-01	1.35E-01	3.99E-01	-1.75E-01	2.07E-01	4.89E-02	
group_16632	3.80E-01	3.83E-01	6.18E-01	4.23E-02	8.47E-02	2.89E-02	
group_9670	3.77E-01	8.73E-01	4.08E-01	-5.78E-02	6.98E-02	4.80E-02	
group_11601	3.73E-01	7.70E-01	7.30E-01	-2.82E-02	8.14E-02	2.00E-02	
group_10908	3.77E-01	5.14E-02	1.11E-01	3.31E-01	2.07E-01	9.23E-02	
group_9158	3.77E-01	6.17E-03	4.97E-01	1.50E-01	2.21E-01	3.93E-02	
group_9100	3.73E-01	4.45E-01	6.30E-01	-4.24E-02	8.80E-02	2.79E-02	
fecA~~~fcuA	3.70E-01	7.13E-02	9.17E-01	-1.17E-02	1.11E-01	6.07E-03	
group_18544	3.70E-01	4.00E-01	4.03E-01	-7.98E-02	9.53E-02	4.85E-02	
group_13363	3.73E-01	1.11E-07	1.56E-02	1.85E-01	7.60E-02	1.39E-01	
group_13040	3.70E-01	1.71E-01	9.99E-01	1.16E-04	8.37E-02	8.03E-05	
group_13035	3.73E-01	1.11E-07	1.56E-02	1.85E-01	7.60E-02	1.39E-01	
group_13034	3.73E-01	1.11E-07	1.56E-02	1.85E-01	7.60E-02	1.39E-01	
group_12804	3.73E-01	1.11E-07	1.56E-02	1.85E-01	7.60E-02	1.39E-01	
group_12717	3.73E-01	1.11E-07	1.56E-02	1.85E-01	7.60E-02	1.39E-01	
group_12300	3.70E-01	1.71E-01	9.99E-01	1.16E-04	8.37E-02	8.03E-05	
group_12289	3.73E-01	1.11E-07	1.56E-02	1.85E-01	7.60E-02	1.39E-01	
group_12023	3.73E-01	1.11E-07	1.56E-02	1.85E-01	7.60E-02	1.39E-01	
group_11915	3.73E-01	1.11E-07	1.56E-02	1.85E-01	7.60E-02	1.39E-01	
group_10787	3.73E-01	1.11E-07	1.56E-02	1.85E-01	7.60E-02	1.39E-01	
group_7952	3.70E-01	2.02E-01	7.04E-01	3.60E-02	9.46E-02	2.20E-02	
group_21118	3.70E-01	2.02E-01	8.93E-01	1.07E-02	7.94E-02	7.80E-03	
group_20784	3.67E-01	1.48E-01	7.61E-02	-1.44E-01	8.11E-02	1.03E-01	
group_20783	3.67E-01	1.48E-01	7.61E-02	-1.44E-01	8.11E-02	1.03E-01	
group_20738	3.67E-01	1.48E-01	7.61E-02	-1.44E-01	8.11E-02	1.03E-01	
group_20598	3.70E-01	3.86E-02	9.91E-01	2.51E-03	2.16E-01	6.74E-04	
lysR~~~hdfR~~~cysL	3.70E-01	3.86E-02	9.91E-01	2.51E-03	2.16E-01	6.74E-04	
phoX	3.70E-01	6.30E-01	5.99E-01	-8.47E-02	1.61E-01	3.05E-02	
bhuA	3.70E-01	7.13E-02	6.77E-02	-1.77E-01	9.67E-02	1.06E-01	
group_13813	3.70E-01	3.12E-01	8.64E-01	-3.48E-02	2.03E-01	9.93E-03	
mdtB~~~mdtA	3.70E-01	3.12E-01	8.64E-01	-3.48E-02	2.03E-01	9.93E-03	
group_12502	3.70E-01	3.12E-01	8.64E-01	-3.48E-02	2.03E-01	9.93E-03	
group_19343	3.63E-01	3.24E-07	1.11E-01	1.18E-01	7.40E-02	9.23E-02	
tPR	3.67E-01	3.49E-01	6.68E-01	-6.06E-02	1.41E-01	2.49E-02	
group_17766	3.63E-01	4.31E-03	2.91E-01	-9.43E-02	8.90E-02	6.12E-02	
group_16233	3.67E-01	2.37E-01	1.82E-01	1.05E-01	7.83E-02	7.73E-02	
group_14393	3.67E-01	8.35E-02	5.21E-02	-2.88E-01	1.48E-01	1.12E-01	
group_13214	3.67E-01	3.49E-01	5.15E-01	-1.15E-01	1.76E-01	3.77E-02	
group_13208	3.67E-01	1.15E-02	5.67E-01	1.41E-01	2.45E-01	3.32E-02	
group_11226	3.67E-01	2.30E-01	9.33E-01	2.54E-02	3.03E-01	4.85E-03	
group_4764	3.60E-01	9.92E-01	7.89E-01	-2.50E-02	9.35E-02	1.55E-02	
ybgC~~~fadM	3.60E-01	3.42E-02	3.91E-01	9.70E-02	1.13E-01	4.97E-02	
group_19385	3.60E-01	3.42E-02	3.91E-01	9.70E-02	1.13E-01	4.97E-02	
group_13129	3.60E-01	4.31E-01	6.84E-01	-3.21E-02	7.89E-02	2.36E-02	
group_12096	3.63E-01	4.37E-04	6.42E-01	-3.30E-02	7.11E-02	2.69E-02	
group_10109	3.60E-01	2.18E-05	9.40E-01	4.20E-03	5.55E-02	4.38E-03	
group_10025	3.63E-01	1.61E-05	9.01E-01	-1.16E-02	9.32E-02	7.24E-03	
group_4340	3.60E-01	4.31E-01	8.89E-01	-1.15E-02	8.22E-02	8.11E-03	
group_20513	3.60E-01	4.31E-01	9.09E-01	3.11E-02	2.72E-01	6.61E-03	
fixC	3.57E-01	4.08E-02	4.28E-01	8.51E-02	1.07E-01	4.59E-02	
group_19511	3.60E-01	6.41E-02	9.32E-01	-6.33E-03	7.39E-02	4.96E-03	
group_18889	3.57E-01	7.24E-01	4.81E-01	-7.09E-02	1.00E-01	4.08E-02	
group_18831	3.57E-01	7.24E-01	4.81E-01	-7.09E-02	1.00E-01	4.08E-02	
group_18756	3.60E-01	1.87E-01	9.23E-01	-1.49E-02	1.54E-01	5.59E-03	
nodU	3.57E-01	7.24E-01	4.81E-01	-7.09E-02	1.00E-01	4.08E-02	
group_18746	3.57E-01	7.24E-01	4.81E-01	-7.09E-02	1.00E-01	4.08E-02	
group_18745	3.57E-01	7.24E-01	4.81E-01	-7.09E-02	1.00E-01	4.08E-02	
group_18672	3.57E-01	7.24E-01	4.81E-01	-7.09E-02	1.00E-01	4.08E-02	
bshA	3.57E-01	7.24E-01	4.81E-01	-7.09E-02	1.00E-01	4.08E-02	
group_18671	3.57E-01	7.24E-01	4.81E-01	-7.09E-02	1.00E-01	4.08E-02	
group_18543	3.57E-01	7.24E-01	4.81E-01	-7.09E-02	1.00E-01	4.08E-02	
group_16557	3.60E-01	3.55E-03	1.43E-01	-1.06E-01	7.26E-02	8.47E-02	
group_16363	3.60E-01	3.42E-02	6.00E-01	-6.20E-02	1.18E-01	3.04E-02	
group_12590	3.60E-01	1.72E-02	8.89E-01	3.48E-02	2.49E-01	8.08E-03	
group_12353	3.60E-01	1.72E-02	8.62E-01	-9.02E-02	5.20E-01	1.01E-02	
group_11895	3.60E-01	1.72E-02	8.62E-01	-9.02E-02	5.20E-01	1.01E-02	
group_11682	3.60E-01	1.72E-02	8.62E-01	-9.02E-02	5.20E-01	1.01E-02	
group_11422	3.60E-01	1.72E-02	8.62E-01	-9.02E-02	5.20E-01	1.01E-02	
group_10020	3.60E-01	1.72E-02	8.62E-01	-9.02E-02	5.20E-01	1.01E-02	
group_9373	3.53E-01	8.80E-02	6.41E-01	-5.21E-02	1.12E-01	2.70E-02	
group_7906	3.60E-01	6.41E-02	9.71E-01	-5.41E-03	1.50E-01	2.09E-03	
group_7821	3.60E-01	6.45E-06	7.22E-01	3.27E-02	9.17E-02	2.06E-02	
group_7809	3.60E-01	1.72E-02	8.62E-01	-9.02E-02	5.20E-01	1.01E-02	
group_7522	3.60E-01	1.72E-02	8.82E-01	3.68E-02	2.48E-01	8.60E-03	
group_5300	3.60E-01	1.72E-02	8.62E-01	-9.02E-02	5.20E-01	1.01E-02	
rclR	3.60E-01	1.72E-02	8.62E-01	-9.02E-02	5.20E-01	1.01E-02	
group_19537	3.57E-01	4.44E-03	2.21E-01	1.29E-01	1.05E-01	7.09E-02	
group_18830	3.53E-01	6.67E-01	4.04E-01	-8.08E-02	9.67E-02	4.84E-02	
hupH~~~dcg1	3.57E-01	4.08E-02	1.46E-01	2.78E-01	1.91E-01	8.41E-02	
xerD~~~xerC	3.53E-01	5.24E-01	9.89E-01	9.86E-04	7.09E-02	8.05E-04	
group_13593	3.57E-01	2.08E-02	9.47E-01	-1.17E-02	1.77E-01	3.83E-03	
group_13516	3.57E-01	2.08E-02	4.72E-02	-5.96E-01	2.99E-01	1.15E-01	
group_12417	3.53E-01	2.77E-04	7.29E-02	-1.61E-01	8.93E-02	1.04E-01	
group_11640	3.57E-01	9.93E-03	2.90E-01	1.71E-01	1.61E-01	6.13E-02	
mobA	3.57E-01	2.08E-02	8.80E-01	-4.31E-02	2.85E-01	8.77E-03	
group_10929	3.53E-01	8.80E-02	9.59E-01	4.66E-03	9.04E-02	2.99E-03	
coxI~~~xdhC~~~paoD	3.57E-01	2.08E-02	8.78E-01	-4.37E-02	2.85E-01	8.90E-03	
group_10026	3.57E-01	2.95E-05	8.79E-01	-1.33E-02	8.72E-02	8.85E-03	
group_9875	3.57E-01	2.08E-02	8.71E-01	-4.64E-02	2.85E-01	9.43E-03	
group_9683	3.57E-01	2.08E-02	8.57E-01	-2.06E-02	1.14E-01	1.04E-02	
group_9206	3.53E-01	8.80E-02	9.59E-01	4.66E-03	9.04E-02	2.99E-03	
group_8269	3.53E-01	8.70E-01	3.87E-01	-7.60E-02	8.78E-02	5.01E-02	
group_5789	3.57E-01	9.31E-01	6.79E-01	3.29E-02	7.96E-02	2.40E-02	
group_21117	3.50E-01	3.18E-07	1.15E-01	1.19E-01	7.52E-02	9.11E-02	
group_18829	3.50E-01	8.10E-01	4.05E-01	-7.86E-02	9.44E-02	4.82E-02	
gsiD~~~dppC	3.53E-01	2.51E-02	1.27E-01	2.97E-01	1.94E-01	8.84E-02	
group_15338	3.53E-01	2.51E-02	1.27E-01	2.97E-01	1.94E-01	8.84E-02	
group_15203	3.53E-01	2.51E-02	1.27E-01	2.97E-01	1.94E-01	8.84E-02	
group_15202	3.53E-01	2.51E-02	1.27E-01	2.97E-01	1.94E-01	8.84E-02	
group_15068	3.53E-01	2.51E-02	1.27E-01	2.97E-01	1.94E-01	8.84E-02	
group_14922	3.53E-01	2.51E-02	1.27E-01	2.97E-01	1.94E-01	8.84E-02	
gntR~~~rspR	3.53E-01	2.51E-02	1.27E-01	2.97E-01	1.94E-01	8.84E-02	
group_12708	3.53E-01	2.51E-02	8.56E-01	-4.00E-02	2.20E-01	1.05E-02	
group_11600	3.50E-01	6.86E-03	1.82E-01	1.40E-01	1.05E-01	7.73E-02	
group_11473	3.53E-01	2.51E-02	8.56E-01	-4.00E-02	2.20E-01	1.05E-02	
yybR	3.53E-01	1.22E-02	3.73E-01	2.63E-01	2.95E-01	5.16E-02	
group_10597	3.53E-01	2.51E-02	8.67E-01	-3.68E-02	2.20E-01	9.72E-03	
group_10407	3.53E-01	2.51E-02	8.68E-01	-3.66E-02	2.19E-01	9.65E-03	
group_9989	3.53E-01	1.22E-02	3.73E-01	2.63E-01	2.95E-01	5.16E-02	
group_9874	3.53E-01	2.51E-02	4.47E-01	-1.69E-01	2.21E-01	4.41E-02	
kdgR	3.53E-01	1.22E-02	7.07E-01	6.76E-02	1.80E-01	2.18E-02	
group_8908	3.53E-01	2.51E-02	8.70E-01	-3.60E-02	2.20E-01	9.46E-03	
group_8781	3.53E-01	2.51E-02	8.72E-01	-3.54E-02	2.19E-01	9.34E-03	
group_8780	3.53E-01	2.51E-02	8.72E-01	-3.54E-02	2.19E-01	9.34E-03	
group_6023	3.53E-01	1.22E-02	2.97E-01	2.44E-01	2.34E-01	6.04E-02	
group_5791	3.53E-01	2.51E-02	8.72E-01	-3.54E-02	2.19E-01	9.34E-03	
hsaB	3.53E-01	2.51E-02	8.72E-01	-3.54E-02	2.19E-01	9.34E-03	
group_20699	3.50E-01	5.74E-02	7.16E-01	5.87E-02	1.61E-01	2.11E-02	
group_20698	3.50E-01	5.74E-02	7.16E-01	5.87E-02	1.61E-01	2.11E-02	
group_20614	3.50E-01	5.74E-02	7.16E-01	5.87E-02	1.61E-01	2.11E-02	
group_20540	3.50E-01	5.74E-02	7.16E-01	5.87E-02	1.61E-01	2.11E-02	
occR~~~lysR	3.50E-01	5.74E-02	7.16E-01	5.87E-02	1.61E-01	2.11E-02	
group_20539	3.50E-01	5.74E-02	7.16E-01	5.87E-02	1.61E-01	2.11E-02	
group_20482	3.50E-01	5.74E-02	7.16E-01	5.87E-02	1.61E-01	2.11E-02	
btuD~~~oppF	3.50E-01	5.74E-02	7.16E-01	5.87E-02	1.61E-01	2.11E-02	
lsrF	3.47E-01	4.04E-04	9.71E-01	-3.57E-03	9.66E-02	2.14E-03	
nagR~~~mngR	3.47E-01	4.62E-05	5.71E-01	-5.62E-02	9.89E-02	3.29E-02	
group_18362	3.50E-01	2.97E-03	3.09E-01	-7.29E-02	7.15E-02	5.89E-02	
virB10~~~trbI	3.50E-01	2.97E-03	3.09E-01	-7.29E-02	7.15E-02	5.89E-02	
group_17946	3.50E-01	2.97E-03	3.09E-01	-7.29E-02	7.15E-02	5.89E-02	
group_17945	3.50E-01	2.97E-03	3.09E-01	-7.29E-02	7.15E-02	5.89E-02	
group_14410	3.50E-01	3.30E-09	2.74E-01	9.37E-02	8.54E-02	6.34E-02	
group_13812	3.50E-01	5.74E-02	5.72E-02	-1.84E-01	9.64E-02	1.10E-01	
group_13215	3.50E-01	5.74E-02	5.72E-02	-1.84E-01	9.64E-02	1.10E-01	
group_13080	3.50E-01	3.01E-02	8.61E-01	-3.27E-02	1.86E-01	1.02E-02	
group_11982	3.50E-01	1.49E-02	9.03E-01	-1.96E-02	1.61E-01	7.09E-03	
group_10878	3.50E-01	1.49E-02	9.03E-01	-1.96E-02	1.61E-01	7.09E-03	
group_10392	3.47E-01	7.50E-01	5.30E-01	-6.67E-02	1.06E-01	3.64E-02	
group_6029	3.50E-01	3.01E-02	3.70E-01	-1.75E-01	1.94E-01	5.20E-02	
group_20613	3.47E-01	6.76E-02	7.63E-01	4.43E-02	1.47E-01	1.75E-02	
group_19131	3.47E-01	1.19E-01	8.18E-01	-2.72E-02	1.18E-01	1.34E-02	
group_18500	3.43E-01	9.95E-05	6.92E-01	-3.88E-02	9.78E-02	2.30E-02	
group_18499	3.43E-01	9.95E-05	6.92E-01	-3.88E-02	9.78E-02	2.30E-02	
group_13075	3.47E-01	3.61E-02	8.39E-01	-3.36E-02	1.65E-01	1.18E-02	
cysP	3.47E-01	3.61E-02	8.81E-02	-3.95E-01	2.31E-01	9.86E-02	
group_20538	3.43E-01	7.93E-02	8.03E-01	3.40E-02	1.36E-01	1.45E-02	
group_19216	3.43E-01	8.84E-06	1.05E-01	1.52E-01	9.35E-02	9.36E-02	
group_18628	3.40E-01	2.08E-04	7.10E-01	-3.65E-02	9.80E-02	2.16E-02	
rbsC~~~araH	3.40E-01	2.08E-04	7.10E-01	-3.65E-02	9.80E-02	2.16E-02	
corA~~~zntB	3.43E-01	7.93E-02	5.98E-01	-9.97E-02	1.89E-01	3.05E-02	
group_13703	3.40E-01	3.65E-02	1.06E-01	-1.26E-01	7.78E-02	9.34E-02	
group_13701	3.40E-01	3.65E-02	1.06E-01	-1.26E-01	7.78E-02	9.34E-02	
group_13619	3.40E-01	3.65E-02	1.06E-01	-1.26E-01	7.78E-02	9.34E-02	
group_13071	3.40E-01	3.65E-02	1.06E-01	-1.26E-01	7.78E-02	9.34E-02	
group_12770	3.40E-01	6.85E-02	4.25E-01	-6.25E-02	7.83E-02	4.62E-02	
group_12340	3.43E-01	4.30E-02	8.24E-01	-3.34E-02	1.50E-01	1.29E-02	
group_12126	3.43E-01	4.30E-02	1.09E-01	-3.20E-01	1.99E-01	9.27E-02	
group_11424	3.43E-01	2.19E-02	4.78E-01	-1.12E-01	1.57E-01	4.11E-02	
group_11416	3.43E-01	4.30E-02	8.24E-01	-3.34E-02	1.50E-01	1.29E-02	
todT	3.43E-01	2.19E-02	4.78E-01	-1.12E-01	1.57E-01	4.11E-02	
group_10069	3.43E-01	2.19E-02	4.78E-01	-1.12E-01	1.57E-01	4.11E-02	
group_10029	3.43E-01	2.19E-02	4.78E-01	-1.12E-01	1.57E-01	4.11E-02	
group_8729	3.43E-01	2.19E-02	4.78E-01	-1.12E-01	1.57E-01	4.11E-02	
rbsA	3.37E-01	4.24E-04	9.15E-01	-1.02E-02	9.48E-02	6.22E-03	
group_18627	3.37E-01	4.24E-04	9.29E-01	-8.58E-03	9.57E-02	5.20E-03	
group_15282	3.40E-01	5.10E-02	2.56E-01	-1.64E-01	1.44E-01	6.57E-02	
mntP	3.40E-01	1.28E-02	6.30E-01	1.07E-01	2.21E-01	2.79E-02	
group_12861	3.40E-01	5.10E-02	1.55E-01	-2.46E-01	1.72E-01	8.22E-02	
group_12222	3.40E-01	3.59E-04	1.49E-01	1.61E-01	1.11E-01	8.36E-02	
group_12006	3.40E-01	1.28E-02	4.06E-01	-1.38E-01	1.65E-01	4.81E-02	
group_11637	3.40E-01	1.28E-02	6.49E-01	-1.79E-01	3.93E-01	2.64E-02	
group_11317	3.37E-01	6.03E-02	8.52E-01	-1.19E-02	6.35E-02	1.08E-02	
group_10918	3.40E-01	1.28E-02	4.06E-01	-1.38E-01	1.65E-01	4.81E-02	
group_10883	3.40E-01	1.28E-02	6.49E-01	-1.79E-01	3.93E-01	2.64E-02	
group_9198	3.40E-01	1.28E-02	4.06E-01	-1.38E-01	1.65E-01	4.81E-02	
group_9014	3.33E-01	7.12E-05	8.02E-01	2.53E-02	1.01E-01	1.45E-02	
group_5401	3.40E-01	1.28E-02	4.06E-01	-1.38E-01	1.65E-01	4.81E-02	
group_16660	3.37E-01	1.24E-03	2.27E-01	-9.21E-02	7.61E-02	7.00E-02	
group_14100	3.37E-01	1.56E-02	9.56E-01	2.03E-02	3.66E-01	3.21E-03	
group_13461	3.37E-01	1.24E-03	2.27E-01	-9.21E-02	7.61E-02	7.00E-02	
group_12649	3.30E-01	6.60E-01	7.30E-01	-2.97E-02	8.62E-02	2.00E-02	
group_12437	3.37E-01	1.56E-02	9.56E-01	2.03E-02	3.66E-01	3.21E-03	
group_11973	3.37E-01	3.17E-02	3.80E-02	-2.10E-01	1.01E-01	1.20E-01	
group_11823	3.37E-01	2.84E-03	5.20E-01	-6.46E-02	1.00E-01	3.73E-02	
group_11542	3.37E-01	1.56E-02	9.56E-01	2.03E-02	3.66E-01	3.21E-03	
group_11059	3.37E-01	1.24E-03	2.27E-01	-9.21E-02	7.61E-02	7.00E-02	
group_10861	3.33E-01	3.87E-03	4.06E-01	9.43E-02	1.13E-01	4.81E-02	
group_10751	3.37E-01	2.84E-03	5.20E-01	-6.46E-02	1.00E-01	3.73E-02	
group_10195	3.37E-01	1.56E-02	9.56E-01	2.03E-02	3.66E-01	3.21E-03	
prsK	3.37E-01	1.56E-02	9.56E-01	2.03E-02	3.66E-01	3.21E-03	
cysW	3.37E-01	6.03E-02	8.90E-03	-4.26E-01	1.62E-01	1.51E-01	
cysT	3.37E-01	6.03E-02	8.90E-03	-4.26E-01	1.62E-01	1.51E-01	
wbbJ	3.33E-01	1.58E-03	1.99E-01	2.14E-01	1.66E-01	7.44E-02	
gsiA~~~ddpF~~~dppD	3.33E-01	3.79E-02	8.73E-01	2.54E-02	1.58E-01	9.30E-03	
group_13620	3.30E-01	3.85E-02	1.10E-01	-1.19E-01	7.41E-02	9.25E-02	
group_12853	3.33E-01	6.02E-04	5.17E-01	-5.05E-02	7.79E-02	3.75E-02	
group_12459	3.33E-01	7.10E-02	1.05E-01	-2.58E-01	1.59E-01	9.38E-02	
group_12095	3.33E-01	6.02E-04	5.17E-01	-5.05E-02	7.79E-02	3.75E-02	
group_11156	3.30E-01	4.77E-01	6.21E-01	-4.82E-02	9.73E-02	2.87E-02	
group_10169	3.33E-01	3.87E-03	6.70E-01	8.09E-02	1.89E-01	2.47E-02	
group_9420	3.30E-01	7.08E-01	5.81E-01	-5.06E-02	9.16E-02	3.20E-02	
group_1164	3.27E-01	2.76E-02	9.89E-01	1.42E-03	9.89E-02	8.35E-04	
group_19843	3.30E-01	2.00E-03	3.81E-01	-6.56E-02	7.48E-02	5.07E-02	
group_17948	3.30E-01	2.00E-03	3.34E-01	-7.68E-02	7.93E-02	5.60E-02	
group_17947	3.30E-01	2.00E-03	3.34E-01	-7.68E-02	7.93E-02	5.60E-02	
group_16236	3.30E-01	1.09E-02	5.25E-01	1.18E-01	1.85E-01	3.68E-02	
group_11710	3.30E-01	2.29E-02	9.61E-01	-1.01E-02	2.03E-01	2.87E-03	
axcR~~~ampR~~~lysR	3.30E-01	8.68E-06	7.07E-01	3.43E-02	9.12E-02	2.18E-02	
blaAXC~~~blaAXC1	3.30E-01	8.68E-06	7.07E-01	3.43E-02	9.12E-02	2.18E-02	
group_18174	3.27E-01	1.25E-04	5.00E-01	-5.39E-02	7.99E-02	3.91E-02	
trbD~~~trbE~~~traM	3.27E-01	9.94E-04	5.19E-01	-5.24E-02	8.12E-02	3.74E-02	
group_17914	3.23E-01	8.74E-04	2.97E-01	-1.03E-01	9.90E-02	6.04E-02	
group_17631	3.27E-01	2.53E-03	3.35E-01	-7.46E-02	7.73E-02	5.58E-02	
group_17590	3.23E-01	8.74E-04	2.97E-01	-1.03E-01	9.90E-02	6.04E-02	
group_17210	3.27E-01	2.53E-03	3.35E-01	-7.46E-02	7.73E-02	5.58E-02	
group_10592	3.27E-01	6.00E-03	1.31E-01	2.98E-01	1.97E-01	8.74E-02	
group_9996	3.27E-01	6.00E-03	1.31E-01	2.98E-01	1.97E-01	8.74E-02	
group_8766	3.27E-01	6.00E-03	1.31E-01	2.98E-01	1.97E-01	8.74E-02	
group_8574	3.27E-01	3.14E-02	1.70E-01	-1.05E-01	7.67E-02	7.94E-02	
aaeB	3.27E-01	6.00E-03	1.31E-01	2.98E-01	1.97E-01	8.74E-02	
group_22199	3.20E-01	8.95E-01	8.87E-01	-1.40E-02	9.84E-02	8.25E-03	
group_19127	3.23E-01	6.22E-01	1.55E-01	-1.27E-01	8.89E-02	8.23E-02	
group_17915	3.20E-01	6.36E-04	1.91E-01	-1.25E-01	9.56E-02	7.57E-02	
group_11521	3.23E-01	1.27E-03	8.37E-01	-2.21E-02	1.07E-01	1.19E-02	
group_10843	3.20E-01	2.03E-02	4.98E-02	-1.49E-01	7.59E-02	1.13E-01	
group_10160	3.23E-01	1.27E-03	8.37E-01	-2.21E-02	1.07E-01	1.19E-02	
group_9216	3.23E-01	7.43E-03	8.51E-01	3.15E-02	1.67E-01	1.09E-02	
group_8206	3.20E-01	6.85E-01	1.34E-01	-1.36E-01	9.02E-02	8.68E-02	
group_8059	3.23E-01	1.27E-03	8.37E-01	-2.21E-02	1.07E-01	1.19E-02	
group_7943	3.20E-01	3.41E-01	7.70E-01	2.34E-02	8.01E-02	1.69E-02	
group_7886	3.20E-01	8.95E-01	8.87E-01	-1.40E-02	9.84E-02	8.25E-03	
dasR	3.20E-01	2.03E-02	4.98E-02	-1.49E-01	7.59E-02	1.13E-01	
group_4620	3.20E-01	8.95E-01	8.87E-01	-1.40E-02	9.84E-02	8.25E-03	
group_4619	3.20E-01	8.95E-01	8.87E-01	-1.40E-02	9.84E-02	8.25E-03	
group_368	3.20E-01	8.95E-01	8.87E-01	-1.40E-02	9.84E-02	8.25E-03	
group_11894	3.20E-01	2.16E-05	4.23E-02	3.13E-01	1.53E-01	1.17E-01	
group_10762	3.20E-01	2.15E-04	4.25E-01	1.40E-01	1.75E-01	4.62E-02	
group_10326	3.17E-01	3.30E-02	1.36E-01	-1.15E-01	7.68E-02	8.62E-02	
group_8356	3.17E-01	3.30E-02	6.51E-02	-1.40E-01	7.57E-02	1.07E-01	
group_7566	3.17E-01	8.33E-01	8.03E-01	-2.45E-02	9.81E-02	1.44E-02	
group_20900	3.13E-01	1.73E-01	3.49E-01	8.03E-02	8.55E-02	5.43E-02	
group_19985	3.17E-01	9.36E-05	7.08E-01	-3.28E-02	8.75E-02	2.17E-02	
spo0J~~~parB	3.17E-01	9.36E-05	7.08E-01	-3.28E-02	8.75E-02	2.17E-02	
group_19129	3.13E-01	2.66E-02	1.32E-01	-1.07E-01	7.11E-02	8.72E-02	
group_17108	3.17E-01	2.38E-02	5.47E-01	-8.40E-02	1.39E-01	3.49E-02	
group_12886	3.13E-01	2.77E-01	8.49E-01	-1.44E-02	7.52E-02	1.11E-02	
group_12467	3.17E-01	2.81E-04	9.44E-01	8.31E-03	1.19E-01	4.04E-03	
group_12418	3.17E-01	2.05E-03	2.58E-01	1.89E-01	1.66E-01	6.55E-02	
group_11579	3.17E-01	2.81E-04	9.44E-01	8.31E-03	1.19E-01	4.04E-03	
group_10567	3.17E-01	2.38E-02	4.81E-01	-8.96E-02	1.27E-01	4.08E-02	
pbsX	3.13E-01	1.14E-05	9.68E-01	-3.36E-03	8.42E-02	2.31E-03	
group_17241	3.10E-01	2.59E-07	2.78E-01	8.06E-02	7.41E-02	6.29E-02	
intA~~~fimB	3.13E-01	7.82E-07	4.36E-01	6.89E-02	8.83E-02	4.52E-02	
group_13742	3.13E-01	9.57E-02	3.41E-01	8.05E-02	8.43E-02	5.52E-02	
group_11332	3.10E-01	1.18E-01	9.07E-01	1.05E-02	8.99E-02	6.76E-03	
group_8706	3.13E-01	3.27E-04	7.34E-02	-1.17E-01	6.52E-02	1.04E-01	
group_20114	3.07E-01	8.62E-01	8.85E-01	-1.38E-02	9.57E-02	8.38E-03	
group_14021	3.10E-01	3.25E-03	9.94E-01	1.22E-03	1.51E-01	4.69E-04	
group_10761	3.10E-01	1.29E-03	6.51E-02	3.60E-01	1.94E-01	1.07E-01	
group_19178	3.07E-01	2.04E-02	8.67E-01	2.33E-02	1.39E-01	9.70E-03	
group_19053	3.07E-01	2.13E-04	6.86E-01	4.16E-02	1.03E-01	2.35E-02	
group_18154	3.03E-01	9.37E-04	2.65E-01	-1.10E-01	9.82E-02	6.46E-02	
group_10296	3.07E-01	3.26E-09	4.62E-02	2.03E-01	1.01E-01	1.15E-01	
group_8352	3.07E-01	4.67E-01	6.88E-01	-3.46E-02	8.59E-02	2.33E-02	
group_21114	3.03E-01	5.48E-02	7.80E-01	2.67E-02	9.55E-02	1.62E-02	
group_20582	3.03E-01	2.79E-05	3.94E-01	7.67E-02	9.00E-02	4.93E-02	
group_19885	3.00E-01	1.04E-02	7.69E-02	-1.32E-01	7.43E-02	1.02E-01	
group_15502	3.03E-01	1.16E-02	8.04E-01	6.88E-02	2.77E-01	1.44E-02	
group_11693	3.03E-01	9.14E-05	4.37E-02	3.09E-01	1.53E-01	1.17E-01	
group_10982	3.03E-01	8.00E-01	7.42E-01	2.73E-02	8.27E-02	1.91E-02	
group_10400	3.03E-01	9.14E-05	4.37E-02	3.09E-01	1.53E-01	1.17E-01	
lysR~~~cmpR	3.03E-01	8.00E-01	7.42E-01	2.73E-02	8.27E-02	1.91E-02	
aaeX	3.03E-01	2.47E-02	4.79E-01	8.09E-02	1.14E-01	4.10E-02	
group_8456	3.03E-01	9.14E-05	4.37E-02	3.09E-01	1.53E-01	1.17E-01	
group_8455	3.03E-01	9.14E-05	4.37E-02	3.09E-01	1.53E-01	1.17E-01	
group_5408	3.03E-01	9.14E-05	4.37E-02	3.09E-01	1.53E-01	1.17E-01	
group_20029	3.00E-01	8.41E-02	7.60E-01	2.92E-02	9.57E-02	1.77E-02	
group_19845	3.00E-01	8.41E-02	7.60E-01	2.92E-02	9.57E-02	1.77E-02	
group_19647	3.00E-01	8.41E-02	7.60E-01	2.92E-02	9.57E-02	1.77E-02	
group_19577	3.00E-01	8.41E-02	7.60E-01	2.92E-02	9.57E-02	1.77E-02	
group_18173	3.00E-01	1.21E-04	7.95E-01	-2.38E-02	9.15E-02	1.51E-02	
group_17348	2.97E-01	9.83E-07	3.64E-01	7.08E-02	7.79E-02	5.25E-02	
group_10668	3.00E-01	1.81E-03	8.02E-01	-2.53E-02	1.01E-01	1.46E-02	
group_10040	3.00E-01	1.21E-04	5.34E-01	9.25E-02	1.49E-01	3.60E-02	
group_8944	3.00E-01	1.06E-01	1.25E-01	1.28E-01	8.34E-02	8.88E-02	
group_7714	2.97E-01	3.57E-02	7.22E-01	2.87E-02	8.05E-02	2.06E-02	
group_4954	2.93E-01	1.64E-03	2.78E-01	1.10E-01	1.01E-01	6.28E-02	
group_11251	2.97E-01	2.28E-07	4.50E-01	9.06E-02	1.20E-01	4.38E-02	
group_9137	2.93E-01	1.39E-02	8.92E-02	-1.24E-01	7.25E-02	9.83E-02	
group_20510	2.93E-01	6.07E-04	8.13E-01	3.95E-02	1.67E-01	1.37E-02	
group_20509	2.93E-01	6.07E-04	8.13E-01	3.95E-02	1.67E-01	1.37E-02	
group_18193	2.90E-01	2.26E-05	1.38E-01	-1.69E-01	1.13E-01	8.59E-02	
group_18192	2.90E-01	2.26E-05	1.38E-01	-1.69E-01	1.13E-01	8.59E-02	
group_17969	2.90E-01	2.26E-05	1.38E-01	-1.69E-01	1.13E-01	8.59E-02	
group_17652	2.90E-01	2.26E-05	1.38E-01	-1.69E-01	1.13E-01	8.59E-02	
group_17233	2.90E-01	2.26E-05	1.38E-01	-1.69E-01	1.13E-01	8.59E-02	
group_17232	2.90E-01	2.26E-05	1.38E-01	-1.69E-01	1.13E-01	8.59E-02	
group_16459	2.90E-01	2.26E-05	1.38E-01	-1.69E-01	1.13E-01	8.59E-02	
group_11946	2.90E-01	2.33E-02	2.26E-03	-2.47E-01	8.03E-02	1.76E-01	
group_10877	2.93E-01	8.08E-02	7.86E-01	2.28E-02	8.37E-02	1.58E-02	
group_4565	2.87E-01	1.89E-01	3.39E-01	-9.05E-02	9.45E-02	5.54E-02	
rskA	2.90E-01	9.87E-01	8.83E-01	1.17E-02	7.94E-02	8.54E-03	
group_17632	2.90E-01	8.77E-05	7.87E-01	-2.28E-02	8.43E-02	1.57E-02	
group_16316	2.90E-01	7.81E-04	1.55E-01	-1.43E-01	1.00E-01	8.23E-02	
group_13507	2.87E-01	1.36E-03	5.41E-01	-5.94E-02	9.71E-02	3.54E-02	
group_12817	2.90E-01	8.77E-05	4.22E-01	1.87E-01	2.32E-01	4.65E-02	
group_9414	2.87E-01	1.00E-03	1.03E-01	1.57E-01	9.60E-02	9.42E-02	
narL	2.83E-01	3.40E-01	8.73E-01	-1.37E-02	8.60E-02	9.24E-03	
group_7815	2.87E-01	9.22E-01	9.24E-01	7.53E-03	7.92E-02	5.50E-03	
group_6801	2.87E-01	1.00E-03	1.03E-01	1.57E-01	9.60E-02	9.42E-02	
group_5883	2.83E-01	3.40E-01	8.73E-01	-1.37E-02	8.60E-02	9.24E-03	
group_5711	2.83E-01	3.40E-01	8.73E-01	-1.37E-02	8.60E-02	9.24E-03	
group_5434	2.83E-01	3.40E-01	8.73E-01	-1.37E-02	8.60E-02	9.24E-03	
group_5295	2.83E-01	3.40E-01	8.73E-01	-1.37E-02	8.60E-02	9.24E-03	
sigK	2.87E-01	9.22E-01	9.24E-01	7.53E-03	7.92E-02	5.50E-03	
group_3634	2.83E-01	3.40E-01	8.73E-01	-1.37E-02	8.60E-02	9.24E-03	
group_3598	2.83E-01	1.28E-01	6.90E-01	-3.78E-02	9.48E-02	2.31E-02	
group_3001	2.83E-01	3.69E-02	4.10E-01	6.48E-02	7.85E-02	4.77E-02	
group_21111	2.83E-01	9.80E-04	1.47E-01	-1.19E-01	8.17E-02	8.40E-02	
group_19560	2.87E-01	1.16E-04	3.18E-01	-8.07E-02	8.06E-02	5.79E-02	
group_19430	2.87E-01	3.52E-05	3.49E-01	8.86E-02	9.45E-02	5.42E-02	
group_16606	2.80E-01	2.46E-01	9.61E-01	4.11E-03	8.46E-02	2.82E-03	
group_12917	2.83E-01	8.63E-07	3.13E-01	1.20E-01	1.19E-01	5.85E-02	
group_11999	2.83E-01	5.03E-01	8.31E-02	1.39E-01	8.02E-02	1.00E-01	
group_11029	2.83E-01	3.38E-05	3.03E-01	-1.08E-01	1.04E-01	5.96E-02	
group_9368	2.83E-01	3.38E-05	3.03E-01	-1.08E-01	1.04E-01	5.96E-02	
group_6708	2.83E-01	3.38E-05	3.03E-01	-1.08E-01	1.04E-01	5.96E-02	
group_4712	2.83E-01	8.58E-01	4.41E-01	5.88E-02	7.61E-02	4.47E-02	
aroA	2.80E-01	2.46E-01	9.61E-01	4.11E-03	8.46E-02	2.82E-03	
group_3630	2.83E-01	8.58E-01	9.91E-01	9.35E-04	7.99E-02	6.78E-04	
group_19326	2.83E-01	1.10E-01	9.85E-01	-1.65E-03	8.80E-02	1.08E-03	
group_14308	2.83E-01	1.52E-04	2.89E-01	1.40E-01	1.32E-01	6.14E-02	
group_14243	2.83E-01	1.52E-04	2.89E-01	1.40E-01	1.32E-01	6.14E-02	
nanT	2.83E-01	1.52E-04	2.89E-01	1.40E-01	1.32E-01	6.14E-02	
group_13911	2.83E-01	1.52E-04	2.89E-01	1.40E-01	1.32E-01	6.14E-02	
group_19696	2.80E-01	2.00E-04	6.83E-01	5.88E-02	1.44E-01	2.36E-02	
group_17349	2.80E-01	5.78E-08	3.86E-01	7.32E-02	8.44E-02	5.02E-02	
group_12215	2.77E-01	3.58E-03	3.76E-01	-7.30E-02	8.24E-02	5.12E-02	
group_11352	2.80E-01	6.24E-05	6.97E-01	-5.83E-02	1.50E-01	2.26E-02	
group_9508	2.77E-01	7.31E-01	7.61E-01	-2.90E-02	9.52E-02	1.77E-02	
group_7531	2.80E-01	7.59E-01	4.41E-01	-7.00E-02	9.07E-02	4.46E-02	
group_19602	2.73E-01	6.29E-02	3.91E-01	-5.65E-02	6.58E-02	4.97E-02	
group_17265	2.77E-01	8.16E-08	1.31E-01	1.28E-01	8.47E-02	8.73E-02	
group_17260	2.77E-01	1.61E-08	3.08E-02	2.45E-01	1.13E-01	1.25E-01	
group_15371	2.73E-01	3.45E-04	3.73E-02	-1.43E-01	6.85E-02	1.20E-01	
group_12381	2.73E-01	4.73E-01	7.14E-01	3.13E-02	8.54E-02	2.12E-02	
group_11471	2.73E-01	2.26E-06	8.56E-01	2.03E-02	1.12E-01	1.05E-02	
group_10101	2.73E-01	2.26E-06	8.56E-01	2.03E-02	1.12E-01	1.05E-02	
group_7801	2.77E-01	8.26E-05	6.54E-01	6.50E-02	1.45E-01	2.60E-02	
group_7713	2.77E-01	8.26E-05	6.54E-01	6.50E-02	1.45E-01	2.60E-02	
group_6925	2.77E-01	8.26E-05	6.54E-01	6.50E-02	1.45E-01	2.60E-02	
group_19812	2.73E-01	2.29E-08	2.79E-01	9.62E-02	8.86E-02	6.27E-02	
group_16435	2.70E-01	7.05E-04	1.95E-02	-1.61E-01	6.85E-02	1.35E-01	
group_15478	2.70E-01	2.38E-04	2.03E-02	-1.59E-01	6.83E-02	1.34E-01	
group_15243	2.70E-01	7.05E-04	6.34E-02	-1.28E-01	6.88E-02	1.07E-01	
group_15113	2.70E-01	7.05E-04	6.34E-02	-1.28E-01	6.88E-02	1.07E-01	
group_11483	2.70E-01	2.25E-01	8.39E-01	-1.68E-02	8.29E-02	1.18E-02	
group_19821	2.70E-01	7.37E-02	8.62E-02	-1.50E-01	8.71E-02	9.92E-02	
group_16178	2.70E-01	4.32E-05	4.77E-01	9.77E-02	1.37E-01	4.12E-02	
ssuE	2.70E-01	4.32E-05	6.50E-01	6.18E-02	1.36E-01	2.63E-02	
group_19300	2.63E-01	3.30E-02	3.60E-02	-1.59E-01	7.54E-02	1.21E-01	
group_19213	2.63E-01	3.13E-07	9.65E-01	-4.00E-03	9.04E-02	2.56E-03	
group_17035	2.63E-01	9.98E-04	1.90E-02	-1.63E-01	6.91E-02	1.35E-01	
group_14314	2.67E-01	4.13E-03	6.13E-01	-4.24E-02	8.39E-02	2.93E-02	
group_8248	2.67E-01	1.62E-05	9.89E-01	-1.64E-03	1.22E-01	7.79E-04	
group_19783	2.57E-01	2.51E-01	4.11E-01	-6.64E-02	8.06E-02	4.77E-02	
group_16881	2.63E-01	1.08E-04	6.10E-03	-1.88E-01	6.79E-02	1.58E-01	
group_16681	2.63E-01	1.08E-04	6.10E-03	-1.88E-01	6.79E-02	1.58E-01	
group_16179	2.63E-01	2.18E-05	2.74E-01	1.41E-01	1.28E-01	6.34E-02	
group_16156	2.60E-01	2.04E-01	6.33E-01	3.99E-02	8.35E-02	2.77E-02	
group_16143	2.60E-01	2.04E-01	6.33E-01	3.99E-02	8.35E-02	2.77E-02	
group_15564	2.60E-01	7.04E-04	1.56E-02	-1.67E-01	6.85E-02	1.40E-01	
group_14575	2.60E-01	7.18E-05	8.98E-02	-1.97E-01	1.16E-01	9.81E-02	
group_13991	2.63E-01	5.74E-06	9.60E-01	5.45E-03	1.09E-01	2.90E-03	
group_13312	2.63E-01	7.63E-05	6.45E-01	-9.18E-02	1.99E-01	2.67E-02	
ccoG~~~fixG	2.60E-01	4.42E-01	4.11E-02	-1.24E-01	6.05E-02	1.18E-01	
group_12076	2.60E-01	7.18E-05	8.98E-02	-1.97E-01	1.16E-01	9.81E-02	
group_11468	2.60E-01	2.04E-01	5.58E-01	5.02E-02	8.57E-02	3.39E-02	
group_7696	2.57E-01	9.83E-01	6.52E-01	-3.93E-02	8.70E-02	2.61E-02	
group_20451	2.60E-01	1.92E-06	7.19E-02	1.83E-01	1.01E-01	1.04E-01	
group_18170	2.60E-01	7.79E-06	6.10E-02	-2.55E-01	1.36E-01	1.08E-01	
group_17943	2.60E-01	7.79E-06	1.26E-01	-1.85E-01	1.21E-01	8.85E-02	
group_17295	2.60E-01	1.75E-08	2.29E-01	1.35E-01	1.12E-01	6.96E-02	
group_16734	2.57E-01	4.90E-04	7.16E-03	-1.88E-01	6.93E-02	1.55E-01	
group_16733	2.57E-01	4.90E-04	7.16E-03	-1.88E-01	6.93E-02	1.55E-01	
group_11998	2.57E-01	9.83E-01	3.59E-01	7.83E-02	8.51E-02	5.32E-02	
group_10910	2.57E-01	9.83E-01	3.59E-01	7.83E-02	8.51E-02	5.32E-02	
group_3737	2.57E-01	5.73E-01	7.94E-01	-2.58E-02	9.88E-02	1.52E-02	
group_22966	2.57E-01	3.89E-05	1.53E-01	-2.08E-01	1.45E-01	8.28E-02	
group_19415	2.53E-01	2.72E-03	2.41E-01	9.85E-02	8.39E-02	6.78E-02	
group_17036	2.53E-01	9.96E-04	1.91E-02	-1.65E-01	6.98E-02	1.35E-01	
group_16778	2.57E-01	6.02E-07	6.38E-01	4.37E-02	9.29E-02	2.72E-02	
group_12914	2.57E-01	3.89E-05	1.53E-01	-2.08E-01	1.45E-01	8.28E-02	
group_12172	2.57E-01	3.89E-05	1.53E-01	-2.08E-01	1.45E-01	8.28E-02	
group_11170	2.57E-01	3.89E-05	1.53E-01	-2.08E-01	1.45E-01	8.28E-02	
group_10622	2.57E-01	2.62E-06	7.70E-01	5.18E-02	1.77E-01	1.69E-02	
group_9608	2.57E-01	3.89E-05	1.53E-01	-2.08E-01	1.45E-01	8.28E-02	
group_9571	2.57E-01	3.89E-05	1.53E-01	-2.08E-01	1.45E-01	8.28E-02	
group_9462	2.57E-01	1.50E-01	6.35E-01	-4.28E-02	9.01E-02	2.75E-02	
group_8943	2.57E-01	1.50E-01	6.35E-01	-4.28E-02	9.01E-02	2.75E-02	
group_7117	2.57E-01	3.89E-05	1.53E-01	-2.08E-01	1.45E-01	8.28E-02	
group_7070	2.57E-01	3.89E-05	1.53E-01	-2.08E-01	1.45E-01	8.28E-02	
group_7069	2.57E-01	3.89E-05	1.53E-01	-2.08E-01	1.45E-01	8.28E-02	
group_6759	2.57E-01	3.89E-05	1.53E-01	-2.08E-01	1.45E-01	8.28E-02	
group_6096	2.57E-01	1.50E-01	6.35E-01	-4.28E-02	9.01E-02	2.75E-02	
epsC	2.57E-01	1.50E-01	6.35E-01	-4.28E-02	9.01E-02	2.75E-02	
group_3749	2.57E-01	7.29E-10	9.19E-03	3.36E-01	1.28E-01	1.50E-01	bad-chisq
group_19967	2.50E-01	2.70E-02	6.33E-01	4.41E-02	9.23E-02	2.77E-02	
group_17034	2.50E-01	1.96E-03	4.86E-02	-1.34E-01	6.76E-02	1.14E-01	
group_16219	2.53E-01	5.16E-01	7.35E-01	-2.95E-02	8.70E-02	1.97E-02	
group_15134	2.53E-01	5.18E-05	1.80E-01	-1.80E-01	1.34E-01	7.77E-02	
group_15011	2.53E-01	5.18E-05	1.80E-01	-1.80E-01	1.34E-01	7.77E-02	
group_14822	2.53E-01	5.18E-05	1.80E-01	-1.80E-01	1.34E-01	7.77E-02	
group_14602	2.53E-01	5.18E-05	1.80E-01	-1.80E-01	1.34E-01	7.77E-02	
group_14320	2.53E-01	5.18E-05	1.80E-01	-1.80E-01	1.34E-01	7.77E-02	
group_14027	2.53E-01	5.18E-05	1.80E-01	-1.80E-01	1.34E-01	7.77E-02	
group_13670	2.50E-01	8.83E-01	5.45E-01	5.45E-02	8.99E-02	3.51E-02	
group_13517	2.53E-01	5.18E-05	1.80E-01	-1.80E-01	1.34E-01	7.77E-02	
group_13484	2.50E-01	1.96E-03	8.98E-02	1.48E-01	8.68E-02	9.81E-02	
group_11566	2.50E-01	8.83E-01	5.45E-01	5.45E-02	8.99E-02	3.51E-02	
group_11358	2.53E-01	8.31E-07	6.35E-01	5.98E-02	1.26E-01	2.75E-02	
shlB~~~hlyB	2.53E-01	8.31E-07	7.82E-01	3.08E-02	1.11E-01	1.61E-02	
group_11319	2.53E-01	1.78E-07	8.35E-02	1.76E-01	1.01E-01	1.00E-01	
group_10717	2.53E-01	5.16E-01	3.06E-01	8.75E-02	8.53E-02	5.93E-02	
group_10513	2.53E-01	1.05E-09	1.32E-02	3.15E-01	1.26E-01	1.43E-01	bad-chisq
group_9835	2.53E-01	1.78E-07	8.35E-02	1.76E-01	1.01E-01	1.00E-01	
group_9572	2.53E-01	5.18E-05	1.79E-01	-1.80E-01	1.34E-01	7.78E-02	
group_9392	2.53E-01	5.18E-05	1.08E-01	-2.24E-01	1.39E-01	9.29E-02	
group_9200	2.50E-01	8.83E-01	5.45E-01	5.45E-02	8.99E-02	3.51E-02	
group_8631	2.53E-01	1.05E-09	1.32E-02	3.15E-01	1.26E-01	1.43E-01	bad-chisq
group_7645	2.50E-01	8.83E-01	5.45E-01	5.45E-02	8.99E-02	3.51E-02	
group_5612	2.53E-01	1.05E-09	1.32E-02	3.15E-01	1.26E-01	1.43E-01	bad-chisq
group_5465	2.50E-01	8.83E-01	5.45E-01	5.45E-02	8.99E-02	3.51E-02	
arfA	2.50E-01	1.96E-03	8.98E-02	1.48E-01	8.68E-02	9.81E-02	
group_4398	2.50E-01	8.83E-01	5.45E-01	5.45E-02	8.99E-02	3.51E-02	
group_3052	2.50E-01	1.96E-03	8.98E-02	1.48E-01	8.68E-02	9.81E-02	
group_19844	2.50E-01	2.47E-07	8.93E-03	4.75E-01	1.81E-01	1.51E-01	
group_17189	2.50E-01	8.94E-09	1.04E-01	1.81E-01	1.11E-01	9.40E-02	
group_16078	2.50E-01	2.47E-07	5.08E-02	3.54E-01	1.81E-01	1.13E-01	
group_14841	2.50E-01	2.47E-07	4.96E-01	6.29E-02	9.23E-02	3.94E-02	
group_13662	2.50E-01	2.47E-07	4.25E-01	7.51E-02	9.40E-02	4.62E-02	
group_13582	2.50E-01	1.14E-06	8.20E-01	2.11E-02	9.23E-02	1.32E-02	
group_13434	2.47E-01	5.97E-01	9.07E-01	9.41E-03	8.01E-02	6.81E-03	
group_12290	2.50E-01	4.90E-08	2.82E-01	1.18E-01	1.10E-01	6.23E-02	
group_10364	2.50E-01	1.50E-09	2.16E-02	2.74E-01	1.19E-01	1.33E-01	bad-chisq
group_10017	2.50E-01	1.50E-09	2.16E-02	2.74E-01	1.19E-01	1.33E-01	bad-chisq
group_9917	2.50E-01	1.50E-09	2.16E-02	2.74E-01	1.19E-01	1.33E-01	bad-chisq
group_8512	2.50E-01	2.28E-04	4.30E-01	-1.12E-01	1.42E-01	4.57E-02	
group_8417	2.50E-01	1.50E-09	2.16E-02	2.74E-01	1.19E-01	1.33E-01	bad-chisq
group_7802	2.50E-01	1.50E-09	2.16E-02	2.74E-01	1.19E-01	1.33E-01	bad-chisq
group_7667	2.50E-01	1.50E-09	2.16E-02	2.74E-01	1.19E-01	1.33E-01	bad-chisq
group_7502	2.50E-01	2.47E-07	1.13E-01	1.60E-01	1.01E-01	9.16E-02	
group_5347	2.50E-01	1.50E-09	2.16E-02	2.74E-01	1.19E-01	1.33E-01	bad-chisq
group_4974	2.50E-01	1.91E-05	6.42E-01	-5.15E-02	1.11E-01	2.69E-02	
group_4807	2.47E-01	3.41E-01	8.40E-01	1.83E-02	9.06E-02	1.17E-02	
group_4432	2.50E-01	1.50E-09	2.16E-02	2.74E-01	1.19E-01	1.33E-01	bad-chisq
group_3764	2.50E-01	1.50E-09	2.16E-02	2.74E-01	1.19E-01	1.33E-01	bad-chisq
group_20812	2.47E-01	2.11E-02	5.07E-01	-6.53E-02	9.81E-02	3.85E-02	
group_20811	2.47E-01	2.11E-02	5.07E-01	-6.53E-02	9.81E-02	3.85E-02	
group_20764	2.47E-01	2.11E-02	5.07E-01	-6.53E-02	9.81E-02	3.85E-02	
group_20019	2.47E-01	9.50E-01	1.83E-01	1.02E-01	7.62E-02	7.71E-02	
group_20017	2.47E-01	9.50E-01	1.83E-01	1.02E-01	7.62E-02	7.71E-02	
group_16677	2.47E-01	1.57E-06	7.50E-01	3.18E-02	9.98E-02	1.85E-02	
group_16609	2.47E-01	1.57E-06	9.78E-02	2.09E-01	1.26E-01	9.58E-02	
group_12509	2.47E-01	1.27E-08	1.58E-01	1.80E-01	1.27E-01	8.17E-02	
group_11654	2.47E-01	1.27E-08	1.58E-01	1.80E-01	1.27E-01	8.17E-02	
group_10548	2.47E-01	6.87E-08	6.95E-01	4.41E-02	1.12E-01	2.28E-02	
group_10343	2.47E-01	1.27E-08	1.58E-01	1.80E-01	1.27E-01	8.17E-02	
group_10023	2.47E-01	1.27E-08	1.58E-01	1.80E-01	1.27E-01	8.17E-02	
trbK~~~eexN	2.47E-01	1.27E-08	1.58E-01	1.80E-01	1.27E-01	8.17E-02	
group_9794	2.47E-01	1.27E-08	1.58E-01	1.80E-01	1.27E-01	8.17E-02	
group_8384	2.47E-01	1.27E-08	1.58E-01	1.80E-01	1.27E-01	8.17E-02	
group_8270	2.47E-01	1.27E-08	1.58E-01	1.80E-01	1.27E-01	8.17E-02	
group_8187	2.47E-01	2.62E-01	8.83E-01	1.23E-02	8.36E-02	8.50E-03	
group_7820	2.47E-01	1.27E-08	1.58E-01	1.80E-01	1.27E-01	8.17E-02	
group_7567	2.47E-01	1.27E-08	1.58E-01	1.80E-01	1.27E-01	8.17E-02	
group_7482	2.43E-01	1.83E-02	3.83E-02	1.83E-01	8.79E-02	1.20E-01	
group_7455	2.47E-01	1.27E-08	1.58E-01	1.80E-01	1.27E-01	8.17E-02	
group_5303	2.47E-01	1.27E-08	1.58E-01	1.80E-01	1.27E-01	8.17E-02	
group_5302	2.47E-01	1.27E-08	1.58E-01	1.80E-01	1.27E-01	8.17E-02	
group_5140	2.47E-01	1.27E-08	1.58E-01	1.80E-01	1.27E-01	8.17E-02	
group_5032	2.47E-01	2.62E-01	8.83E-01	1.23E-02	8.36E-02	8.50E-03	
tar	2.47E-01	9.10E-05	1.32E-02	-3.08E-01	1.24E-01	1.43E-01	
group_3654	2.47E-01	1.27E-08	1.58E-01	1.80E-01	1.27E-01	8.17E-02	
group_3282	2.47E-01	1.27E-08	1.58E-01	1.80E-01	1.27E-01	8.17E-02	
group_19957	2.43E-01	3.05E-09	2.94E-02	3.12E-01	1.43E-01	1.26E-01	bad-chisq
group_19926	2.43E-01	9.61E-08	1.47E-01	1.45E-01	9.99E-02	8.40E-02	
group_19308	2.43E-01	3.05E-09	2.94E-02	3.12E-01	1.43E-01	1.26E-01	bad-chisq
group_19257	2.43E-01	4.74E-07	9.47E-01	-6.92E-03	1.04E-01	3.84E-03	
group_19146	2.43E-01	9.61E-08	6.68E-02	1.87E-01	1.02E-01	1.06E-01	
group_16244	2.43E-01	3.53E-02	8.25E-01	2.12E-02	9.59E-02	1.28E-02	
group_16130	2.43E-01	3.53E-02	8.25E-01	2.12E-02	9.59E-02	1.28E-02	
group_13886	2.43E-01	4.74E-07	2.34E-01	3.22E-01	2.70E-01	6.89E-02	
group_13858	2.43E-01	1.20E-04	8.62E-01	2.73E-02	1.57E-01	1.01E-02	
group_13416	2.43E-01	9.61E-08	3.93E-01	1.15E-01	1.34E-01	4.95E-02	
group_13014	2.43E-01	9.61E-08	1.51E-01	1.49E-01	1.03E-01	8.30E-02	
group_12974	2.40E-01	5.73E-02	2.30E-01	-1.22E-01	1.02E-01	6.94E-02	
group_12625	2.40E-01	5.73E-02	9.41E-01	-6.75E-03	9.12E-02	4.29E-03	
group_12367	2.40E-01	2.93E-06	6.55E-01	-4.71E-02	1.05E-01	2.59E-02	
group_12093	2.43E-01	7.78E-02	5.39E-01	5.20E-02	8.45E-02	3.56E-02	
group_11980	2.43E-01	8.94E-06	4.28E-01	1.02E-01	1.29E-01	4.59E-02	
group_10100	2.43E-01	4.74E-07	5.48E-01	1.79E-01	2.97E-01	3.48E-02	
group_9365	2.43E-01	4.74E-07	1.79E-01	2.07E-01	1.54E-01	7.78E-02	
group_5442	2.40E-01	3.15E-01	1.45E-01	-1.17E-01	8.04E-02	8.43E-02	
group_20004	2.40E-01	6.24E-01	5.50E-02	1.45E-01	7.51E-02	1.11E-01	
group_19704	2.40E-01	1.21E-05	6.75E-01	-6.05E-02	1.44E-01	2.43E-02	
group_19379	2.40E-01	6.54E-07	9.83E-01	2.05E-03	9.85E-02	1.21E-03	
group_19309	2.37E-01	8.99E-02	8.29E-03	-2.04E-01	7.66E-02	1.52E-01	
group_18227	2.40E-01	2.51E-08	3.67E-02	2.49E-01	1.19E-01	1.21E-01	
group_17565	2.40E-01	6.54E-07	3.89E-01	2.20E-01	2.55E-01	4.99E-02	
group_16072	2.40E-01	2.93E-06	8.50E-01	-4.49E-02	2.37E-01	1.10E-02	
group_13704	2.40E-01	1.58E-04	5.12E-02	-3.07E-01	1.57E-01	1.13E-01	
group_13623	2.40E-01	1.58E-04	5.12E-02	-3.07E-01	1.57E-01	1.13E-01	
group_13621	2.40E-01	1.58E-04	5.12E-02	-3.07E-01	1.57E-01	1.13E-01	
group_13495	2.40E-01	2.93E-06	1.51E-01	1.85E-01	1.28E-01	8.32E-02	
group_13074	2.40E-01	1.58E-04	5.12E-02	-3.07E-01	1.57E-01	1.13E-01	
group_13072	2.40E-01	1.58E-04	5.12E-02	-3.07E-01	1.57E-01	1.13E-01	
group_12754	2.40E-01	2.93E-06	5.04E-01	-8.34E-02	1.25E-01	3.87E-02	
group_12456	2.40E-01	6.54E-07	6.92E-01	1.84E-01	4.63E-01	2.30E-02	
group_12337	2.40E-01	1.58E-04	5.12E-02	-3.07E-01	1.57E-01	1.13E-01	
group_12284	2.37E-01	4.27E-01	6.36E-01	-3.75E-02	7.91E-02	2.74E-02	
group_12277	2.40E-01	2.51E-08	7.90E-02	1.88E-01	1.07E-01	1.02E-01	
group_11567	2.40E-01	6.54E-07	6.92E-01	1.84E-01	4.63E-01	2.30E-02	
group_10379	2.40E-01	1.21E-05	1.78E-01	2.58E-01	1.91E-01	7.80E-02	
group_8725	2.37E-01	2.16E-02	6.53E-01	-4.25E-02	9.43E-02	2.61E-02	
intA	2.40E-01	1.34E-07	8.31E-01	2.55E-02	1.19E-01	1.24E-02	
group_7112	2.40E-01	6.54E-07	6.92E-01	1.84E-01	4.63E-01	2.30E-02	
group_5352	2.40E-01	6.54E-07	6.92E-01	1.84E-01	4.63E-01	2.30E-02	
group_4877	2.40E-01	6.54E-07	6.92E-01	1.84E-01	4.63E-01	2.30E-02	
group_20337	2.37E-01	1.62E-05	2.66E-01	-2.08E-01	1.87E-01	6.45E-02	
group_20335	2.37E-01	1.62E-05	2.66E-01	-2.08E-01	1.87E-01	6.45E-02	
group_19956	2.37E-01	9.73E-10	1.90E-03	4.13E-01	1.32E-01	1.79E-01	bad-chisq
group_19276	2.37E-01	3.99E-06	6.09E-01	5.87E-02	1.15E-01	2.96E-02	
group_19256	2.37E-01	9.00E-07	8.76E-01	-1.57E-02	1.00E-01	9.07E-03	
group_19030	2.30E-01	5.01E-01	4.33E-01	-6.86E-02	8.73E-02	4.55E-02	
group_17995	2.37E-01	3.53E-08	2.26E-01	1.44E-01	1.18E-01	7.02E-02	
group_16349	2.33E-01	3.55E-01	3.76E-01	7.97E-02	8.98E-02	5.13E-02	
group_14945	2.37E-01	5.72E-07	4.14E-01	-2.10E-01	2.56E-01	4.73E-02	
group_13706	2.37E-01	2.07E-04	2.73E-02	-3.39E-01	1.53E-01	1.27E-01	
group_10891	2.33E-01	1.36E-01	3.96E-01	-7.97E-02	9.39E-02	4.91E-02	
group_9832	2.37E-01	1.86E-07	1.95E-01	1.45E-01	1.12E-01	7.51E-02	
group_9172	2.33E-01	1.36E-01	3.96E-01	-7.97E-02	9.39E-02	4.91E-02	
group_9169	2.33E-01	1.36E-01	3.96E-01	-7.97E-02	9.39E-02	4.91E-02	
torD	2.37E-01	9.00E-07	8.58E-01	4.90E-02	2.74E-01	1.04E-02	
group_6819	2.37E-01	1.86E-07	5.37E-02	6.30E-01	3.26E-01	1.11E-01	
group_6416	2.33E-01	1.36E-01	3.96E-01	-7.97E-02	9.39E-02	4.91E-02	
group_4544	2.37E-01	9.00E-07	6.58E-01	-9.75E-02	2.20E-01	2.56E-02	
group_4521	2.33E-01	5.33E-01	5.07E-01	-4.20E-02	6.31E-02	3.85E-02	
group_20683	2.33E-01	4.93E-08	6.76E-02	2.35E-01	1.28E-01	1.06E-01	
group_18010	2.33E-01	8.64E-09	2.06E-02	3.10E-01	1.33E-01	1.34E-01	bad-chisq
group_16230	2.33E-01	1.23E-06	9.39E-01	1.64E-02	2.15E-01	4.41E-03	
group_14803	2.30E-01	5.15E-03	5.57E-02	-1.36E-01	7.07E-02	1.11E-01	
group_13511	2.33E-01	2.58E-07	1.07E-01	1.33E-01	8.22E-02	9.32E-02	
group_12819	2.33E-01	1.23E-06	1.53E-01	1.67E-01	1.17E-01	8.27E-02	
group_11968	2.30E-01	9.47E-01	7.77E-01	2.05E-02	7.24E-02	1.64E-02	
group_11456	2.33E-01	2.58E-07	1.92E-01	3.01E-01	2.30E-01	7.55E-02	
group_11125	2.33E-01	2.58E-07	1.92E-01	3.01E-01	2.30E-01	7.55E-02	
group_9958	2.33E-01	1.23E-06	9.22E-01	2.13E-02	2.16E-01	5.70E-03	
group_9896	2.33E-01	5.41E-06	4.50E-01	-1.25E-01	1.66E-01	4.38E-02	
group_9757	2.33E-01	7.00E-03	1.00E-01	-1.26E-01	7.65E-02	9.52E-02	
group_9217	2.33E-01	2.58E-07	1.92E-01	3.01E-01	2.30E-01	7.55E-02	
group_8522	2.33E-01	1.26E-01	6.37E-01	4.03E-02	8.53E-02	2.74E-02	
group_7731	2.33E-01	2.58E-07	4.63E-02	4.27E-01	2.14E-01	1.15E-01	
group_7637	2.33E-01	1.23E-06	9.22E-01	2.12E-02	2.15E-01	5.70E-03	
group_6558	2.33E-01	2.58E-07	4.63E-02	4.27E-01	2.14E-01	1.15E-01	
group_4573	2.30E-01	7.11E-01	1.71E-01	-8.54E-02	6.22E-02	7.93E-02	
group_4281	2.33E-01	2.58E-07	1.92E-01	3.01E-01	2.30E-01	7.55E-02	
group_4203	2.33E-01	1.23E-06	9.37E-01	1.71E-02	2.15E-01	4.60E-03	
group_4140	2.33E-01	2.58E-07	4.63E-02	4.27E-01	2.14E-01	1.15E-01	
group_3739	2.33E-01	2.58E-07	1.92E-01	3.01E-01	2.30E-01	7.55E-02	
group_3667	2.33E-01	2.58E-07	1.92E-01	3.01E-01	2.30E-01	7.55E-02	
group_3612	2.33E-01	1.23E-06	9.22E-01	2.12E-02	2.15E-01	5.70E-03	
group_3371	2.33E-01	1.23E-06	9.37E-01	1.71E-02	2.15E-01	4.60E-03	
group_3346	2.33E-01	2.58E-07	1.92E-01	3.01E-01	2.30E-01	7.55E-02	
gsiD	2.33E-01	2.58E-07	1.92E-01	3.01E-01	2.30E-01	7.55E-02	
group_19986	2.30E-01	7.32E-06	9.11E-01	2.10E-02	1.88E-01	6.47E-03	
group_19189	2.30E-01	1.22E-08	2.48E-02	3.12E-01	1.38E-01	1.30E-01	bad-chisq
group_17105	2.30E-01	1.69E-06	2.42E-01	1.80E-01	1.53E-01	6.77E-02	
group_15401	2.27E-01	4.50E-04	4.00E-02	-1.48E-01	7.17E-02	1.19E-01	
group_10868	2.30E-01	6.88E-08	3.31E-03	6.30E-01	2.13E-01	1.69E-01	
group_9428	2.30E-01	2.91E-05	9.28E-01	1.21E-02	1.34E-01	5.25E-03	
group_8793	2.30E-01	5.89E-01	9.87E-02	1.26E-01	7.58E-02	9.55E-02	
group_8174	2.30E-01	2.91E-05	9.28E-01	1.21E-02	1.34E-01	5.25E-03	
group_6987	2.30E-01	3.57E-07	5.87E-01	1.30E-01	2.40E-01	3.15E-02	
group_6821	2.30E-01	2.91E-05	9.28E-01	1.21E-02	1.34E-01	5.25E-03	
group_5015	2.30E-01	2.91E-05	9.28E-01	1.21E-02	1.34E-01	5.25E-03	
spoVK	2.30E-01	2.91E-05	9.28E-01	1.21E-02	1.34E-01	5.25E-03	
group_20296	2.27E-01	4.45E-01	7.27E-01	-3.12E-02	8.91E-02	2.03E-02	
group_20294	2.27E-01	4.45E-01	7.27E-01	-3.12E-02	8.91E-02	2.03E-02	
group_20220	2.27E-01	4.45E-01	7.27E-01	-3.12E-02	8.91E-02	2.03E-02	
group_20044	2.27E-01	4.45E-01	7.27E-01	-3.12E-02	8.91E-02	2.03E-02	
group_19842	2.27E-01	8.80E-01	1.51E-01	1.13E-01	7.83E-02	8.31E-02	
group_19609	2.27E-01	2.30E-06	9.91E-01	1.88E-03	1.70E-01	6.40E-04	
group_15162	2.27E-01	1.71E-08	5.51E-03	5.97E-01	2.13E-01	1.60E-01	bad-chisq
group_10146	2.27E-01	1.71E-01	9.68E-02	1.22E-01	7.34E-02	9.61E-02	
group_7764	2.27E-01	1.71E-08	2.75E-02	4.32E-01	1.95E-01	1.27E-01	bad-chisq
group_4312	2.27E-01	1.71E-08	2.75E-02	4.32E-01	1.95E-01	1.27E-01	bad-chisq
group_4252	2.27E-01	9.58E-08	3.46E-01	1.20E-01	1.27E-01	5.46E-02	
group_1761	2.27E-01	9.58E-08	3.46E-01	1.20E-01	1.27E-01	5.46E-02	
group_29520	2.23E-01	1.83E-04	2.88E-01	-1.53E-01	1.44E-01	6.16E-02	
group_29519	2.23E-01	1.83E-04	2.88E-01	-1.53E-01	1.44E-01	6.16E-02	
group_22967	2.23E-01	6.76E-07	9.47E-01	1.38E-02	2.08E-01	3.84E-03	
group_21796	2.23E-01	2.39E-08	6.04E-02	3.20E-01	1.70E-01	1.09E-01	bad-chisq
group_20838	2.20E-01	1.28E-02	3.52E-02	-1.56E-01	7.36E-02	1.22E-01	
group_20478	2.23E-01	3.92E-01	5.96E-01	-4.76E-02	8.98E-02	3.07E-02	
group_19473	2.23E-01	1.33E-07	1.42E-01	2.54E-01	1.72E-01	8.49E-02	
group_19192	2.23E-01	1.33E-05	9.99E-01	2.37E-04	1.46E-01	9.42E-05	
group_17967	2.20E-01	1.28E-02	3.94E-01	7.60E-02	8.89E-02	4.94E-02	
group_17776	2.20E-01	1.28E-02	3.94E-01	7.60E-02	8.89E-02	4.94E-02	
group_17775	2.20E-01	1.28E-02	3.94E-01	7.60E-02	8.89E-02	4.94E-02	
group_17419	2.20E-01	1.28E-02	3.94E-01	7.60E-02	8.89E-02	4.94E-02	
mdtN	2.23E-01	9.49E-01	6.05E-01	4.75E-02	9.18E-02	3.00E-02	
mdtO	2.23E-01	9.49E-01	6.05E-01	4.75E-02	9.18E-02	3.00E-02	
group_16576	2.23E-01	9.49E-01	6.05E-01	4.75E-02	9.18E-02	3.00E-02	
group_15560	2.20E-01	1.43E-05	4.80E-03	-2.15E-01	7.55E-02	1.62E-01	
group_12543	2.23E-01	1.33E-07	1.31E-02	3.93E-01	1.58E-01	1.43E-01	
group_12108	2.23E-01	1.10E-01	1.58E-01	1.20E-01	8.50E-02	8.17E-02	
group_11386	2.23E-01	1.33E-07	1.89E-01	2.55E-01	1.93E-01	7.61E-02	
group_11344	2.20E-01	7.39E-01	7.06E-01	-2.98E-02	7.90E-02	2.18E-02	
group_10610	2.23E-01	7.11E-01	1.47E-01	1.14E-01	7.84E-02	8.40E-02	
group_9941	2.23E-01	1.33E-07	1.89E-01	2.55E-01	1.93E-01	7.61E-02	
group_8785	2.23E-01	4.99E-01	6.11E-02	1.44E-01	7.65E-02	1.08E-01	
group_19608	2.20E-01	4.26E-06	5.85E-01	-1.15E-01	2.10E-01	3.16E-02	
group_19380	2.20E-01	3.33E-08	1.11E-01	2.17E-01	1.36E-01	9.23E-02	bad-chisq
group_19240	2.20E-01	7.77E-01	1.14E-01	1.23E-01	7.75E-02	9.14E-02	
group_17650	2.17E-01	9.52E-03	7.78E-01	2.46E-02	8.71E-02	1.63E-02	
group_16612	2.20E-01	6.38E-04	6.12E-03	-1.99E-01	7.20E-02	1.58E-01	
group_16163	2.20E-01	1.78E-05	5.72E-01	-9.98E-02	1.76E-01	3.28E-02	
group_13488	2.17E-01	9.10E-01	3.94E-01	-5.15E-02	6.03E-02	4.94E-02	
group_12410	2.13E-01	9.14E-01	4.02E-01	-7.49E-02	8.93E-02	4.85E-02	
group_10872	2.20E-01	6.81E-02	4.83E-01	5.74E-02	8.16E-02	4.07E-02	
group_10246	2.20E-01	7.39E-01	4.99E-01	6.48E-02	9.58E-02	3.92E-02	
group_9993	2.20E-01	3.42E-01	1.53E-01	1.53E-01	1.07E-01	8.27E-02	
group_9121	2.20E-01	3.33E-08	8.81E-02	4.51E-01	2.64E-01	9.86E-02	bad-chisq
group_8086	2.20E-01	1.84E-07	5.78E-01	1.09E-01	1.96E-01	3.23E-02	
group_7325	2.17E-01	1.80E-02	1.80E-01	1.27E-01	9.44E-02	7.77E-02	
group_4210	2.20E-01	3.33E-08	1.30E-01	3.09E-01	2.03E-01	8.76E-02	bad-chisq
group_3242	2.20E-01	3.33E-08	1.30E-01	3.09E-01	2.03E-01	8.76E-02	bad-chisq
group_22085	2.17E-01	2.54E-07	5.78E-01	2.30E-01	4.14E-01	3.22E-02	
group_21574	2.17E-01	1.27E-06	8.11E-01	5.50E-02	2.30E-01	1.38E-02	
group_21393	2.17E-01	2.54E-07	8.09E-01	6.04E-02	2.50E-01	1.40E-02	
group_17207	2.17E-01	4.64E-08	1.00E-02	5.93E-01	2.29E-01	1.48E-01	bad-chisq
group_16351	2.17E-01	8.44E-01	3.22E-01	7.86E-02	7.93E-02	5.73E-02	
group_11378	2.17E-01	1.27E-06	5.96E-02	3.35E-01	1.77E-01	1.09E-01	
group_10598	2.13E-01	3.81E-02	4.42E-01	-6.02E-02	7.83E-02	4.45E-02	
group_7997	2.17E-01	1.27E-06	8.11E-01	5.50E-02	2.30E-01	1.38E-02	
group_7803	2.17E-01	2.54E-07	5.78E-01	2.30E-01	4.14E-01	3.22E-02	
group_7549	2.17E-01	2.54E-07	5.78E-01	2.30E-01	4.14E-01	3.22E-02	
group_7102	2.17E-01	2.54E-07	5.51E-01	1.32E-01	2.20E-01	3.46E-02	
group_6866	2.17E-01	2.54E-07	5.78E-01	2.30E-01	4.14E-01	3.22E-02	
group_6405	2.17E-01	2.54E-07	5.51E-01	1.32E-01	2.20E-01	3.46E-02	
group_5363	2.17E-01	2.54E-07	5.78E-01	2.30E-01	4.14E-01	3.22E-02	
group_4772	2.17E-01	1.27E-06	8.11E-01	5.50E-02	2.30E-01	1.38E-02	
group_4612	2.17E-01	1.27E-06	8.11E-01	5.50E-02	2.30E-01	1.38E-02	
tadE	2.17E-01	2.54E-07	5.78E-01	2.30E-01	4.14E-01	3.22E-02	
group_4335	2.17E-01	2.54E-07	5.78E-01	2.30E-01	4.14E-01	3.22E-02	
group_4327	2.17E-01	2.54E-07	4.35E-01	1.32E-01	1.69E-01	4.52E-02	
group_4298	2.17E-01	2.54E-07	5.78E-01	2.30E-01	4.14E-01	3.22E-02	
group_4164	2.17E-01	2.54E-07	5.78E-01	2.30E-01	4.14E-01	3.22E-02	
group_4135	2.17E-01	2.54E-07	5.78E-01	2.30E-01	4.14E-01	3.22E-02	
group_4006	2.17E-01	1.27E-06	8.11E-01	5.50E-02	2.30E-01	1.38E-02	
group_3798	2.17E-01	2.54E-07	5.78E-01	2.30E-01	4.14E-01	3.22E-02	
ybhO~~~clsB	2.17E-01	2.54E-07	5.78E-01	2.30E-01	4.14E-01	3.22E-02	
group_3199	2.17E-01	2.54E-07	5.78E-01	2.30E-01	4.14E-01	3.22E-02	
group_3198	2.17E-01	2.54E-07	5.78E-01	2.30E-01	4.14E-01	3.22E-02	
group_3147	2.17E-01	2.54E-07	5.78E-01	2.30E-01	4.14E-01	3.22E-02	
group_3075	2.17E-01	2.54E-07	5.78E-01	2.30E-01	4.14E-01	3.22E-02	
group_2213	2.17E-01	2.54E-07	5.78E-01	2.30E-01	4.14E-01	3.22E-02	
group_1510	2.17E-01	1.27E-06	8.11E-01	5.50E-02	2.30E-01	1.38E-02	
group_957	2.17E-01	2.54E-07	5.78E-01	2.30E-01	4.14E-01	3.22E-02	
group_291	2.17E-01	1.27E-06	8.11E-01	5.50E-02	2.30E-01	1.38E-02	
group_23103	2.13E-01	6.44E-08	8.48E-03	6.91E-01	2.61E-01	1.52E-01	bad-chisq
group_22907	2.13E-01	6.44E-08	8.48E-03	6.91E-01	2.61E-01	1.52E-01	bad-chisq
group_22798	2.13E-01	6.44E-08	1.11E-01	2.65E-01	1.66E-01	9.23E-02	bad-chisq
group_22589	2.13E-01	3.50E-07	7.65E-01	7.89E-02	2.63E-01	1.74E-02	
group_22483	2.13E-01	6.44E-08	8.48E-03	6.91E-01	2.61E-01	1.52E-01	bad-chisq
group_22455	2.13E-01	6.44E-08	8.48E-03	6.91E-01	2.61E-01	1.52E-01	bad-chisq
group_22322	2.13E-01	3.50E-07	7.63E-01	7.97E-02	2.64E-01	1.75E-02	
group_22321	2.13E-01	6.44E-08	8.48E-03	6.91E-01	2.61E-01	1.52E-01	bad-chisq
group_22003	2.13E-01	6.44E-08	8.48E-03	6.91E-01	2.61E-01	1.52E-01	bad-chisq
group_21982	2.13E-01	3.50E-07	9.75E-03	4.62E-01	1.78E-01	1.49E-01	
group_21960	2.13E-01	6.44E-08	8.48E-03	6.91E-01	2.61E-01	1.52E-01	bad-chisq
group_21856	2.13E-01	6.44E-08	1.11E-01	2.65E-01	1.66E-01	9.23E-02	bad-chisq
group_21360	2.13E-01	6.44E-08	8.48E-03	6.91E-01	2.61E-01	1.52E-01	bad-chisq
group_20778	2.13E-01	9.14E-01	6.26E-01	3.95E-02	8.09E-02	2.83E-02	
group_20731	2.13E-01	9.14E-01	6.26E-01	3.95E-02	8.09E-02	2.83E-02	
group_20730	2.13E-01	9.14E-01	6.26E-01	3.95E-02	8.09E-02	2.83E-02	
group_20322	2.13E-01	6.44E-08	1.84E-01	3.18E-01	2.39E-01	7.69E-02	bad-chisq
group_20297	2.13E-01	3.50E-07	5.06E-01	-1.55E-01	2.33E-01	3.85E-02	
group_20052	2.13E-01	3.50E-07	5.06E-01	-1.55E-01	2.33E-01	3.85E-02	
group_17204	2.13E-01	6.44E-08	1.11E-01	2.65E-01	1.66E-01	9.23E-02	bad-chisq
group_16844	2.10E-01	1.24E-05	4.66E-03	-2.17E-01	7.63E-02	1.63E-01	
cyaE~~~bepC	2.13E-01	9.14E-01	5.90E-01	4.73E-02	8.77E-02	3.12E-02	
group_16558	2.13E-01	6.44E-08	7.87E-02	2.46E-01	1.39E-01	1.02E-01	bad-chisq
group_16422	2.13E-01	3.50E-07	7.65E-01	7.89E-02	2.63E-01	1.74E-02	
group_16370	2.13E-01	6.44E-08	1.11E-01	2.65E-01	1.66E-01	9.23E-02	bad-chisq
group_16293	2.13E-01	3.50E-07	4.03E-01	2.15E-01	2.57E-01	4.85E-02	
group_15389	2.13E-01	6.44E-08	8.48E-03	6.91E-01	2.61E-01	1.52E-01	bad-chisq
group_12680	2.13E-01	3.50E-07	7.65E-01	7.89E-02	2.63E-01	1.74E-02	
group_12339	2.13E-01	3.58E-03	5.73E-01	4.79E-02	8.49E-02	3.27E-02	
group_12250	2.13E-01	6.44E-08	7.87E-02	2.46E-01	1.39E-01	1.02E-01	bad-chisq
group_11290	2.10E-01	2.69E-02	2.04E-01	1.00E-01	7.87E-02	7.35E-02	
group_11100	2.13E-01	3.50E-07	9.75E-03	4.62E-01	1.78E-01	1.49E-01	
group_11099	2.13E-01	3.50E-07	9.75E-03	4.62E-01	1.78E-01	1.49E-01	
group_10942	2.13E-01	6.44E-08	1.73E-01	1.80E-01	1.32E-01	7.89E-02	bad-chisq
group_10616	2.13E-01	9.14E-01	2.36E-01	9.25E-02	7.79E-02	6.86E-02	
group_9778	2.13E-01	6.44E-08	1.11E-01	2.65E-01	1.66E-01	9.23E-02	bad-chisq
group_9600	2.13E-01	6.44E-08	5.03E-02	4.68E-01	2.38E-01	1.13E-01	bad-chisq
group_9569	2.13E-01	9.14E-01	2.36E-01	9.25E-02	7.79E-02	6.86E-02	
group_9447	2.13E-01	3.50E-07	9.75E-03	4.62E-01	1.78E-01	1.49E-01	
group_9446	2.13E-01	3.50E-07	9.75E-03	4.62E-01	1.78E-01	1.49E-01	
group_9338	2.13E-01	3.50E-07	9.15E-01	-3.48E-02	3.26E-01	6.18E-03	
group_9015	2.13E-01	3.50E-07	7.65E-01	7.89E-02	2.63E-01	1.74E-02	
group_8792	2.13E-01	9.14E-01	2.36E-01	9.25E-02	7.79E-02	6.86E-02	
group_8720	2.13E-01	3.50E-07	7.65E-01	7.89E-02	2.63E-01	1.74E-02	
group_7835	2.13E-01	6.44E-08	1.11E-01	2.65E-01	1.66E-01	9.23E-02	bad-chisq
group_7811	2.13E-01	6.44E-08	8.48E-03	6.91E-01	2.61E-01	1.52E-01	bad-chisq
group_7758	2.13E-01	6.44E-08	1.04E-01	3.15E-01	1.93E-01	9.41E-02	bad-chisq
group_7743	2.13E-01	3.50E-07	7.65E-01	7.89E-02	2.63E-01	1.74E-02	
group_6947	2.13E-01	6.44E-08	8.48E-03	6.91E-01	2.61E-01	1.52E-01	bad-chisq
group_6847	2.13E-01	3.50E-07	9.75E-03	4.62E-01	1.78E-01	1.49E-01	
group_6846	2.13E-01	3.50E-07	9.75E-03	4.62E-01	1.78E-01	1.49E-01	
group_5997	2.13E-01	6.44E-08	8.48E-03	6.91E-01	2.61E-01	1.52E-01	bad-chisq
group_5949	2.13E-01	3.50E-07	7.65E-01	7.89E-02	2.63E-01	1.74E-02	
group_5378	2.13E-01	6.44E-08	8.48E-03	6.91E-01	2.61E-01	1.52E-01	bad-chisq
group_4538	2.13E-01	3.50E-07	7.65E-01	7.89E-02	2.63E-01	1.74E-02	
group_4493	2.13E-01	3.50E-07	7.64E-01	7.94E-02	2.64E-01	1.74E-02	
group_4490	2.13E-01	6.44E-08	8.48E-03	6.91E-01	2.61E-01	1.52E-01	bad-chisq
ymfN	2.13E-01	6.44E-08	1.11E-01	2.65E-01	1.66E-01	9.23E-02	bad-chisq
group_4436	2.13E-01	3.50E-07	7.65E-01	7.89E-02	2.63E-01	1.74E-02	
group_4428	2.13E-01	6.44E-08	8.48E-03	6.91E-01	2.61E-01	1.52E-01	bad-chisq
group_4403	2.13E-01	6.44E-08	8.48E-03	6.91E-01	2.61E-01	1.52E-01	bad-chisq
group_4400	2.13E-01	3.50E-07	7.65E-01	7.89E-02	2.63E-01	1.74E-02	
group_4333	2.13E-01	3.50E-07	7.65E-01	7.89E-02	2.63E-01	1.74E-02	
mscS	2.13E-01	3.50E-07	7.65E-01	7.89E-02	2.63E-01	1.74E-02	
group_4117	2.13E-01	6.44E-08	1.11E-01	2.65E-01	1.66E-01	9.23E-02	bad-chisq
group_4079	2.13E-01	6.44E-08	8.48E-03	6.91E-01	2.61E-01	1.52E-01	bad-chisq
group_4064	2.13E-01	6.44E-08	1.11E-01	2.65E-01	1.66E-01	9.23E-02	bad-chisq
group_4034	2.13E-01	6.44E-08	8.48E-03	6.91E-01	2.61E-01	1.52E-01	bad-chisq
ufaA1	2.13E-01	6.44E-08	8.48E-03	6.91E-01	2.61E-01	1.52E-01	bad-chisq
group_3985	2.13E-01	6.44E-08	8.48E-03	6.91E-01	2.61E-01	1.52E-01	bad-chisq
group_3971	2.13E-01	6.44E-08	1.11E-01	2.65E-01	1.66E-01	9.23E-02	bad-chisq
group_3970	2.13E-01	6.44E-08	1.11E-01	2.65E-01	1.66E-01	9.23E-02	bad-chisq
arsC	2.13E-01	6.44E-08	8.48E-03	6.91E-01	2.61E-01	1.52E-01	bad-chisq
group_3869	2.13E-01	6.44E-08	1.11E-01	2.65E-01	1.66E-01	9.23E-02	bad-chisq
group_3788	2.13E-01	3.50E-07	7.65E-01	7.89E-02	2.63E-01	1.74E-02	
group_3729	2.13E-01	6.44E-08	8.48E-03	6.91E-01	2.61E-01	1.52E-01	bad-chisq
group_3509	2.13E-01	6.44E-08	8.48E-03	6.91E-01	2.61E-01	1.52E-01	bad-chisq
group_3502	2.13E-01	3.50E-07	7.65E-01	7.89E-02	2.63E-01	1.74E-02	
group_3459	2.13E-01	6.44E-08	1.11E-01	2.65E-01	1.66E-01	9.23E-02	bad-chisq
group_3376	2.13E-01	6.44E-08	8.48E-03	6.91E-01	2.61E-01	1.52E-01	bad-chisq
group_3201	2.13E-01	3.50E-07	7.82E-01	7.30E-02	2.64E-01	1.60E-02	
group_3195	2.13E-01	3.50E-07	7.65E-01	7.89E-02	2.63E-01	1.74E-02	
group_3194	2.13E-01	3.50E-07	7.65E-01	7.89E-02	2.63E-01	1.74E-02	
group_2169	2.13E-01	6.44E-08	1.11E-01	2.65E-01	1.66E-01	9.23E-02	bad-chisq
group_1467	2.13E-01	6.44E-08	8.48E-03	6.91E-01	2.61E-01	1.52E-01	bad-chisq
group_1369	2.13E-01	6.44E-08	1.11E-01	2.65E-01	1.66E-01	9.23E-02	bad-chisq
group_24769	2.10E-01	8.91E-08	1.47E-01	4.49E-01	3.08E-01	8.40E-02	bad-chisq
group_24768	2.10E-01	8.91E-08	1.47E-01	4.49E-01	3.08E-01	8.40E-02	bad-chisq
group_24179	2.10E-01	8.91E-08	1.47E-01	4.49E-01	3.08E-01	8.40E-02	bad-chisq
group_24142	2.10E-01	8.91E-08	1.47E-01	4.49E-01	3.08E-01	8.40E-02	bad-chisq
group_23981	2.10E-01	8.91E-08	1.47E-01	4.49E-01	3.08E-01	8.40E-02	bad-chisq
group_23785	2.10E-01	4.80E-07	8.58E-01	3.75E-02	2.10E-01	1.03E-02	
group_23548	2.10E-01	8.91E-08	4.04E-02	4.30E-01	2.09E-01	1.18E-01	bad-chisq
group_23388	2.10E-01	4.80E-07	8.44E-01	4.14E-02	2.10E-01	1.14E-02	
group_23173	2.10E-01	4.80E-07	8.58E-01	3.75E-02	2.10E-01	1.03E-02	
group_22045	2.10E-01	8.91E-08	1.47E-01	4.49E-01	3.08E-01	8.40E-02	bad-chisq
group_21695	2.10E-01	4.80E-07	8.60E-01	3.71E-02	2.10E-01	1.02E-02	
group_21392	2.10E-01	8.91E-08	1.47E-01	4.49E-01	3.08E-01	8.40E-02	bad-chisq
group_20048	2.10E-01	4.80E-07	5.55E-01	-1.14E-01	1.93E-01	3.42E-02	
group_20047	2.10E-01	4.80E-07	5.55E-01	-1.14E-01	1.93E-01	3.42E-02	
group_19621	2.10E-01	4.80E-07	5.55E-01	-1.14E-01	1.93E-01	3.42E-02	
group_17474	2.10E-01	4.80E-07	5.55E-01	-1.14E-01	1.93E-01	3.42E-02	
group_17473	2.10E-01	4.80E-07	5.55E-01	-1.14E-01	1.93E-01	3.42E-02	
group_16950	2.10E-01	4.80E-07	5.55E-01	-1.14E-01	1.93E-01	3.42E-02	
group_15538	2.10E-01	8.91E-08	1.47E-01	4.49E-01	3.08E-01	8.40E-02	bad-chisq
hexR	2.10E-01	4.80E-07	8.44E-01	4.14E-02	2.10E-01	1.14E-02	
group_15233	2.10E-01	8.91E-08	1.47E-01	4.49E-01	3.08E-01	8.40E-02	bad-chisq
group_13382	2.10E-01	8.91E-08	1.47E-01	4.49E-01	3.08E-01	8.40E-02	bad-chisq
group_13380	2.10E-01	4.80E-07	8.44E-01	4.14E-02	2.10E-01	1.14E-02	
group_13379	2.10E-01	8.91E-08	4.04E-02	4.30E-01	2.09E-01	1.18E-01	bad-chisq
group_11463	2.10E-01	8.91E-08	1.47E-01	4.49E-01	3.08E-01	8.40E-02	bad-chisq
group_10846	2.10E-01	4.80E-07	8.44E-01	4.14E-02	2.10E-01	1.14E-02	
group_10566	2.10E-01	4.80E-07	8.44E-01	4.14E-02	2.10E-01	1.14E-02	
group_9999	2.10E-01	8.91E-08	1.47E-01	4.49E-01	3.08E-01	8.40E-02	bad-chisq
group_9901	2.10E-01	8.91E-08	1.47E-01	4.49E-01	3.08E-01	8.40E-02	bad-chisq
group_9789	2.10E-01	8.91E-08	1.47E-01	4.49E-01	3.08E-01	8.40E-02	bad-chisq
group_9306	2.10E-01	8.91E-08	1.47E-01	4.49E-01	3.08E-01	8.40E-02	bad-chisq
group_8440	2.10E-01	4.80E-07	8.58E-01	3.75E-02	2.10E-01	1.03E-02	
group_7920	2.10E-01	8.91E-08	4.04E-02	4.30E-01	2.09E-01	1.18E-01	bad-chisq
group_7806	2.10E-01	4.80E-07	8.44E-01	4.14E-02	2.10E-01	1.14E-02	
group_7657	2.10E-01	4.80E-07	8.44E-01	4.14E-02	2.10E-01	1.14E-02	
ftrA	2.10E-01	4.80E-07	8.44E-01	4.14E-02	2.10E-01	1.14E-02	
group_7127	2.10E-01	4.80E-07	8.58E-01	3.75E-02	2.10E-01	1.03E-02	
group_7100	2.10E-01	4.80E-07	8.58E-01	3.75E-02	2.10E-01	1.03E-02	
group_7031	2.10E-01	8.91E-08	1.47E-01	4.49E-01	3.08E-01	8.40E-02	bad-chisq
group_7022	2.10E-01	8.91E-08	1.97E-01	2.13E-01	1.65E-01	7.46E-02	bad-chisq
group_6540	2.10E-01	4.80E-07	8.58E-01	3.75E-02	2.10E-01	1.03E-02	
group_6470	2.10E-01	8.91E-08	1.47E-01	4.49E-01	3.08E-01	8.40E-02	bad-chisq
group_6363	2.10E-01	4.80E-07	8.60E-01	3.71E-02	2.10E-01	1.02E-02	
group_6322	2.10E-01	8.91E-08	1.53E-01	2.16E-01	1.51E-01	8.26E-02	bad-chisq
group_6115	2.10E-01	4.80E-07	8.45E-01	4.11E-02	2.10E-01	1.14E-02	
group_6080	2.10E-01	4.80E-07	8.48E-01	4.03E-02	2.10E-01	1.11E-02	
group_5921	2.10E-01	8.91E-08	4.04E-02	4.30E-01	2.09E-01	1.18E-01	bad-chisq
group_4959	2.10E-01	8.91E-08	1.47E-01	4.49E-01	3.08E-01	8.40E-02	bad-chisq
group_4506	2.10E-01	4.80E-07	8.44E-01	4.14E-02	2.10E-01	1.14E-02	
group_4503	2.10E-01	8.91E-08	2.94E-01	2.06E-01	1.96E-01	6.08E-02	bad-chisq
group_4440	2.10E-01	8.91E-08	2.94E-01	2.06E-01	1.96E-01	6.08E-02	bad-chisq
group_4418	2.10E-01	8.91E-08	1.47E-01	4.49E-01	3.08E-01	8.40E-02	bad-chisq
group_4323	2.10E-01	8.91E-08	1.47E-01	4.49E-01	3.08E-01	8.40E-02	bad-chisq
group_4310	2.10E-01	8.91E-08	1.47E-01	4.49E-01	3.08E-01	8.40E-02	bad-chisq
group_4241	2.10E-01	8.91E-08	1.47E-01	4.49E-01	3.08E-01	8.40E-02	bad-chisq
group_4139	2.10E-01	8.91E-08	4.04E-02	4.30E-01	2.09E-01	1.18E-01	bad-chisq
group_4050	2.10E-01	8.91E-08	1.47E-01	4.49E-01	3.08E-01	8.40E-02	bad-chisq
group_3996	2.10E-01	8.91E-08	1.47E-01	4.49E-01	3.08E-01	8.40E-02	bad-chisq
group_3933	2.10E-01	8.91E-08	1.47E-01	4.49E-01	3.08E-01	8.40E-02	bad-chisq
group_3854	2.10E-01	8.91E-08	1.47E-01	4.49E-01	3.08E-01	8.40E-02	bad-chisq
group_3848	2.10E-01	8.91E-08	1.47E-01	4.49E-01	3.08E-01	8.40E-02	bad-chisq
group_3843	2.10E-01	8.91E-08	1.47E-01	4.49E-01	3.08E-01	8.40E-02	bad-chisq
group_3830	2.10E-01	8.91E-08	1.51E-01	3.40E-01	2.36E-01	8.32E-02	bad-chisq
group_3810	2.10E-01	8.91E-08	1.47E-01	4.49E-01	3.08E-01	8.40E-02	bad-chisq
group_3724	2.10E-01	4.80E-07	8.44E-01	4.14E-02	2.10E-01	1.14E-02	
group_3659	2.10E-01	4.80E-07	8.42E-01	4.19E-02	2.10E-01	1.15E-02	
group_3616	2.10E-01	8.91E-08	4.04E-02	4.30E-01	2.09E-01	1.18E-01	bad-chisq
group_3466	2.10E-01	8.91E-08	1.47E-01	4.49E-01	3.08E-01	8.40E-02	bad-chisq
group_3326	2.10E-01	4.80E-07	9.30E-01	1.42E-02	1.61E-01	5.09E-03	
group_3268	2.10E-01	8.91E-08	1.47E-01	4.49E-01	3.08E-01	8.40E-02	bad-chisq
group_3248	2.10E-01	8.91E-08	1.47E-01	4.49E-01	3.08E-01	8.40E-02	bad-chisq
group_3204	2.10E-01	8.91E-08	1.47E-01	4.49E-01	3.08E-01	8.40E-02	bad-chisq
group_3061	2.10E-01	8.91E-08	1.58E-01	2.13E-01	1.50E-01	8.18E-02	bad-chisq
xamI	2.10E-01	8.91E-08	1.47E-01	4.49E-01	3.08E-01	8.40E-02	bad-chisq
group_2461	2.10E-01	8.91E-08	1.47E-01	4.49E-01	3.08E-01	8.40E-02	bad-chisq
group_2350	2.10E-01	8.91E-08	1.47E-01	4.49E-01	3.08E-01	8.40E-02	bad-chisq
group_1397	2.10E-01	8.91E-08	1.47E-01	4.49E-01	3.08E-01	8.40E-02	bad-chisq
group_1158	2.10E-01	8.91E-08	1.47E-01	4.49E-01	3.08E-01	8.40E-02	bad-chisq
group_897	2.10E-01	8.91E-08	1.47E-01	4.49E-01	3.08E-01	8.40E-02	bad-chisq
group_746	2.10E-01	8.91E-08	1.47E-01	4.49E-01	3.08E-01	8.40E-02	bad-chisq
group_254	2.10E-01	8.91E-08	1.47E-01	4.49E-01	3.08E-01	8.40E-02	bad-chisq
group_24019	2.07E-01	2.09E-08	2.04E-03	7.06E-01	2.27E-01	1.77E-01	bad-chisq
group_22934	2.07E-01	1.83E-01	6.71E-01	-4.34E-02	1.02E-01	2.46E-02	
group_22695	2.07E-01	1.83E-01	6.71E-01	-4.34E-02	1.02E-01	2.46E-02	
group_21892	2.07E-01	1.83E-01	6.71E-01	-4.34E-02	1.02E-01	2.46E-02	
group_21310	2.07E-01	2.09E-08	2.04E-03	7.06E-01	2.27E-01	1.77E-01	bad-chisq
group_20533	2.07E-01	2.09E-08	2.04E-03	7.06E-01	2.27E-01	1.77E-01	bad-chisq
allR	2.07E-01	2.09E-08	2.04E-03	7.06E-01	2.27E-01	1.77E-01	bad-chisq
group_17644	2.03E-01	1.72E-02	9.82E-02	-1.28E-01	7.74E-02	9.56E-02	
group_17227	2.03E-01	1.72E-02	9.82E-02	-1.28E-01	7.74E-02	9.56E-02	
group_16439	2.03E-01	1.72E-02	9.82E-02	-1.28E-01	7.74E-02	9.56E-02	
group_16355	2.03E-01	1.72E-02	2.85E-01	-8.51E-02	7.94E-02	6.20E-02	
group_11788	2.07E-01	6.57E-07	9.60E-01	7.44E-03	1.47E-01	2.92E-03	
group_10293	2.07E-01	2.09E-08	2.04E-03	7.06E-01	2.27E-01	1.77E-01	bad-chisq
group_10138	2.07E-01	3.19E-06	7.68E-01	3.51E-02	1.19E-01	1.71E-02	
group_9884	2.07E-01	1.83E-01	6.71E-01	-4.34E-02	1.02E-01	2.46E-02	
group_9474	2.07E-01	6.57E-07	8.86E-01	-2.82E-02	1.96E-01	8.33E-03	
group_8896	2.07E-01	9.43E-01	2.89E-01	8.61E-02	8.11E-02	6.14E-02	
group_8724	2.07E-01	9.43E-01	2.89E-01	8.61E-02	8.11E-02	6.14E-02	
group_8699	2.07E-01	9.43E-01	2.89E-01	8.61E-02	8.11E-02	6.14E-02	
group_8598	2.00E-01	3.32E-03	2.97E-02	1.88E-01	8.61E-02	1.26E-01	
group_8153	2.07E-01	9.43E-01	2.89E-01	8.61E-02	8.11E-02	6.14E-02	
group_7194	2.07E-01	2.09E-08	2.04E-03	7.06E-01	2.27E-01	1.77E-01	bad-chisq
group_7144	2.07E-01	2.09E-08	2.04E-03	7.06E-01	2.27E-01	1.77E-01	bad-chisq
group_7030	2.07E-01	2.09E-08	2.04E-03	7.06E-01	2.27E-01	1.77E-01	bad-chisq
group_6845	2.07E-01	1.23E-07	3.01E-01	2.38E-01	2.30E-01	5.99E-02	bad-chisq
group_6101	2.07E-01	6.57E-07	8.86E-01	-2.82E-02	1.96E-01	8.33E-03	
group_6100	2.07E-01	6.57E-07	8.86E-01	-2.82E-02	1.96E-01	8.33E-03	
group_6013	2.07E-01	9.43E-01	2.89E-01	8.61E-02	8.11E-02	6.14E-02	
group_6001	2.00E-01	3.32E-03	2.97E-02	1.88E-01	8.61E-02	1.26E-01	
group_5724	2.07E-01	9.43E-01	2.89E-01	8.61E-02	8.11E-02	6.14E-02	
group_4414	2.03E-01	4.30E-01	3.48E-01	-9.54E-02	1.01E-01	5.44E-02	
group_4396	2.07E-01	1.83E-01	6.71E-01	-4.34E-02	1.02E-01	2.46E-02	
gatC	2.07E-01	2.09E-08	2.04E-03	7.06E-01	2.27E-01	1.77E-01	bad-chisq
group_4368	2.07E-01	1.23E-07	3.01E-01	2.38E-01	2.30E-01	5.99E-02	bad-chisq
group_4286	2.07E-01	1.23E-07	3.01E-01	2.38E-01	2.30E-01	5.99E-02	bad-chisq
group_4081	2.07E-01	1.83E-01	6.71E-01	-4.34E-02	1.02E-01	2.46E-02	
group_3977	2.07E-01	1.83E-01	6.71E-01	-4.34E-02	1.02E-01	2.46E-02	
group_3975	2.07E-01	6.57E-07	8.72E-01	-3.16E-02	1.96E-01	9.33E-03	
group_3523	2.07E-01	1.23E-07	3.11E-01	2.34E-01	2.30E-01	5.87E-02	bad-chisq
group_3477	2.07E-01	2.09E-08	2.04E-03	7.06E-01	2.27E-01	1.77E-01	bad-chisq
group_3403	2.07E-01	2.09E-08	2.04E-03	7.06E-01	2.27E-01	1.77E-01	bad-chisq
group_3349	2.07E-01	2.09E-08	2.04E-03	7.06E-01	2.27E-01	1.77E-01	bad-chisq
group_3154	2.07E-01	1.23E-07	8.46E-02	3.11E-01	1.80E-01	9.97E-02	bad-chisq
group_3117	2.07E-01	2.09E-08	2.04E-03	7.06E-01	2.27E-01	1.77E-01	bad-chisq
group_3097	2.07E-01	1.23E-07	3.11E-01	2.34E-01	2.30E-01	5.87E-02	bad-chisq
group_3044	2.07E-01	1.23E-07	3.01E-01	2.38E-01	2.30E-01	5.99E-02	bad-chisq
group_2118	2.07E-01	1.23E-07	3.01E-01	2.38E-01	2.30E-01	5.99E-02	bad-chisq
group_1252	2.07E-01	1.23E-07	3.00E-01	2.39E-01	2.30E-01	6.00E-02	bad-chisq
group_165	2.07E-01	1.23E-07	3.01E-01	2.38E-01	2.30E-01	5.99E-02	bad-chisq
group_23730	2.03E-01	8.98E-07	9.43E-01	1.16E-02	1.61E-01	4.18E-03	
group_23547	2.03E-01	1.70E-07	4.19E-01	1.56E-01	1.93E-01	4.68E-02	bad-chisq
group_23512	2.03E-01	1.70E-07	4.19E-01	1.56E-01	1.93E-01	4.68E-02	bad-chisq
group_23318	2.03E-01	1.70E-07	4.14E-01	1.57E-01	1.92E-01	4.73E-02	bad-chisq
group_23050	2.03E-01	1.70E-07	4.19E-01	1.56E-01	1.93E-01	4.68E-02	bad-chisq
group_22769	2.03E-01	1.70E-07	4.19E-01	1.56E-01	1.93E-01	4.68E-02	bad-chisq
group_22731	2.03E-01	1.70E-07	4.19E-01	1.56E-01	1.93E-01	4.68E-02	bad-chisq
group_22214	2.03E-01	2.90E-08	1.13E-02	4.86E-01	1.91E-01	1.46E-01	bad-chisq
group_21855	2.03E-01	1.70E-07	4.19E-01	1.56E-01	1.93E-01	4.68E-02	bad-chisq
group_21642	2.03E-01	1.70E-07	4.14E-01	1.57E-01	1.92E-01	4.73E-02	bad-chisq
group_21429	2.03E-01	2.90E-08	1.13E-02	4.86E-01	1.91E-01	1.46E-01	bad-chisq
group_21035	2.03E-01	1.70E-07	4.19E-01	1.56E-01	1.93E-01	4.68E-02	bad-chisq
group_18715	2.03E-01	1.70E-07	4.19E-01	1.56E-01	1.93E-01	4.68E-02	bad-chisq
group_18520	2.03E-01	1.70E-07	4.19E-01	1.56E-01	1.93E-01	4.68E-02	bad-chisq
group_17963	2.00E-01	1.28E-02	5.41E-02	-1.48E-01	7.64E-02	1.11E-01	
group_17645	2.00E-01	1.28E-02	5.41E-02	-1.48E-01	7.64E-02	1.11E-01	
group_17183	2.03E-01	1.70E-07	4.08E-01	1.60E-01	1.93E-01	4.80E-02	bad-chisq
group_16918	2.03E-01	8.98E-07	9.22E-01	-1.57E-02	1.59E-01	5.69E-03	
group_16815	2.03E-01	1.70E-07	4.19E-01	1.56E-01	1.93E-01	4.68E-02	bad-chisq
group_15965	2.03E-01	1.70E-07	4.14E-01	1.57E-01	1.92E-01	4.73E-02	bad-chisq
group_14892	2.03E-01	1.70E-07	4.19E-01	1.56E-01	1.93E-01	4.68E-02	bad-chisq
group_14842	2.03E-01	1.72E-02	2.22E-01	-9.50E-02	7.77E-02	7.07E-02	
group_14636	2.03E-01	1.72E-02	2.22E-01	-9.50E-02	7.77E-02	7.07E-02	
group_14389	2.03E-01	1.70E-07	4.14E-01	1.57E-01	1.92E-01	4.73E-02	bad-chisq
group_14365	2.03E-01	1.72E-02	2.22E-01	-9.50E-02	7.77E-02	7.07E-02	
group_14273	2.03E-01	1.70E-07	4.19E-01	1.56E-01	1.93E-01	4.68E-02	bad-chisq
acaB	2.03E-01	1.72E-02	2.22E-01	-9.50E-02	7.77E-02	7.07E-02	
hchA	2.03E-01	1.70E-07	4.19E-01	1.56E-01	1.93E-01	4.68E-02	bad-chisq
group_12362	2.03E-01	2.90E-08	2.53E-02	2.21E-01	9.84E-02	1.29E-01	bad-chisq
group_12299	2.03E-01	6.31E-01	9.10E-01	1.05E-02	9.24E-02	6.55E-03	
group_11863	2.03E-01	8.71E-01	4.54E-01	6.11E-02	8.15E-02	4.34E-02	
group_11676	2.03E-01	2.90E-08	1.13E-02	4.86E-01	1.91E-01	1.46E-01	bad-chisq
group_11613	2.03E-01	8.71E-01	4.54E-01	6.11E-02	8.15E-02	4.34E-02	
group_11250	2.03E-01	1.70E-07	1.34E-01	2.42E-01	1.61E-01	8.68E-02	bad-chisq
group_11247	2.03E-01	1.70E-07	4.14E-01	1.57E-01	1.92E-01	4.73E-02	bad-chisq
group_11134	2.03E-01	8.71E-01	4.54E-01	6.11E-02	8.15E-02	4.34E-02	
group_11133	2.03E-01	8.71E-01	4.54E-01	6.11E-02	8.15E-02	4.34E-02	
group_11132	2.03E-01	8.71E-01	4.54E-01	6.11E-02	8.15E-02	4.34E-02	
group_10707	2.03E-01	8.71E-01	4.54E-01	6.11E-02	8.15E-02	4.34E-02	
group_10284	2.03E-01	8.71E-01	4.54E-01	6.11E-02	8.15E-02	4.34E-02	
group_10283	2.03E-01	8.71E-01	4.54E-01	6.11E-02	8.15E-02	4.34E-02	
group_9519	2.03E-01	8.71E-01	4.54E-01	6.11E-02	8.15E-02	4.34E-02	
group_9518	2.03E-01	8.71E-01	4.54E-01	6.11E-02	8.15E-02	4.34E-02	
group_9517	2.03E-01	8.71E-01	4.54E-01	6.11E-02	8.15E-02	4.34E-02	
folE2	2.03E-01	1.70E-07	4.19E-01	1.56E-01	1.93E-01	4.68E-02	bad-chisq
group_9124	2.03E-01	1.70E-07	4.19E-01	1.56E-01	1.93E-01	4.68E-02	bad-chisq
group_8277	2.03E-01	8.71E-01	4.54E-01	6.11E-02	8.15E-02	4.34E-02	
group_8018	2.03E-01	1.70E-07	2.80E-01	9.44E-02	8.72E-02	6.26E-02	bad-chisq
group_7450	2.03E-01	8.77E-01	2.31E-01	9.71E-02	8.09E-02	6.94E-02	
group_6970	2.03E-01	8.71E-01	4.54E-01	6.11E-02	8.15E-02	4.34E-02	
group_6966	2.03E-01	1.70E-07	4.19E-01	1.56E-01	1.93E-01	4.68E-02	bad-chisq
group_6938	2.03E-01	8.98E-07	8.72E-01	-2.78E-02	1.72E-01	9.35E-03	
group_6611	2.03E-01	1.70E-07	4.19E-01	1.56E-01	1.93E-01	4.68E-02	bad-chisq
group_6409	2.03E-01	1.70E-07	4.19E-01	1.56E-01	1.93E-01	4.68E-02	bad-chisq
group_5556	2.03E-01	1.70E-07	4.19E-01	1.56E-01	1.93E-01	4.68E-02	bad-chisq
cobW	2.03E-01	1.70E-07	4.19E-01	1.56E-01	1.93E-01	4.68E-02	bad-chisq
group_4637	2.03E-01	1.70E-07	4.19E-01	1.56E-01	1.93E-01	4.68E-02	bad-chisq
zigA	2.03E-01	1.70E-07	4.19E-01	1.56E-01	1.93E-01	4.68E-02	bad-chisq
group_4397	2.03E-01	1.70E-07	4.19E-01	1.56E-01	1.93E-01	4.68E-02	bad-chisq
group_4280	2.03E-01	1.70E-07	4.19E-01	1.56E-01	1.93E-01	4.68E-02	bad-chisq
group_4221	2.03E-01	2.90E-08	1.13E-02	4.86E-01	1.91E-01	1.46E-01	bad-chisq
group_3898	2.03E-01	1.70E-07	4.19E-01	1.56E-01	1.93E-01	4.68E-02	bad-chisq
group_3837	2.03E-01	1.70E-07	4.19E-01	1.56E-01	1.93E-01	4.68E-02	bad-chisq
group_3829	2.03E-01	1.70E-07	4.14E-01	1.57E-01	1.92E-01	4.73E-02	bad-chisq
group_3828	2.03E-01	1.70E-07	4.14E-01	1.57E-01	1.92E-01	4.73E-02	bad-chisq
group_3758	2.03E-01	2.90E-08	1.13E-02	4.86E-01	1.91E-01	1.46E-01	bad-chisq
group_3579	2.03E-01	2.90E-08	1.13E-02	4.86E-01	1.91E-01	1.46E-01	bad-chisq
group_3314	2.03E-01	1.70E-07	4.19E-01	1.56E-01	1.93E-01	4.68E-02	bad-chisq
group_3299	2.03E-01	1.70E-07	4.19E-01	1.56E-01	1.93E-01	4.69E-02	bad-chisq
cysS	2.03E-01	1.70E-07	4.19E-01	1.56E-01	1.93E-01	4.68E-02	bad-chisq
group_3232	2.03E-01	1.70E-07	4.19E-01	1.56E-01	1.93E-01	4.69E-02	bad-chisq
group_2380	2.03E-01	1.70E-07	4.19E-01	1.56E-01	1.93E-01	4.68E-02	bad-chisq
group_2310	2.03E-01	1.70E-07	4.14E-01	1.57E-01	1.92E-01	4.73E-02	bad-chisq
group_2144	2.03E-01	1.70E-07	4.14E-01	1.57E-01	1.92E-01	4.73E-02	bad-chisq
group_1584	2.03E-01	1.70E-07	4.14E-01	1.57E-01	1.92E-01	4.73E-02	bad-chisq
group_1571	2.03E-01	1.70E-07	4.19E-01	1.56E-01	1.93E-01	4.68E-02	bad-chisq
group_1531	2.03E-01	1.70E-07	4.19E-01	1.56E-01	1.93E-01	4.68E-02	bad-chisq
group_1368	2.03E-01	1.70E-07	4.14E-01	1.57E-01	1.92E-01	4.73E-02	bad-chisq
group_1282	2.03E-01	1.70E-07	4.19E-01	1.56E-01	1.93E-01	4.68E-02	bad-chisq
group_1115	2.03E-01	1.70E-07	4.14E-01	1.57E-01	1.92E-01	4.73E-02	bad-chisq
yidD	2.03E-01	1.70E-07	4.19E-01	1.56E-01	1.93E-01	4.68E-02	bad-chisq
group_592	2.03E-01	1.70E-07	4.09E-01	1.59E-01	1.93E-01	4.78E-02	bad-chisq
group_532	2.03E-01	1.70E-07	4.19E-01	1.56E-01	1.93E-01	4.68E-02	bad-chisq
group_481	2.03E-01	2.90E-08	1.13E-02	4.86E-01	1.91E-01	1.46E-01	bad-chisq
group_73	2.03E-01	1.70E-07	4.19E-01	1.56E-01	1.93E-01	4.68E-02	bad-chisq
group_23462	2.00E-01	3.00E-02	4.11E-01	-6.52E-02	7.92E-02	4.77E-02	
group_22648	2.00E-01	3.00E-02	4.11E-01	-6.52E-02	7.92E-02	4.77E-02	
group_22647	2.00E-01	3.00E-02	2.00E-01	-1.01E-01	7.89E-02	7.42E-02	
group_21715	2.00E-01	3.00E-02	4.11E-01	-6.52E-02	7.92E-02	4.77E-02	
group_20445	2.00E-01	3.00E-02	1.04E-01	-1.21E-01	7.43E-02	9.40E-02	
group_16975	1.97E-01	2.28E-02	3.55E-01	-7.45E-02	8.05E-02	5.36E-02	
group_14126	1.93E-01	8.39E-01	3.38E-02	-1.80E-01	8.44E-02	1.23E-01	
group_12593	2.00E-01	2.33E-07	4.86E-01	1.19E-01	1.70E-01	4.04E-02	bad-chisq
group_11955	2.00E-01	3.00E-02	5.46E-01	7.36E-02	1.22E-01	3.50E-02	
group_10818	1.97E-01	5.03E-01	8.15E-01	-1.99E-02	8.50E-02	1.35E-02	
group_10430	2.00E-01	2.33E-07	4.86E-01	1.19E-01	1.70E-01	4.04E-02	bad-chisq
group_7824	2.00E-01	3.00E-02	8.09E-01	-2.10E-02	8.72E-02	1.40E-02	
group_5260	2.00E-01	1.28E-02	2.82E-02	-1.66E-01	7.52E-02	1.27E-01	
group_4475	2.00E-01	2.33E-07	4.86E-01	1.19E-01	1.70E-01	4.04E-02	bad-chisq
group_4451	2.00E-01	2.33E-07	4.86E-01	1.19E-01	1.70E-01	4.04E-02	bad-chisq
group_4336	2.00E-01	2.33E-07	4.88E-01	1.18E-01	1.70E-01	4.02E-02	bad-chisq
group_3602	1.97E-01	5.75E-02	1.66E-01	1.16E-01	8.33E-02	8.03E-02	
group_3205	2.00E-01	2.33E-07	4.88E-01	1.18E-01	1.70E-01	4.02E-02	bad-chisq
group_2142	2.00E-01	2.33E-07	4.89E-01	1.18E-01	1.70E-01	4.01E-02	bad-chisq
cadA	2.00E-01	3.00E-02	4.11E-01	-6.52E-02	7.92E-02	4.77E-02	
group_215	2.00E-01	2.33E-07	4.86E-01	1.19E-01	1.70E-01	4.04E-02	bad-chisq
group_24934	1.97E-01	3.20E-07	5.56E-01	9.07E-02	1.54E-01	3.41E-02	bad-chisq
group_23191	1.97E-01	3.20E-07	5.49E-01	9.25E-02	1.54E-01	3.47E-02	bad-chisq
group_18409	1.97E-01	1.26E-06	4.43E-01	-2.25E-01	2.93E-01	4.45E-02	
group_16280	1.97E-01	2.28E-02	7.24E-01	-3.08E-02	8.71E-02	2.05E-02	
group_15773	1.93E-01	1.54E-05	1.27E-02	-1.88E-01	7.47E-02	1.44E-01	
group_11510	1.97E-01	7.85E-06	8.55E-01	1.96E-02	1.07E-01	1.06E-02	
group_10549	1.97E-01	5.06E-02	8.29E-01	-1.68E-02	7.76E-02	1.25E-02	
group_10027	1.97E-01	2.28E-02	7.21E-01	-3.11E-02	8.71E-02	2.07E-02	
group_7918	1.97E-01	1.67E-06	9.96E-01	6.61E-04	1.38E-01	2.77E-04	
group_7305	1.97E-01	3.20E-07	2.21E-01	1.68E-01	1.37E-01	7.09E-02	bad-chisq
group_4464	1.93E-01	2.44E-03	4.25E-02	-2.16E-01	1.06E-01	1.17E-01	
group_24770	1.93E-01	7.64E-08	7.93E-02	2.50E-01	1.42E-01	1.01E-01	bad-chisq
group_20626	1.90E-01	3.02E-02	3.09E-01	-7.86E-02	7.70E-02	5.90E-02	
group_20625	1.90E-01	3.02E-02	3.09E-01	-7.86E-02	7.70E-02	5.90E-02	
group_17177	1.93E-01	1.86E-03	6.92E-01	2.64E-02	6.66E-02	2.30E-02	
group_17145	1.90E-01	4.46E-01	6.51E-01	4.47E-02	9.86E-02	2.63E-02	
group_16465	1.93E-01	2.26E-06	1.28E-01	1.77E-01	1.16E-01	8.81E-02	
group_13664	1.93E-01	3.94E-02	1.88E-01	-1.03E-01	7.77E-02	7.63E-02	
group_12356	1.93E-01	1.71E-02	6.80E-01	-3.58E-02	8.68E-02	2.39E-02	
group_11423	1.93E-01	1.71E-02	6.80E-01	-3.58E-02	8.68E-02	2.39E-02	
osmE	1.93E-01	4.50E-11	8.16E-03	-7.04E-01	2.64E-01	1.52E-01	
group_22871	1.90E-01	6.55E-02	3.37E-01	-7.60E-02	7.90E-02	5.56E-02	
cap7	1.90E-01	6.55E-02	3.37E-01	-7.60E-02	7.90E-02	5.56E-02	
nucC	1.90E-01	6.55E-02	3.37E-01	-7.60E-02	7.90E-02	5.56E-02	
group_17409	1.87E-01	7.30E-01	6.01E-01	5.19E-02	9.92E-02	3.03E-02	
group_17408	1.87E-01	7.30E-01	6.01E-01	5.19E-02	9.92E-02	3.03E-02	
group_16826	1.87E-01	7.30E-01	6.01E-01	5.19E-02	9.92E-02	3.03E-02	
group_16669	1.90E-01	9.12E-01	8.56E-01	1.90E-02	1.05E-01	1.05E-02	
group_14571	1.87E-01	3.37E-03	2.27E-02	-1.76E-01	7.67E-02	1.32E-01	
group_14288	1.87E-01	1.12E-03	6.25E-03	-2.07E-01	7.52E-02	1.58E-01	
cdnD	1.90E-01	6.55E-02	3.37E-01	-7.60E-02	7.90E-02	5.56E-02	
group_7419	1.90E-01	5.96E-07	4.63E-01	8.25E-02	1.12E-01	4.26E-02	bad-chisq
cap6	1.90E-01	6.55E-02	3.37E-01	-7.60E-02	7.90E-02	5.56E-02	
group_3818	1.90E-01	6.55E-02	3.37E-01	-7.60E-02	7.90E-02	5.56E-02	
cap8	1.90E-01	6.55E-02	3.37E-01	-7.60E-02	7.90E-02	5.56E-02	
group_3012	1.90E-01	3.06E-06	8.35E-01	-2.52E-02	1.21E-01	1.21E-02	
group_19488	1.87E-01	3.35E-04	9.56E-02	2.61E-01	1.56E-01	9.64E-02	
group_19378	1.87E-01	3.35E-04	9.56E-02	2.61E-01	1.56E-01	9.64E-02	
group_19361	1.87E-01	3.35E-04	9.56E-02	2.61E-01	1.56E-01	9.64E-02	
group_19314	1.83E-01	2.86E-01	7.69E-01	-2.49E-02	8.46E-02	1.70E-02	
group_16521	1.83E-01	3.81E-04	8.79E-01	-1.40E-02	9.19E-02	8.80E-03	
group_15247	1.83E-01	8.00E-01	6.95E-01	3.92E-02	9.98E-02	2.27E-02	
sicA	1.83E-01	8.00E-01	6.95E-01	3.92E-02	9.98E-02	2.27E-02	
group_14991	1.83E-01	8.00E-01	6.95E-01	3.92E-02	9.98E-02	2.27E-02	
group_14843	1.87E-01	1.12E-03	1.59E-02	-1.85E-01	7.65E-02	1.39E-01	
group_11677	1.87E-01	4.73E-02	6.96E-01	3.85E-02	9.84E-02	2.27E-02	
group_11159	1.87E-01	2.21E-05	6.27E-01	9.73E-02	2.00E-01	2.81E-02	
group_8233	1.87E-01	1.05E-01	9.39E-01	-7.99E-03	1.05E-01	4.42E-03	
group_15635	1.80E-01	1.40E-06	4.05E-03	-2.23E-01	7.71E-02	1.65E-01	
group_14637	1.83E-01	2.31E-03	1.71E-02	-1.84E-01	7.66E-02	1.38E-01	
group_14544	1.83E-01	1.97E-07	1.56E-01	1.70E-01	1.19E-01	8.20E-02	bad-chisq
group_14368	1.83E-01	2.31E-03	1.71E-02	-1.84E-01	7.66E-02	1.38E-01	
dsbA~~~dsbC	1.83E-01	2.31E-03	1.71E-02	-1.84E-01	7.66E-02	1.38E-01	
group_7971	1.83E-01	8.42E-02	3.19E-01	-8.04E-02	8.06E-02	5.77E-02	
group_6473	1.83E-01	8.42E-02	8.69E-01	1.79E-02	1.08E-01	9.57E-03	
group_4802	1.80E-01	1.33E-01	4.33E-01	-7.50E-02	9.54E-02	4.55E-02	
group_4740	1.83E-01	8.42E-02	3.19E-01	-8.04E-02	8.06E-02	5.77E-02	
group_4301	1.83E-01	8.42E-02	4.15E-01	-6.53E-02	8.01E-02	4.72E-02	
group_20283	1.80E-01	6.23E-01	1.49E-02	2.05E-01	8.36E-02	1.40E-01	
group_19197	1.80E-01	6.66E-02	8.34E-01	2.01E-02	9.59E-02	1.21E-02	
group_17331	1.80E-01	6.66E-02	1.23E-01	-1.22E-01	7.88E-02	8.93E-02	
group_17266	1.77E-01	1.08E-01	4.67E-01	6.62E-02	9.09E-02	4.21E-02	
group_16855	1.77E-01	1.08E-01	4.67E-01	6.62E-02	9.09E-02	4.21E-02	
group_15368	1.77E-01	2.27E-02	4.43E-01	-6.38E-02	8.31E-02	4.44E-02	
group_15239	1.77E-01	2.27E-02	4.43E-01	-6.38E-02	8.31E-02	4.44E-02	
group_13555	1.80E-01	1.33E-01	1.93E-01	1.76E-01	1.35E-01	7.53E-02	
group_9201	1.80E-01	1.33E-01	7.53E-01	3.36E-02	1.07E-01	1.83E-02	
group_34	1.80E-01	7.47E-06	9.09E-01	-1.24E-02	1.09E-01	6.60E-03	
group_21696	1.77E-01	2.02E-06	7.76E-01	3.16E-02	1.11E-01	1.65E-02	bad-chisq
group_19504	1.73E-01	4.52E-05	1.04E-02	-1.96E-01	7.58E-02	1.48E-01	
group_19481	1.77E-01	6.90E-01	6.70E-01	3.55E-02	8.31E-02	2.47E-02	
group_15281	1.77E-01	1.03E-03	1.45E-02	-1.90E-01	7.74E-02	1.41E-01	
group_15148	1.77E-01	1.03E-03	1.45E-02	-1.90E-01	7.74E-02	1.41E-01	
group_14378	1.77E-01	7.74E-05	3.39E-02	-2.61E-01	1.23E-01	1.22E-01	
espB~~~sctB	1.77E-01	7.74E-05	3.39E-02	-2.61E-01	1.23E-01	1.22E-01	
group_14098	1.77E-01	7.74E-05	3.39E-02	-2.61E-01	1.23E-01	1.22E-01	
group_13816	1.77E-01	7.74E-05	3.39E-02	-2.61E-01	1.23E-01	1.22E-01	
group_13695	1.77E-01	7.74E-05	3.39E-02	-2.61E-01	1.23E-01	1.22E-01	
group_13612	1.77E-01	7.74E-05	3.39E-02	-2.61E-01	1.23E-01	1.22E-01	
group_13218	1.77E-01	7.74E-05	3.39E-02	-2.61E-01	1.23E-01	1.22E-01	
group_12508	1.77E-01	7.74E-05	3.39E-02	-2.61E-01	1.23E-01	1.22E-01	
group_10317	1.77E-01	8.96E-03	9.44E-01	6.97E-03	9.85E-02	4.10E-03	
group_3494	1.77E-01	2.02E-06	7.74E-01	3.18E-02	1.11E-01	1.66E-02	bad-chisq
group_22814	1.73E-01	8.58E-02	1.05E-01	-1.39E-01	8.58E-02	9.37E-02	
group_21481	1.73E-01	8.58E-02	1.05E-01	-1.39E-01	8.58E-02	9.37E-02	
group_20285	1.73E-01	3.99E-02	6.61E-01	3.78E-02	8.60E-02	2.55E-02	
group_19227	1.73E-01	1.83E-04	3.84E-01	-1.07E-01	1.23E-01	5.04E-02	
group_19151	1.73E-01	9.75E-01	9.55E-01	-5.86E-03	1.04E-01	3.26E-03	
group_4635	1.70E-01	8.33E-01	2.02E-01	-1.24E-01	9.68E-02	7.39E-02	
group_20968	1.70E-01	5.42E-06	1.84E-01	-3.98E-01	2.99E-01	7.69E-02	
group_20967	1.70E-01	5.42E-06	1.84E-01	-3.98E-01	2.99E-01	7.69E-02	
group_20966	1.70E-01	5.42E-06	1.84E-01	-3.98E-01	2.99E-01	7.69E-02	
group_19914	1.70E-01	2.51E-01	8.19E-01	2.26E-02	9.84E-02	1.33E-02	
group_16267	1.70E-01	8.33E-01	9.22E-01	1.05E-02	1.07E-01	5.66E-03	
sseD~~~sctB	1.67E-01	6.77E-02	5.47E-01	6.06E-02	1.00E-01	3.49E-02	
group_11976	1.70E-01	1.21E-02	5.31E-01	-6.47E-02	1.03E-01	3.63E-02	
sigE	1.70E-01	1.21E-02	5.31E-01	-6.47E-02	1.03E-01	3.63E-02	
group_10863	1.70E-01	1.21E-02	5.31E-01	-6.47E-02	1.03E-01	3.63E-02	
group_10193	1.70E-01	8.33E-01	9.22E-01	1.05E-02	1.07E-01	5.66E-03	
group_9934	1.70E-01	3.01E-02	5.20E-01	-8.74E-02	1.36E-01	3.72E-02	
group_9625	1.67E-01	6.48E-01	8.44E-01	-1.87E-02	9.51E-02	1.14E-02	
group_9376	1.70E-01	8.33E-01	9.22E-01	1.05E-02	1.07E-01	5.66E-03	
group_9130	1.70E-01	8.33E-01	9.22E-01	1.05E-02	1.07E-01	5.66E-03	
group_9039	1.70E-01	8.33E-01	9.22E-01	1.05E-02	1.07E-01	5.66E-03	
group_7812	1.67E-01	5.22E-02	1.32E-01	-1.55E-01	1.03E-01	8.72E-02	
group_7084	1.70E-01	8.33E-01	9.22E-01	1.05E-02	1.07E-01	5.66E-03	
group_6798	1.70E-01	8.33E-01	9.22E-01	1.05E-02	1.07E-01	5.66E-03	
group_6318	1.70E-01	8.33E-01	9.22E-01	1.05E-02	1.07E-01	5.66E-03	
group_4408	1.70E-01	8.33E-01	9.22E-01	1.05E-02	1.07E-01	5.66E-03	
group_4372	1.70E-01	8.33E-01	9.22E-01	1.05E-02	1.07E-01	5.66E-03	
pseB	1.70E-01	8.33E-01	9.22E-01	1.05E-02	1.07E-01	5.66E-03	
group_4247	1.70E-01	8.33E-01	9.22E-01	1.05E-02	1.07E-01	5.66E-03	
group_3746	1.70E-01	8.33E-01	9.22E-01	1.05E-02	1.07E-01	5.66E-03	
group_3712	1.70E-01	8.33E-01	9.22E-01	1.05E-02	1.07E-01	5.66E-03	
group_3711	1.70E-01	8.33E-01	9.22E-01	1.05E-02	1.07E-01	5.66E-03	
group_3554	1.70E-01	8.33E-01	9.22E-01	1.05E-02	1.07E-01	5.66E-03	
pseG	1.70E-01	8.33E-01	9.22E-01	1.05E-02	1.07E-01	5.66E-03	
group_3526	1.70E-01	8.33E-01	9.22E-01	1.05E-02	1.07E-01	5.66E-03	
group_3503	1.70E-01	8.33E-01	9.22E-01	1.05E-02	1.07E-01	5.66E-03	
group_3473	1.70E-01	8.33E-01	9.22E-01	1.05E-02	1.07E-01	5.66E-03	
group_3416	1.70E-01	8.33E-01	9.22E-01	1.05E-02	1.07E-01	5.66E-03	
group_3372	1.70E-01	8.33E-01	9.22E-01	1.05E-02	1.07E-01	5.66E-03	
rffA	1.70E-01	8.33E-01	9.22E-01	1.05E-02	1.07E-01	5.66E-03	
group_3318	1.70E-01	8.33E-01	9.22E-01	1.05E-02	1.07E-01	5.66E-03	
group_3310	1.70E-01	8.33E-01	9.22E-01	1.05E-02	1.07E-01	5.66E-03	
pseC	1.70E-01	8.33E-01	9.22E-01	1.05E-02	1.07E-01	5.66E-03	
group_3275	1.70E-01	8.33E-01	9.22E-01	1.05E-02	1.07E-01	5.66E-03	
group_2960	1.70E-01	8.33E-01	9.22E-01	1.05E-02	1.07E-01	5.66E-03	
group_2028	1.70E-01	8.33E-01	9.22E-01	1.05E-02	1.07E-01	5.66E-03	
group_1205	1.70E-01	8.33E-01	9.22E-01	1.05E-02	1.07E-01	5.66E-03	
group_16122	1.67E-01	1.38E-01	6.81E-01	-2.54E-02	6.18E-02	2.38E-02	
group_15558	1.67E-01	6.77E-02	6.51E-02	1.21E-01	6.54E-02	1.07E-01	
group_10057	1.67E-01	4.93E-06	2.35E-01	9.34E-02	7.85E-02	6.87E-02	bad-chisq
group_4322	1.67E-01	6.48E-01	7.55E-01	2.17E-02	6.93E-02	1.81E-02	
group_22386	1.63E-01	9.87E-01	7.74E-01	-3.21E-02	1.12E-01	1.66E-02	
group_18879	1.63E-01	1.55E-04	6.07E-01	-1.40E-01	2.72E-01	2.98E-02	
group_16410	1.60E-01	3.62E-04	6.72E-02	-4.42E-01	2.41E-01	1.06E-01	
group_13306	1.63E-01	6.02E-03	4.89E-01	-5.54E-02	8.01E-02	4.01E-02	
group_3653	1.63E-01	7.18E-01	7.58E-01	2.13E-02	6.91E-02	1.78E-02	
group_24079	1.60E-01	9.74E-02	9.99E-01	-1.51E-04	1.04E-01	8.45E-05	
group_22889	1.57E-01	1.12E-01	2.43E-01	-1.22E-01	1.04E-01	6.76E-02	
group_17667	1.57E-01	6.05E-01	7.04E-01	-3.07E-02	8.06E-02	2.20E-02	
group_17666	1.57E-01	6.05E-01	7.04E-01	-3.07E-02	8.06E-02	2.20E-02	
group_17247	1.57E-01	6.05E-01	7.04E-01	-3.07E-02	8.06E-02	2.20E-02	
mobC	1.57E-01	6.05E-01	7.04E-01	-3.07E-02	8.06E-02	2.20E-02	
group_16938	1.60E-01	4.01E-06	2.95E-01	-1.22E-01	1.17E-01	6.06E-02	
group_16517	1.57E-01	6.05E-01	7.04E-01	-3.07E-02	8.06E-02	2.20E-02	
group_12201	1.57E-01	8.20E-03	2.36E-01	-9.94E-02	8.36E-02	6.86E-02	
group_10856	1.57E-01	1.12E-01	2.43E-01	-1.22E-01	1.04E-01	6.76E-02	
group_10290	1.57E-01	2.18E-04	2.36E-02	-4.74E-01	2.08E-01	1.31E-01	
group_8290	1.57E-01	2.18E-04	2.36E-02	-4.74E-01	2.08E-01	1.31E-01	
group_7248	1.60E-01	9.74E-02	9.99E-01	-1.51E-04	1.04E-01	8.45E-05	
group_3430	1.57E-01	1.12E-01	2.43E-01	-1.22E-01	1.04E-01	6.76E-02	
group_3417	1.57E-01	2.30E-02	5.28E-02	1.86E-01	9.57E-02	1.12E-01	
group_3313	1.57E-01	1.12E-01	2.43E-01	-1.22E-01	1.04E-01	6.76E-02	
group_3312	1.57E-01	1.12E-01	2.43E-01	-1.22E-01	1.04E-01	6.76E-02	
group_3233	1.57E-01	2.30E-02	5.28E-02	1.86E-01	9.57E-02	1.12E-01	
ecsC	1.60E-01	3.36E-01	7.02E-01	3.86E-02	1.01E-01	2.22E-02	
group_1247	1.57E-01	2.30E-02	5.28E-02	1.86E-01	9.57E-02	1.12E-01	
group_20754	1.57E-01	3.75E-01	6.97E-01	-3.26E-02	8.38E-02	2.26E-02	
group_17373	1.57E-01	1.08E-05	4.03E-01	-9.61E-02	1.15E-01	4.84E-02	
group_16843	1.57E-01	1.08E-05	4.03E-01	-9.61E-02	1.15E-01	4.84E-02	
group_16418	1.53E-01	1.58E-02	3.56E-01	-7.72E-02	8.34E-02	5.35E-02	
group_15453	1.57E-01	3.35E-07	6.16E-01	-7.21E-02	1.44E-01	2.91E-02	
group_13282	1.57E-01	8.20E-03	2.36E-01	-9.94E-02	8.36E-02	6.86E-02	
group_12934	1.57E-01	8.68E-01	7.48E-01	3.10E-02	9.64E-02	1.86E-02	
group_12621	1.57E-01	2.15E-01	9.91E-01	1.08E-03	9.32E-02	6.72E-04	
group_12193	1.57E-01	8.68E-01	7.48E-01	3.10E-02	9.64E-02	1.86E-02	
group_11945	1.57E-01	8.19E-04	3.27E-01	1.46E-01	1.48E-01	5.68E-02	
phd	1.57E-01	2.15E-01	9.91E-01	1.08E-03	9.32E-02	6.72E-04	
group_11787	1.57E-01	8.68E-01	7.48E-01	3.10E-02	9.64E-02	1.86E-02	
group_11198	1.57E-01	8.68E-01	7.48E-01	3.10E-02	9.64E-02	1.86E-02	
group_11197	1.57E-01	8.68E-01	7.48E-01	3.10E-02	9.64E-02	1.86E-02	
group_10547	1.57E-01	8.68E-01	7.48E-01	3.10E-02	9.64E-02	1.86E-02	
ribX	1.57E-01	8.68E-01	7.48E-01	3.10E-02	9.64E-02	1.86E-02	
group_10435	1.57E-01	8.20E-03	2.36E-01	-9.94E-02	8.36E-02	6.86E-02	
group_9610	1.57E-01	8.68E-01	7.48E-01	3.10E-02	9.64E-02	1.86E-02	
group_9609	1.57E-01	8.68E-01	7.48E-01	3.10E-02	9.64E-02	1.86E-02	
tauB	1.57E-01	8.68E-01	7.48E-01	3.10E-02	9.64E-02	1.86E-02	
group_7742	1.57E-01	1.12E-01	6.19E-01	-4.70E-02	9.45E-02	2.88E-02	
group_7120	1.57E-01	8.68E-01	7.48E-01	3.10E-02	9.64E-02	1.86E-02	
group_4219	1.57E-01	1.12E-01	6.19E-01	-4.70E-02	9.45E-02	2.88E-02	
group_3942	1.57E-01	1.18E-05	9.10E-01	1.08E-02	9.51E-02	6.59E-03	bad-chisq
merT	1.53E-01	1.58E-02	3.56E-01	-7.72E-02	8.34E-02	5.35E-02	
group_23573	1.53E-01	1.77E-01	5.74E-01	-5.37E-02	9.54E-02	3.26E-02	
group_23389	1.53E-01	1.58E-02	3.56E-01	-7.72E-02	8.34E-02	5.35E-02	
group_21662	1.53E-01	1.58E-02	3.56E-01	-7.72E-02	8.34E-02	5.35E-02	
group_21395	1.53E-01	1.77E-01	5.74E-01	-5.37E-02	9.54E-02	3.26E-02	
group_19835	1.53E-01	1.77E-01	6.47E-01	-4.30E-02	9.39E-02	2.66E-02	
group_18865	1.53E-01	5.63E-03	2.74E-01	2.19E-01	2.00E-01	6.33E-02	
allR~~~iclR	1.53E-01	5.63E-03	2.74E-01	2.19E-01	2.00E-01	6.33E-02	
group_18794	1.53E-01	5.63E-03	2.74E-01	2.19E-01	2.00E-01	6.33E-02	
group_18793	1.53E-01	5.63E-03	2.74E-01	2.19E-01	2.00E-01	6.33E-02	
group_18710	1.53E-01	5.63E-03	2.74E-01	2.19E-01	2.00E-01	6.33E-02	
group_17440	1.47E-01	9.59E-02	2.46E-01	1.12E-01	9.60E-02	6.72E-02	
group_16889	1.47E-01	9.59E-02	2.46E-01	1.12E-01	9.60E-02	6.72E-02	
group_16463	1.50E-01	4.97E-01	8.99E-01	-1.04E-02	8.21E-02	7.36E-03	
group_16105	1.50E-01	3.78E-03	2.50E-03	-3.10E-01	1.02E-01	1.74E-01	
group_15968	1.53E-01	1.58E-02	3.56E-01	-7.72E-02	8.34E-02	5.35E-02	
copD	1.53E-01	1.77E-01	6.47E-01	-4.30E-02	9.39E-02	2.66E-02	
copC	1.53E-01	1.77E-01	6.47E-01	-4.30E-02	9.39E-02	2.66E-02	
sufI	1.53E-01	1.77E-01	6.47E-01	-4.30E-02	9.39E-02	2.66E-02	
group_4919	1.53E-01	1.58E-02	3.56E-01	-7.72E-02	8.34E-02	5.35E-02	
group_4815	1.53E-01	1.77E-01	6.47E-01	-4.30E-02	9.39E-02	2.66E-02	
yHS	1.53E-01	1.77E-01	6.47E-01	-4.30E-02	9.39E-02	2.66E-02	
group_3946	1.53E-01	1.77E-01	5.74E-01	-5.37E-02	9.54E-02	3.26E-02	
group_3555	1.53E-01	9.47E-01	9.40E-01	8.00E-03	1.06E-01	4.36E-03	
merA	1.53E-01	1.58E-02	3.56E-01	-7.72E-02	8.34E-02	5.35E-02	
group_1762	1.53E-01	1.58E-02	3.56E-01	-7.72E-02	8.34E-02	5.35E-02	
group_20457	1.47E-01	2.47E-03	4.86E-03	-2.26E-01	7.96E-02	1.62E-01	
group_19730	1.50E-01	3.78E-03	1.59E-01	-3.93E-01	2.79E-01	8.14E-02	
group_18199	1.50E-01	2.92E-02	6.95E-01	1.03E-01	2.63E-01	2.27E-02	
group_11068	1.47E-01	5.60E-01	4.61E-01	-6.07E-02	8.23E-02	4.27E-02	
group_9259	1.50E-01	7.48E-01	3.75E-01	8.72E-02	9.81E-02	5.14E-02	
group_8716	1.47E-01	5.60E-01	2.74E-01	9.30E-02	8.48E-02	6.34E-02	
group_4218	1.50E-01	1.43E-01	4.85E-01	-6.59E-02	9.44E-02	4.04E-02	
group_22323	1.47E-01	1.92E-01	2.22E-01	1.07E-01	8.74E-02	7.06E-02	
group_19840	1.47E-01	5.60E-01	3.49E-02	1.94E-01	9.17E-02	1.22E-01	
group_19455	1.43E-01	1.15E-01	9.97E-01	-3.43E-04	8.50E-02	2.34E-04	
group_18618	1.47E-01	7.68E-03	1.68E-01	2.26E-01	1.63E-01	7.98E-02	
group_15669	1.47E-01	7.05E-04	1.46E-01	-1.62E-01	1.12E-01	8.41E-02	
group_15668	1.47E-01	7.05E-04	1.46E-01	-1.62E-01	1.12E-01	8.41E-02	
group_15596	1.47E-01	7.05E-04	1.46E-01	-1.62E-01	1.12E-01	8.41E-02	
group_14311	1.43E-01	2.12E-02	9.12E-03	2.20E-01	8.39E-02	1.50E-01	
group_12970	1.47E-01	8.25E-01	3.58E-02	2.38E-01	1.13E-01	1.21E-01	
group_11856	1.47E-01	7.68E-03	8.74E-01	-4.70E-02	2.95E-01	9.23E-03	
group_10699	1.47E-01	7.68E-03	8.74E-01	-4.70E-02	2.95E-01	9.23E-03	
group_10215	1.47E-01	7.68E-03	8.74E-01	-4.70E-02	2.95E-01	9.23E-03	
group_9302	1.47E-01	7.68E-03	8.74E-01	-4.70E-02	2.95E-01	9.23E-03	
group_8887	1.47E-01	7.68E-03	8.74E-01	-4.70E-02	2.95E-01	9.23E-03	
group_8156	1.47E-01	7.68E-03	8.74E-01	-4.70E-02	2.95E-01	9.23E-03	
group_6654	1.47E-01	2.22E-01	5.39E-01	-5.82E-02	9.44E-02	3.56E-02	
group_4990	1.47E-01	7.68E-03	8.74E-01	-4.70E-02	2.95E-01	9.23E-03	
group_3010	1.47E-01	1.70E-02	8.08E-01	2.03E-02	8.31E-02	1.41E-02	
copK	1.47E-01	2.22E-01	6.19E-01	-4.63E-02	9.30E-02	2.88E-02	
group_21460	1.43E-01	5.18E-03	5.40E-01	-2.24E-01	3.65E-01	3.55E-02	
group_20593	1.43E-01	2.11E-05	3.66E-01	-6.94E-02	7.67E-02	5.23E-02	
group_20099	1.40E-01	1.37E-01	3.90E-02	1.63E-01	7.85E-02	1.19E-01	
group_20098	1.40E-01	1.37E-01	3.90E-02	1.63E-01	7.85E-02	1.19E-01	
group_19736	1.40E-01	1.37E-01	3.90E-02	1.63E-01	7.85E-02	1.19E-01	
group_19236	1.43E-01	5.18E-03	5.40E-01	-2.24E-01	3.65E-01	3.55E-02	
group_18652	1.40E-01	1.37E-01	3.90E-02	1.63E-01	7.85E-02	1.19E-01	
group_18523	1.40E-01	1.37E-01	3.90E-02	1.63E-01	7.85E-02	1.19E-01	
group_18001	1.40E-01	1.37E-01	3.90E-02	1.63E-01	7.85E-02	1.19E-01	
group_17777	1.40E-01	9.88E-01	3.35E-01	8.27E-02	8.56E-02	5.58E-02	
topB~~~yrdD	1.40E-01	1.37E-01	3.90E-02	1.63E-01	7.85E-02	1.19E-01	
group_17581	1.43E-01	5.18E-03	5.40E-01	-2.24E-01	3.65E-01	3.55E-02	
group_17291	1.40E-01	1.37E-01	3.90E-02	1.63E-01	7.85E-02	1.19E-01	
group_17290	1.40E-01	1.37E-01	3.90E-02	1.63E-01	7.85E-02	1.19E-01	
group_16621	1.40E-01	1.37E-01	3.90E-02	1.63E-01	7.85E-02	1.19E-01	
group_15957	1.43E-01	5.18E-03	5.40E-01	-2.24E-01	3.65E-01	3.55E-02	
group_15228	1.43E-01	5.18E-03	5.40E-01	-2.24E-01	3.65E-01	3.55E-02	
group_15098	1.43E-01	5.18E-03	5.40E-01	-2.24E-01	3.65E-01	3.55E-02	
group_14963	1.43E-01	5.18E-03	5.40E-01	-2.24E-01	3.65E-01	3.55E-02	
ecfG	1.43E-01	5.18E-03	5.40E-01	-2.24E-01	3.65E-01	3.55E-02	
group_14259	1.43E-01	5.18E-03	5.40E-01	-2.24E-01	3.65E-01	3.55E-02	
group_14248	1.43E-01	5.18E-03	5.40E-01	-2.24E-01	3.65E-01	3.55E-02	
group_13940	1.43E-01	5.18E-03	5.40E-01	-2.24E-01	3.65E-01	3.55E-02	
group_13933	1.43E-01	5.18E-03	5.40E-01	-2.24E-01	3.65E-01	3.55E-02	
group_13921	1.43E-01	5.18E-03	5.40E-01	-2.24E-01	3.65E-01	3.55E-02	
group_13502	1.40E-01	1.45E-01	9.55E-01	-6.06E-03	1.08E-01	3.26E-03	
group_13402	1.43E-01	5.18E-03	5.40E-01	-2.24E-01	3.65E-01	3.55E-02	
group_13391	1.43E-01	5.18E-03	5.40E-01	-2.24E-01	3.65E-01	3.55E-02	
group_13372	1.43E-01	5.18E-03	5.40E-01	-2.24E-01	3.65E-01	3.55E-02	
cpaB	1.43E-01	5.18E-03	5.40E-01	-2.24E-01	3.65E-01	3.55E-02	
group_13245	1.43E-01	5.18E-03	5.40E-01	-2.24E-01	3.65E-01	3.55E-02	
group_12996	1.40E-01	1.37E-01	3.90E-02	1.63E-01	7.85E-02	1.19E-01	
group_12902	1.40E-01	1.45E-01	9.55E-01	-6.06E-03	1.08E-01	3.26E-03	
group_12749	1.43E-01	5.18E-03	5.40E-01	-2.24E-01	3.65E-01	3.55E-02	
group_12732	1.43E-01	5.18E-03	5.40E-01	-2.24E-01	3.65E-01	3.55E-02	
group_12664	1.43E-01	5.18E-03	5.40E-01	-2.24E-01	3.65E-01	3.55E-02	
group_12570	1.43E-01	5.18E-03	5.40E-01	-2.24E-01	3.65E-01	3.55E-02	
group_12558	1.43E-01	5.18E-03	5.40E-01	-2.24E-01	3.65E-01	3.55E-02	
group_12542	1.43E-01	5.18E-03	5.40E-01	-2.24E-01	3.65E-01	3.55E-02	
yhdN	1.43E-01	5.18E-03	5.40E-01	-2.24E-01	3.65E-01	3.55E-02	
group_12261	1.40E-01	1.37E-01	3.90E-02	1.63E-01	7.85E-02	1.19E-01	
group_12260	1.40E-01	1.37E-01	3.90E-02	1.63E-01	7.85E-02	1.19E-01	
comR	1.40E-01	1.45E-01	9.55E-01	-6.06E-03	1.08E-01	3.26E-03	
group_11984	1.43E-01	5.18E-03	5.40E-01	-2.24E-01	3.65E-01	3.55E-02	
group_11936	1.43E-01	5.18E-03	5.40E-01	-2.24E-01	3.65E-01	3.55E-02	
group_11692	1.43E-01	5.18E-03	5.40E-01	-2.24E-01	3.65E-01	3.55E-02	
group_11439	1.43E-01	5.18E-03	5.40E-01	-2.24E-01	3.65E-01	3.55E-02	
group_11285	1.40E-01	1.37E-01	3.90E-02	1.63E-01	7.85E-02	1.19E-01	
group_11284	1.40E-01	1.37E-01	3.90E-02	1.63E-01	7.85E-02	1.19E-01	
group_11035	1.43E-01	5.18E-03	5.40E-01	-2.24E-01	3.65E-01	3.55E-02	
group_11019	1.43E-01	5.18E-03	5.40E-01	-2.24E-01	3.65E-01	3.55E-02	
group_10952	1.43E-01	5.18E-03	5.40E-01	-2.24E-01	3.65E-01	3.55E-02	
cpsB	1.43E-01	5.18E-03	5.40E-01	-2.24E-01	3.65E-01	3.55E-02	
group_10917	1.43E-01	5.18E-03	5.40E-01	-2.24E-01	3.65E-01	3.55E-02	
group_10880	1.43E-01	5.18E-03	5.40E-01	-2.24E-01	3.65E-01	3.55E-02	
blaOXA455~~~blaOXA~~~blaOXA457	1.43E-01	5.18E-03	5.40E-01	-2.24E-01	3.65E-01	3.55E-02	
group_10682	1.43E-01	5.18E-03	5.40E-01	-2.24E-01	3.65E-01	3.55E-02	
group_10337	1.43E-01	5.18E-03	5.40E-01	-2.24E-01	3.65E-01	3.55E-02	
group_10301	1.43E-01	5.18E-03	5.40E-01	-2.24E-01	3.65E-01	3.55E-02	
group_10178	1.43E-01	5.18E-03	5.40E-01	-2.24E-01	3.65E-01	3.55E-02	
group_10177	1.43E-01	5.18E-03	5.40E-01	-2.24E-01	3.65E-01	3.55E-02	
group_10088	1.43E-01	5.18E-03	5.40E-01	-2.24E-01	3.65E-01	3.55E-02	
group_9775	1.40E-01	1.37E-01	3.90E-02	1.63E-01	7.85E-02	1.19E-01	
group_9731	1.43E-01	5.18E-03	5.40E-01	-2.24E-01	3.65E-01	3.55E-02	
algI	1.43E-01	5.18E-03	5.40E-01	-2.24E-01	3.65E-01	3.55E-02	
bcsZ	1.43E-01	5.18E-03	5.40E-01	-2.24E-01	3.65E-01	3.55E-02	
group_9241	1.43E-01	5.18E-03	5.40E-01	-2.24E-01	3.65E-01	3.55E-02	
group_9240	1.43E-01	5.18E-03	5.40E-01	-2.24E-01	3.65E-01	3.55E-02	
group_9208	1.43E-01	5.18E-03	5.40E-01	-2.24E-01	3.65E-01	3.55E-02	
group_9196	1.43E-01	5.18E-03	5.40E-01	-2.24E-01	3.65E-01	3.55E-02	
group_9154	1.43E-01	5.18E-03	5.40E-01	-2.24E-01	3.65E-01	3.55E-02	
group_9045	1.43E-01	5.18E-03	5.40E-01	-2.24E-01	3.65E-01	3.55E-02	
group_8437	1.43E-01	5.18E-03	5.40E-01	-2.24E-01	3.65E-01	3.55E-02	
group_8436	1.43E-01	5.18E-03	5.40E-01	-2.24E-01	3.65E-01	3.55E-02	
group_8368	1.43E-01	5.18E-03	5.40E-01	-2.24E-01	3.65E-01	3.55E-02	
group_8090	1.43E-01	5.18E-03	5.40E-01	-2.24E-01	3.65E-01	3.55E-02	
group_7988	1.43E-01	5.18E-03	5.40E-01	-2.24E-01	3.65E-01	3.55E-02	
bcsQ	1.43E-01	5.18E-03	5.40E-01	-2.24E-01	3.65E-01	3.55E-02	
bcsB	1.43E-01	5.18E-03	5.40E-01	-2.24E-01	3.65E-01	3.55E-02	
group_7333	1.43E-01	5.18E-03	5.40E-01	-2.24E-01	3.65E-01	3.55E-02	
group_7065	1.43E-01	5.18E-03	5.40E-01	-2.24E-01	3.65E-01	3.55E-02	
algF	1.43E-01	5.18E-03	5.40E-01	-2.24E-01	3.65E-01	3.55E-02	
bcsC	1.43E-01	5.18E-03	5.40E-01	-2.24E-01	3.65E-01	3.55E-02	
group_6527	1.43E-01	5.18E-03	5.40E-01	-2.24E-01	3.65E-01	3.55E-02	
group_6526	1.43E-01	5.18E-03	5.40E-01	-2.24E-01	3.65E-01	3.55E-02	
aroM	1.43E-01	5.18E-03	5.40E-01	-2.24E-01	3.65E-01	3.55E-02	
blaI	1.43E-01	5.18E-03	5.40E-01	-2.24E-01	3.65E-01	3.55E-02	
group_5727	1.43E-01	5.18E-03	5.40E-01	-2.24E-01	3.65E-01	3.55E-02	
group_5381	1.43E-01	5.18E-03	5.40E-01	-2.24E-01	3.65E-01	3.55E-02	
group_5279	1.43E-01	5.18E-03	5.40E-01	-2.24E-01	3.65E-01	3.55E-02	
bcsA	1.43E-01	5.18E-03	5.40E-01	-2.24E-01	3.65E-01	3.55E-02	
group_20707	1.37E-01	7.07E-03	2.99E-02	-1.86E-01	8.50E-02	1.25E-01	
group_20182	1.40E-01	7.02E-01	1.94E-01	1.23E-01	9.46E-02	7.52E-02	
group_19521	1.40E-01	7.02E-01	3.71E-01	8.50E-02	9.50E-02	5.18E-02	
group_18651	1.37E-01	1.63E-01	5.03E-02	1.55E-01	7.91E-02	1.13E-01	
group_18402	1.40E-01	3.40E-03	2.96E-01	-2.73E-01	2.61E-01	6.05E-02	
group_18045	1.40E-01	2.48E-04	7.51E-02	-4.46E-01	2.50E-01	1.03E-01	
group_17763	1.40E-01	2.48E-04	7.51E-02	-4.46E-01	2.50E-01	1.03E-01	
group_17762	1.40E-01	2.48E-04	7.51E-02	-4.46E-01	2.50E-01	1.03E-01	
group_17325	1.40E-01	7.24E-01	3.88E-01	9.03E-02	1.04E-01	5.00E-02	
group_17320	1.40E-01	7.24E-01	3.88E-01	9.03E-02	1.04E-01	5.00E-02	
group_17192	1.40E-01	7.24E-01	3.88E-01	9.03E-02	1.04E-01	5.00E-02	
group_17191	1.40E-01	7.24E-01	3.88E-01	9.03E-02	1.04E-01	5.00E-02	
group_16659	1.40E-01	7.24E-01	3.88E-01	9.03E-02	1.04E-01	5.00E-02	
group_16327	1.40E-01	7.24E-01	3.88E-01	9.03E-02	1.04E-01	5.00E-02	
group_15728	1.37E-01	5.31E-06	2.92E-03	-2.52E-01	8.38E-02	1.71E-01	
group_15076	1.40E-01	7.24E-01	3.88E-01	9.03E-02	1.04E-01	5.00E-02	
group_14941	1.40E-01	7.24E-01	3.88E-01	9.03E-02	1.04E-01	5.00E-02	
group_14934	1.40E-01	7.24E-01	3.88E-01	9.03E-02	1.04E-01	5.00E-02	
group_14760	1.40E-01	7.24E-01	3.88E-01	9.03E-02	1.04E-01	5.00E-02	
group_14746	1.40E-01	7.24E-01	3.88E-01	9.03E-02	1.04E-01	5.00E-02	
group_14506	1.40E-01	7.24E-01	3.88E-01	9.03E-02	1.04E-01	5.00E-02	
wbpG	1.40E-01	7.24E-01	3.88E-01	9.03E-02	1.04E-01	5.00E-02	
group_14226	1.40E-01	7.24E-01	3.88E-01	9.03E-02	1.04E-01	5.00E-02	
group_14215	1.40E-01	7.24E-01	3.88E-01	9.03E-02	1.04E-01	5.00E-02	
group_13882	1.40E-01	7.24E-01	3.88E-01	9.03E-02	1.04E-01	5.00E-02	
group_13865	1.40E-01	7.24E-01	3.88E-01	9.03E-02	1.04E-01	5.00E-02	
group_13454	1.40E-01	7.24E-01	3.88E-01	9.03E-02	1.04E-01	5.00E-02	
group_13322	1.40E-01	7.24E-01	3.88E-01	9.03E-02	1.04E-01	5.00E-02	
group_13292	1.40E-01	7.24E-01	3.88E-01	9.03E-02	1.04E-01	5.00E-02	
group_12774	1.40E-01	1.04E-02	3.72E-01	2.63E-01	2.94E-01	5.17E-02	
group_12651	1.40E-01	7.24E-01	3.88E-01	9.03E-02	1.04E-01	5.00E-02	
group_12618	1.40E-01	7.24E-01	3.88E-01	9.03E-02	1.04E-01	5.00E-02	
group_12072	1.40E-01	1.04E-02	9.48E-01	-1.90E-02	2.90E-01	3.79E-03	
group_11832	1.40E-01	7.24E-01	3.88E-01	9.03E-02	1.04E-01	5.00E-02	
wblI	1.40E-01	7.24E-01	3.88E-01	9.03E-02	1.04E-01	5.00E-02	
group_11331	1.40E-01	7.24E-01	3.88E-01	9.03E-02	1.04E-01	5.00E-02	
group_10649	1.40E-01	7.24E-01	3.88E-01	9.03E-02	1.04E-01	5.00E-02	
group_10582	1.40E-01	7.24E-01	3.88E-01	9.03E-02	1.04E-01	5.00E-02	
bcsP~~~bcsR	1.40E-01	3.40E-03	2.58E-01	-3.03E-01	2.67E-01	6.56E-02	
group_9060	1.40E-01	7.24E-01	3.88E-01	9.03E-02	1.04E-01	5.00E-02	
group_9031	1.40E-01	3.40E-03	3.48E-01	-2.55E-01	2.72E-01	5.44E-02	
rfbA	1.40E-01	7.24E-01	3.88E-01	9.03E-02	1.04E-01	5.00E-02	
group_8831	1.40E-01	7.24E-01	3.88E-01	9.03E-02	1.04E-01	5.00E-02	
group_8157	1.40E-01	1.04E-02	8.97E-01	-2.59E-02	2.00E-01	7.50E-03	
group_7477	1.40E-01	7.24E-01	3.88E-01	9.03E-02	1.04E-01	5.00E-02	
arnF~~~eamA	1.40E-01	7.24E-01	3.88E-01	9.03E-02	1.04E-01	5.00E-02	
mcbR	1.40E-01	3.40E-03	3.48E-01	-2.55E-01	2.72E-01	5.44E-02	
group_5876	1.40E-01	7.24E-01	3.88E-01	9.03E-02	1.04E-01	5.00E-02	
group_5875	1.40E-01	7.24E-01	3.88E-01	9.03E-02	1.04E-01	5.00E-02	
group_4991	1.40E-01	1.04E-02	8.97E-01	-2.59E-02	2.00E-01	7.50E-03	
group_20235	1.37E-01	6.42E-05	9.99E-01	9.59E-05	8.76E-02	6.34E-05	bad-chisq
group_19484	1.37E-01	9.27E-01	2.40E-01	1.02E-01	8.67E-02	6.81E-02	
group_18217	1.33E-01	1.93E-01	8.90E-02	1.38E-01	8.07E-02	9.84E-02	
group_17582	1.37E-01	5.88E-04	1.61E-01	-3.90E-01	2.77E-01	8.12E-02	
hlyD~~~aaeA	1.37E-01	5.88E-04	5.74E-01	-1.53E-01	2.72E-01	3.26E-02	
group_17393	1.37E-01	7.07E-03	8.64E-01	3.44E-02	2.00E-01	9.95E-03	
group_17366	1.37E-01	7.07E-03	8.64E-01	3.44E-02	2.00E-01	9.95E-03	
group_17059	1.37E-01	7.07E-03	8.64E-01	3.44E-02	2.00E-01	9.95E-03	
group_17018	1.37E-01	1.40E-04	4.10E-02	-4.31E-01	2.10E-01	1.18E-01	
group_16823	1.37E-01	5.88E-04	7.88E-01	-5.64E-02	2.09E-01	1.56E-02	
group_14909	1.37E-01	1.40E-04	3.61E-03	-2.39E-01	8.13E-02	1.68E-01	
group_14880	1.37E-01	7.07E-03	5.69E-01	-8.41E-02	1.48E-01	3.30E-02	
group_14830	1.37E-01	7.07E-03	5.69E-01	-8.41E-02	1.48E-01	3.30E-02	
group_14813	1.37E-01	1.40E-04	3.61E-03	-2.39E-01	8.13E-02	1.68E-01	
group_14716	1.37E-01	1.40E-04	3.61E-03	-2.39E-01	8.13E-02	1.68E-01	
group_14715	1.37E-01	1.40E-04	3.61E-03	-2.39E-01	8.13E-02	1.68E-01	
group_14682	1.37E-01	7.07E-03	5.69E-01	-8.41E-02	1.48E-01	3.30E-02	
group_14400	1.30E-01	6.41E-03	3.48E-02	2.53E-01	1.19E-01	1.22E-01	
group_14101	1.33E-01	4.66E-03	1.46E-02	-2.77E-01	1.13E-01	1.41E-01	
group_14077	1.37E-01	1.40E-04	3.61E-03	-2.39E-01	8.13E-02	1.68E-01	
group_13661	1.37E-01	1.40E-04	3.61E-03	-2.39E-01	8.13E-02	1.68E-01	
group_12981	1.37E-01	1.40E-04	3.61E-03	-2.39E-01	8.13E-02	1.68E-01	
group_11144	1.37E-01	7.79E-01	9.39E-01	6.95E-03	9.14E-02	4.41E-03	
group_10247	1.37E-01	7.79E-01	8.32E-01	1.98E-02	9.35E-02	1.23E-02	
group_9994	1.33E-01	3.54E-01	3.99E-02	1.38E-01	6.70E-02	1.19E-01	
group_9573	1.37E-01	7.79E-01	9.25E-01	8.49E-03	9.03E-02	5.44E-03	
rutD	1.37E-01	2.02E-02	7.38E-01	9.29E-02	2.78E-01	1.94E-02	
group_6591	1.37E-01	2.02E-02	7.38E-01	9.29E-02	2.78E-01	1.94E-02	
group_22750	1.33E-01	1.41E-02	5.28E-02	-1.67E-01	8.58E-02	1.12E-01	
group_20274	1.30E-01	9.46E-01	4.93E-01	5.63E-02	8.20E-02	3.97E-02	
group_19538	1.33E-01	4.80E-08	7.07E-02	-2.53E-01	1.40E-01	1.04E-01	
group_19460	1.33E-01	1.41E-02	8.62E-02	-1.49E-01	8.63E-02	9.92E-02	
group_19431	1.30E-01	2.27E-01	3.29E-01	1.02E-01	1.05E-01	5.65E-02	
group_18688	1.33E-01	1.41E-02	5.28E-02	-1.67E-01	8.58E-02	1.12E-01	
group_18687	1.33E-01	1.41E-02	5.28E-02	-1.67E-01	8.58E-02	1.12E-01	
group_18571	1.33E-01	1.41E-02	5.28E-02	-1.67E-01	8.58E-02	1.12E-01	
group_18570	1.33E-01	1.41E-02	5.28E-02	-1.67E-01	8.58E-02	1.12E-01	
group_18435	1.33E-01	1.41E-02	5.28E-02	-1.67E-01	8.58E-02	1.12E-01	
group_18434	1.33E-01	1.41E-02	5.28E-02	-1.67E-01	8.58E-02	1.12E-01	
group_18277	1.33E-01	1.41E-02	5.28E-02	-1.67E-01	8.58E-02	1.12E-01	
group_18276	1.33E-01	1.41E-02	5.28E-02	-1.67E-01	8.58E-02	1.12E-01	
group_18167	1.33E-01	1.35E-03	3.32E-01	-7.77E-02	7.99E-02	5.62E-02	
group_18089	1.33E-01	1.41E-02	5.28E-02	-1.67E-01	8.58E-02	1.12E-01	
group_18088	1.33E-01	1.41E-02	5.28E-02	-1.67E-01	8.58E-02	1.12E-01	
group_17816	1.33E-01	1.41E-02	5.28E-02	-1.67E-01	8.58E-02	1.12E-01	
group_17815	1.33E-01	1.41E-02	5.28E-02	-1.67E-01	8.58E-02	1.12E-01	
group_17479	1.33E-01	1.41E-02	5.28E-02	-1.67E-01	8.58E-02	1.12E-01	
group_17478	1.33E-01	1.41E-02	5.28E-02	-1.67E-01	8.58E-02	1.12E-01	
group_16957	1.33E-01	1.41E-02	5.28E-02	-1.67E-01	8.58E-02	1.12E-01	
group_16956	1.33E-01	1.41E-02	5.28E-02	-1.67E-01	8.58E-02	1.12E-01	
psiE~~~psiGI	1.30E-01	7.56E-01	3.16E-01	8.36E-02	8.32E-02	5.80E-02	
group_16241	1.33E-01	1.41E-02	5.28E-02	-1.67E-01	8.58E-02	1.12E-01	
group_15613	1.33E-01	3.43E-04	1.65E-02	-1.94E-01	8.05E-02	1.38E-01	
group_15527	1.33E-01	3.43E-04	1.65E-02	-1.94E-01	8.05E-02	1.38E-01	
group_15330	1.33E-01	3.43E-04	1.16E-02	-2.10E-01	8.28E-02	1.46E-01	
group_15196	1.33E-01	3.43E-04	8.28E-03	-2.18E-01	8.20E-02	1.52E-01	
group_14908	1.33E-01	3.43E-04	8.28E-03	-2.18E-01	8.20E-02	1.52E-01	
group_13855	1.33E-01	1.35E-03	7.02E-02	-4.66E-01	2.57E-01	1.05E-01	
group_13559	1.33E-01	3.43E-04	2.01E-01	-4.37E-01	3.41E-01	7.40E-02	
group_13170	1.33E-01	3.77E-02	3.25E-01	2.16E-01	2.19E-01	5.71E-02	
group_12977	1.33E-01	3.43E-04	2.01E-01	-4.37E-01	3.41E-01	7.40E-02	
group_12899	1.33E-01	1.41E-02	5.28E-02	-1.67E-01	8.58E-02	1.12E-01	
group_12844	1.33E-01	5.65E-01	5.72E-01	6.09E-02	1.08E-01	3.28E-02	
group_12151	1.33E-01	1.41E-02	5.28E-02	-1.67E-01	8.58E-02	1.12E-01	
group_11242	1.33E-01	1.41E-02	5.30E-01	1.39E-01	2.22E-01	3.64E-02	
group_11241	1.33E-01	8.86E-02	3.86E-01	-7.98E-02	9.20E-02	5.02E-02	
mmdA	1.33E-01	1.41E-02	5.28E-02	-1.67E-01	8.58E-02	1.12E-01	
pccA	1.33E-01	1.41E-02	5.28E-02	-1.67E-01	8.58E-02	1.12E-01	
ibpA	1.30E-01	7.56E-01	3.13E-01	8.20E-02	8.11E-02	5.85E-02	
group_9371	1.33E-01	5.65E-01	5.72E-01	6.09E-02	1.08E-01	3.28E-02	
group_8505	1.33E-01	3.41E-01	4.41E-01	-7.17E-02	9.31E-02	4.46E-02	
group_7013	1.33E-01	1.41E-02	5.28E-02	-1.67E-01	8.58E-02	1.12E-01	
group_7012	1.33E-01	1.41E-02	5.28E-02	-1.67E-01	8.58E-02	1.12E-01	
group_5455	1.33E-01	3.41E-01	4.41E-01	-7.17E-02	9.31E-02	4.46E-02	
group_3431	1.33E-01	3.54E-01	5.72E-01	5.56E-02	9.84E-02	3.27E-02	
group_24020	1.30E-01	2.99E-03	2.02E-01	2.73E-01	2.14E-01	7.39E-02	
group_20797	1.30E-01	4.90E-01	5.81E-01	-5.00E-02	9.05E-02	3.20E-02	
group_20383	1.27E-01	4.67E-01	2.55E-01	9.43E-02	8.26E-02	6.60E-02	
group_19515	1.27E-01	9.67E-01	1.58E-01	1.19E-01	8.40E-02	8.16E-02	
group_19241	1.30E-01	2.84E-01	3.69E-01	-8.17E-02	9.08E-02	5.20E-02	
group_18617	1.30E-01	8.13E-04	3.68E-01	-1.66E-01	1.84E-01	5.21E-02	
group_18422	1.27E-01	1.15E-01	5.29E-01	-6.13E-02	9.73E-02	3.64E-02	
group_18392	1.27E-01	2.67E-01	1.11E-01	1.28E-01	8.01E-02	9.22E-02	
group_18391	1.27E-01	2.67E-01	1.11E-01	1.28E-01	8.01E-02	9.22E-02	
group_16932	1.30E-01	2.99E-03	6.05E-01	-1.33E-01	2.57E-01	3.00E-02	
group_16142	1.30E-01	4.08E-01	9.71E-01	-2.66E-03	7.19E-02	2.14E-03	
group_15442	1.30E-01	8.13E-04	3.33E-02	-1.70E-01	7.94E-02	1.23E-01	
group_13460	1.30E-01	8.13E-04	7.88E-01	-6.75E-02	2.51E-01	1.56E-02	
group_13123	1.30E-01	2.99E-03	5.45E-01	-1.60E-01	2.63E-01	3.51E-02	
group_12852	1.30E-01	8.13E-04	7.88E-01	-6.75E-02	2.51E-01	1.56E-02	
group_12453	1.30E-01	2.71E-02	6.77E-01	8.04E-02	1.93E-01	2.41E-02	
group_12439	1.30E-01	2.99E-03	1.26E-01	-4.00E-01	2.60E-01	8.86E-02	
group_12175	1.27E-01	1.05E-04	1.77E-01	-1.18E-01	8.73E-02	7.82E-02	
group_11989	1.30E-01	2.99E-03	1.26E-01	-4.00E-01	2.60E-01	8.86E-02	
group_11847	1.30E-01	9.62E-03	4.01E-01	1.91E-01	2.27E-01	4.87E-02	
group_10893	1.30E-01	2.99E-03	1.26E-01	-4.00E-01	2.60E-01	8.86E-02	
group_10032	1.30E-01	8.13E-04	8.10E-01	-6.58E-02	2.74E-01	1.39E-02	
trxLHR	1.27E-01	9.67E-01	2.04E-01	1.04E-01	8.16E-02	7.35E-02	
cls	1.27E-01	9.67E-01	2.04E-01	1.04E-01	8.16E-02	7.35E-02	
group_9173	1.30E-01	2.99E-03	1.26E-01	-4.00E-01	2.60E-01	8.86E-02	
group_8028	1.27E-01	9.67E-01	2.04E-01	1.04E-01	8.16E-02	7.35E-02	
mexC	1.30E-01	8.13E-04	8.10E-01	-6.58E-02	2.74E-01	1.39E-02	
group_7639	1.30E-01	4.90E-01	7.30E-01	-3.62E-02	1.05E-01	2.00E-02	
clpK~~~clpA	1.27E-01	9.67E-01	2.04E-01	1.04E-01	8.16E-02	7.35E-02	
group_6421	1.30E-01	2.99E-03	1.26E-01	-4.00E-01	2.60E-01	8.86E-02	
group_6116	1.30E-01	9.46E-01	9.35E-01	-7.40E-03	9.01E-02	4.76E-03	
adeB	1.30E-01	8.13E-04	8.10E-01	-6.58E-02	2.74E-01	1.39E-02	
thiJ	1.30E-01	4.08E-01	5.00E-01	6.63E-02	9.82E-02	3.91E-02	
group_24145	1.27E-01	4.19E-01	5.67E-01	-5.42E-02	9.47E-02	3.31E-02	
group_23265	1.27E-01	4.19E-01	5.67E-01	-5.42E-02	9.47E-02	3.31E-02	
group_22872	1.27E-01	4.19E-01	5.67E-01	-5.42E-02	9.47E-02	3.31E-02	
group_22677	1.27E-01	4.19E-01	5.67E-01	-5.42E-02	9.47E-02	3.31E-02	
group_21053	1.23E-01	3.62E-02	4.63E-01	-5.98E-02	8.13E-02	4.25E-02	
group_21052	1.23E-01	3.62E-02	4.63E-01	-5.98E-02	8.13E-02	4.25E-02	
group_21031	1.23E-01	4.10E-03	1.19E-01	-1.29E-01	8.24E-02	9.01E-02	
group_19617	1.27E-01	7.32E-01	7.40E-01	-3.50E-02	1.05E-01	1.92E-02	
group_19220	1.27E-01	7.32E-01	7.40E-01	-3.50E-02	1.05E-01	1.92E-02	
group_19214	1.27E-01	7.32E-01	7.40E-01	-3.50E-02	1.05E-01	1.92E-02	
group_15680	1.23E-01	1.99E-07	5.96E-04	-3.01E-01	8.68E-02	1.97E-01	
group_14635	1.27E-01	1.05E-04	9.29E-04	-2.69E-01	8.05E-02	1.90E-01	
wcaL	1.20E-01	4.03E-03	2.70E-02	2.61E-01	1.17E-01	1.28E-01	
group_13862	1.20E-01	4.03E-03	2.70E-02	2.61E-01	1.17E-01	1.28E-01	
group_13561	1.27E-01	4.73E-04	5.46E-03	-2.39E-01	8.54E-02	1.60E-01	
group_13279	1.20E-01	4.03E-03	2.70E-02	2.61E-01	1.17E-01	1.28E-01	
htpX	1.23E-01	8.14E-01	6.48E-02	1.58E-01	8.54E-02	1.07E-01	
group_6896	1.23E-01	8.14E-01	1.11E-01	1.33E-01	8.29E-02	9.22E-02	
group_6808	1.27E-01	4.67E-01	5.58E-01	5.91E-02	1.01E-01	3.40E-02	
group_5950	1.27E-01	4.19E-01	5.67E-01	-5.42E-02	9.47E-02	3.31E-02	
group_23435	1.23E-01	3.53E-01	4.80E-01	-6.53E-02	9.23E-02	4.09E-02	
group_22401	1.23E-01	5.89E-01	8.70E-01	-1.54E-02	9.36E-02	9.51E-03	
group_21040	1.23E-01	1.99E-07	7.52E-01	-4.27E-01	1.35E+00	1.83E-02	
group_21029	1.23E-01	4.10E-03	1.18E-01	-1.30E-01	8.28E-02	9.05E-02	
group_20946	1.20E-01	2.72E-05	2.63E-03	-2.48E-01	8.17E-02	1.73E-01	
group_20945	1.20E-01	2.72E-05	2.63E-03	-2.48E-01	8.17E-02	1.73E-01	
group_20661	1.23E-01	1.99E-07	7.52E-01	-4.27E-01	1.35E+00	1.83E-02	
group_20635	1.20E-01	1.92E-01	3.18E-02	1.80E-01	8.36E-02	1.24E-01	
group_20512	1.20E-01	1.92E-01	3.18E-02	1.80E-01	8.36E-02	1.24E-01	
group_20511	1.20E-01	1.92E-01	3.18E-02	1.80E-01	8.36E-02	1.24E-01	
group_20333	1.20E-01	1.92E-01	3.18E-02	1.80E-01	8.36E-02	1.24E-01	
group_19893	1.23E-01	8.79E-01	2.32E-01	-1.10E-01	9.15E-02	6.92E-02	
group_19883	1.23E-01	3.62E-02	1.44E-02	-1.69E-01	6.88E-02	1.41E-01	
group_19859	1.23E-01	1.99E-07	7.52E-01	-4.27E-01	1.35E+00	1.83E-02	
group_19697	1.23E-01	5.45E-05	2.41E-02	-5.13E-01	2.26E-01	1.30E-01	
pilS~~~pilA~~~fimT	1.23E-01	1.99E-07	7.52E-01	-4.27E-01	1.35E+00	1.83E-02	
pulF	1.23E-01	1.99E-07	7.52E-01	-4.27E-01	1.35E+00	1.83E-02	
group_19582	1.23E-01	1.99E-07	7.52E-01	-4.27E-01	1.35E+00	1.83E-02	
group_19439	1.23E-01	8.80E-02	3.70E-01	-8.04E-02	8.95E-02	5.20E-02	
group_19437	1.23E-01	1.99E-07	7.52E-01	-4.27E-01	1.35E+00	1.83E-02	
group_18945	1.23E-01	1.99E-07	7.52E-01	-4.27E-01	1.35E+00	1.83E-02	
rdmE	1.23E-01	4.10E-03	4.02E-01	-2.81E-01	3.35E-01	4.85E-02	
ywqN~~~wrbA	1.23E-01	1.99E-07	7.52E-01	-4.27E-01	1.35E+00	1.83E-02	
group_18105	1.23E-01	1.99E-07	7.52E-01	-4.27E-01	1.35E+00	1.83E-02	
group_17537	1.23E-01	1.99E-07	7.52E-01	-4.27E-01	1.35E+00	1.83E-02	
group_17536	1.23E-01	1.99E-07	7.52E-01	-4.27E-01	1.35E+00	1.83E-02	
group_17362	1.23E-01	1.99E-07	7.52E-01	-4.27E-01	1.35E+00	1.83E-02	
pilN~~~bfpB~~~pulD	1.23E-01	1.99E-07	7.52E-01	-4.27E-01	1.35E+00	1.83E-02	
group_17139	1.23E-01	4.10E-03	4.02E-01	-2.81E-01	3.35E-01	4.85E-02	
group_17064	1.23E-01	1.99E-07	7.52E-01	-4.27E-01	1.35E+00	1.83E-02	
group_17063	1.23E-01	1.99E-07	7.52E-01	-4.27E-01	1.35E+00	1.83E-02	
group_17054	1.23E-01	1.99E-07	7.52E-01	-4.27E-01	1.35E+00	1.83E-02	
group_17053	1.23E-01	1.99E-07	7.52E-01	-4.27E-01	1.35E+00	1.83E-02	
group_16838	1.23E-01	1.99E-07	7.52E-01	-4.27E-01	1.35E+00	1.83E-02	
group_16768	1.23E-01	1.99E-07	7.52E-01	-4.27E-01	1.35E+00	1.83E-02	
group_16746	1.23E-01	1.99E-07	7.52E-01	-4.27E-01	1.35E+00	1.83E-02	
group_16652	1.23E-01	1.99E-07	7.52E-01	-4.27E-01	1.35E+00	1.83E-02	
group_16611	1.23E-01	1.99E-07	7.52E-01	-4.27E-01	1.35E+00	1.83E-02	
group_16479	1.23E-01	5.89E-01	7.42E-01	3.03E-02	9.18E-02	1.91E-02	
pbpG~~~lysR~~~hcaR	1.20E-01	1.92E-01	3.18E-02	1.80E-01	8.36E-02	1.24E-01	
group_16226	1.23E-01	4.10E-03	4.02E-01	-2.81E-01	3.35E-01	4.85E-02	
group_15768	1.23E-01	1.99E-07	7.52E-01	-4.27E-01	1.35E+00	1.83E-02	
group_15339	1.23E-01	1.99E-07	7.52E-01	-4.27E-01	1.35E+00	1.83E-02	
group_14970	1.23E-01	4.10E-03	4.02E-01	-2.81E-01	3.35E-01	4.85E-02	
group_14788	1.23E-01	4.10E-03	4.02E-01	-2.81E-01	3.35E-01	4.85E-02	
takP~~~fcbT1	1.23E-01	1.99E-07	7.52E-01	-4.27E-01	1.35E+00	1.83E-02	
group_12613	1.23E-01	2.65E-04	1.65E-01	-3.00E-01	2.15E-01	8.04E-02	
group_12602	1.17E-01	5.15E-03	3.95E-02	2.35E-01	1.13E-01	1.19E-01	
group_12400	1.23E-01	1.99E-07	7.52E-01	-4.27E-01	1.35E+00	1.83E-02	
group_11786	1.17E-01	5.15E-03	3.95E-02	2.35E-01	1.13E-01	1.19E-01	
fiu~~~bfrD	1.23E-01	1.99E-07	7.52E-01	-4.27E-01	1.35E+00	1.83E-02	
group_11301	1.23E-01	1.99E-07	7.52E-01	-4.27E-01	1.35E+00	1.83E-02	
rIO1	1.23E-01	1.99E-07	7.52E-01	-4.27E-01	1.35E+00	1.83E-02	
group_9504	1.23E-01	1.99E-07	7.52E-01	-4.27E-01	1.35E+00	1.83E-02	
group_9092	1.23E-01	4.10E-03	9.73E-01	-1.15E-02	3.42E-01	1.95E-03	
group_8874	1.23E-01	1.99E-07	7.52E-01	-4.27E-01	1.35E+00	1.83E-02	
group_7827	1.23E-01	4.10E-03	4.03E-01	1.63E-01	1.95E-01	4.85E-02	
yfdX1	1.20E-01	7.89E-01	2.37E-01	9.91E-02	8.36E-02	6.85E-02	
hdeDGI	1.20E-01	7.89E-01	2.37E-01	9.91E-02	8.36E-02	6.85E-02	
group_5699	1.17E-01	5.15E-03	3.95E-02	2.35E-01	1.13E-01	1.19E-01	
group_5522	1.23E-01	8.79E-01	5.33E-01	6.71E-02	1.07E-01	3.62E-02	
shsP	1.20E-01	7.89E-01	2.37E-01	9.91E-02	8.36E-02	6.85E-02	
group_4517	1.20E-01	7.89E-01	2.37E-01	9.91E-02	8.36E-02	6.85E-02	
yfdX2	1.20E-01	7.89E-01	2.37E-01	9.91E-02	8.36E-02	6.85E-02	
group_3893	1.23E-01	3.82E-05	5.08E-01	5.64E-02	8.52E-02	3.83E-02	bad-chisq
group_3186	1.23E-01	3.53E-01	4.80E-01	-6.53E-02	9.23E-02	4.09E-02	
group_22319	1.20E-01	1.48E-01	7.63E-01	-2.69E-02	8.91E-02	1.75E-02	
group_20890	1.20E-01	7.67E-08	1.55E-01	-8.28E-01	5.80E-01	8.23E-02	
yeaN~~~cynX	1.20E-01	7.67E-08	1.55E-01	-8.28E-01	5.80E-01	8.23E-02	
group_19781	1.17E-01	9.89E-01	9.25E-01	1.01E-02	1.08E-01	5.44E-03	
group_18995	1.20E-01	6.30E-07	3.74E-01	3.88E-01	4.36E-01	5.15E-02	
group_18976	1.20E-01	6.30E-07	9.45E-01	-2.60E-02	3.76E-01	4.00E-03	
group_18900	1.20E-01	6.30E-07	5.15E-01	4.12E-01	6.32E-01	3.77E-02	
group_18036	1.20E-01	6.30E-07	6.83E-01	2.44E-01	5.96E-01	2.37E-02	
group_17685	1.20E-01	2.55E-03	5.73E-01	-2.67E-01	4.73E-01	3.27E-02	
group_17675	1.20E-01	6.30E-07	3.66E-01	5.12E-01	5.66E-01	5.24E-02	
group_17404	1.20E-01	2.55E-03	5.73E-01	-2.67E-01	4.73E-01	3.27E-02	
group_17264	1.20E-01	2.55E-03	5.73E-01	-2.67E-01	4.73E-01	3.27E-02	
group_16757	1.20E-01	6.30E-07	5.15E-01	4.12E-01	6.32E-01	3.77E-02	
group_16570	1.20E-01	2.55E-03	5.73E-01	-2.67E-01	4.73E-01	3.27E-02	
group_16490	1.20E-01	2.55E-03	5.73E-01	-2.67E-01	4.73E-01	3.27E-02	
group_16118	1.20E-01	2.55E-03	5.73E-01	-2.67E-01	4.73E-01	3.27E-02	
luxR~~~lasR	1.20E-01	6.30E-07	9.47E-01	2.88E-02	4.35E-01	3.84E-03	
group_15360	1.20E-01	2.55E-03	5.73E-01	-2.67E-01	4.73E-01	3.27E-02	
group_15324	1.20E-01	7.67E-08	2.58E-01	-3.68E-01	3.25E-01	6.55E-02	
group_15312	1.17E-01	1.15E-01	6.71E-01	5.10E-02	1.20E-01	2.46E-02	
group_14546	1.20E-01	2.55E-03	1.96E-01	-3.31E-01	2.56E-01	7.49E-02	
group_14539	1.20E-01	2.55E-03	5.73E-01	-2.67E-01	4.73E-01	3.27E-02	
group_14496	1.20E-01	2.55E-03	5.73E-01	-2.67E-01	4.73E-01	3.27E-02	
group_13978	1.20E-01	2.55E-03	5.73E-01	-2.67E-01	4.73E-01	3.27E-02	
group_13397	1.17E-01	1.64E-02	3.16E-01	1.05E-01	1.05E-01	5.80E-02	
pcaQ	1.20E-01	1.48E-01	7.63E-01	-2.69E-02	8.91E-02	1.75E-02	
group_12707	1.20E-01	2.55E-03	5.73E-01	-2.67E-01	4.73E-01	3.27E-02	
group_12513	1.20E-01	1.48E-01	7.63E-01	-2.69E-02	8.91E-02	1.75E-02	
group_12434	1.20E-01	2.92E-01	8.50E-01	-2.22E-02	1.18E-01	1.09E-02	
group_12433	1.20E-01	2.92E-01	8.50E-01	-2.22E-02	1.18E-01	1.09E-02	
group_11962	1.20E-01	2.55E-03	5.73E-01	-2.67E-01	4.73E-01	3.27E-02	
group_11816	1.20E-01	2.55E-03	5.73E-01	-2.67E-01	4.73E-01	3.27E-02	
pcaG	1.20E-01	1.48E-01	7.63E-01	-2.69E-02	8.91E-02	1.75E-02	
group_11535	1.20E-01	2.92E-01	8.50E-01	-2.22E-02	1.18E-01	1.09E-02	
group_11534	1.20E-01	2.92E-01	8.50E-01	-2.22E-02	1.18E-01	1.09E-02	
group_11465	1.20E-01	2.55E-03	5.73E-01	-2.67E-01	4.73E-01	3.27E-02	
group_11398	1.20E-01	2.55E-03	5.73E-01	-2.67E-01	4.73E-01	3.27E-02	
group_11397	1.20E-01	7.89E-01	2.29E-01	1.39E-01	1.15E-01	6.97E-02	
group_11085	1.20E-01	7.67E-08	8.39E-02	-6.19E-01	3.57E-01	1.00E-01	
group_11081	1.20E-01	2.55E-03	5.73E-01	-2.67E-01	4.73E-01	3.27E-02	
group_10971	1.20E-01	2.55E-03	5.73E-01	-2.67E-01	4.73E-01	3.27E-02	
group_10838	1.20E-01	2.55E-03	5.73E-01	-2.67E-01	4.73E-01	3.27E-02	
group_10675	1.20E-01	2.55E-03	5.73E-01	-2.67E-01	4.73E-01	3.27E-02	
group_10625	1.20E-01	2.55E-03	5.73E-01	-2.67E-01	4.73E-01	3.27E-02	
kefBGI	1.17E-01	4.19E-01	5.82E-02	1.63E-01	8.56E-02	1.09E-01	
group_10419	1.20E-01	2.55E-03	5.73E-01	-2.67E-01	4.73E-01	3.27E-02	
group_10354	1.20E-01	1.48E-01	7.63E-01	-2.69E-02	8.91E-02	1.75E-02	
group_10338	1.20E-01	2.55E-03	5.73E-01	-2.67E-01	4.73E-01	3.27E-02	
group_10306	1.20E-01	2.55E-03	5.73E-01	-2.67E-01	4.73E-01	3.27E-02	
group_10185	1.20E-01	2.92E-01	8.50E-01	-2.22E-02	1.18E-01	1.09E-02	
group_9960	1.20E-01	2.55E-03	5.73E-01	-2.67E-01	4.73E-01	3.27E-02	
group_9959	1.20E-01	7.89E-01	2.29E-01	1.39E-01	1.15E-01	6.97E-02	
group_9500	1.20E-01	1.48E-01	7.63E-01	-2.69E-02	8.91E-02	1.75E-02	
group_9276	1.20E-01	2.55E-03	5.73E-01	-2.67E-01	4.73E-01	3.27E-02	
group_9087	1.20E-01	2.55E-03	5.73E-01	-2.67E-01	4.73E-01	3.27E-02	
group_8846	1.20E-01	2.55E-03	5.73E-01	-2.67E-01	4.73E-01	3.27E-02	
group_8407	1.20E-01	1.48E-01	7.63E-01	-2.69E-02	8.91E-02	1.75E-02	
pcaC	1.20E-01	1.48E-01	7.63E-01	-2.69E-02	8.91E-02	1.75E-02	
pyrC	1.20E-01	2.55E-03	5.73E-01	-2.67E-01	4.73E-01	3.27E-02	
group_7934	1.20E-01	2.55E-03	5.73E-01	-2.67E-01	4.73E-01	3.27E-02	
group_7819	1.20E-01	9.00E-01	3.51E-01	-8.68E-02	9.28E-02	5.41E-02	
group_7710	1.20E-01	2.55E-03	5.73E-01	-2.67E-01	4.73E-01	3.27E-02	
group_7591	1.20E-01	5.09E-01	4.18E-01	8.84E-02	1.09E-01	4.70E-02	
group_7533	1.20E-01	2.55E-03	5.73E-01	-2.67E-01	4.73E-01	3.27E-02	
group_7527	1.20E-01	2.55E-03	5.73E-01	-2.67E-01	4.73E-01	3.27E-02	
group_6920	1.20E-01	1.48E-01	7.63E-01	-2.69E-02	8.91E-02	1.75E-02	
group_6919	1.20E-01	1.48E-01	7.63E-01	-2.69E-02	8.91E-02	1.75E-02	
group_6566	1.20E-01	2.55E-03	5.73E-01	-2.67E-01	4.73E-01	3.27E-02	
group_6542	1.20E-01	2.55E-03	5.73E-01	-2.67E-01	4.73E-01	3.27E-02	
group_6497	1.20E-01	2.55E-03	5.73E-01	-2.67E-01	4.73E-01	3.27E-02	
group_5448	1.20E-01	2.55E-03	5.73E-01	-2.67E-01	4.73E-01	3.27E-02	
group_5345	1.20E-01	2.55E-03	5.73E-01	-2.67E-01	4.73E-01	3.27E-02	
group_5327	1.20E-01	1.48E-01	7.63E-01	-2.69E-02	8.91E-02	1.75E-02	
group_5326	1.20E-01	1.48E-01	7.63E-01	-2.69E-02	8.91E-02	1.75E-02	
group_5162	1.20E-01	2.55E-03	5.73E-01	-2.67E-01	4.73E-01	3.27E-02	
group_4985	1.20E-01	2.55E-03	5.73E-01	-2.67E-01	4.73E-01	3.27E-02	
group_4907	1.20E-01	2.55E-03	5.73E-01	-2.67E-01	4.73E-01	3.27E-02	
group_4705	1.20E-01	2.55E-03	5.73E-01	-2.67E-01	4.73E-01	3.27E-02	
group_4704	1.20E-01	2.55E-03	5.73E-01	-2.67E-01	4.73E-01	3.27E-02	
group_4004	1.20E-01	2.55E-03	5.73E-01	-2.67E-01	4.73E-01	3.27E-02	
group_3740	1.20E-01	1.48E-01	7.63E-01	-2.69E-02	8.91E-02	1.75E-02	
group_2999	1.20E-01	6.49E-04	8.73E-01	-3.82E-02	2.39E-01	9.27E-03	
fecA	1.20E-01	2.55E-03	5.73E-01	-2.67E-01	4.73E-01	3.27E-02	
group_21394	1.17E-01	3.62E-04	7.13E-02	-1.86E-01	1.03E-01	1.04E-01	
group_21043	1.13E-01	3.44E-02	4.41E-01	-6.55E-02	8.48E-02	4.47E-02	
group_21042	1.13E-01	3.44E-02	4.41E-01	-6.55E-02	8.48E-02	4.47E-02	
group_20442	1.13E-01	3.49E-03	1.37E-02	-2.13E-01	8.58E-02	1.42E-01	
hemJ	1.17E-01	2.51E-07	6.97E-01	-2.47E-01	6.35E-01	2.25E-02	
group_19804	1.13E-01	2.69E-01	7.47E-02	1.53E-01	8.55E-02	1.03E-01	
group_19750	1.17E-01	2.51E-07	6.97E-01	-2.47E-01	6.35E-01	2.25E-02	
dodA	1.17E-01	2.51E-07	6.97E-01	-2.47E-01	6.35E-01	2.25E-02	
group_19519	1.17E-01	3.62E-04	3.20E-01	-2.85E-01	2.86E-01	5.76E-02	
group_19112	1.17E-01	1.94E-06	4.43E-01	2.83E-01	3.69E-01	4.44E-02	
group_19001	1.17E-01	1.94E-06	1.36E-01	5.14E-01	3.44E-01	8.62E-02	
group_18973	1.17E-01	1.94E-06	4.43E-01	2.83E-01	3.69E-01	4.44E-02	
group_18940	1.17E-01	1.94E-06	4.43E-01	2.83E-01	3.69E-01	4.44E-02	
group_18838	1.17E-01	1.94E-06	4.43E-01	2.83E-01	3.69E-01	4.44E-02	
uspA~~~teaD	1.17E-01	2.51E-07	6.97E-01	-2.47E-01	6.35E-01	2.25E-02	
group_18532	1.17E-01	1.94E-06	8.71E-01	5.30E-02	3.26E-01	9.42E-03	
group_18308	1.17E-01	9.89E-01	8.33E-01	2.33E-02	1.11E-01	1.22E-02	
group_18120	1.17E-01	9.89E-01	8.33E-01	2.33E-02	1.11E-01	1.22E-02	
group_18119	1.17E-01	9.89E-01	8.33E-01	2.33E-02	1.11E-01	1.22E-02	
group_18114	1.17E-01	1.94E-06	8.61E-01	1.12E-01	6.37E-01	1.02E-02	
yccS~~~yccC	1.17E-01	1.94E-06	5.10E-01	2.34E-01	3.56E-01	3.82E-02	
group_17858	1.17E-01	1.94E-06	8.61E-01	1.12E-01	6.37E-01	1.02E-02	
group_17857	1.17E-01	9.89E-01	8.33E-01	2.33E-02	1.11E-01	1.22E-02	
group_17856	1.17E-01	9.89E-01	8.33E-01	2.33E-02	1.11E-01	1.22E-02	
rocD	1.17E-01	2.51E-07	6.97E-01	-2.47E-01	6.35E-01	2.25E-02	
group_17524	1.17E-01	9.89E-01	8.33E-01	2.33E-02	1.11E-01	1.22E-02	
intS	1.17E-01	7.01E-01	4.98E-01	5.84E-02	8.62E-02	3.92E-02	
group_17138	1.17E-01	5.59E-03	9.17E-01	2.54E-02	2.42E-01	6.06E-03	
group_17041	1.17E-01	9.89E-01	8.33E-01	2.33E-02	1.11E-01	1.22E-02	
group_17040	1.17E-01	9.89E-01	8.33E-01	2.33E-02	1.11E-01	1.22E-02	
group_16760	1.17E-01	9.89E-01	8.33E-01	2.33E-02	1.11E-01	1.22E-02	
group_16573	1.17E-01	5.59E-03	6.24E-01	1.54E-01	3.15E-01	2.84E-02	
yecD	1.17E-01	5.59E-03	4.26E-01	-9.03E-02	1.13E-01	4.61E-02	
group_16261	1.17E-01	1.53E-03	1.94E-02	-1.96E-01	8.34E-02	1.35E-01	
group_16134	1.17E-01	1.64E-02	3.31E-02	1.79E-01	8.36E-02	1.23E-01	
cidA~~~yohJ	1.17E-01	2.51E-07	6.97E-01	-2.47E-01	6.35E-01	2.25E-02	
group_14345	1.17E-01	5.59E-03	1.71E-01	4.07E-01	2.96E-01	7.93E-02	
group_14232	1.17E-01	1.29E-05	3.17E-01	-1.62E-01	1.62E-01	5.80E-02	
group_14053	1.17E-01	5.59E-03	1.71E-01	4.07E-01	2.96E-01	7.93E-02	
group_13545	1.17E-01	5.59E-03	1.71E-01	4.07E-01	2.96E-01	7.93E-02	
group_13433	1.17E-01	5.59E-03	1.71E-01	4.07E-01	2.96E-01	7.93E-02	
group_13311	1.17E-01	5.59E-03	1.71E-01	4.07E-01	2.96E-01	7.93E-02	
group_13256	1.17E-01	5.59E-03	6.79E-01	1.28E-01	3.10E-01	2.40E-02	
group_13197	1.17E-01	2.28E-01	7.45E-01	-3.50E-02	1.07E-01	1.89E-02	
group_12822	1.17E-01	5.59E-03	1.71E-01	4.07E-01	2.96E-01	7.93E-02	
group_12633	1.17E-01	5.59E-03	1.71E-01	4.07E-01	2.96E-01	7.93E-02	
group_12579	1.17E-01	5.59E-03	6.79E-01	1.28E-01	3.10E-01	2.40E-02	
group_12377	1.17E-01	5.59E-03	6.24E-01	1.54E-01	3.15E-01	2.84E-02	
group_12047	1.17E-01	5.59E-03	1.71E-01	4.07E-01	2.96E-01	7.93E-02	
group_11747	1.17E-01	5.59E-03	6.79E-01	1.28E-01	3.10E-01	2.40E-02	
group_11364	1.13E-01	2.69E-01	6.06E-02	1.63E-01	8.65E-02	1.08E-01	
group_10494	1.17E-01	5.59E-03	6.79E-01	1.28E-01	3.10E-01	2.40E-02	
group_9779	1.17E-01	1.94E-06	4.61E-01	4.22E-01	5.72E-01	4.27E-02	
group_9449	1.17E-01	5.59E-03	1.71E-01	4.07E-01	2.96E-01	7.93E-02	
group_8866	1.17E-01	1.53E-03	5.03E-01	1.30E-01	1.94E-01	3.88E-02	
group_8865	1.17E-01	1.53E-03	5.03E-01	1.30E-01	1.94E-01	3.88E-02	
group_8593	1.17E-01	5.59E-03	6.79E-01	1.28E-01	3.10E-01	2.40E-02	
group_7825	1.17E-01	5.59E-03	6.68E-01	1.25E-01	2.92E-01	2.49E-02	
group_7723	1.17E-01	7.01E-01	5.97E-01	-4.98E-02	9.42E-02	3.06E-02	
group_7590	1.17E-01	2.38E-01	7.72E-01	3.30E-02	1.14E-01	1.68E-02	
group_7192	1.17E-01	5.59E-03	6.68E-01	1.25E-01	2.92E-01	2.49E-02	
lysR~~~cynR	1.17E-01	1.53E-03	5.03E-01	1.30E-01	1.94E-01	3.88E-02	
group_5964	1.17E-01	1.53E-03	5.03E-01	1.30E-01	1.94E-01	3.88E-02	
group_5912	1.17E-01	5.59E-03	6.68E-01	1.25E-01	2.92E-01	2.49E-02	
group_5851	1.17E-01	5.59E-03	6.68E-01	1.25E-01	2.92E-01	2.49E-02	
group_5696	1.17E-01	3.62E-04	7.13E-02	-1.86E-01	1.03E-01	1.04E-01	
group_5558	1.17E-01	5.59E-03	6.79E-01	1.28E-01	3.10E-01	2.40E-02	
group_4609	1.13E-01	8.67E-02	3.03E-02	-2.35E-01	1.08E-01	1.25E-01	
group_3842	1.13E-01	2.06E-02	3.67E-01	9.71E-02	1.08E-01	5.23E-02	
group_3805	1.17E-01	2.28E-01	7.45E-01	-3.50E-02	1.07E-01	1.89E-02	
group_21011	1.13E-01	8.01E-07	8.19E-01	-1.47E-01	6.44E-01	1.32E-02	
group_20990	1.13E-01	8.01E-07	8.19E-01	-1.47E-01	6.44E-01	1.32E-02	
lprI~~~yecT	1.13E-01	8.01E-07	8.19E-01	-1.47E-01	6.44E-01	1.32E-02	
oppF~~~dppD	1.13E-01	8.01E-07	8.19E-01	-1.47E-01	6.44E-01	1.32E-02	
oppD~~~dppD	1.13E-01	8.01E-07	8.19E-01	-1.47E-01	6.44E-01	1.32E-02	
group_19619	1.10E-01	8.26E-01	8.63E-01	-1.55E-02	8.96E-02	1.00E-02	
group_19510	1.13E-01	9.19E-01	7.67E-01	2.62E-02	8.84E-02	1.72E-02	
group_19325	1.13E-01	6.14E-01	4.18E-02	2.31E-01	1.13E-01	1.18E-01	
group_19203	1.13E-01	2.69E-01	8.32E-01	2.07E-02	9.75E-02	1.23E-02	
group_17142	1.13E-01	3.49E-03	2.87E-01	-2.33E-01	2.19E-01	6.17E-02	
group_17106	1.13E-01	8.87E-04	5.93E-02	-4.79E-01	2.53E-01	1.09E-01	
group_16861	1.13E-01	9.19E-01	4.06E-01	-6.48E-02	7.78E-02	4.82E-02	
group_16319	1.13E-01	3.49E-03	2.87E-01	-2.33E-01	2.19E-01	6.17E-02	
group_16128	1.13E-01	8.87E-04	5.93E-02	-4.79E-01	2.53E-01	1.09E-01	
group_15420	1.13E-01	3.63E-05	1.59E-02	-4.31E-01	1.78E-01	1.39E-01	
group_15057	1.13E-01	3.44E-02	8.87E-02	-1.47E-01	8.61E-02	9.84E-02	
group_14766	1.13E-01	8.87E-04	5.93E-02	-4.79E-01	2.53E-01	1.09E-01	
group_14515	1.13E-01	8.87E-04	5.93E-02	-4.79E-01	2.53E-01	1.09E-01	
group_14512	1.13E-01	3.63E-05	6.12E-01	-7.75E-02	1.53E-01	2.94E-02	
group_13784	1.13E-01	8.01E-07	3.72E-01	-4.13E-01	4.61E-01	5.17E-02	
group_12482	1.13E-01	8.01E-07	3.72E-01	-4.13E-01	4.61E-01	5.17E-02	
group_12248	1.13E-01	3.44E-02	8.87E-02	-1.47E-01	8.61E-02	9.84E-02	
group_10421	1.10E-01	7.62E-03	3.09E-02	-2.79E-01	1.28E-01	1.25E-01	
group_9427	1.13E-01	3.49E-03	2.32E-01	-2.99E-01	2.50E-01	6.91E-02	
group_6184	1.10E-01	7.62E-03	3.09E-02	-2.79E-01	1.28E-01	1.25E-01	
group_5695	1.13E-01	1.18E-02	4.84E-01	1.99E-01	2.84E-01	4.06E-02	
thpR	1.13E-01	1.94E-04	1.30E-01	-5.01E-01	3.30E-01	8.75E-02	
group_20859	1.10E-01	1.70E-05	4.12E-01	3.74E-01	4.56E-01	4.75E-02	
group_20042	1.10E-01	7.62E-03	8.14E-03	-2.66E-01	1.00E-01	1.53E-01	
group_19771	1.10E-01	1.49E-01	4.82E-01	-6.19E-02	8.80E-02	4.07E-02	
tadA~~~pilB	1.10E-01	3.11E-07	7.92E-01	-8.46E-02	3.21E-01	1.53E-02	
group_19562	1.10E-01	1.49E-01	4.82E-01	-6.19E-02	8.80E-02	4.07E-02	
group_19285	1.07E-01	6.27E-01	3.22E-01	8.70E-02	8.77E-02	5.74E-02	
group_18400	1.10E-01	2.09E-03	8.04E-02	-3.40E-01	1.94E-01	1.01E-01	
group_18100	1.10E-01	6.39E-02	6.01E-02	-1.66E-01	8.78E-02	1.09E-01	
group_17880	1.10E-01	1.70E-05	9.88E-01	-1.43E-02	9.20E-01	9.00E-04	
group_17879	1.10E-01	1.70E-05	9.88E-01	-1.43E-02	9.20E-01	9.00E-04	
group_17546	1.10E-01	1.70E-05	9.88E-01	-1.43E-02	9.20E-01	9.00E-04	
group_17525	1.10E-01	5.51E-01	5.18E-01	7.53E-02	1.16E-01	3.75E-02	
group_17468	1.10E-01	1.70E-05	9.88E-01	-1.43E-02	9.20E-01	9.00E-04	
yjmC	1.10E-01	1.70E-05	9.88E-01	-1.43E-02	9.20E-01	9.00E-04	
group_17076	1.10E-01	1.70E-05	9.88E-01	-1.43E-02	9.20E-01	9.00E-04	
gabR~~~mocR	1.07E-01	9.43E-01	9.16E-01	-1.02E-02	9.65E-02	6.12E-03	
group_16097	1.07E-01	9.43E-01	9.16E-01	-1.02E-02	9.65E-02	6.12E-03	
group_15749	1.10E-01	7.62E-03	4.82E-01	-1.44E-01	2.05E-01	4.07E-02	
rES	1.10E-01	1.70E-05	9.88E-01	-1.43E-02	9.20E-01	9.00E-04	
group_15302	1.10E-01	1.70E-05	7.86E-03	-4.30E-01	1.61E-01	1.53E-01	
group_15286	1.10E-01	7.62E-03	4.82E-01	-1.44E-01	2.05E-01	4.07E-02	
group_15179	1.07E-01	4.59E-02	8.28E-01	2.64E-02	1.21E-01	1.26E-02	
ygaZ~~~azlC	1.10E-01	2.49E-06	9.59E-01	-2.58E-02	5.01E-01	2.99E-03	
group_14701	1.10E-01	3.00E-01	6.84E-01	-4.25E-02	1.04E-01	2.36E-02	
group_14662	1.03E-01	1.35E-02	2.68E-01	1.49E-01	1.35E-01	6.41E-02	
group_14551	1.10E-01	1.70E-05	9.88E-01	-1.43E-02	9.20E-01	9.00E-04	
group_14510	1.10E-01	9.91E-05	5.93E-01	-8.64E-02	1.62E-01	3.10E-02	
cmpD~~~nrtD~~~tauB~~~btuD	1.10E-01	2.49E-06	4.94E-01	1.99E-01	2.90E-01	3.96E-02	
group_13139	1.10E-01	5.51E-01	6.69E-01	4.32E-02	1.01E-01	2.48E-02	
group_12889	1.10E-01	1.49E-01	9.62E-01	-4.41E-03	9.13E-02	2.80E-03	
group_12835	1.07E-01	2.42E-01	7.87E-01	3.32E-02	1.22E-01	1.57E-02	
group_12607	1.07E-01	2.42E-01	7.87E-01	3.32E-02	1.22E-01	1.57E-02	
group_12138	1.10E-01	1.49E-01	9.62E-01	-4.41E-03	9.13E-02	2.80E-03	
group_11796	1.07E-01	2.42E-01	7.87E-01	3.32E-02	1.22E-01	1.57E-02	
group_11269	1.10E-01	6.39E-02	1.51E-01	-1.27E-01	8.80E-02	8.31E-02	
group_11124	1.10E-01	1.49E-01	9.62E-01	-4.41E-03	9.13E-02	2.80E-03	
group_11016	1.07E-01	2.42E-01	7.87E-01	3.32E-02	1.22E-01	1.57E-02	
group_10573	1.07E-01	2.42E-01	7.87E-01	3.32E-02	1.22E-01	1.57E-02	
group_8738	1.07E-01	2.42E-01	7.87E-01	3.32E-02	1.22E-01	1.57E-02	
iclR~~~kdgR~~~allR	1.10E-01	1.70E-05	9.88E-01	-1.43E-02	9.20E-01	9.00E-04	
group_7154	1.10E-01	6.39E-02	2.21E-01	-1.08E-01	8.79E-02	7.09E-02	
group_4471	1.07E-01	6.27E-01	5.95E-01	3.96E-02	7.45E-02	3.08E-02	
group_3832	1.10E-01	3.00E-01	6.84E-01	-4.25E-02	1.04E-01	2.36E-02	
group_3796	1.07E-01	9.43E-01	4.90E-01	-7.10E-02	1.03E-01	4.00E-02	
group_21012	1.07E-01	7.54E-06	9.37E-01	4.01E-02	5.09E-01	4.56E-03	
group_20674	1.03E-01	2.85E-03	3.64E-02	-1.83E-01	8.68E-02	1.21E-01	
group_20253	1.03E-01	6.66E-04	1.30E-03	-2.90E-01	8.93E-02	1.85E-01	
group_19754	1.07E-01	4.59E-02	6.28E-01	-7.67E-02	1.58E-01	2.81E-02	
group_19695	1.07E-01	1.60E-02	2.04E-01	-1.16E-01	9.10E-02	7.35E-02	
group_19534	1.07E-01	4.82E-05	6.93E-02	-3.74E-01	2.05E-01	1.05E-01	
group_19183	1.07E-01	7.24E-04	9.00E-01	1.01E-02	8.09E-02	7.26E-03	bad-chisq
ydhS	1.07E-01	4.82E-05	4.79E-01	4.02E-01	5.67E-01	4.10E-02	
group_17988	1.07E-01	1.60E-02	6.84E-01	-8.38E-02	2.06E-01	2.36E-02	
group_17556	1.03E-01	4.04E-02	5.95E-01	6.37E-02	1.20E-01	3.08E-02	
yiaG	1.07E-01	7.54E-06	9.56E-01	1.64E-02	2.94E-01	3.23E-03	
group_17384	1.07E-01	4.82E-05	6.16E-01	2.80E-01	5.57E-01	2.91E-02	
group_17013	1.03E-01	1.03E-02	5.33E-03	-2.54E-01	9.05E-02	1.60E-01	
group_16762	1.07E-01	4.82E-05	8.79E-01	6.26E-02	4.12E-01	8.80E-03	
group_16438	1.07E-01	1.21E-03	9.33E-02	-1.49E-01	8.85E-02	9.71E-02	
group_14840	1.07E-01	4.82E-05	9.81E-04	-2.81E-01	8.45E-02	1.89E-01	
group_14582	1.07E-01	7.54E-06	9.37E-01	4.01E-02	5.09E-01	4.56E-03	
group_14201	1.07E-01	1.21E-03	7.76E-01	-3.56E-02	1.25E-01	1.65E-02	
group_14008	1.07E-01	4.82E-05	1.59E-03	-2.75E-01	8.63E-02	1.82E-01	
group_13854	1.07E-01	1.21E-03	7.76E-01	-3.56E-02	1.25E-01	1.65E-02	
group_13650	1.07E-01	3.24E-02	2.83E-02	2.17E-01	9.84E-02	1.27E-01	
group_13269	1.07E-01	1.21E-03	7.76E-01	-3.56E-02	1.25E-01	1.65E-02	
group_12592	1.07E-01	1.21E-03	7.76E-01	-3.56E-02	1.25E-01	1.65E-02	
group_12296	1.07E-01	3.69E-01	4.83E-02	2.01E-01	1.01E-01	1.14E-01	
group_12070	1.03E-01	1.92E-01	9.68E-01	-4.71E-03	1.19E-01	2.29E-03	
group_11769	1.07E-01	1.21E-03	7.76E-01	-3.56E-02	1.25E-01	1.65E-02	
group_11768	1.07E-01	1.21E-03	7.76E-01	-3.56E-02	1.25E-01	1.65E-02	
group_11481	1.07E-01	1.13E-01	3.87E-01	-9.79E-02	1.13E-01	5.02E-02	
group_10528	1.07E-01	1.21E-03	7.76E-01	-3.56E-02	1.25E-01	1.65E-02	
group_10527	1.07E-01	1.21E-03	7.76E-01	-3.56E-02	1.25E-01	1.65E-02	
group_10113	1.07E-01	1.13E-01	3.87E-01	-9.79E-02	1.13E-01	5.02E-02	
group_10112	1.07E-01	1.13E-01	3.87E-01	-9.79E-02	1.13E-01	5.02E-02	
group_9697	1.07E-01	4.82E-05	8.57E-01	1.35E-01	7.50E-01	1.05E-02	
gstB	1.07E-01	1.21E-03	7.76E-01	-3.56E-02	1.25E-01	1.65E-02	
group_8660	1.07E-01	1.21E-03	7.76E-01	-3.56E-02	1.25E-01	1.65E-02	
group_8241	1.07E-01	7.32E-01	4.94E-01	6.08E-02	8.88E-02	3.96E-02	
group_8032	1.07E-01	2.61E-04	4.54E-03	-2.77E-01	9.67E-02	1.63E-01	
group_7760	1.03E-01	7.10E-01	8.50E-01	1.96E-02	1.04E-01	1.09E-02	
group_7425	1.07E-01	7.24E-04	8.97E-01	1.09E-02	8.44E-02	7.51E-03	bad-chisq
virB6	1.07E-01	3.69E-01	8.19E-01	-2.28E-02	9.96E-02	1.33E-02	
group_5735	1.07E-01	3.69E-01	8.19E-01	-2.28E-02	9.96E-02	1.33E-02	
group_5645	1.07E-01	1.21E-03	7.76E-01	-3.56E-02	1.25E-01	1.65E-02	
sigH	1.03E-01	4.04E-02	5.95E-01	6.37E-02	1.20E-01	3.08E-02	
group_5418	1.07E-01	1.00E-06	4.40E-01	-2.30E-01	2.97E-01	4.48E-02	
group_5038	1.03E-01	4.04E-02	5.95E-01	6.37E-02	1.20E-01	3.08E-02	
group_3452	1.03E-01	4.04E-02	5.95E-01	6.37E-02	1.20E-01	3.08E-02	
group_527	1.03E-01	9.62E-01	8.03E-01	1.86E-02	7.46E-02	1.44E-02	
group_23892	1.03E-01	3.20E-02	6.46E-01	1.06E-01	2.31E-01	2.66E-02	
group_20629	1.03E-01	6.66E-04	2.88E-04	-3.55E-01	9.66E-02	2.08E-01	
group_20449	1.00E-01	1.64E-03	2.46E-03	-2.79E-01	9.14E-02	1.74E-01	
group_20448	1.00E-01	1.64E-03	2.46E-03	-2.79E-01	9.14E-02	1.74E-01	
group_20248	1.00E-01	6.46E-03	9.98E-03	-2.37E-01	9.14E-02	1.49E-01	
group_20104	1.03E-01	6.66E-04	3.25E-01	-4.26E-01	4.32E-01	5.70E-02	
group_19765	1.03E-01	3.76E-07	5.94E-01	-2.80E-01	5.24E-01	3.09E-02	
group_19681	1.00E-01	4.96E-01	1.37E-01	1.44E-01	9.64E-02	8.60E-02	
group_19476	1.03E-01	7.10E-01	5.57E-01	6.26E-02	1.07E-01	3.40E-02	
group_18881	1.03E-01	2.22E-05	5.35E-01	2.71E-01	4.37E-01	3.59E-02	
yraJ~~~papC	1.00E-01	8.65E-01	4.33E-01	-8.43E-02	1.07E-01	4.55E-02	
group_17864	1.03E-01	1.32E-04	7.74E-01	1.68E-01	5.84E-01	1.67E-02	
group_16248	1.03E-01	1.92E-01	3.00E-01	-9.52E-02	9.17E-02	6.00E-02	
group_16207	1.03E-01	1.03E-02	7.46E-01	4.89E-02	1.51E-01	1.88E-02	
group_15379	1.03E-01	2.22E-05	9.05E-04	-2.96E-01	8.83E-02	1.91E-01	
group_15329	1.03E-01	2.22E-05	9.05E-04	-2.96E-01	8.83E-02	1.91E-01	
group_15195	1.03E-01	2.22E-05	9.05E-04	-2.96E-01	8.83E-02	1.91E-01	
group_15123	1.03E-01	2.22E-05	9.05E-04	-2.96E-01	8.83E-02	1.91E-01	
group_15055	1.03E-01	2.22E-05	9.05E-04	-2.96E-01	8.83E-02	1.91E-01	
group_14740	1.03E-01	3.14E-06	3.17E-01	-2.34E-01	2.33E-01	5.80E-02	
group_14082	1.03E-01	6.66E-04	3.59E-02	-6.51E-01	3.09E-01	1.21E-01	
hxsA	1.03E-01	4.29E-01	4.32E-01	9.22E-02	1.17E-01	4.55E-02	
group_13714	1.03E-01	4.29E-01	4.32E-01	9.22E-02	1.17E-01	4.55E-02	
group_13669	1.03E-01	6.66E-04	3.59E-02	-6.51E-01	3.09E-01	1.21E-01	
group_13587	1.03E-01	6.66E-04	3.59E-02	-6.51E-01	3.09E-01	1.21E-01	
group_13096	1.03E-01	4.29E-01	4.32E-01	9.22E-02	1.17E-01	4.55E-02	
group_13022	1.03E-01	6.66E-04	3.59E-02	-6.51E-01	3.09E-01	1.21E-01	
group_12697	1.03E-01	9.62E-01	1.32E-02	3.81E-01	1.53E-01	1.43E-01	
group_11563	1.03E-01	1.92E-01	4.48E-01	1.25E-01	1.65E-01	4.40E-02	
group_10222	1.03E-01	1.92E-01	4.48E-01	1.25E-01	1.65E-01	4.40E-02	
stbB	1.03E-01	6.66E-04	2.88E-04	-3.55E-01	9.66E-02	2.08E-01	
group_9664	1.03E-01	3.20E-02	8.25E-01	4.18E-02	1.88E-01	1.28E-02	
gbpR~~~lysR	1.03E-01	1.92E-01	4.48E-01	1.25E-01	1.65E-01	4.40E-02	
group_4687	1.03E-01	2.85E-03	7.26E-01	-7.38E-02	2.10E-01	2.03E-02	
group_4051	1.03E-01	2.26E-01	1.05E-01	1.19E-01	7.36E-02	9.36E-02	
group_24108	9.67E-02	8.92E-01	9.71E-01	4.15E-03	1.13E-01	2.13E-03	
group_22460	1.00E-01	1.64E-03	3.52E-01	-4.30E-01	4.61E-01	5.39E-02	
group_20753	1.00E-01	5.51E-01	5.25E-01	-6.20E-02	9.74E-02	3.69E-02	
group_20495	9.67E-02	8.97E-04	1.12E-02	-2.26E-01	8.87E-02	1.46E-01	
group_20493	9.67E-02	8.97E-04	1.12E-02	-2.26E-01	8.87E-02	1.46E-01	
group_20312	9.67E-02	8.97E-04	1.12E-02	-2.26E-01	8.87E-02	1.46E-01	
group_20311	9.67E-02	8.97E-04	1.12E-02	-2.26E-01	8.87E-02	1.46E-01	
group_20310	9.67E-02	8.97E-04	1.12E-02	-2.26E-01	8.87E-02	1.46E-01	
group_20252	9.67E-02	8.97E-04	1.63E-03	-2.89E-01	9.08E-02	1.81E-01	
group_20222	9.67E-02	3.86E-03	2.60E-03	-2.83E-01	9.32E-02	1.73E-01	
group_20221	9.67E-02	3.86E-03	2.60E-03	-2.83E-01	9.32E-02	1.73E-01	
group_20158	1.00E-01	2.16E-02	5.40E-02	-1.98E-01	1.02E-01	1.11E-01	
group_20094	9.67E-02	3.86E-03	2.60E-03	-2.83E-01	9.32E-02	1.73E-01	
group_20006	1.00E-01	1.25E-01	8.16E-02	1.85E-01	1.06E-01	1.01E-01	
group_19847	9.67E-02	7.67E-01	6.13E-02	-1.49E-01	7.94E-02	1.08E-01	
group_19817	9.67E-02	3.86E-03	2.60E-03	-2.83E-01	9.32E-02	1.73E-01	
group_19810	9.67E-02	3.86E-03	2.60E-03	-2.83E-01	9.32E-02	1.73E-01	
group_19732	9.67E-02	3.86E-03	2.60E-03	-2.83E-01	9.32E-02	1.73E-01	
group_19342	1.00E-01	1.64E-03	4.63E-01	-2.24E-01	3.04E-01	4.26E-02	
group_19004	9.67E-02	3.86E-03	2.60E-03	-2.83E-01	9.32E-02	1.73E-01	
group_18981	9.67E-02	3.86E-03	2.60E-03	-2.83E-01	9.32E-02	1.73E-01	
group_18979	9.67E-02	3.86E-03	2.60E-03	-2.83E-01	9.32E-02	1.73E-01	
group_18948	9.67E-02	3.86E-03	2.60E-03	-2.83E-01	9.32E-02	1.73E-01	
group_18904	9.67E-02	3.86E-03	2.60E-03	-2.83E-01	9.32E-02	1.73E-01	
group_18902	9.67E-02	3.86E-03	2.60E-03	-2.83E-01	9.32E-02	1.73E-01	
group_18850	9.67E-02	3.86E-03	2.60E-03	-2.83E-01	9.32E-02	1.73E-01	
group_18849	9.67E-02	3.86E-03	2.60E-03	-2.83E-01	9.32E-02	1.73E-01	
group_18771	9.67E-02	3.86E-03	2.60E-03	-2.83E-01	9.32E-02	1.73E-01	
group_18693	9.67E-02	3.86E-03	2.60E-03	-2.83E-01	9.32E-02	1.73E-01	
group_18692	9.67E-02	3.86E-03	2.60E-03	-2.83E-01	9.32E-02	1.73E-01	
group_18650	9.67E-02	7.67E-01	3.59E-01	-1.00E-01	1.09E-01	5.31E-02	
group_18614	9.67E-02	7.67E-01	3.59E-01	-1.00E-01	1.09E-01	5.31E-02	
group_18613	9.67E-02	7.67E-01	3.59E-01	-1.00E-01	1.09E-01	5.31E-02	
group_18590	9.67E-02	3.86E-03	2.60E-03	-2.83E-01	9.32E-02	1.73E-01	
group_18524	9.67E-02	7.67E-01	3.59E-01	-1.00E-01	1.09E-01	5.31E-02	
group_18481	9.67E-02	7.67E-01	3.59E-01	-1.00E-01	1.09E-01	5.31E-02	
group_18451	9.67E-02	3.86E-03	2.60E-03	-2.83E-01	9.32E-02	1.73E-01	
bppU	9.67E-02	3.86E-03	2.60E-03	-2.83E-01	9.32E-02	1.73E-01	
group_18394	9.67E-02	7.67E-01	3.59E-01	-1.00E-01	1.09E-01	5.31E-02	
group_18393	9.67E-02	7.67E-01	3.59E-01	-1.00E-01	1.09E-01	5.31E-02	
yraI	9.67E-02	7.67E-01	3.59E-01	-1.00E-01	1.09E-01	5.31E-02	
group_18303	9.67E-02	3.86E-03	2.60E-03	-2.83E-01	9.32E-02	1.73E-01	
group_18299	9.67E-02	3.86E-03	2.60E-03	-2.83E-01	9.32E-02	1.73E-01	
group_18109	9.67E-02	3.86E-03	2.60E-03	-2.83E-01	9.32E-02	1.73E-01	
group_18108	9.67E-02	3.86E-03	2.60E-03	-2.83E-01	9.32E-02	1.73E-01	
group_17843	9.67E-02	3.86E-03	2.60E-03	-2.83E-01	9.32E-02	1.73E-01	
group_17842	9.67E-02	3.86E-03	2.60E-03	-2.83E-01	9.32E-02	1.73E-01	
group_17701	9.67E-02	5.70E-01	1.43E-01	1.31E-01	8.94E-02	8.48E-02	
group_17551	1.00E-01	6.46E-03	1.15E-01	-1.55E-01	9.78E-02	9.11E-02	
group_17549	1.00E-01	1.64E-03	2.87E-02	-2.70E-01	1.23E-01	1.26E-01	
group_17508	9.67E-02	3.86E-03	2.60E-03	-2.83E-01	9.32E-02	1.73E-01	
group_17507	9.67E-02	3.86E-03	2.60E-03	-2.83E-01	9.32E-02	1.73E-01	
group_17078	1.00E-01	1.64E-03	2.87E-02	-2.70E-01	1.23E-01	1.26E-01	
wbuZ	1.00E-01	1.64E-03	2.87E-02	-2.70E-01	1.23E-01	1.26E-01	
group_17014	9.67E-02	3.86E-03	2.60E-03	-2.83E-01	9.32E-02	1.73E-01	
group_16896	1.00E-01	1.64E-03	2.87E-02	-2.70E-01	1.23E-01	1.26E-01	
group_16726	1.00E-01	6.32E-05	9.35E-01	-4.80E-02	5.89E-01	4.72E-03	
group_16329	9.67E-02	3.86E-03	9.47E-01	7.89E-03	1.19E-01	3.83E-03	
group_16235	1.00E-01	1.48E-01	3.16E-02	3.95E-01	1.83E-01	1.24E-01	
group_15820	1.00E-01	1.64E-03	2.87E-02	-2.70E-01	1.23E-01	1.26E-01	
group_15780	1.00E-01	1.64E-03	2.87E-02	-2.70E-01	1.23E-01	1.26E-01	
yjgC	1.00E-01	3.50E-04	3.69E-01	3.16E-01	3.52E-01	5.20E-02	
group_14624	1.00E-01	3.50E-04	3.69E-01	3.16E-01	3.52E-01	5.20E-02	
group_14386	1.00E-01	1.22E-06	4.32E-01	-2.24E-01	2.85E-01	4.55E-02	
group_14106	1.00E-01	1.22E-06	4.32E-01	-2.24E-01	2.85E-01	4.55E-02	
group_14105	1.00E-01	1.64E-03	1.95E-02	-2.63E-01	1.12E-01	1.35E-01	
amiR	1.00E-01	3.50E-04	3.69E-01	3.16E-01	3.52E-01	5.20E-02	
group_13716	1.00E-01	1.22E-06	4.32E-01	-2.24E-01	2.85E-01	4.55E-02	
group_13581	1.00E-01	1.48E-01	1.32E-01	-1.32E-01	8.76E-02	8.71E-02	
group_13551	1.00E-01	6.32E-05	7.79E-01	9.85E-02	3.50E-01	1.63E-02	
group_13255	1.00E-01	6.32E-05	7.79E-01	9.85E-02	3.50E-01	1.63E-02	
group_13097	1.00E-01	1.22E-06	4.32E-01	-2.24E-01	2.85E-01	4.55E-02	
group_12969	1.00E-01	2.16E-02	7.02E-02	-1.75E-01	9.64E-02	1.05E-01	
group_12578	1.00E-01	6.32E-05	7.79E-01	9.85E-02	3.50E-01	1.63E-02	
ywnH	1.00E-01	6.11E-02	8.41E-01	2.78E-02	1.39E-01	1.16E-02	
group_11621	1.00E-01	1.72E-02	1.59E-02	2.84E-01	1.17E-01	1.39E-01	
group_11548	1.00E-01	1.64E-03	3.52E-01	-4.30E-01	4.61E-01	5.39E-02	
group_10453	1.00E-01	1.64E-03	3.52E-01	-4.30E-01	4.61E-01	5.39E-02	
group_9882	9.67E-02	5.70E-01	8.77E-01	-1.58E-02	1.03E-01	8.94E-03	
group_8621	1.00E-01	1.64E-03	3.52E-01	-4.30E-01	4.61E-01	5.39E-02	
group_8600	1.00E-01	6.46E-03	1.00E-02	-2.55E-01	9.85E-02	1.48E-01	
group_8553	1.00E-01	1.64E-03	3.52E-01	-4.30E-01	4.61E-01	5.39E-02	
group_7682	1.00E-01	1.64E-03	3.52E-01	-4.30E-01	4.61E-01	5.39E-02	
group_7540	1.00E-01	6.11E-02	3.22E-01	2.11E-01	2.12E-01	5.74E-02	
group_7361	1.00E-01	1.64E-03	3.52E-01	-4.30E-01	4.61E-01	5.39E-02	
group_7306	1.00E-01	1.64E-03	3.52E-01	-4.30E-01	4.61E-01	5.39E-02	
group_7212	1.00E-01	1.64E-03	3.52E-01	-4.30E-01	4.61E-01	5.39E-02	
group_6952	1.00E-01	1.64E-03	3.52E-01	-4.30E-01	4.61E-01	5.39E-02	
group_6951	1.00E-01	1.64E-03	3.52E-01	-4.30E-01	4.61E-01	5.39E-02	
group_6849	1.00E-01	1.64E-03	3.52E-01	-4.30E-01	4.61E-01	5.39E-02	
group_6610	1.00E-01	1.64E-03	3.52E-01	-4.30E-01	4.61E-01	5.39E-02	
group_6209	1.00E-01	1.64E-03	3.52E-01	-4.30E-01	4.61E-01	5.39E-02	
group_6193	1.00E-01	1.64E-03	3.52E-01	-4.30E-01	4.61E-01	5.39E-02	
group_6046	1.00E-01	1.64E-03	3.52E-01	-4.30E-01	4.61E-01	5.39E-02	
group_6045	1.00E-01	1.64E-03	3.52E-01	-4.30E-01	4.61E-01	5.39E-02	
group_5923	1.00E-01	1.64E-03	3.52E-01	-4.30E-01	4.61E-01	5.39E-02	
group_5618	1.00E-01	1.64E-03	3.52E-01	-4.30E-01	4.61E-01	5.39E-02	
group_5598	1.00E-01	1.64E-03	3.52E-01	-4.30E-01	4.61E-01	5.39E-02	
group_5497	1.00E-01	1.64E-03	3.52E-01	-4.30E-01	4.61E-01	5.39E-02	
hisI	1.00E-01	1.64E-03	3.52E-01	-4.30E-01	4.61E-01	5.39E-02	
group_4880	1.00E-01	1.64E-03	3.52E-01	-4.30E-01	4.61E-01	5.39E-02	
group_4719	1.00E-01	1.64E-03	3.52E-01	-4.30E-01	4.61E-01	5.39E-02	
group_4024	1.00E-01	1.64E-03	3.52E-01	-4.30E-01	4.61E-01	5.39E-02	
group_3973	1.00E-01	1.64E-03	3.52E-01	-4.30E-01	4.61E-01	5.39E-02	
group_3844	1.00E-01	1.64E-03	3.52E-01	-4.30E-01	4.61E-01	5.39E-02	
group_3831	1.00E-01	1.64E-03	3.52E-01	-4.30E-01	4.61E-01	5.39E-02	
group_3647	1.00E-01	1.64E-03	3.52E-01	-4.30E-01	4.61E-01	5.39E-02	
group_3640	1.00E-01	1.64E-03	3.52E-01	-4.30E-01	4.61E-01	5.39E-02	
group_3581	1.00E-01	1.64E-03	3.52E-01	-4.30E-01	4.61E-01	5.39E-02	
group_3357	1.00E-01	8.65E-01	7.47E-01	3.62E-02	1.12E-01	1.87E-02	
fabG	1.00E-01	1.64E-03	3.52E-01	-4.30E-01	4.61E-01	5.39E-02	
group_2946	1.00E-01	1.64E-03	3.52E-01	-4.30E-01	4.61E-01	5.39E-02	
group_2215	1.00E-01	1.64E-03	3.52E-01	-4.30E-01	4.61E-01	5.39E-02	
group_1124	1.00E-01	1.64E-03	3.52E-01	-4.30E-01	4.61E-01	5.39E-02	
group_972	1.00E-01	1.64E-03	3.52E-01	-4.30E-01	4.61E-01	5.39E-02	
group_315	1.00E-01	6.46E-03	1.15E-01	-1.55E-01	9.78E-02	9.11E-02	
group_23341	9.67E-02	3.86E-03	4.72E-03	-2.87E-01	1.01E-01	1.63E-01	
group_23290	9.67E-02	3.86E-03	4.72E-03	-2.87E-01	1.01E-01	1.63E-01	
group_23267	9.67E-02	3.86E-03	2.56E-01	3.20E-01	2.81E-01	6.57E-02	
group_23210	9.67E-02	3.86E-03	2.56E-01	3.20E-01	2.81E-01	6.57E-02	
group_21937	9.67E-02	3.86E-03	4.72E-03	-2.87E-01	1.01E-01	1.63E-01	
group_21361	9.67E-02	3.86E-03	4.72E-03	-2.87E-01	1.01E-01	1.63E-01	
group_21121	9.33E-02	9.91E-01	8.51E-01	1.92E-02	1.02E-01	1.09E-02	
group_20412	9.67E-02	1.75E-04	8.46E-01	1.40E-01	7.17E-01	1.13E-02	
group_19403	9.67E-02	1.75E-04	8.46E-01	1.40E-01	7.17E-01	1.13E-02	
phnA	9.67E-02	1.75E-04	8.46E-01	1.40E-01	7.17E-01	1.13E-02	
glcB~~~aceB	9.67E-02	1.75E-04	8.46E-01	1.40E-01	7.17E-01	1.13E-02	
group_18467	9.67E-02	4.22E-08	9.37E-01	-2.51E-02	3.18E-01	4.56E-03	
group_18395	9.33E-02	6.69E-01	3.38E-01	-1.02E-01	1.07E-01	5.55E-02	
group_18321	9.67E-02	4.22E-08	9.37E-01	-2.51E-02	3.18E-01	4.56E-03	
group_18319	9.67E-02	4.22E-08	9.37E-01	-2.51E-02	3.18E-01	4.56E-03	
group_17748	9.67E-02	1.75E-04	8.46E-01	1.40E-01	7.17E-01	1.13E-02	
group_17351	9.67E-02	1.75E-04	8.46E-01	1.40E-01	7.17E-01	1.13E-02	
group_16471	9.67E-02	1.75E-04	4.19E-03	-2.66E-01	9.23E-02	1.65E-01	
group_16108	9.67E-02	1.58E-03	9.59E-01	4.40E-03	8.47E-02	3.01E-03	bad-chisq
group_16080	9.67E-02	5.70E-01	4.43E-01	8.81E-02	1.15E-01	4.44E-02	
group_15842	9.67E-02	3.86E-03	4.72E-03	-2.87E-01	1.01E-01	1.63E-01	
group_15546	9.67E-02	3.86E-03	4.72E-03	-2.87E-01	1.01E-01	1.63E-01	
yecE	9.67E-02	1.75E-04	8.46E-01	1.40E-01	7.17E-01	1.13E-02	
group_15046	9.67E-02	1.75E-04	8.46E-01	1.40E-01	7.17E-01	1.13E-02	
qor~~~yhfP	9.67E-02	1.75E-04	8.46E-01	1.40E-01	7.17E-01	1.13E-02	
group_14702	9.67E-02	1.75E-04	8.46E-01	1.40E-01	7.17E-01	1.13E-02	
group_14542	9.67E-02	3.86E-03	4.72E-03	-2.87E-01	1.01E-01	1.63E-01	
group_14448	9.67E-02	1.75E-04	8.46E-01	1.40E-01	7.17E-01	1.13E-02	
badI	9.67E-02	3.86E-03	4.72E-03	-2.87E-01	1.01E-01	1.63E-01	
group_14176	9.67E-02	1.75E-04	8.46E-01	1.40E-01	7.17E-01	1.13E-02	
group_14175	9.67E-02	1.75E-04	8.46E-01	1.40E-01	7.17E-01	1.13E-02	
group_14054	9.67E-02	3.86E-03	4.72E-03	-2.87E-01	1.01E-01	1.63E-01	
group_13848	9.67E-02	1.75E-04	3.18E-01	3.78E-01	3.78E-01	5.78E-02	
caiA~~~aidB	9.67E-02	1.75E-04	8.46E-01	1.40E-01	7.17E-01	1.13E-02	
imp	9.67E-02	1.75E-04	4.05E-01	3.75E-01	4.50E-01	4.83E-02	
gldA	9.67E-02	1.75E-04	8.46E-01	1.40E-01	7.17E-01	1.13E-02	
group_13160	9.67E-02	3.18E-01	9.66E-01	-5.80E-03	1.36E-01	2.47E-03	
group_13158	9.67E-02	1.75E-04	8.46E-01	1.40E-01	7.17E-01	1.13E-02	
group_12857	9.67E-02	2.17E-02	3.58E-02	2.65E-01	1.26E-01	1.21E-01	
group_12654	9.67E-02	1.40E-02	2.34E-01	-2.24E-01	1.88E-01	6.89E-02	
group_12568	9.67E-02	1.75E-04	8.46E-01	1.40E-01	7.17E-01	1.13E-02	
group_12567	9.67E-02	1.75E-04	8.46E-01	1.40E-01	7.17E-01	1.13E-02	
group_12444	9.67E-02	1.75E-04	8.46E-01	1.40E-01	7.17E-01	1.13E-02	
group_11733	9.67E-02	1.75E-04	8.46E-01	1.40E-01	7.17E-01	1.13E-02	
group_11732	9.67E-02	1.75E-04	8.46E-01	1.40E-01	7.17E-01	1.13E-02	
group_11553	9.67E-02	1.75E-04	8.46E-01	1.40E-01	7.17E-01	1.13E-02	
group_11345	9.67E-02	5.70E-01	2.27E-01	1.34E-01	1.11E-01	7.00E-02	
group_10706	9.67E-02	3.86E-03	4.72E-03	-2.87E-01	1.01E-01	1.63E-01	
group_10599	9.67E-02	8.97E-04	8.08E-03	-2.40E-01	8.98E-02	1.53E-01	
group_10565	9.67E-02	3.86E-03	4.72E-03	-2.87E-01	1.01E-01	1.63E-01	
group_10462	9.67E-02	1.75E-04	8.46E-01	1.40E-01	7.17E-01	1.13E-02	
group_10461	9.67E-02	1.75E-04	8.46E-01	1.40E-01	7.17E-01	1.13E-02	
aroE	9.67E-02	1.75E-04	8.46E-01	1.40E-01	7.17E-01	1.13E-02	
group_10207	9.67E-02	3.86E-03	8.18E-01	7.24E-02	3.14E-01	1.33E-02	
group_9640	9.67E-02	1.75E-04	8.46E-01	1.40E-01	7.17E-01	1.13E-02	
group_9122	9.67E-02	1.40E-02	7.75E-01	-5.23E-02	1.83E-01	1.66E-02	
group_8562	9.67E-02	1.75E-04	8.46E-01	1.40E-01	7.17E-01	1.13E-02	
group_8561	9.67E-02	1.75E-04	8.46E-01	1.40E-01	7.17E-01	1.13E-02	
group_8134	9.67E-02	1.75E-04	8.46E-01	1.40E-01	7.17E-01	1.13E-02	
group_7689	9.67E-02	3.86E-03	8.74E-01	4.90E-02	3.09E-01	9.20E-03	
group_7551	9.67E-02	2.17E-02	3.58E-02	2.65E-01	1.26E-01	1.21E-01	
group_6710	9.67E-02	3.86E-03	4.72E-03	-2.87E-01	1.01E-01	1.63E-01	
group_6478	9.67E-02	3.86E-03	8.79E-01	4.68E-02	3.07E-01	8.82E-03	
group_6195	9.67E-02	3.86E-03	8.18E-01	7.24E-02	3.14E-01	1.33E-02	
group_5736	9.67E-02	3.86E-03	4.72E-03	-2.87E-01	1.01E-01	1.63E-01	
group_5508	9.67E-02	1.75E-04	8.46E-01	1.40E-01	7.17E-01	1.13E-02	
group_5079	9.67E-02	3.86E-03	4.72E-03	-2.87E-01	1.01E-01	1.63E-01	
iscS	9.67E-02	3.86E-03	4.72E-03	-2.87E-01	1.01E-01	1.63E-01	
yjiR	9.67E-02	3.86E-03	4.72E-03	-2.87E-01	1.01E-01	1.63E-01	
group_4086	9.67E-02	2.17E-02	3.58E-02	2.65E-01	1.26E-01	1.21E-01	
group_3715	9.33E-02	6.52E-01	2.66E-01	1.03E-01	9.24E-02	6.44E-02	
pcaF	9.67E-02	3.86E-03	4.72E-03	-2.87E-01	1.01E-01	1.63E-01	
group_3228	9.67E-02	3.86E-03	4.72E-03	-2.87E-01	1.01E-01	1.63E-01	
group_3176	9.67E-02	2.17E-02	3.58E-02	2.65E-01	1.26E-01	1.21E-01	
group_3093	9.67E-02	8.92E-01	9.49E-01	-6.60E-03	1.03E-01	3.73E-03	
group_2714	9.67E-02	3.86E-03	4.72E-03	-2.87E-01	1.01E-01	1.63E-01	
group_2621	9.67E-02	3.86E-03	4.72E-03	-2.87E-01	1.01E-01	1.63E-01	
group_2591	9.67E-02	3.86E-03	4.72E-03	-2.87E-01	1.01E-01	1.63E-01	
group_2189	9.67E-02	3.86E-03	4.72E-03	-2.87E-01	1.01E-01	1.63E-01	
group_1855	9.67E-02	3.86E-03	4.72E-03	-2.87E-01	1.01E-01	1.63E-01	
group_1372	9.67E-02	3.86E-03	4.72E-03	-2.87E-01	1.01E-01	1.63E-01	
group_1206	9.67E-02	3.86E-03	4.72E-03	-2.87E-01	1.01E-01	1.63E-01	
group_930	9.67E-02	3.86E-03	2.56E-01	3.20E-01	2.81E-01	6.57E-02	
ilvA	9.67E-02	3.86E-03	4.72E-03	-2.87E-01	1.01E-01	1.63E-01	
group_22887	9.33E-02	2.91E-02	1.28E-01	-1.63E-01	1.07E-01	8.81E-02	
group_22545	9.33E-02	8.75E-03	6.35E-01	1.37E-01	2.90E-01	2.75E-02	
group_21164	9.33E-02	2.21E-03	5.07E-01	-6.42E-02	9.66E-02	3.85E-02	
group_20622	9.33E-02	2.21E-03	2.08E-02	-2.11E-01	9.09E-02	1.33E-01	
group_20045	9.33E-02	1.92E-01	8.68E-01	-2.19E-02	1.31E-01	9.64E-03	
group_19920	9.33E-02	1.92E-01	8.68E-01	-2.19E-02	1.31E-01	9.64E-03	
group_19625	9.33E-02	4.66E-04	3.33E-02	-1.98E-01	9.24E-02	1.23E-01	
group_19611	9.33E-02	8.12E-02	3.03E-01	-1.05E-01	1.02E-01	5.96E-02	
group_19550	9.33E-02	8.12E-02	3.03E-01	-1.05E-01	1.02E-01	5.96E-02	
group_19389	9.00E-02	7.41E-01	7.04E-01	3.94E-02	1.04E-01	2.20E-02	
group_19269	9.00E-02	3.45E-02	6.28E-01	7.23E-02	1.49E-01	2.81E-02	
group_18942	9.33E-02	4.66E-04	3.00E-01	5.12E-01	4.93E-01	6.01E-02	
group_18895	9.33E-02	4.66E-04	3.00E-01	5.12E-01	4.93E-01	6.01E-02	
group_18313	9.33E-02	1.92E-01	3.73E-01	-9.35E-02	1.05E-01	5.17E-02	
group_18218	9.00E-02	5.74E-01	1.23E-01	-1.76E-01	1.14E-01	8.93E-02	
group_18014	9.33E-02	8.20E-05	1.54E-01	-4.71E-01	3.30E-01	8.26E-02	
group_17725	9.33E-02	8.20E-05	1.54E-01	-4.71E-01	3.30E-01	8.26E-02	
group_16716	9.33E-02	4.66E-04	5.46E-01	3.06E-01	5.07E-01	3.50E-02	
group_16516	9.33E-02	1.92E-01	3.52E-01	-9.04E-02	9.68E-02	5.40E-02	
group_15392	9.33E-02	8.75E-03	1.98E-02	-2.46E-01	1.05E-01	1.34E-01	
group_15230	9.33E-02	2.91E-02	1.28E-01	-1.63E-01	1.07E-01	8.81E-02	
group_13949	9.33E-02	8.75E-03	4.84E-01	-1.36E-01	1.94E-01	4.05E-02	
group_13412	9.33E-02	8.75E-03	4.84E-01	-1.36E-01	1.94E-01	4.05E-02	
group_13248	9.33E-02	4.66E-04	5.46E-01	3.06E-01	5.07E-01	3.50E-02	
group_12960	9.33E-02	4.66E-04	2.94E-01	3.99E-01	3.79E-01	6.08E-02	
group_12870	9.00E-02	3.45E-02	6.28E-01	7.23E-02	1.49E-01	2.81E-02	
cmdD	9.00E-02	3.45E-02	6.28E-01	7.23E-02	1.49E-01	2.81E-02	
group_11741	9.33E-02	2.91E-02	1.28E-01	-1.63E-01	1.07E-01	8.81E-02	
group_11721	9.33E-02	2.91E-02	1.28E-01	-1.63E-01	1.07E-01	8.81E-02	
group_11357	9.33E-02	2.91E-02	4.25E-01	-9.69E-02	1.21E-01	4.63E-02	
group_11336	9.00E-02	5.23E-03	3.51E-03	-2.91E-01	9.89E-02	1.68E-01	
group_11155	9.33E-02	2.91E-02	1.28E-01	-1.63E-01	1.07E-01	8.81E-02	
group_10486	9.33E-02	2.91E-02	1.28E-01	-1.63E-01	1.07E-01	8.81E-02	
group_10191	9.33E-02	2.91E-02	4.25E-01	-9.69E-02	1.21E-01	4.63E-02	
group_10019	9.00E-02	7.41E-01	2.35E-01	1.46E-01	1.23E-01	6.88E-02	
group_9895	9.33E-02	2.91E-02	4.25E-01	-9.69E-02	1.21E-01	4.63E-02	
group_9560	9.33E-02	2.91E-02	1.28E-01	-1.63E-01	1.07E-01	8.81E-02	
group_8941	9.33E-02	4.66E-04	3.43E-01	-1.46E-01	1.53E-01	5.49E-02	
group_8614	9.33E-02	2.91E-02	1.28E-01	-1.63E-01	1.07E-01	8.81E-02	
group_8607	9.33E-02	2.91E-02	1.28E-01	-1.63E-01	1.07E-01	8.81E-02	
group_8589	9.33E-02	2.91E-02	1.28E-01	-1.63E-01	1.07E-01	8.81E-02	
echA8	9.33E-02	2.91E-02	1.28E-01	-1.63E-01	1.07E-01	8.81E-02	
group_8531	9.33E-02	2.91E-02	1.28E-01	-1.63E-01	1.07E-01	8.81E-02	
group_8530	9.33E-02	2.91E-02	1.28E-01	-1.63E-01	1.07E-01	8.81E-02	
group_8529	9.33E-02	2.91E-02	1.28E-01	-1.63E-01	1.07E-01	8.81E-02	
group_8238	9.00E-02	3.45E-02	6.28E-01	7.23E-02	1.49E-01	2.81E-02	
group_7822	9.33E-02	2.21E-03	1.27E-02	-2.87E-01	1.15E-01	1.44E-01	
group_7646	9.33E-02	2.21E-03	1.19E-03	-3.34E-01	1.02E-01	1.86E-01	
group_7293	9.00E-02	3.45E-02	6.28E-01	7.23E-02	1.49E-01	2.81E-02	
group_7288	9.33E-02	8.17E-03	6.44E-01	-3.94E-02	8.53E-02	2.68E-02	
group_7050	9.33E-02	2.91E-02	1.28E-01	-1.63E-01	1.07E-01	8.81E-02	
group_7049	9.33E-02	2.91E-02	1.28E-01	-1.63E-01	1.07E-01	8.81E-02	
group_6729	9.00E-02	3.45E-02	6.28E-01	7.23E-02	1.49E-01	2.81E-02	
group_6486	9.33E-02	2.91E-02	1.28E-01	-1.63E-01	1.07E-01	8.81E-02	
stdA	9.33E-02	8.75E-03	6.35E-01	1.37E-01	2.90E-01	2.75E-02	
group_5648	9.00E-02	3.45E-02	6.28E-01	7.23E-02	1.49E-01	2.81E-02	
group_5589	9.33E-02	2.91E-02	1.28E-01	-1.63E-01	1.07E-01	8.81E-02	
group_5585	9.33E-02	2.91E-02	1.28E-01	-1.63E-01	1.07E-01	8.81E-02	
group_5550	9.33E-02	2.91E-02	1.28E-01	-1.63E-01	1.07E-01	8.81E-02	
group_5480	9.33E-02	2.91E-02	1.28E-01	-1.63E-01	1.07E-01	8.81E-02	
group_5479	9.33E-02	2.91E-02	1.28E-01	-1.63E-01	1.07E-01	8.81E-02	
group_5446	9.33E-02	4.66E-04	1.56E-01	-3.22E-01	2.26E-01	8.22E-02	
norR	9.33E-02	2.91E-02	1.28E-01	-1.63E-01	1.07E-01	8.81E-02	
group_5301	9.00E-02	3.45E-02	6.28E-01	7.23E-02	1.49E-01	2.81E-02	
group_5203	9.00E-02	3.45E-02	6.28E-01	7.23E-02	1.49E-01	2.81E-02	
group_4927	9.33E-02	2.91E-02	1.28E-01	-1.63E-01	1.07E-01	8.81E-02	
group_4344	9.00E-02	3.45E-02	6.28E-01	7.23E-02	1.49E-01	2.81E-02	
group_4300	9.33E-02	2.91E-02	1.28E-01	-1.63E-01	1.07E-01	8.81E-02	
group_4087	9.00E-02	9.52E-02	9.14E-01	-1.44E-02	1.33E-01	6.25E-03	
group_4007	9.00E-02	3.45E-02	6.28E-01	7.23E-02	1.49E-01	2.81E-02	
group_3817	9.33E-02	8.75E-03	6.35E-01	1.37E-01	2.90E-01	2.75E-02	
tagH	9.00E-02	3.45E-02	6.28E-01	7.23E-02	1.49E-01	2.81E-02	
cysN	9.00E-02	3.45E-02	6.28E-01	7.23E-02	1.49E-01	2.81E-02	
group_3552	9.33E-02	2.21E-03	1.19E-03	-3.34E-01	1.02E-01	1.86E-01	
group_3429	9.00E-02	3.45E-02	6.28E-01	7.23E-02	1.49E-01	2.81E-02	
group_3389	9.00E-02	3.45E-02	6.28E-01	7.23E-02	1.49E-01	2.81E-02	
group_3300	9.00E-02	3.45E-02	6.28E-01	7.23E-02	1.49E-01	2.81E-02	
group_3249	9.00E-02	3.45E-02	6.28E-01	7.23E-02	1.49E-01	2.81E-02	
cysD	9.00E-02	3.45E-02	6.28E-01	7.23E-02	1.49E-01	2.81E-02	
group_2555	9.00E-02	3.45E-02	6.28E-01	7.23E-02	1.49E-01	2.81E-02	
group_24260	8.67E-02	8.37E-01	3.10E-01	9.68E-02	9.52E-02	5.88E-02	
group_23979	8.67E-02	8.37E-01	3.10E-01	9.68E-02	9.52E-02	5.88E-02	
group_23890	8.67E-02	8.37E-01	3.10E-01	9.68E-02	9.52E-02	5.88E-02	
group_23728	8.67E-02	8.37E-01	3.10E-01	9.68E-02	9.52E-02	5.88E-02	
group_23681	8.67E-02	8.37E-01	3.10E-01	9.68E-02	9.52E-02	5.88E-02	
group_23570	8.67E-02	8.37E-01	3.10E-01	9.68E-02	9.52E-02	5.88E-02	
group_23383	8.67E-02	8.37E-01	3.10E-01	9.68E-02	9.52E-02	5.88E-02	
group_23205	8.67E-02	8.37E-01	3.10E-01	9.68E-02	9.52E-02	5.88E-02	
group_23076	8.67E-02	8.37E-01	3.10E-01	9.68E-02	9.52E-02	5.88E-02	
group_22906	8.67E-02	8.37E-01	3.10E-01	9.68E-02	9.52E-02	5.88E-02	
group_22905	8.67E-02	8.37E-01	3.10E-01	9.68E-02	9.52E-02	5.88E-02	
group_22696	8.67E-02	8.37E-01	3.10E-01	9.68E-02	9.52E-02	5.88E-02	
group_21794	8.67E-02	8.37E-01	3.10E-01	9.68E-02	9.52E-02	5.88E-02	
group_21196	9.00E-02	5.74E-02	4.03E-01	-8.70E-02	1.04E-01	4.84E-02	
group_21195	9.00E-02	5.74E-02	4.03E-01	-8.70E-02	1.04E-01	4.84E-02	
group_21194	9.00E-02	5.74E-02	4.03E-01	-8.70E-02	1.04E-01	4.84E-02	
group_21189	9.00E-02	5.74E-02	4.03E-01	-8.70E-02	1.04E-01	4.84E-02	
group_21188	9.00E-02	5.74E-02	4.03E-01	-8.70E-02	1.04E-01	4.84E-02	
group_21187	9.00E-02	5.74E-02	4.03E-01	-8.70E-02	1.04E-01	4.84E-02	
group_21186	9.00E-02	5.74E-02	4.03E-01	-8.70E-02	1.04E-01	4.84E-02	
group_21184	9.00E-02	5.74E-02	4.03E-01	-8.70E-02	1.04E-01	4.84E-02	
group_21182	9.00E-02	5.74E-02	4.03E-01	-8.70E-02	1.04E-01	4.84E-02	
group_21178	9.00E-02	5.74E-02	4.03E-01	-8.70E-02	1.04E-01	4.84E-02	
group_21176	9.00E-02	5.74E-02	4.03E-01	-8.70E-02	1.04E-01	4.84E-02	
group_21175	9.00E-02	5.74E-02	4.03E-01	-8.70E-02	1.04E-01	4.84E-02	
group_21172	9.00E-02	5.74E-02	4.03E-01	-8.70E-02	1.04E-01	4.84E-02	
group_20732	8.67E-02	8.37E-01	3.10E-01	9.68E-02	9.52E-02	5.88E-02	
group_20705	9.00E-02	5.23E-03	3.36E-02	-1.92E-01	9.00E-02	1.23E-01	
group_20623	9.00E-02	5.23E-03	3.36E-02	-1.92E-01	9.00E-02	1.23E-01	
group_20604	9.00E-02	5.08E-07	7.41E-01	-2.12E-01	6.42E-01	1.92E-02	
lptB~~~livG	9.00E-02	5.08E-07	7.41E-01	-2.12E-01	6.42E-01	1.92E-02	
group_20466	9.00E-02	5.08E-07	7.41E-01	-2.12E-01	6.42E-01	1.92E-02	
group_20465	9.00E-02	5.08E-07	7.41E-01	-2.12E-01	6.42E-01	1.92E-02	
group_20384	9.00E-02	7.41E-01	7.08E-01	-3.43E-02	9.15E-02	2.17E-02	
group_20382	8.67E-02	1.18E-02	8.10E-02	-1.64E-01	9.39E-02	1.01E-01	
group_20264	9.00E-02	5.08E-07	7.41E-01	-2.12E-01	6.42E-01	1.92E-02	
group_20263	9.00E-02	5.08E-07	7.41E-01	-2.12E-01	6.42E-01	1.92E-02	
group_20030	9.00E-02	5.08E-07	7.41E-01	-2.12E-01	6.42E-01	1.92E-02	
group_19984	9.00E-02	5.08E-07	7.41E-01	-2.12E-01	6.42E-01	1.92E-02	
group_19701	9.00E-02	1.20E-03	2.16E-01	5.06E-01	4.08E-01	7.16E-02	
group_19581	9.00E-02	5.08E-07	7.41E-01	-2.12E-01	6.42E-01	1.92E-02	
group_19336	9.00E-02	1.89E-02	6.54E-02	-2.08E-01	1.13E-01	1.07E-01	
group_19313	9.00E-02	5.74E-02	2.86E-01	-9.65E-02	9.04E-02	6.17E-02	
group_19291	9.00E-02	2.29E-04	9.00E-01	-6.80E-02	5.40E-01	7.29E-03	
group_19015	9.00E-02	1.20E-03	5.07E-01	2.04E-01	3.08E-01	3.84E-02	
group_18581	9.00E-02	4.38E-01	7.81E-01	2.02E-02	7.26E-02	1.61E-02	
group_18229	9.00E-02	3.61E-05	1.45E-01	-3.68E-01	2.52E-01	8.43E-02	
group_18110	8.67E-02	2.97E-03	8.98E-03	-2.49E-01	9.46E-02	1.51E-01	
group_18106	9.00E-02	2.29E-04	9.52E-01	-3.43E-02	5.66E-01	3.51E-03	
group_18012	9.00E-02	3.45E-02	3.46E-02	2.15E-01	1.01E-01	1.22E-01	
group_16972	8.67E-02	8.37E-01	3.10E-01	9.68E-02	9.52E-02	5.88E-02	
group_16812	9.00E-02	9.52E-02	4.06E-01	8.89E-02	1.07E-01	4.81E-02	
group_16676	9.00E-02	5.74E-01	9.07E-01	-1.13E-02	9.68E-02	6.79E-03	
group_16175	9.00E-02	7.41E-01	1.13E-01	1.61E-01	1.01E-01	9.16E-02	
group_14593	9.00E-02	5.08E-07	2.23E-01	-5.98E-01	4.89E-01	7.06E-02	
trpI~~~lysR	9.00E-02	2.29E-04	9.52E-01	-3.43E-02	5.66E-01	3.51E-03	
group_14196	9.00E-02	2.29E-04	9.52E-01	-3.43E-02	5.66E-01	3.51E-03	
group_13263	8.67E-02	8.37E-01	3.10E-01	9.68E-02	9.52E-02	5.88E-02	
group_13117	9.00E-02	1.20E-03	9.90E-01	-7.33E-03	5.93E-01	7.17E-04	
immA	8.67E-02	8.37E-01	3.10E-01	9.68E-02	9.52E-02	5.88E-02	
group_10445	9.00E-02	5.74E-02	1.49E-01	-1.56E-01	1.08E-01	8.35E-02	
group_10269	9.00E-02	5.74E-02	5.28E-01	-1.16E-01	1.84E-01	3.66E-02	
group_9886	8.67E-02	8.37E-01	3.10E-01	9.68E-02	9.52E-02	5.88E-02	
pilL	8.67E-02	8.37E-01	3.10E-01	9.68E-02	9.52E-02	5.88E-02	
group_8971	8.67E-02	8.37E-01	3.10E-01	9.68E-02	9.52E-02	5.88E-02	
group_8952	8.67E-02	8.37E-01	3.10E-01	9.68E-02	9.52E-02	5.88E-02	
group_8434	9.00E-02	2.29E-04	7.76E-01	-1.21E-01	4.23E-01	1.65E-02	
group_7282	8.67E-02	8.37E-01	3.10E-01	9.68E-02	9.52E-02	5.88E-02	
group_7063	9.00E-02	4.38E-01	4.73E-02	2.56E-01	1.28E-01	1.15E-01	
group_6598	8.67E-02	8.37E-01	3.10E-01	9.68E-02	9.52E-02	5.88E-02	
group_6562	8.67E-02	8.37E-01	3.10E-01	9.68E-02	9.52E-02	5.88E-02	
group_6145	8.67E-02	8.37E-01	3.10E-01	9.68E-02	9.52E-02	5.88E-02	
group_5459	9.00E-02	5.74E-02	2.89E-01	-1.29E-01	1.22E-01	6.14E-02	
group_5299	8.67E-02	8.37E-01	3.10E-01	9.68E-02	9.52E-02	5.88E-02	
group_4745	8.67E-02	8.37E-01	3.10E-01	9.68E-02	9.52E-02	5.88E-02	
group_4654	9.00E-02	1.20E-03	5.83E-02	-1.94E-01	1.02E-01	1.09E-01	
group_4296	8.67E-02	4.33E-02	7.15E-01	5.17E-02	1.41E-01	2.12E-02	
group_4211	9.00E-02	1.20E-03	1.42E-01	-3.27E-01	2.22E-01	8.49E-02	
group_3464	8.67E-02	8.37E-01	3.10E-01	9.68E-02	9.52E-02	5.88E-02	
group_3297	8.67E-02	8.37E-01	3.10E-01	9.68E-02	9.52E-02	5.88E-02	
group_2907	8.67E-02	8.37E-01	3.10E-01	9.68E-02	9.52E-02	5.88E-02	
group_2091	9.00E-02	4.38E-01	5.70E-01	6.81E-02	1.20E-01	3.29E-02	
group_1243	8.67E-02	8.37E-01	3.10E-01	9.68E-02	9.52E-02	5.88E-02	
group_996	8.67E-02	8.37E-01	3.10E-01	9.68E-02	9.52E-02	5.88E-02	
group_644	9.00E-02	1.20E-03	5.83E-02	-1.94E-01	1.02E-01	1.09E-01	
group_477	8.67E-02	8.37E-01	3.10E-01	9.68E-02	9.52E-02	5.88E-02	
group_23982	8.67E-02	1.08E-01	6.36E-01	4.71E-02	9.94E-02	2.74E-02	
group_23866	8.67E-02	1.08E-01	6.36E-01	4.71E-02	9.94E-02	2.74E-02	
group_23510	8.67E-02	2.97E-03	8.08E-01	-4.79E-02	1.98E-01	1.41E-02	
group_23346	8.67E-02	2.97E-03	5.02E-01	-1.53E-01	2.27E-01	3.89E-02	
group_22106	8.67E-02	1.08E-01	6.36E-01	4.71E-02	9.94E-02	2.74E-02	
group_21159	8.67E-02	1.61E-07	6.57E-03	-2.54E-01	9.27E-02	1.57E-01	
group_21061	8.67E-02	1.33E-02	1.81E-01	1.77E-01	1.32E-01	7.74E-02	
group_20669	8.67E-02	2.48E-01	8.84E-01	1.37E-02	9.42E-02	8.45E-03	
group_20128	8.67E-02	1.70E-06	5.07E-01	3.36E-01	5.05E-01	3.85E-02	
group_19965	8.67E-02	3.91E-02	1.04E-01	-1.83E-01	1.12E-01	9.40E-02	
gamR	8.67E-02	1.70E-06	5.07E-01	3.36E-01	5.05E-01	3.85E-02	
group_19312	8.67E-02	3.91E-02	7.86E-01	-5.21E-02	1.92E-01	1.57E-02	
group_18235	8.67E-02	6.16E-04	9.30E-01	5.16E-02	5.85E-01	5.11E-03	
group_18026	8.67E-02	6.16E-04	9.30E-01	5.16E-02	5.85E-01	5.11E-03	
group_17771	8.67E-02	2.48E-01	1.51E-01	-1.44E-01	1.00E-01	8.31E-02	
group_17737	8.67E-02	6.16E-04	9.30E-01	5.16E-02	5.85E-01	5.11E-03	
group_17736	8.67E-02	6.16E-04	9.30E-01	5.16E-02	5.85E-01	5.11E-03	
group_17249	8.67E-02	8.37E-01	5.70E-01	7.09E-02	1.25E-01	3.29E-02	
group_17248	8.67E-02	8.37E-01	5.70E-01	7.09E-02	1.25E-01	3.29E-02	
group_16794	8.67E-02	2.97E-03	1.84E-01	-2.38E-01	1.79E-01	7.69E-02	
group_16519	8.67E-02	8.37E-01	5.70E-01	7.09E-02	1.25E-01	3.29E-02	
group_16464	8.67E-02	8.04E-01	3.78E-01	-9.33E-02	1.06E-01	5.11E-02	
group_16428	8.67E-02	8.04E-01	8.35E-01	2.06E-02	9.89E-02	1.21E-02	
vapC~~~vapC2	8.67E-02	1.17E-01	2.56E-01	1.46E-01	1.29E-01	6.58E-02	
group_16237	8.67E-02	2.48E-01	6.22E-01	-4.79E-02	9.71E-02	2.86E-02	
group_15932	8.67E-02	6.16E-04	9.30E-01	5.16E-02	5.85E-01	5.11E-03	
group_15911	8.67E-02	6.16E-04	9.30E-01	5.16E-02	5.85E-01	5.11E-03	
group_15885	8.67E-02	6.16E-04	9.30E-01	5.16E-02	5.85E-01	5.11E-03	
group_15862	8.67E-02	6.16E-04	9.30E-01	5.16E-02	5.85E-01	5.11E-03	
group_15835	8.67E-02	6.16E-04	9.30E-01	5.16E-02	5.85E-01	5.11E-03	
group_15759	8.67E-02	6.16E-04	9.30E-01	5.16E-02	5.85E-01	5.11E-03	
group_15712	8.67E-02	6.16E-04	9.30E-01	5.16E-02	5.85E-01	5.11E-03	
group_15614	8.67E-02	6.16E-04	9.30E-01	5.16E-02	5.85E-01	5.11E-03	
group_15447	8.67E-02	6.16E-04	9.30E-01	5.16E-02	5.85E-01	5.11E-03	
group_15193	8.67E-02	3.91E-02	9.94E-01	1.47E-03	1.89E-01	4.50E-04	
fatB	8.67E-02	3.91E-02	9.94E-01	1.47E-03	1.89E-01	4.50E-04	
yclP	8.67E-02	3.91E-02	9.94E-01	1.47E-03	1.89E-01	4.50E-04	
group_14714	8.67E-02	3.91E-02	9.94E-01	1.47E-03	1.89E-01	4.50E-04	
group_14587	8.67E-02	1.05E-04	4.66E-02	3.22E-01	1.61E-01	1.15E-01	
fatD	8.67E-02	3.91E-02	9.94E-01	1.47E-03	1.89E-01	4.50E-04	
group_14316	8.67E-02	6.16E-04	9.30E-01	5.16E-02	5.85E-01	5.11E-03	
group_14282	8.67E-02	4.83E-01	9.20E-02	-1.60E-01	9.43E-02	9.75E-02	
group_14186	8.67E-02	3.91E-02	9.94E-01	1.47E-03	1.89E-01	4.50E-04	
group_14014	8.67E-02	6.16E-04	9.30E-01	5.16E-02	5.85E-01	5.11E-03	
group_13913	8.67E-02	1.08E-01	6.36E-01	4.71E-02	9.94E-02	2.74E-02	
group_13833	8.67E-02	3.91E-02	9.94E-01	1.47E-03	1.89E-01	4.50E-04	
group_13688	8.67E-02	1.08E-01	6.36E-01	4.71E-02	9.94E-02	2.74E-02	
group_13645	8.67E-02	6.16E-04	9.30E-01	5.16E-02	5.85E-01	5.11E-03	
group_13607	8.67E-02	1.08E-01	6.36E-01	4.71E-02	9.94E-02	2.74E-02	
yfcG~~~gstA	8.67E-02	6.16E-04	9.30E-01	5.16E-02	5.85E-01	5.11E-03	
group_13492	8.67E-02	6.16E-04	9.30E-01	5.16E-02	5.85E-01	5.11E-03	
group_13481	8.67E-02	4.83E-01	3.56E-01	-8.88E-02	9.60E-02	5.35E-02	
group_13360	8.67E-02	1.08E-01	6.36E-01	4.71E-02	9.94E-02	2.74E-02	
group_13239	8.67E-02	3.91E-02	9.94E-01	1.47E-03	1.89E-01	4.50E-04	
group_13061	8.67E-02	1.08E-01	6.36E-01	4.71E-02	9.94E-02	2.74E-02	
group_12921	8.67E-02	6.16E-04	9.30E-01	5.16E-02	5.85E-01	5.11E-03	
group_12920	8.67E-02	6.16E-04	9.30E-01	5.16E-02	5.85E-01	5.11E-03	
group_12712	8.67E-02	1.08E-01	6.36E-01	4.71E-02	9.94E-02	2.74E-02	
phnE	8.67E-02	4.83E-01	9.20E-02	-1.60E-01	9.43E-02	9.75E-02	
group_12324	8.67E-02	1.08E-01	6.36E-01	4.71E-02	9.94E-02	2.74E-02	
htxA	8.67E-02	4.83E-01	9.20E-02	-1.60E-01	9.43E-02	9.75E-02	
group_11907	8.67E-02	1.08E-01	6.36E-01	4.71E-02	9.94E-02	2.74E-02	
group_11904	8.67E-02	4.83E-01	9.20E-02	-1.60E-01	9.43E-02	9.75E-02	
hxsD	8.67E-02	1.08E-01	6.36E-01	4.71E-02	9.94E-02	2.74E-02	
group_11220	8.67E-02	1.18E-02	1.33E-02	-2.54E-01	1.02E-01	1.43E-01	
htxB	8.67E-02	4.83E-01	9.20E-02	-1.60E-01	9.43E-02	9.75E-02	
group_10726	8.67E-02	1.18E-02	9.46E-01	-1.73E-02	2.58E-01	3.90E-03	
group_10577	8.67E-02	3.91E-02	5.86E-01	-9.91E-02	1.82E-01	3.16E-02	
group_10429	8.67E-02	1.08E-01	3.53E-01	-1.04E-01	1.12E-01	5.38E-02	
traB	8.67E-02	1.08E-01	6.36E-01	4.71E-02	9.94E-02	2.74E-02	
group_10005	8.67E-02	1.08E-01	6.36E-01	4.71E-02	9.94E-02	2.74E-02	
group_9965	8.67E-02	1.08E-01	6.36E-01	4.71E-02	9.94E-02	2.74E-02	
group_9720	8.67E-02	1.08E-01	6.36E-01	4.71E-02	9.94E-02	2.74E-02	
group_9113	8.67E-02	1.08E-01	6.36E-01	4.71E-02	9.94E-02	2.74E-02	
group_8789	8.67E-02	1.08E-01	6.36E-01	4.71E-02	9.94E-02	2.74E-02	
group_8575	8.67E-02	1.08E-01	6.36E-01	4.71E-02	9.94E-02	2.74E-02	
group_8493	8.67E-02	1.08E-01	3.53E-01	-1.04E-01	1.12E-01	5.38E-02	
group_8247	8.67E-02	1.08E-01	8.72E-01	-2.81E-02	1.75E-01	9.34E-03	
group_8115	8.67E-02	1.08E-01	6.36E-01	4.71E-02	9.94E-02	2.74E-02	
group_8007	8.67E-02	1.08E-01	6.36E-01	4.71E-02	9.94E-02	2.74E-02	
group_8006	8.67E-02	1.08E-01	6.36E-01	4.71E-02	9.94E-02	2.74E-02	
traV	8.67E-02	1.08E-01	6.36E-01	4.71E-02	9.94E-02	2.74E-02	
group_7893	8.67E-02	1.70E-06	3.01E-02	-3.38E-01	1.55E-01	1.25E-01	
group_7728	8.67E-02	1.08E-01	6.36E-01	4.71E-02	9.94E-02	2.74E-02	
group_7717	8.67E-02	1.08E-01	6.36E-01	4.71E-02	9.94E-02	2.74E-02	
group_7712	8.67E-02	3.41E-03	7.90E-01	-2.28E-02	8.56E-02	1.54E-02	bad-chisq
group_7705	8.67E-02	1.08E-01	6.36E-01	4.71E-02	9.94E-02	2.74E-02	
group_7571	8.67E-02	1.08E-01	6.36E-01	4.71E-02	9.94E-02	2.74E-02	
group_7340	8.67E-02	1.08E-01	6.36E-01	4.71E-02	9.94E-02	2.74E-02	
traE	8.67E-02	1.08E-01	6.36E-01	4.71E-02	9.94E-02	2.74E-02	
ompA	8.67E-02	1.08E-01	6.36E-01	4.71E-02	9.94E-02	2.74E-02	
group_7299	8.67E-02	4.83E-01	9.20E-02	-1.60E-01	9.43E-02	9.75E-02	
group_7191	8.67E-02	1.08E-01	6.36E-01	4.71E-02	9.94E-02	2.74E-02	
group_7121	8.67E-02	2.97E-03	8.03E-01	4.58E-02	1.83E-01	1.45E-02	
group_6969	8.67E-02	1.08E-01	6.36E-01	4.71E-02	9.94E-02	2.74E-02	
group_6877	8.67E-02	1.08E-01	6.36E-01	4.71E-02	9.94E-02	2.74E-02	
group_6848	8.67E-02	1.08E-01	6.36E-01	4.71E-02	9.94E-02	2.74E-02	
group_6837	8.67E-02	1.08E-01	6.36E-01	4.71E-02	9.94E-02	2.74E-02	
traU	8.67E-02	1.08E-01	6.36E-01	4.71E-02	9.94E-02	2.74E-02	
group_6353	8.67E-02	1.08E-01	6.36E-01	4.71E-02	9.94E-02	2.74E-02	
group_6350	8.67E-02	1.08E-01	6.36E-01	4.71E-02	9.94E-02	2.74E-02	
group_6154	8.67E-02	1.08E-01	6.36E-01	4.71E-02	9.94E-02	2.74E-02	
group_6153	8.67E-02	1.08E-01	6.36E-01	4.71E-02	9.94E-02	2.74E-02	
group_5816	8.67E-02	1.08E-01	6.36E-01	4.71E-02	9.94E-02	2.74E-02	
group_5815	8.67E-02	1.08E-01	6.36E-01	4.71E-02	9.94E-02	2.74E-02	
group_5804	8.67E-02	1.08E-01	6.36E-01	4.71E-02	9.94E-02	2.74E-02	
group_5803	8.67E-02	1.08E-01	6.36E-01	4.71E-02	9.94E-02	2.74E-02	
trbC	8.67E-02	1.08E-01	6.36E-01	4.71E-02	9.94E-02	2.74E-02	
traW	8.67E-02	1.08E-01	6.36E-01	4.71E-02	9.94E-02	2.74E-02	
group_5650	8.67E-02	1.08E-01	6.36E-01	4.71E-02	9.94E-02	2.74E-02	
group_5098	8.67E-02	1.08E-01	6.36E-01	4.71E-02	9.94E-02	2.74E-02	
group_4955	8.67E-02	1.08E-01	6.36E-01	4.71E-02	9.94E-02	2.74E-02	
group_4883	8.67E-02	1.08E-01	6.36E-01	4.71E-02	9.94E-02	2.74E-02	
group_4791	8.67E-02	1.08E-01	6.36E-01	4.71E-02	9.94E-02	2.74E-02	
traA	8.67E-02	1.08E-01	6.36E-01	4.71E-02	9.94E-02	2.74E-02	
group_4607	8.67E-02	2.97E-03	3.87E-01	-1.88E-01	2.17E-01	5.02E-02	
group_4401	8.67E-02	4.83E-01	9.20E-02	-1.60E-01	9.43E-02	9.75E-02	
group_4294	8.67E-02	1.33E-02	1.81E-01	1.77E-01	1.32E-01	7.74E-02	
group_4209	8.67E-02	1.08E-01	6.36E-01	4.71E-02	9.94E-02	2.74E-02	
group_4171	8.67E-02	1.08E-01	6.36E-01	4.71E-02	9.94E-02	2.74E-02	
group_4041	8.67E-02	1.08E-01	6.36E-01	4.71E-02	9.94E-02	2.74E-02	
group_3966	8.67E-02	1.08E-01	6.36E-01	4.71E-02	9.94E-02	2.74E-02	
group_3921	8.67E-02	1.33E-02	1.81E-01	1.77E-01	1.32E-01	7.74E-02	
group_3288	8.67E-02	1.08E-01	6.36E-01	4.71E-02	9.94E-02	2.74E-02	
group_3152	8.67E-02	4.83E-01	9.20E-02	-1.60E-01	9.43E-02	9.75E-02	
group_3099	8.67E-02	1.18E-02	9.46E-01	-1.73E-02	2.58E-01	3.90E-03	
group_3060	8.67E-02	1.33E-02	1.81E-01	1.77E-01	1.32E-01	7.74E-02	
group_3053	8.67E-02	1.33E-02	1.81E-01	1.77E-01	1.32E-01	7.74E-02	
traH	8.67E-02	1.08E-01	6.36E-01	4.71E-02	9.94E-02	2.74E-02	
group_1453	8.67E-02	4.83E-01	9.20E-02	-1.60E-01	9.43E-02	9.75E-02	
traC	8.67E-02	1.08E-01	6.36E-01	4.71E-02	9.94E-02	2.74E-02	
group_316	8.67E-02	1.08E-01	6.36E-01	4.71E-02	9.94E-02	2.74E-02	
traL	8.67E-02	1.08E-01	6.36E-01	4.71E-02	9.94E-02	2.74E-02	
group_21183	8.33E-02	1.91E-01	8.16E-01	-2.35E-02	1.01E-01	1.35E-02	
group_21180	8.33E-02	1.91E-01	8.16E-01	-2.35E-02	1.01E-01	1.35E-02	
group_21133	8.33E-02	2.56E-02	2.97E-01	-1.09E-01	1.04E-01	6.04E-02	
group_21093	8.33E-02	3.97E-01	6.98E-01	4.79E-02	1.23E-01	2.25E-02	
group_20820	8.33E-02	5.60E-07	8.11E-01	-1.80E-01	7.51E-01	1.39E-02	
group_20816	8.33E-02	5.60E-07	8.11E-01	-1.80E-01	7.51E-01	1.39E-02	
group_20749	8.33E-02	3.97E-01	8.73E-01	-1.54E-02	9.61E-02	9.30E-03	
group_20587	8.00E-02	3.18E-01	8.87E-01	1.37E-02	9.70E-02	8.20E-03	
group_20497	8.33E-02	2.56E-02	1.36E-01	-1.44E-01	9.65E-02	8.63E-02	
group_20496	8.33E-02	2.56E-02	1.36E-01	-1.44E-01	9.65E-02	8.63E-02	
group_20480	8.33E-02	5.60E-07	8.11E-01	-1.80E-01	7.51E-01	1.39E-02	
group_20467	8.33E-02	3.97E-01	8.73E-01	-1.54E-02	9.61E-02	9.30E-03	
group_20269	8.33E-02	3.97E-01	8.73E-01	-1.54E-02	9.61E-02	9.30E-03	
group_20129	8.33E-02	5.56E-06	5.90E-01	1.86E-01	3.44E-01	3.13E-02	
group_19994	8.33E-02	3.97E-01	8.73E-01	-1.54E-02	9.61E-02	9.30E-03	
group_19993	8.33E-02	3.97E-01	8.73E-01	-1.54E-02	9.61E-02	9.30E-03	
group_19773	8.33E-02	5.60E-07	3.97E-01	-2.91E-01	3.43E-01	4.91E-02	
group_19692	8.33E-02	7.66E-02	4.39E-01	-8.50E-02	1.10E-01	4.48E-02	
group_19235	8.33E-02	1.60E-03	9.48E-01	2.15E-02	3.28E-01	3.81E-03	
group_18003	8.33E-02	4.49E-05	2.23E-01	-3.41E-01	2.79E-01	7.06E-02	
group_17720	8.33E-02	2.56E-02	5.61E-01	-1.07E-01	1.84E-01	3.37E-02	
group_16709	8.33E-02	2.56E-02	5.61E-01	-1.07E-01	1.84E-01	3.37E-02	
group_15834	8.33E-02	2.56E-02	2.62E-01	-2.03E-01	1.81E-01	6.50E-02	
group_15830	8.33E-02	1.60E-03	6.22E-01	2.27E-01	4.61E-01	2.86E-02	
group_15801	8.33E-02	1.60E-03	6.22E-01	2.27E-01	4.61E-01	2.86E-02	
group_15117	8.33E-02	7.66E-02	4.15E-01	3.11E-01	3.82E-01	4.72E-02	
group_14967	8.33E-02	2.56E-02	2.62E-01	-2.03E-01	1.81E-01	6.50E-02	
group_14591	8.33E-02	5.60E-07	7.46E-06	-4.49E-01	9.85E-02	2.55E-01	
group_14363	8.33E-02	7.00E-01	5.66E-01	-5.63E-02	9.80E-02	3.33E-02	
group_14191	8.33E-02	7.05E-03	7.45E-01	2.17E-01	6.66E-01	1.88E-02	
group_13111	8.33E-02	2.96E-04	4.85E-03	-2.77E-01	9.75E-02	1.62E-01	
group_12385	8.33E-02	2.56E-02	2.62E-01	-2.03E-01	1.81E-01	6.50E-02	
group_12380	8.33E-02	2.96E-04	4.85E-03	-2.77E-01	9.75E-02	1.62E-01	
shlB~~~fhaC~~~hlyB	8.33E-02	5.60E-07	3.97E-01	-2.18E-01	2.57E-01	4.91E-02	
group_10840	8.33E-02	2.56E-02	2.62E-01	-2.03E-01	1.81E-01	6.50E-02	
group_10777	8.33E-02	1.91E-01	3.73E-01	8.80E-02	9.87E-02	5.16E-02	
group_10499	8.33E-02	2.56E-02	3.21E-01	-1.64E-01	1.65E-01	5.74E-02	
group_10498	8.33E-02	2.56E-02	3.21E-01	-1.64E-01	1.65E-01	5.74E-02	
group_9931	8.33E-02	7.66E-02	8.94E-01	1.37E-02	1.03E-01	7.73E-03	
group_9669	8.33E-02	2.56E-02	9.19E-01	-1.14E-02	1.11E-01	5.92E-03	
group_9225	8.33E-02	1.91E-01	1.49E-01	-1.73E-01	1.20E-01	8.35E-02	
group_8747	8.33E-02	2.56E-02	2.62E-01	-2.03E-01	1.81E-01	6.50E-02	
group_8666	8.33E-02	1.91E-01	3.73E-01	8.80E-02	9.87E-02	5.16E-02	
group_8604	8.33E-02	2.56E-02	3.21E-01	-1.64E-01	1.65E-01	5.74E-02	
group_7916	8.33E-02	2.56E-02	2.62E-01	-2.03E-01	1.81E-01	6.50E-02	
group_7823	8.33E-02	2.56E-02	2.62E-01	-2.03E-01	1.81E-01	6.50E-02	
group_7614	8.33E-02	2.56E-02	2.62E-01	-2.03E-01	1.81E-01	6.50E-02	
group_7029	8.33E-02	2.56E-02	2.62E-01	-2.03E-01	1.81E-01	6.50E-02	
ugpC	8.33E-02	2.56E-02	2.62E-01	-2.03E-01	1.81E-01	6.50E-02	
group_6121	8.33E-02	2.56E-02	2.25E-01	2.55E-01	2.09E-01	7.03E-02	
group_5920	8.33E-02	2.56E-02	2.62E-01	-2.03E-01	1.81E-01	6.50E-02	
group_5911	8.33E-02	2.56E-02	2.62E-01	-2.03E-01	1.81E-01	6.50E-02	
group_5756	8.33E-02	2.56E-02	2.62E-01	-2.03E-01	1.81E-01	6.50E-02	
group_5526	8.33E-02	1.91E-01	6.01E-01	5.34E-02	1.02E-01	3.03E-02	
group_5320	8.33E-02	2.56E-02	2.62E-01	-2.03E-01	1.81E-01	6.50E-02	
ugpA	8.33E-02	2.56E-02	2.62E-01	-2.03E-01	1.81E-01	6.50E-02	
dsbA	8.33E-02	7.66E-02	8.94E-01	1.37E-02	1.03E-01	7.73E-03	
hisD	8.33E-02	2.56E-02	2.62E-01	-2.03E-01	1.81E-01	6.50E-02	
group_3687	8.33E-02	2.56E-02	2.62E-01	-2.03E-01	1.81E-01	6.50E-02	
group_3525	8.33E-02	2.56E-02	5.75E-01	1.30E-01	2.33E-01	3.25E-02	
group_23900	7.67E-02	7.76E-01	7.06E-01	-4.72E-02	1.25E-01	2.19E-02	
group_23159	8.00E-02	8.06E-04	2.21E-02	-3.31E-01	1.44E-01	1.32E-01	
group_21166	8.00E-02	8.06E-04	3.06E-02	-2.23E-01	1.03E-01	1.25E-01	
group_21018	8.00E-02	8.06E-04	3.26E-02	-2.13E-01	9.92E-02	1.23E-01	
yedL~~~tonB	8.00E-02	1.91E-06	9.80E-01	-1.01E-02	3.96E-01	1.48E-03	
group_20692	8.00E-02	5.98E-01	7.42E-01	3.24E-02	9.84E-02	1.91E-02	
group_20691	8.00E-02	5.98E-01	7.42E-01	3.24E-02	9.84E-02	1.91E-02	
group_20667	8.00E-02	1.33E-04	9.46E-01	3.19E-02	4.68E-01	3.95E-03	
group_20606	8.00E-02	5.98E-01	7.42E-01	3.24E-02	9.84E-02	1.91E-02	
group_20605	8.00E-02	5.98E-01	7.42E-01	3.24E-02	9.84E-02	1.91E-02	
group_20500	8.00E-02	1.33E-04	1.82E-02	-2.70E-01	1.14E-01	1.36E-01	
group_20167	7.67E-02	3.45E-02	2.72E-01	-1.13E-01	1.02E-01	6.36E-02	
group_20089	8.00E-02	8.06E-04	1.74E-03	-3.17E-01	1.00E-01	1.80E-01	
group_19935	8.00E-02	3.97E-03	4.04E-01	-4.05E-01	4.85E-01	4.83E-02	
pleD~~~pAS	8.00E-02	1.91E-06	6.50E-01	-3.24E-01	7.14E-01	2.63E-02	
group_19700	8.00E-02	3.97E-03	2.36E-01	4.80E-01	4.04E-01	6.86E-02	
group_19603	8.00E-02	5.25E-02	9.55E-01	6.44E-03	1.14E-01	3.27E-03	
group_19507	8.00E-02	1.42E-01	8.68E-01	-1.82E-02	1.10E-01	9.61E-03	
group_19454	8.00E-02	5.98E-01	8.72E-01	1.58E-02	9.79E-02	9.35E-03	
group_19352	8.00E-02	3.97E-03	4.48E-01	2.62E-01	3.46E-01	4.39E-02	
group_19332	8.00E-02	5.25E-02	6.37E-01	-8.86E-02	1.87E-01	2.74E-02	
group_19306	8.00E-02	3.76E-01	4.20E-01	8.41E-02	1.04E-01	4.68E-02	
group_19209	8.00E-02	5.98E-01	3.91E-01	1.19E-01	1.39E-01	4.97E-02	
lutR~~~fadR	8.00E-02	1.91E-06	6.50E-01	-3.24E-01	7.14E-01	2.63E-02	
group_19003	8.00E-02	1.91E-06	6.50E-01	-3.24E-01	7.14E-01	2.63E-02	
group_19002	8.00E-02	1.91E-06	6.50E-01	-3.24E-01	7.14E-01	2.63E-02	
group_18953	8.00E-02	3.97E-03	4.04E-01	-4.05E-01	4.85E-01	4.83E-02	
group_18952	8.00E-02	3.97E-03	4.04E-01	-4.05E-01	4.85E-01	4.83E-02	
group_18915	8.00E-02	3.97E-03	4.04E-01	-4.05E-01	4.85E-01	4.83E-02	
group_18914	8.00E-02	3.97E-03	4.04E-01	-4.05E-01	4.85E-01	4.83E-02	
tagG	8.00E-02	3.97E-03	4.04E-01	-4.05E-01	4.85E-01	4.83E-02	
group_18860	8.00E-02	3.97E-03	4.04E-01	-4.05E-01	4.85E-01	4.83E-02	
kpsE	8.00E-02	3.97E-03	4.04E-01	-4.05E-01	4.85E-01	4.83E-02	
vexE~~~bepA	8.00E-02	3.97E-03	4.04E-01	-4.05E-01	4.85E-01	4.83E-02	
pelB	8.00E-02	3.97E-03	4.04E-01	-4.05E-01	4.85E-01	4.83E-02	
group_17296	8.00E-02	1.77E-05	9.96E-01	-3.77E-03	6.82E-01	3.20E-04	
fabB	8.00E-02	1.77E-05	7.38E-01	-9.59E-02	2.87E-01	1.94E-02	
group_16756	8.00E-02	8.06E-04	4.14E-01	-3.76E-01	4.60E-01	4.73E-02	
group_16744	8.00E-02	1.91E-06	6.50E-01	-3.24E-01	7.14E-01	2.63E-02	
group_16512	8.00E-02	1.91E-06	6.50E-01	-3.24E-01	7.14E-01	2.63E-02	
group_16501	8.00E-02	1.91E-06	6.50E-01	-3.24E-01	7.14E-01	2.63E-02	
group_15529	8.00E-02	1.33E-04	3.93E-01	-4.11E-01	4.81E-01	4.95E-02	
group_15522	8.00E-02	1.91E-06	6.50E-01	-3.24E-01	7.14E-01	2.63E-02	
sGA1	8.00E-02	1.91E-06	6.50E-01	-3.24E-01	7.14E-01	2.63E-02	
group_14313	8.00E-02	3.76E-01	3.58E-01	7.60E-02	8.26E-02	5.32E-02	
group_13339	8.00E-02	1.91E-06	6.50E-01	-3.24E-01	7.14E-01	2.63E-02	
group_13000	8.00E-02	5.25E-02	1.09E-01	-1.72E-01	1.07E-01	9.28E-02	
group_12876	8.00E-02	1.77E-05	1.95E-04	-3.86E-01	1.02E-01	2.14E-01	
group_12871	8.00E-02	8.06E-04	4.46E-01	-1.21E-01	1.58E-01	4.42E-02	
group_12682	7.67E-02	2.75E-02	4.19E-01	1.03E-01	1.27E-01	4.69E-02	
group_12209	7.67E-02	7.76E-01	7.06E-01	-4.72E-02	1.25E-01	2.19E-02	
group_12122	8.00E-02	1.77E-05	1.95E-04	-3.86E-01	1.02E-01	2.14E-01	
group_12118	8.00E-02	8.06E-04	4.46E-01	-1.21E-01	1.58E-01	4.42E-02	
group_11381	8.00E-02	1.42E-01	5.72E-01	5.78E-02	1.02E-01	3.28E-02	
darT	8.00E-02	8.06E-04	2.21E-02	-3.31E-01	1.44E-01	1.32E-01	
group_11234	7.67E-02	7.76E-01	7.06E-01	-4.72E-02	1.25E-01	2.19E-02	
group_11186	8.00E-02	8.06E-04	2.21E-02	-3.31E-01	1.44E-01	1.32E-01	
ubiG	8.00E-02	1.60E-02	3.81E-01	4.39E-01	5.00E-01	5.08E-02	
group_9790	8.00E-02	8.06E-04	2.21E-02	-3.31E-01	1.44E-01	1.32E-01	
group_9668	8.00E-02	6.79E-02	1.52E-01	1.49E-01	1.04E-01	8.29E-02	
group_9657	7.67E-02	7.76E-01	7.06E-01	-4.72E-02	1.25E-01	2.19E-02	
group_9595	8.00E-02	8.06E-04	2.21E-02	-3.31E-01	1.44E-01	1.32E-01	
group_8976	8.00E-02	3.18E-01	3.89E-01	8.83E-02	1.02E-01	4.99E-02	
group_8099	8.00E-02	1.42E-01	4.40E-01	9.83E-02	1.27E-01	4.48E-02	
group_7978	8.00E-02	3.97E-03	4.73E-02	-2.84E-01	1.43E-01	1.15E-01	
group_7449	8.00E-02	8.06E-04	2.21E-02	-3.31E-01	1.44E-01	1.32E-01	
group_7201	7.67E-02	7.76E-01	7.06E-01	-4.72E-02	1.25E-01	2.19E-02	
group_7200	7.67E-02	7.76E-01	7.06E-01	-4.72E-02	1.25E-01	2.19E-02	
group_7098	8.00E-02	8.06E-04	2.21E-02	-3.31E-01	1.44E-01	1.32E-01	
group_6392	8.00E-02	1.60E-02	2.05E-01	-2.28E-01	1.80E-01	7.34E-02	
group_5694	8.00E-02	8.06E-04	9.24E-02	-1.82E-01	1.08E-01	9.73E-02	
group_5415	8.00E-02	3.18E-01	3.89E-01	8.83E-02	1.02E-01	4.99E-02	
group_4860	8.00E-02	8.06E-04	2.21E-02	-3.31E-01	1.44E-01	1.32E-01	
group_4674	8.00E-02	3.18E-01	3.89E-01	8.83E-02	1.02E-01	4.99E-02	
group_4262	8.00E-02	8.06E-04	2.21E-02	-3.31E-01	1.44E-01	1.32E-01	
group_4238	8.00E-02	1.33E-04	4.63E-03	-3.38E-01	1.18E-01	1.63E-01	
group_4144	8.00E-02	3.97E-03	2.99E-01	-2.30E-01	2.21E-01	6.02E-02	
group_3100	8.00E-02	5.25E-02	5.19E-01	-1.18E-01	1.82E-01	3.74E-02	
group_3098	8.00E-02	1.60E-02	8.30E-01	4.45E-02	2.07E-01	1.24E-02	
group_2236	8.00E-02	8.06E-04	2.21E-02	-3.31E-01	1.44E-01	1.32E-01	
group_1639	8.00E-02	8.06E-04	2.21E-02	-3.31E-01	1.44E-01	1.32E-01	
group_1246	8.00E-02	8.06E-04	2.21E-02	-3.31E-01	1.44E-01	1.32E-01	
group_24384	7.67E-02	5.00E-01	7.91E-01	2.67E-02	1.01E-01	1.53E-02	
group_24296	7.67E-02	2.75E-02	5.57E-01	-5.31E-02	9.03E-02	3.40E-02	
group_23392	7.67E-02	2.75E-02	4.07E-01	1.30E-01	1.57E-01	4.81E-02	
group_23390	7.67E-02	2.11E-03	4.74E-02	-2.07E-01	1.04E-01	1.15E-01	
group_22935	7.67E-02	7.27E-03	1.88E-02	2.54E-01	1.08E-01	1.36E-01	bad-chisq
group_22675	7.67E-02	2.75E-02	4.07E-01	1.30E-01	1.57E-01	4.81E-02	
group_22608	7.67E-02	2.11E-03	7.20E-01	-5.58E-02	1.56E-01	2.08E-02	
group_21949	7.67E-02	5.00E-01	7.91E-01	2.67E-02	1.01E-01	1.53E-02	
group_21484	7.67E-02	3.45E-02	3.24E-01	-1.37E-01	1.38E-01	5.71E-02	
group_20720	7.67E-02	6.36E-06	9.20E-01	-3.92E-02	3.92E-01	5.80E-03	
group_20649	7.67E-02	6.36E-06	9.20E-01	-3.92E-02	3.92E-01	5.80E-03	
group_20648	7.67E-02	6.36E-06	9.20E-01	-3.92E-02	3.92E-01	5.80E-03	
group_20132	7.67E-02	6.36E-06	8.40E-01	-6.98E-02	3.45E-01	1.17E-02	
group_20025	7.67E-02	5.00E-01	7.91E-01	2.67E-02	1.01E-01	1.53E-02	
group_19641	7.67E-02	1.02E-01	3.66E-01	-1.02E-01	1.13E-01	5.24E-02	
group_19551	7.67E-02	5.00E-01	7.49E-01	-3.35E-02	1.05E-01	1.85E-02	
group_18993	7.67E-02	5.00E-01	7.91E-01	2.67E-02	1.01E-01	1.53E-02	
group_18338	7.67E-02	3.45E-02	1.68E-01	-1.61E-01	1.16E-01	7.99E-02	
group_18293	7.67E-02	9.47E-03	7.58E-01	9.87E-02	3.20E-01	1.78E-02	
group_18018	7.67E-02	5.00E-01	7.91E-01	2.67E-02	1.01E-01	1.53E-02	
group_17783	7.67E-02	9.47E-03	9.52E-01	3.32E-02	5.51E-01	3.49E-03	
group_17158	7.67E-02	3.79E-04	4.58E-02	-2.36E-01	1.18E-01	1.15E-01	
group_16871	7.67E-02	5.00E-01	7.91E-01	2.67E-02	1.01E-01	1.53E-02	
group_16810	7.67E-02	7.27E-03	8.62E-01	-1.52E-02	8.72E-02	1.01E-02	bad-chisq
group_16646	7.67E-02	6.36E-06	3.18E-01	-4.54E-01	4.54E-01	5.79E-02	
group_16631	7.67E-02	5.48E-05	3.88E-01	4.10E-01	4.74E-01	5.00E-02	
group_16262	7.67E-02	5.48E-05	2.17E-03	-3.26E-01	1.05E-01	1.76E-01	
group_16081	7.67E-02	5.00E-01	1.94E-01	1.69E-01	1.29E-01	7.52E-02	
group_15878	7.67E-02	5.00E-01	7.91E-01	2.67E-02	1.01E-01	1.53E-02	
group_15544	7.67E-02	3.45E-02	3.24E-01	-1.37E-01	1.38E-01	5.71E-02	
group_14754	7.67E-02	9.47E-03	6.30E-01	-9.86E-02	2.05E-01	2.79E-02	
group_14310	7.67E-02	5.00E-01	7.91E-01	2.67E-02	1.01E-01	1.53E-02	
group_14172	7.67E-02	3.45E-02	6.33E-01	9.28E-02	1.94E-01	2.77E-02	
fecI~~~rpoE	7.67E-02	3.45E-02	6.33E-01	9.28E-02	1.94E-01	2.77E-02	
group_13489	7.67E-02	2.75E-02	4.07E-01	1.30E-01	1.57E-01	4.81E-02	
fghA	7.67E-02	2.11E-03	4.74E-02	-2.07E-01	1.04E-01	1.15E-01	
group_12674	7.67E-02	6.36E-06	8.80E-01	-5.99E-02	3.96E-01	8.75E-03	
group_12031	7.33E-02	5.22E-01	6.84E-01	-4.91E-02	1.20E-01	2.36E-02	
group_11809	7.67E-02	5.00E-01	7.91E-01	2.67E-02	1.01E-01	1.53E-02	
group_11383	7.67E-02	2.11E-03	9.76E-01	1.64E-02	5.41E-01	1.75E-03	
group_11307	7.67E-02	2.11E-03	3.15E-04	-4.31E-01	1.18E-01	2.07E-01	
group_10858	7.67E-02	1.02E-01	9.31E-01	9.50E-03	1.09E-01	5.03E-03	
group_10564	7.67E-02	3.45E-02	3.24E-01	-1.37E-01	1.38E-01	5.71E-02	
group_10127	7.67E-02	5.00E-01	7.91E-01	2.67E-02	1.01E-01	1.53E-02	
group_9676	7.67E-02	5.00E-01	3.91E-01	-8.07E-02	9.39E-02	4.97E-02	
group_9575	7.67E-02	3.45E-02	3.24E-01	-1.37E-01	1.38E-01	5.71E-02	
group_9430	7.67E-02	6.36E-06	4.20E-01	-3.91E-01	4.84E-01	4.67E-02	
group_8695	7.67E-02	2.11E-03	4.74E-02	-2.07E-01	1.04E-01	1.15E-01	
efeB	7.67E-02	2.11E-03	4.74E-02	-2.07E-01	1.04E-01	1.15E-01	
group_8228	7.33E-02	8.81E-01	5.32E-01	5.18E-02	8.29E-02	3.62E-02	
group_8005	7.67E-02	2.11E-03	4.74E-02	-2.07E-01	1.04E-01	1.15E-01	
group_7789	7.67E-02	5.00E-01	8.77E-01	1.89E-02	1.22E-01	8.97E-03	
group_7473	7.67E-02	2.75E-02	4.07E-01	1.30E-01	1.57E-01	4.81E-02	
group_7242	7.67E-02	5.00E-01	3.91E-01	-8.07E-02	9.39E-02	4.97E-02	
group_7141	7.67E-02	2.11E-03	4.74E-02	-2.07E-01	1.04E-01	1.15E-01	
group_7140	7.67E-02	2.11E-03	4.74E-02	-2.07E-01	1.04E-01	1.15E-01	
nlhH	7.67E-02	1.02E-01	9.80E-01	-5.21E-03	2.03E-01	1.49E-03	
group_6876	7.67E-02	2.11E-03	1.43E-01	-2.92E-01	1.99E-01	8.48E-02	
group_6753	7.67E-02	5.00E-01	7.91E-01	2.67E-02	1.01E-01	1.53E-02	
group_6434	7.67E-02	5.00E-01	7.91E-01	2.67E-02	1.01E-01	1.53E-02	
group_6358	7.67E-02	2.11E-03	4.74E-02	-2.07E-01	1.04E-01	1.15E-01	
group_6178	7.67E-02	5.00E-01	7.91E-01	2.67E-02	1.01E-01	1.53E-02	
group_5874	7.67E-02	2.75E-02	4.07E-01	1.30E-01	1.57E-01	4.81E-02	
frmA	7.67E-02	2.11E-03	4.74E-02	-2.07E-01	1.04E-01	1.15E-01	
gloA	7.67E-02	2.11E-03	4.74E-02	-2.07E-01	1.04E-01	1.15E-01	
group_5275	7.67E-02	5.00E-01	7.91E-01	2.67E-02	1.01E-01	1.53E-02	
group_5183	7.67E-02	4.45E-01	5.13E-01	7.09E-02	1.08E-01	3.79E-02	
group_4788	7.67E-02	2.11E-03	4.74E-02	-2.07E-01	1.04E-01	1.15E-01	
group_4557	7.67E-02	4.45E-01	5.82E-01	7.25E-02	1.31E-01	3.19E-02	
fdhA	7.67E-02	2.11E-03	4.74E-02	-2.07E-01	1.04E-01	1.15E-01	
group_4395	7.67E-02	5.00E-01	8.77E-01	1.89E-02	1.22E-01	8.97E-03	
group_3867	7.67E-02	5.00E-01	7.91E-01	2.67E-02	1.01E-01	1.53E-02	
group_3824	7.67E-02	5.00E-01	7.91E-01	2.67E-02	1.01E-01	1.53E-02	
group_3823	7.67E-02	5.00E-01	7.91E-01	2.67E-02	1.01E-01	1.53E-02	
group_3808	7.67E-02	2.11E-03	4.74E-02	-2.07E-01	1.04E-01	1.15E-01	
rarA	7.67E-02	2.11E-03	4.74E-02	-2.07E-01	1.04E-01	1.15E-01	
group_3762	7.67E-02	5.00E-01	7.91E-01	2.67E-02	1.01E-01	1.53E-02	
group_3708	7.67E-02	5.00E-01	7.91E-01	2.67E-02	1.01E-01	1.53E-02	
group_3593	7.67E-02	2.75E-02	4.07E-01	1.30E-01	1.57E-01	4.81E-02	
group_3539	7.67E-02	5.00E-01	7.91E-01	2.67E-02	1.01E-01	1.53E-02	
group_3463	7.67E-02	5.00E-01	8.77E-01	1.89E-02	1.22E-01	8.97E-03	
group_3250	7.67E-02	3.45E-02	3.24E-01	-1.37E-01	1.38E-01	5.71E-02	
group_2599	7.67E-02	5.00E-01	7.91E-01	2.67E-02	1.01E-01	1.53E-02	
group_2368	7.67E-02	2.75E-02	4.07E-01	1.30E-01	1.57E-01	4.81E-02	
group_2361	7.67E-02	2.11E-03	7.06E-02	-2.60E-01	1.43E-01	1.05E-01	
group_2239	7.67E-02	5.00E-01	7.91E-01	2.67E-02	1.01E-01	1.53E-02	
group_1672	7.67E-02	5.00E-01	7.91E-01	2.67E-02	1.01E-01	1.53E-02	
group_1333	7.67E-02	2.75E-02	4.07E-01	1.30E-01	1.57E-01	4.81E-02	
group_1218	7.67E-02	5.00E-01	7.91E-01	2.67E-02	1.01E-01	1.53E-02	
group_23983	7.33E-02	3.49E-02	4.94E-01	1.06E-01	1.54E-01	3.96E-02	
group_23958	7.33E-02	7.34E-01	5.41E-01	6.31E-02	1.03E-01	3.55E-02	
group_23927	7.33E-02	7.34E-01	5.41E-01	6.31E-02	1.03E-01	3.55E-02	
group_23836	7.33E-02	3.49E-02	4.94E-01	1.06E-01	1.54E-01	3.96E-02	
group_23650	7.33E-02	8.81E-01	5.92E-01	6.62E-02	1.24E-01	3.10E-02	
group_23529	7.33E-02	7.34E-01	5.41E-01	6.31E-02	1.03E-01	3.55E-02	
group_22439	7.33E-02	7.34E-01	5.41E-01	6.31E-02	1.03E-01	3.55E-02	
group_22092	7.33E-02	7.34E-01	5.41E-01	6.31E-02	1.03E-01	3.55E-02	
group_22052	7.33E-02	7.34E-01	5.41E-01	6.31E-02	1.03E-01	3.55E-02	
group_21181	7.33E-02	4.07E-01	8.66E-01	1.87E-02	1.11E-01	9.76E-03	
tnp~~~orfB	7.33E-02	7.05E-02	9.21E-01	-1.07E-02	1.07E-01	5.77E-03	
group_21058	7.33E-02	7.05E-02	2.34E-01	-1.20E-01	1.01E-01	6.90E-02	
group_20600	7.33E-02	7.34E-01	5.41E-01	6.31E-02	1.03E-01	3.55E-02	
group_20590	7.00E-02	1.36E-01	9.58E-01	-5.52E-03	1.04E-01	3.09E-03	
group_20580	7.33E-02	1.04E-03	7.77E-01	8.21E-02	2.89E-01	1.64E-02	
group_20443	7.00E-02	1.27E-02	9.80E-03	-2.85E-01	1.10E-01	1.49E-01	
group_20438	7.33E-02	7.05E-02	1.84E-01	5.93E-01	4.46E-01	7.69E-02	
group_20319	7.33E-02	2.07E-05	9.20E-04	-3.64E-01	1.09E-01	1.90E-01	
group_20241	7.33E-02	7.05E-02	1.84E-01	5.93E-01	4.46E-01	7.69E-02	
group_20240	7.33E-02	7.05E-02	1.84E-01	5.93E-01	4.46E-01	7.69E-02	
group_20238	7.33E-02	7.05E-02	1.84E-01	5.93E-01	4.46E-01	7.69E-02	
trbE~~~virB4	7.33E-02	2.15E-02	1.42E-01	-1.61E-01	1.09E-01	8.49E-02	
group_19978	7.33E-02	2.06E-06	3.32E-01	-4.73E-01	4.86E-01	5.63E-02	
group_19977	7.33E-02	2.06E-06	3.32E-01	-4.73E-01	4.86E-01	5.63E-02	
group_19976	7.33E-02	2.06E-06	3.32E-01	-4.73E-01	4.86E-01	5.63E-02	
nicC	7.33E-02	7.05E-02	1.84E-01	5.93E-01	4.46E-01	7.69E-02	
group_19942	7.33E-02	7.05E-02	1.84E-01	5.93E-01	4.46E-01	7.69E-02	
group_19796	7.33E-02	7.05E-02	3.14E-01	-1.07E-01	1.06E-01	5.84E-02	
group_19653	7.33E-02	2.59E-01	3.87E-01	8.55E-02	9.87E-02	5.01E-02	
group_19533	7.33E-02	7.34E-01	5.41E-01	6.31E-02	1.03E-01	3.55E-02	
group_19496	7.33E-02	2.59E-01	4.18E-01	7.78E-02	9.60E-02	4.69E-02	
group_19399	7.33E-02	2.06E-06	3.32E-01	-4.73E-01	4.86E-01	5.63E-02	
group_19318	7.33E-02	7.05E-02	1.84E-01	5.93E-01	4.46E-01	7.69E-02	
nicR	7.33E-02	7.05E-02	1.84E-01	5.93E-01	4.46E-01	7.69E-02	
group_19184	7.33E-02	3.49E-02	2.96E-01	1.19E-01	1.14E-01	6.06E-02	
group_19125	7.33E-02	1.05E-01	7.28E-01	3.65E-02	1.05E-01	2.02E-02	
araJ~~~farB	7.33E-02	2.15E-02	8.34E-01	1.20E-01	5.71E-01	1.21E-02	
group_19089	7.33E-02	2.15E-02	8.34E-01	1.20E-01	5.71E-01	1.21E-02	
group_19085	7.33E-02	2.15E-02	8.34E-01	1.20E-01	5.71E-01	1.21E-02	
group_18954	7.00E-02	4.43E-02	6.35E-01	6.63E-02	1.40E-01	2.75E-02	
cobW~~~yciC~~~yjiA	7.33E-02	2.15E-02	8.34E-01	1.20E-01	5.71E-01	1.21E-02	
group_18458	7.33E-02	1.65E-04	9.82E-01	-1.28E-02	5.64E-01	1.32E-03	
group_18333	7.33E-02	2.15E-02	8.34E-01	1.20E-01	5.71E-01	1.21E-02	
group_18320	7.33E-02	2.07E-05	6.00E-01	-1.94E-01	3.70E-01	3.04E-02	
group_18159	7.33E-02	2.15E-02	8.34E-01	1.20E-01	5.71E-01	1.21E-02	
group_16759	7.33E-02	4.07E-01	4.70E-01	-1.04E-01	1.43E-01	4.18E-02	
group_16703	7.33E-02	7.34E-01	5.41E-01	6.31E-02	1.03E-01	3.55E-02	
group_16252	7.33E-02	2.59E-01	8.57E-02	2.43E-01	1.41E-01	9.94E-02	
group_16138	7.33E-02	7.34E-01	5.41E-01	6.31E-02	1.03E-01	3.55E-02	
yjdF	7.33E-02	2.07E-05	6.70E-01	1.97E-01	4.62E-01	2.47E-02	
group_15682	7.33E-02	2.15E-02	8.34E-01	1.20E-01	5.71E-01	1.21E-02	
group_15639	7.33E-02	2.15E-02	8.34E-01	1.20E-01	5.71E-01	1.21E-02	
group_15568	7.33E-02	2.15E-02	8.34E-01	1.20E-01	5.71E-01	1.21E-02	
group_15482	7.33E-02	2.15E-02	8.34E-01	1.20E-01	5.71E-01	1.21E-02	
group_15377	7.33E-02	2.15E-02	8.34E-01	1.20E-01	5.71E-01	1.21E-02	
group_15335	7.33E-02	2.15E-02	8.34E-01	1.20E-01	5.71E-01	1.21E-02	
livK~~~amiR	7.33E-02	2.15E-02	8.34E-01	1.20E-01	5.71E-01	1.21E-02	
group_15198	7.33E-02	2.15E-02	8.34E-01	1.20E-01	5.71E-01	1.21E-02	
group_15092	7.33E-02	2.07E-05	5.93E-02	-5.31E-01	2.81E-01	1.09E-01	
group_15062	7.33E-02	2.15E-02	8.34E-01	1.20E-01	5.71E-01	1.21E-02	
group_14993	7.33E-02	2.15E-02	8.34E-01	1.20E-01	5.71E-01	1.21E-02	
group_14956	7.33E-02	2.07E-05	5.93E-02	-5.31E-01	2.81E-01	1.09E-01	
group_14917	7.33E-02	2.15E-02	8.34E-01	1.20E-01	5.71E-01	1.21E-02	
group_14778	7.33E-02	2.07E-05	5.93E-02	-5.31E-01	2.81E-01	1.09E-01	
fliD	7.33E-02	2.15E-02	4.67E-01	2.06E-01	2.83E-01	4.22E-02	
group_14725	7.33E-02	2.15E-02	8.34E-01	1.20E-01	5.71E-01	1.21E-02	
group_14471	7.33E-02	2.15E-02	8.34E-01	1.20E-01	5.71E-01	1.21E-02	
group_14329	7.33E-02	2.15E-02	9.90E-01	-1.29E-03	1.04E-01	7.18E-04	
group_14117	7.33E-02	7.34E-01	7.82E-01	-3.04E-02	1.10E-01	1.61E-02	
group_14075	7.33E-02	2.15E-02	9.90E-01	-1.29E-03	1.04E-01	7.18E-04	
group_14035	7.33E-02	2.15E-02	9.90E-01	-1.29E-03	1.04E-01	7.18E-04	
group_13974	7.33E-02	7.34E-01	5.41E-01	6.31E-02	1.03E-01	3.55E-02	
group_13659	7.33E-02	2.15E-02	9.90E-01	-1.29E-03	1.04E-01	7.18E-04	
group_13580	7.33E-02	2.15E-02	9.90E-01	-1.29E-03	1.04E-01	7.18E-04	
group_13526	7.33E-02	2.15E-02	9.90E-01	-1.29E-03	1.04E-01	7.18E-04	
group_13418	7.33E-02	7.34E-01	5.41E-01	6.31E-02	1.03E-01	3.55E-02	
group_13127	7.33E-02	7.34E-01	5.41E-01	6.31E-02	1.03E-01	3.55E-02	
group_13011	7.33E-02	2.15E-02	9.90E-01	-1.29E-03	1.04E-01	7.18E-04	
group_12982	7.33E-02	2.15E-02	5.49E-02	-2.07E-01	1.07E-01	1.11E-01	
group_12929	7.33E-02	2.15E-02	9.90E-01	-1.29E-03	1.04E-01	7.18E-04	
group_12619	7.33E-02	7.34E-01	5.41E-01	6.31E-02	1.03E-01	3.55E-02	
group_12330	7.33E-02	7.34E-01	5.41E-01	6.31E-02	1.03E-01	3.55E-02	
group_12274	7.33E-02	2.15E-02	9.90E-01	-1.29E-03	1.04E-01	7.18E-04	
group_12249	7.33E-02	7.05E-02	1.61E-01	-1.43E-01	1.02E-01	8.12E-02	
group_12189	7.33E-02	2.15E-02	9.90E-01	-1.29E-03	1.04E-01	7.18E-04	
group_12188	7.33E-02	2.15E-02	9.90E-01	-1.29E-03	1.04E-01	7.18E-04	
group_12179	7.33E-02	1.04E-03	8.97E-01	-3.81E-02	2.95E-01	7.48E-03	
group_11464	7.00E-02	4.43E-02	6.35E-01	6.63E-02	1.40E-01	2.75E-02	
pucR	7.33E-02	7.34E-01	1.61E-01	2.37E-01	1.68E-01	8.11E-02	
group_11313	7.33E-02	2.15E-02	9.90E-01	-1.29E-03	1.04E-01	7.18E-04	
group_11312	7.33E-02	2.15E-02	9.90E-01	-1.29E-03	1.04E-01	7.18E-04	
group_11219	7.33E-02	8.81E-01	8.82E-01	1.50E-02	1.01E-01	8.58E-03	
group_11191	7.33E-02	2.15E-02	9.90E-01	-1.29E-03	1.04E-01	7.18E-04	
group_11189	7.33E-02	2.15E-02	9.90E-01	-1.29E-03	1.04E-01	7.18E-04	
lacI~~~tctC	7.33E-02	2.06E-06	6.12E-01	-1.41E-01	2.79E-01	2.94E-02	
group_10555	7.00E-02	9.92E-01	3.62E-01	9.78E-02	1.07E-01	5.29E-02	
group_10434	7.33E-02	7.34E-01	1.61E-01	2.37E-01	1.68E-01	8.11E-02	
group_9825	7.33E-02	2.15E-02	9.90E-01	-1.29E-03	1.04E-01	7.18E-04	
group_9824	7.33E-02	2.15E-02	9.90E-01	-1.29E-03	1.04E-01	7.18E-04	
group_9818	7.33E-02	1.04E-03	2.20E-05	-4.88E-01	1.13E-01	2.42E-01	
group_9602	7.33E-02	2.15E-02	9.90E-01	-1.29E-03	1.04E-01	7.18E-04	
group_9115	7.33E-02	1.87E-01	5.84E-01	5.95E-02	1.09E-01	3.17E-02	
group_8768	7.33E-02	2.15E-02	7.17E-02	-2.00E-01	1.11E-01	1.04E-01	
group_8394	7.33E-02	7.34E-01	5.41E-01	6.31E-02	1.03E-01	3.55E-02	
araC~~~yedL	7.33E-02	2.07E-05	6.05E-04	-3.81E-01	1.10E-01	1.97E-01	
group_7779	7.33E-02	5.30E-03	2.20E-01	-2.29E-01	1.86E-01	7.10E-02	
group_7485	7.33E-02	2.15E-02	9.90E-01	-1.29E-03	1.04E-01	7.18E-04	
group_7475	7.33E-02	1.04E-03	2.20E-05	-4.88E-01	1.13E-01	2.42E-01	
group_7331	7.33E-02	2.07E-05	6.05E-04	-3.81E-01	1.10E-01	1.97E-01	
group_6383	7.33E-02	7.34E-01	5.41E-01	6.31E-02	1.03E-01	3.55E-02	
group_6221	7.33E-02	7.34E-01	5.41E-01	6.31E-02	1.03E-01	3.55E-02	
group_4851	7.33E-02	2.07E-05	6.05E-04	-3.81E-01	1.10E-01	1.97E-01	
group_4803	7.33E-02	2.15E-02	5.23E-01	2.98E-01	4.65E-01	3.70E-02	
group_4771	7.33E-02	7.34E-01	5.41E-01	6.31E-02	1.03E-01	3.55E-02	
group_4709	7.33E-02	7.05E-02	5.96E-01	7.78E-02	1.47E-01	3.08E-02	
group_4647	7.33E-02	7.34E-01	5.41E-01	6.31E-02	1.03E-01	3.55E-02	
group_4499	7.33E-02	3.49E-02	2.99E-01	1.32E-01	1.27E-01	6.01E-02	
group_4377	7.33E-02	5.30E-03	2.20E-01	-2.29E-01	1.86E-01	7.10E-02	
group_4196	7.33E-02	7.34E-01	5.41E-01	6.31E-02	1.03E-01	3.55E-02	
group_4108	7.33E-02	3.49E-02	4.94E-01	1.06E-01	1.54E-01	3.96E-02	
group_4104	7.33E-02	1.87E-01	5.54E-01	6.35E-02	1.07E-01	3.43E-02	
group_3997	7.33E-02	7.34E-01	5.41E-01	6.31E-02	1.03E-01	3.55E-02	
group_3643	7.33E-02	3.49E-02	4.94E-01	1.06E-01	1.54E-01	3.96E-02	
group_3563	7.33E-02	2.15E-02	7.09E-01	-7.27E-02	1.95E-01	2.16E-02	
group_3541	7.33E-02	7.34E-01	5.41E-01	6.31E-02	1.03E-01	3.55E-02	
group_3524	7.33E-02	2.15E-02	7.09E-01	-7.27E-02	1.95E-01	2.16E-02	
group_3347	7.33E-02	2.15E-02	7.09E-01	-7.27E-02	1.95E-01	2.16E-02	
group_3139	7.33E-02	3.49E-02	2.99E-01	1.32E-01	1.27E-01	6.01E-02	
group_3021	7.33E-02	7.34E-01	5.41E-01	6.31E-02	1.03E-01	3.55E-02	
group_2997	7.33E-02	2.07E-05	6.05E-04	-3.81E-01	1.10E-01	1.97E-01	
group_2996	7.33E-02	2.07E-05	6.05E-04	-3.81E-01	1.10E-01	1.97E-01	
menE	7.33E-02	7.34E-01	5.41E-01	6.31E-02	1.03E-01	3.55E-02	
group_2540	7.33E-02	2.15E-02	9.90E-01	-1.29E-03	1.04E-01	7.18E-04	
group_1988	7.33E-02	2.15E-02	7.09E-01	-7.27E-02	1.95E-01	2.16E-02	
spo0J	7.33E-02	7.34E-01	5.41E-01	6.31E-02	1.03E-01	3.55E-02	
rhtB	7.33E-02	3.49E-02	4.94E-01	1.06E-01	1.54E-01	3.96E-02	
group_889	7.33E-02	7.34E-01	4.28E-01	8.23E-02	1.04E-01	4.59E-02	
parB	7.33E-02	7.34E-01	5.41E-01	6.31E-02	1.03E-01	3.55E-02	
group_478	7.33E-02	2.15E-02	7.09E-01	-7.27E-02	1.95E-01	2.16E-02	
group_166	7.33E-02	3.49E-02	4.94E-01	1.06E-01	1.54E-01	3.96E-02	
group_130	7.33E-02	7.34E-01	5.41E-01	6.31E-02	1.03E-01	3.55E-02	
group_24321	7.00E-02	4.43E-02	5.48E-01	9.27E-02	1.54E-01	3.48E-02	
group_23869	7.00E-02	1.36E-01	6.32E-01	-6.55E-02	1.37E-01	2.77E-02	
group_23344	6.67E-02	1.62E-01	2.49E-01	1.73E-01	1.49E-01	6.68E-02	
group_21179	7.00E-02	4.64E-02	2.86E-01	-1.19E-01	1.12E-01	6.18E-02	
group_21142	6.67E-02	1.62E-01	5.40E-04	4.04E-01	1.16E-01	1.99E-01	
group_21104	7.00E-02	6.10E-01	5.19E-01	6.24E-02	9.66E-02	3.74E-02	
group_20647	7.00E-02	6.52E-05	9.37E-01	-6.08E-02	7.69E-01	4.58E-03	
group_20519	7.00E-02	6.52E-05	9.37E-01	-6.08E-02	7.69E-01	4.58E-03	
group_20518	7.00E-02	6.52E-05	9.37E-01	-6.08E-02	7.69E-01	4.58E-03	
group_20517	7.00E-02	6.52E-05	9.37E-01	-6.08E-02	7.69E-01	4.58E-03	
group_20479	7.00E-02	6.52E-05	9.37E-01	-6.08E-02	7.69E-01	4.58E-03	
group_20475	7.00E-02	6.52E-05	9.37E-01	-6.08E-02	7.69E-01	4.58E-03	
group_20357	7.00E-02	6.52E-05	9.37E-01	-6.08E-02	7.69E-01	4.58E-03	
nfxB	7.00E-02	6.52E-05	9.37E-01	-6.08E-02	7.69E-01	4.58E-03	
group_20299	7.00E-02	6.52E-05	9.37E-01	-6.08E-02	7.69E-01	4.58E-03	
group_20288	7.00E-02	6.52E-05	9.37E-01	-6.08E-02	7.69E-01	4.58E-03	
acrA~~~mexC	7.00E-02	6.52E-05	9.37E-01	-6.08E-02	7.69E-01	4.58E-03	
group_20131	7.00E-02	6.52E-05	9.37E-01	-6.08E-02	7.69E-01	4.58E-03	
oprJ~~~oprM	7.00E-02	6.52E-05	9.37E-01	-6.08E-02	7.69E-01	4.58E-03	
group_20119	7.00E-02	6.52E-05	9.37E-01	-6.08E-02	7.69E-01	4.58E-03	
group_20049	6.67E-02	8.91E-01	9.90E-01	-1.26E-03	9.94E-02	7.34E-04	
group_20012	7.00E-02	4.64E-02	4.75E-02	-2.00E-01	1.01E-01	1.14E-01	
group_19907	7.00E-02	3.22E-01	1.83E-01	-1.36E-01	1.02E-01	7.71E-02	
group_19832	7.00E-02	1.36E-01	6.84E-02	6.90E-01	3.77E-01	1.05E-01	
group_19542	7.00E-02	3.12E-01	6.84E-01	-5.01E-02	1.23E-01	2.36E-02	
group_19528	7.00E-02	3.12E-01	3.29E-01	9.56E-02	9.78E-02	5.66E-02	
group_19499	7.00E-02	4.64E-02	3.08E-01	4.68E-01	4.58E-01	5.90E-02	
group_19498	6.67E-02	8.91E-01	8.40E-01	2.01E-02	9.97E-02	1.17E-02	
trpC~~~oprM~~~tolC	7.00E-02	4.64E-02	3.40E-01	3.45E-01	3.61E-01	5.52E-02	
group_19098	7.00E-02	4.64E-02	3.40E-01	3.45E-01	3.61E-01	5.52E-02	
group_19065	7.00E-02	6.52E-05	9.37E-01	-6.08E-02	7.69E-01	4.58E-03	
group_19060	7.00E-02	6.52E-05	9.37E-01	-6.08E-02	7.69E-01	4.58E-03	
dppD~~~gsiA	7.00E-02	6.52E-05	9.37E-01	-6.08E-02	7.69E-01	4.58E-03	
group_19043	7.00E-02	6.52E-05	9.37E-01	-6.08E-02	7.69E-01	4.58E-03	
group_18727	7.00E-02	6.52E-05	9.37E-01	-6.08E-02	7.69E-01	4.58E-03	
group_18559	7.00E-02	4.64E-02	3.08E-01	4.68E-01	4.58E-01	5.90E-02	
group_17469	7.00E-02	6.52E-05	9.37E-01	-6.08E-02	7.69E-01	4.58E-03	
group_17102	7.00E-02	6.52E-05	9.37E-01	-6.08E-02	7.69E-01	4.58E-03	
group_17084	6.67E-02	7.07E-01	8.63E-01	-2.22E-02	1.28E-01	1.00E-02	
group_17001	7.00E-02	3.22E-01	5.79E-01	5.84E-02	1.05E-01	3.22E-02	
group_16610	7.00E-02	4.64E-02	4.33E-01	3.78E-01	4.81E-01	4.55E-02	
group_16442	7.00E-02	1.27E-02	8.49E-01	-3.00E-02	1.58E-01	1.10E-02	
group_16047	7.00E-02	4.64E-02	4.33E-01	3.78E-01	4.81E-01	4.55E-02	
group_16039	7.00E-02	4.64E-02	4.33E-01	3.78E-01	4.81E-01	4.55E-02	
group_16032	7.00E-02	4.64E-02	4.33E-01	3.78E-01	4.81E-01	4.55E-02	
group_16020	7.00E-02	4.64E-02	4.33E-01	3.78E-01	4.81E-01	4.55E-02	
pilF	7.00E-02	6.52E-05	9.37E-01	-6.08E-02	7.69E-01	4.58E-03	
group_15647	7.00E-02	6.52E-05	9.37E-01	-6.08E-02	7.69E-01	4.58E-03	
group_14773	7.00E-02	7.00E-06	6.98E-01	1.84E-01	4.72E-01	2.25E-02	
group_14550	7.00E-02	1.36E-01	6.32E-01	-6.55E-02	1.37E-01	2.77E-02	
group_14527	7.00E-02	7.00E-06	6.98E-01	1.84E-01	4.72E-01	2.25E-02	
linX	6.67E-02	7.07E-01	6.49E-02	2.73E-01	1.47E-01	1.07E-01	
group_14263	6.67E-02	7.07E-01	6.49E-02	2.73E-01	1.47E-01	1.07E-01	
group_13962	7.00E-02	4.64E-02	4.33E-01	3.78E-01	4.81E-01	4.55E-02	
group_13948	7.00E-02	1.36E-01	6.32E-01	-6.55E-02	1.37E-01	2.77E-02	
group_13941	6.67E-02	7.07E-01	6.49E-02	2.73E-01	1.47E-01	1.07E-01	
group_13554	6.67E-02	7.07E-01	6.49E-02	2.73E-01	1.47E-01	1.07E-01	
group_13428	7.00E-02	4.64E-02	4.33E-01	3.78E-01	4.81E-01	4.55E-02	
group_13427	7.00E-02	4.64E-02	4.33E-01	3.78E-01	4.81E-01	4.55E-02	
group_13403	6.67E-02	7.07E-01	6.49E-02	2.73E-01	1.47E-01	1.07E-01	
group_13280	7.00E-02	9.92E-01	7.79E-01	3.59E-02	1.28E-01	1.63E-02	
group_13191	7.00E-02	6.52E-05	9.37E-01	-6.08E-02	7.69E-01	4.58E-03	
group_12978	7.00E-02	1.36E-01	6.32E-01	-6.55E-02	1.37E-01	2.77E-02	
group_12814	7.00E-02	4.64E-02	4.33E-01	3.78E-01	4.81E-01	4.55E-02	
group_12813	7.00E-02	4.64E-02	4.33E-01	3.78E-01	4.81E-01	4.55E-02	
group_12775	6.67E-02	7.07E-01	6.49E-02	2.73E-01	1.47E-01	1.07E-01	
ribD	7.00E-02	9.92E-01	7.79E-01	3.59E-02	1.28E-01	1.63E-02	
group_12479	7.00E-02	6.52E-05	9.37E-01	-6.08E-02	7.69E-01	4.58E-03	
group_12235	6.67E-02	1.62E-01	2.49E-01	1.73E-01	1.49E-01	6.68E-02	
group_12037	7.00E-02	4.64E-02	4.33E-01	3.78E-01	4.81E-01	4.55E-02	
group_12036	7.00E-02	4.64E-02	4.33E-01	3.78E-01	4.81E-01	4.55E-02	
group_11987	6.67E-02	7.07E-01	6.49E-02	2.73E-01	1.47E-01	1.07E-01	
group_11789	7.00E-02	9.92E-01	7.79E-01	3.59E-02	1.28E-01	1.63E-02	
group_11431	6.67E-02	1.62E-01	2.49E-01	1.73E-01	1.49E-01	6.68E-02	
group_11140	6.67E-02	9.45E-02	3.25E-01	-1.41E-01	1.43E-01	5.71E-02	
group_11138	6.67E-02	9.45E-02	3.25E-01	-1.41E-01	1.43E-01	5.71E-02	
group_10962	7.00E-02	4.64E-02	4.33E-01	3.78E-01	4.81E-01	4.55E-02	
group_10961	7.00E-02	4.64E-02	4.33E-01	3.78E-01	4.81E-01	4.55E-02	
group_10890	6.67E-02	7.07E-01	6.49E-02	2.73E-01	1.47E-01	1.07E-01	
group_10889	6.67E-02	7.07E-01	6.49E-02	2.73E-01	1.47E-01	1.07E-01	
group_10873	6.67E-02	7.07E-01	6.49E-02	2.73E-01	1.47E-01	1.07E-01	
group_10823	7.00E-02	1.36E-01	2.49E-01	-1.78E-01	1.54E-01	6.67E-02	
group_10683	7.00E-02	9.92E-01	2.68E-01	1.41E-01	1.27E-01	6.41E-02	
group_10432	7.00E-02	4.43E-02	6.34E-01	5.88E-02	1.23E-01	2.76E-02	
group_10106	6.67E-02	1.62E-01	2.49E-01	1.73E-01	1.49E-01	6.68E-02	
group_10038	6.67E-02	1.62E-01	2.49E-01	1.73E-01	1.49E-01	6.68E-02	
group_9966	7.00E-02	3.22E-01	7.60E-01	3.30E-02	1.08E-01	1.77E-02	
group_9724	7.00E-02	1.36E-01	5.93E-01	-6.44E-02	1.20E-01	3.10E-02	
group_9529	6.67E-02	9.45E-02	3.25E-01	-1.41E-01	1.43E-01	5.71E-02	
group_9261	7.00E-02	4.64E-02	4.33E-01	3.78E-01	4.81E-01	4.55E-02	
group_9260	7.00E-02	4.64E-02	4.33E-01	3.78E-01	4.81E-01	4.55E-02	
group_9164	6.67E-02	7.07E-01	6.49E-02	2.73E-01	1.47E-01	1.07E-01	
group_9163	6.67E-02	7.07E-01	6.49E-02	2.73E-01	1.47E-01	1.07E-01	
group_9139	6.67E-02	7.07E-01	6.49E-02	2.73E-01	1.47E-01	1.07E-01	
group_8244	7.00E-02	2.77E-03	5.17E-01	-1.35E-01	2.07E-01	3.76E-02	
hcaR	7.00E-02	2.77E-03	5.17E-01	-1.35E-01	2.07E-01	3.76E-02	
group_8127	6.67E-02	1.62E-01	2.49E-01	1.73E-01	1.49E-01	6.68E-02	
group_8024	6.67E-02	1.62E-01	2.49E-01	1.73E-01	1.49E-01	6.68E-02	
group_7829	6.67E-02	1.62E-01	2.49E-01	1.73E-01	1.49E-01	6.68E-02	
group_7417	7.00E-02	3.22E-01	8.44E-01	-2.42E-02	1.23E-01	1.14E-02	
group_7328	7.00E-02	1.36E-01	5.93E-01	-6.44E-02	1.20E-01	3.10E-02	
group_6826	7.00E-02	2.77E-03	1.26E-01	-2.63E-01	1.71E-01	8.86E-02	
group_6645	7.00E-02	1.36E-01	6.32E-01	-6.55E-02	1.37E-01	2.77E-02	
group_6552	7.00E-02	4.64E-02	4.33E-01	3.78E-01	4.81E-01	4.55E-02	
group_6551	7.00E-02	4.64E-02	4.33E-01	3.78E-01	4.81E-01	4.55E-02	
group_6411	6.67E-02	7.07E-01	6.49E-02	2.73E-01	1.47E-01	1.07E-01	
group_6410	6.67E-02	7.07E-01	6.49E-02	2.73E-01	1.47E-01	1.07E-01	
group_6377	6.67E-02	7.07E-01	6.49E-02	2.73E-01	1.47E-01	1.07E-01	
group_6376	6.67E-02	7.07E-01	6.49E-02	2.73E-01	1.47E-01	1.07E-01	
group_6307	6.67E-02	1.62E-01	2.49E-01	1.73E-01	1.49E-01	6.68E-02	
group_5944	6.67E-02	1.62E-01	2.49E-01	1.73E-01	1.49E-01	6.68E-02	
group_5886	7.00E-02	1.27E-02	1.94E-01	-2.30E-01	1.76E-01	7.52E-02	
group_5447	7.00E-02	1.36E-01	6.32E-01	-6.55E-02	1.37E-01	2.77E-02	
group_4855	7.00E-02	7.00E-06	1.60E-04	-4.34E-01	1.14E-01	2.16E-01	
group_4852	7.00E-02	6.52E-05	2.00E-03	-3.50E-01	1.12E-01	1.78E-01	
group_4532	6.67E-02	1.62E-01	2.49E-01	1.73E-01	1.49E-01	6.68E-02	
group_4217	7.00E-02	1.36E-01	1.04E-01	-1.60E-01	9.84E-02	9.40E-02	
group_4198	7.00E-02	4.43E-02	5.48E-01	9.27E-02	1.54E-01	3.48E-02	
group_3797	7.00E-02	3.22E-01	6.49E-01	-5.03E-02	1.10E-01	2.64E-02	
group_3472	7.00E-02	1.36E-01	6.32E-01	-6.55E-02	1.37E-01	2.77E-02	
group_3435	7.00E-02	2.77E-03	1.26E-01	-2.63E-01	1.71E-01	8.86E-02	
group_3132	6.67E-02	1.62E-01	9.73E-01	4.43E-03	1.29E-01	1.99E-03	
group_2746	7.00E-02	1.36E-01	6.32E-01	-6.55E-02	1.37E-01	2.77E-02	
group_2143	7.00E-02	6.52E-05	2.00E-03	-3.50E-01	1.12E-01	1.78E-01	
group_29740	6.67E-02	2.00E-04	9.18E-01	1.15E-02	1.11E-01	6.00E-03	
group_24092	6.67E-02	2.90E-02	6.51E-01	-9.12E-02	2.02E-01	2.62E-02	
group_23551	6.67E-02	2.46E-01	4.27E-01	-1.03E-01	1.29E-01	4.60E-02	
group_22716	6.67E-02	2.90E-02	6.51E-01	-9.12E-02	2.02E-01	2.62E-02	
group_22443	6.67E-02	2.90E-02	6.51E-01	-9.12E-02	2.02E-01	2.62E-02	
group_21952	6.67E-02	2.90E-02	5.53E-01	-1.20E-01	2.01E-01	3.44E-02	
group_21326	6.67E-02	2.90E-02	6.51E-01	-9.12E-02	2.02E-01	2.62E-02	
group_21191	6.67E-02	2.90E-02	1.01E-01	-2.07E-01	1.25E-01	9.49E-02	
group_21152	6.67E-02	8.91E-01	6.53E-01	4.86E-02	1.08E-01	2.61E-02	
group_20889	6.67E-02	2.32E-05	2.38E-01	-6.03E-01	5.10E-01	6.84E-02	
group_20886	6.67E-02	2.32E-05	2.38E-01	-6.03E-01	5.10E-01	6.84E-02	
group_20577	6.67E-02	2.00E-04	2.59E-01	-2.38E-01	2.10E-01	6.53E-02	
group_20452	6.67E-02	2.46E-01	6.92E-01	-4.35E-02	1.10E-01	2.30E-02	
group_20391	6.67E-02	2.00E-04	3.85E-01	4.38E-01	5.03E-01	5.03E-02	
group_20390	6.67E-02	2.00E-04	3.85E-01	4.38E-01	5.03E-01	5.03E-02	
group_20317	6.67E-02	2.00E-04	8.64E-01	1.05E-01	6.12E-01	9.96E-03	
group_20178	6.67E-02	2.00E-04	8.64E-01	1.05E-01	6.12E-01	9.96E-03	
group_20177	6.67E-02	2.00E-04	8.64E-01	1.05E-01	6.12E-01	9.96E-03	
group_20174	6.67E-02	2.00E-04	3.85E-01	4.38E-01	5.03E-01	5.03E-02	
group_20087	6.67E-02	2.00E-04	9.32E-02	-2.32E-01	1.38E-01	9.71E-02	
group_20079	6.67E-02	2.00E-04	9.32E-02	-2.32E-01	1.38E-01	9.71E-02	
group_20077	6.67E-02	2.00E-04	8.64E-01	1.05E-01	6.12E-01	9.96E-03	
rnfB	6.67E-02	2.00E-04	3.85E-01	4.38E-01	5.03E-01	5.03E-02	
group_19850	6.33E-02	8.15E-01	6.78E-01	-4.25E-02	1.02E-01	2.41E-02	
group_19830	6.67E-02	2.00E-04	3.85E-01	4.38E-01	5.03E-01	5.03E-02	
group_19776	6.67E-02	2.32E-05	2.38E-01	-6.03E-01	5.10E-01	6.84E-02	
group_19768	6.67E-02	2.32E-05	5.92E-01	1.67E-01	3.12E-01	3.10E-02	
group_19737	6.67E-02	2.90E-02	8.81E-01	-2.86E-02	1.91E-01	8.66E-03	
group_19699	6.67E-02	2.00E-04	9.32E-02	-2.32E-01	1.38E-01	9.71E-02	
group_19688	6.67E-02	5.17E-01	9.45E-01	-6.99E-03	1.00E-01	4.03E-03	
group_19627	6.67E-02	7.02E-03	7.11E-03	-3.12E-01	1.15E-01	1.55E-01	
group_19612	6.67E-02	2.00E-04	9.32E-02	-2.32E-01	1.38E-01	9.71E-02	
virB4~~~trbE	6.67E-02	2.00E-04	9.32E-02	-2.32E-01	1.38E-01	9.71E-02	
group_19601	6.67E-02	7.07E-01	3.89E-01	1.08E-01	1.25E-01	4.99E-02	
group_19598	6.67E-02	8.91E-01	6.55E-02	2.88E-01	1.56E-01	1.06E-01	
aF2118~~~xRE	6.67E-02	9.45E-02	3.93E-01	-9.87E-02	1.15E-01	4.95E-02	
group_19558	6.67E-02	2.00E-04	9.32E-02	-2.32E-01	1.38E-01	9.71E-02	
group_19464	6.67E-02	2.32E-05	2.38E-01	-6.03E-01	5.10E-01	6.84E-02	
group_19224	6.33E-02	7.72E-01	5.44E-01	-6.11E-02	1.00E-01	3.52E-02	
group_19158	6.67E-02	2.90E-02	6.51E-01	-9.12E-02	2.02E-01	2.62E-02	
group_19147	6.33E-02	7.08E-02	6.63E-01	6.14E-02	1.41E-01	2.52E-02	
group_19051	6.67E-02	2.32E-05	6.83E-01	-1.33E-01	3.26E-01	2.37E-02	
group_19042	6.67E-02	2.32E-05	6.79E-01	-1.61E-01	3.89E-01	2.40E-02	
group_19032	6.67E-02	2.32E-05	6.79E-01	-1.61E-01	3.89E-01	2.40E-02	
group_19023	6.67E-02	2.32E-05	6.83E-01	-1.33E-01	3.26E-01	2.37E-02	
group_18918	6.67E-02	2.32E-05	6.79E-01	-1.61E-01	3.89E-01	2.40E-02	
group_18812	6.67E-02	2.11E-06	1.19E-01	-5.17E-01	3.31E-01	9.03E-02	
group_18649	6.67E-02	7.02E-03	5.15E-01	-7.38E-02	1.13E-01	3.78E-02	
group_18522	6.67E-02	7.02E-03	5.15E-01	-7.38E-02	1.13E-01	3.78E-02	
group_18521	6.67E-02	7.02E-03	5.15E-01	-7.38E-02	1.13E-01	3.78E-02	
group_18390	6.67E-02	7.02E-03	5.15E-01	-7.38E-02	1.13E-01	3.78E-02	
group_18389	6.67E-02	7.02E-03	5.15E-01	-7.38E-02	1.13E-01	3.78E-02	
group_18216	6.67E-02	7.02E-03	5.15E-01	-7.38E-02	1.13E-01	3.78E-02	
group_18215	6.67E-02	7.02E-03	5.15E-01	-7.38E-02	1.13E-01	3.78E-02	
group_18000	6.67E-02	7.02E-03	5.15E-01	-7.38E-02	1.13E-01	3.78E-02	
group_17999	6.67E-02	7.02E-03	5.15E-01	-7.38E-02	1.13E-01	3.78E-02	
group_17700	6.67E-02	7.02E-03	5.15E-01	-7.38E-02	1.13E-01	3.78E-02	
group_17699	6.67E-02	7.02E-03	5.15E-01	-7.38E-02	1.13E-01	3.78E-02	
group_17345	6.67E-02	9.45E-02	6.01E-01	-1.03E-01	1.98E-01	3.03E-02	
group_17344	6.67E-02	9.45E-02	6.01E-01	-1.03E-01	1.98E-01	3.03E-02	
group_17292	6.67E-02	7.02E-03	5.15E-01	-7.38E-02	1.13E-01	3.78E-02	
group_17104	6.67E-02	2.00E-04	5.36E-01	3.31E-01	5.34E-01	3.59E-02	
group_16936	6.67E-02	1.54E-02	2.23E-01	1.51E-01	1.23E-01	7.06E-02	bad-chisq
dgcP~~~gGDEF	6.67E-02	2.00E-04	7.81E-01	-1.85E-01	6.65E-01	1.62E-02	
group_16671	6.67E-02	7.02E-03	5.15E-01	-7.38E-02	1.13E-01	3.78E-02	
group_16670	6.67E-02	7.02E-03	5.15E-01	-7.38E-02	1.13E-01	3.78E-02	
group_16624	6.67E-02	7.02E-03	5.15E-01	-7.38E-02	1.13E-01	3.78E-02	
group_16623	6.67E-02	7.02E-03	5.15E-01	-7.38E-02	1.13E-01	3.78E-02	
group_16608	6.67E-02	2.46E-01	2.80E-01	-1.55E-01	1.43E-01	6.25E-02	
group_16540	6.67E-02	7.02E-03	7.11E-03	-3.12E-01	1.15E-01	1.55E-01	
group_16457	6.67E-02	2.90E-02	5.05E-01	-6.53E-02	9.79E-02	3.87E-02	
group_16067	6.67E-02	1.34E-03	7.21E-01	-4.91E-02	1.38E-01	2.07E-02	
lysR~~~cysL	6.67E-02	2.00E-04	9.52E-01	2.44E-02	4.01E-01	3.52E-03	
group_15095	6.67E-02	5.17E-01	4.21E-01	-1.03E-01	1.28E-01	4.66E-02	
group_15029	6.67E-02	2.00E-04	9.52E-01	2.44E-02	4.01E-01	3.52E-03	
group_14960	6.67E-02	5.17E-01	4.21E-01	-1.03E-01	1.28E-01	4.66E-02	
group_14886	6.67E-02	2.00E-04	8.76E-01	6.47E-02	4.15E-01	9.03E-03	
group_14782	6.67E-02	5.17E-01	4.21E-01	-1.03E-01	1.28E-01	4.66E-02	
group_14690	6.67E-02	2.00E-04	8.76E-01	6.47E-02	4.15E-01	9.03E-03	
group_14536	6.67E-02	5.17E-01	4.21E-01	-1.03E-01	1.28E-01	4.66E-02	
group_14392	6.67E-02	8.91E-01	6.98E-01	-4.56E-02	1.17E-01	2.25E-02	
group_14335	6.67E-02	5.17E-01	6.14E-01	6.92E-02	1.37E-01	2.92E-02	
group_14245	6.67E-02	5.17E-01	4.21E-01	-1.03E-01	1.28E-01	4.66E-02	
jmjC	6.67E-02	2.90E-02	6.51E-01	-9.12E-02	2.02E-01	2.62E-02	
group_14154	6.67E-02	2.00E-04	8.76E-01	6.47E-02	4.15E-01	9.03E-03	
group_13916	6.67E-02	5.17E-01	4.21E-01	-1.03E-01	1.28E-01	4.66E-02	
group_13781	6.67E-02	2.00E-04	8.76E-01	6.47E-02	4.15E-01	9.03E-03	
group_13780	6.67E-02	2.00E-04	9.52E-01	2.44E-02	4.01E-01	3.52E-03	
group_13483	6.67E-02	5.60E-02	2.55E-01	1.38E-01	1.21E-01	6.59E-02	
group_13366	6.67E-02	5.17E-01	4.21E-01	-1.03E-01	1.28E-01	4.66E-02	
group_13192	6.67E-02	2.00E-04	8.76E-01	6.47E-02	4.15E-01	9.03E-03	
group_13012	6.67E-02	5.17E-01	6.89E-01	-4.34E-02	1.08E-01	2.32E-02	
group_12726	6.67E-02	5.17E-01	4.21E-01	-1.03E-01	1.28E-01	4.66E-02	
group_12478	6.67E-02	2.00E-04	9.51E-01	2.44E-02	4.01E-01	3.53E-03	
group_12465	6.67E-02	1.62E-01	3.41E-02	2.52E-01	1.19E-01	1.22E-01	
group_12276	6.67E-02	5.17E-01	6.89E-01	-4.34E-02	1.08E-01	2.32E-02	
group_11926	6.67E-02	5.17E-01	4.21E-01	-1.03E-01	1.28E-01	4.66E-02	
group_11577	6.67E-02	1.62E-01	3.41E-02	2.52E-01	1.19E-01	1.22E-01	
group_11315	6.67E-02	5.17E-01	6.89E-01	-4.34E-02	1.08E-01	2.32E-02	
group_10841	6.67E-02	5.17E-01	4.21E-01	-1.03E-01	1.28E-01	4.66E-02	
group_10806	6.67E-02	5.17E-01	4.21E-01	-1.03E-01	1.28E-01	4.66E-02	
group_10805	6.67E-02	5.17E-01	4.21E-01	-1.03E-01	1.28E-01	4.66E-02	
group_10703	6.67E-02	7.07E-01	4.26E-01	1.02E-01	1.28E-01	4.62E-02	
group_10087	6.67E-02	7.02E-03	7.02E-01	-7.43E-02	1.94E-01	2.22E-02	
group_9826	6.67E-02	5.17E-01	6.89E-01	-4.34E-02	1.08E-01	2.32E-02	
group_9022	6.67E-02	5.17E-01	4.21E-01	-1.03E-01	1.28E-01	4.66E-02	
group_9021	6.67E-02	5.17E-01	4.21E-01	-1.03E-01	1.28E-01	4.66E-02	
group_8836	6.67E-02	2.90E-02	6.51E-01	-9.12E-02	2.02E-01	2.62E-02	
group_7530	6.00E-02	9.31E-01	4.89E-01	-7.72E-02	1.11E-01	4.01E-02	
group_7337	6.67E-02	2.90E-02	6.51E-01	-9.12E-02	2.02E-01	2.62E-02	
group_7304	6.67E-02	5.17E-01	1.02E-01	3.09E-01	1.88E-01	9.46E-02	
ybbH~~~rpiR	6.67E-02	2.90E-02	6.51E-01	-9.12E-02	2.02E-01	2.62E-02	
group_6220	6.67E-02	5.17E-01	4.21E-01	-1.03E-01	1.28E-01	4.66E-02	
group_6219	6.67E-02	5.17E-01	4.21E-01	-1.03E-01	1.28E-01	4.66E-02	
group_4513	6.67E-02	2.90E-02	6.51E-01	-9.12E-02	2.02E-01	2.62E-02	
group_4425	6.67E-02	5.17E-01	1.40E-02	4.73E-01	1.91E-01	1.42E-01	
group_3983	6.67E-02	2.46E-01	8.15E-01	-3.09E-02	1.32E-01	1.35E-02	
group_3979	6.67E-02	2.90E-02	6.51E-01	-9.12E-02	2.02E-01	2.62E-02	
group_3858	6.67E-02	9.45E-02	6.98E-01	7.71E-02	1.98E-01	2.25E-02	
tolB	6.67E-02	8.91E-01	8.46E-01	2.72E-02	1.40E-01	1.13E-02	
group_3137	6.67E-02	5.17E-01	5.11E-01	-7.57E-02	1.15E-01	3.81E-02	
group_3068	6.33E-02	1.81E-01	5.77E-01	-5.11E-02	9.14E-02	3.24E-02	
group_2567	6.67E-02	2.90E-02	6.51E-01	-9.12E-02	2.02E-01	2.62E-02	
group_2254	6.67E-02	3.34E-03	2.87E-01	9.77E-02	9.16E-02	6.16E-02	bad-chisq
group_2062	6.67E-02	2.90E-02	6.51E-01	-9.12E-02	2.02E-01	2.62E-02	
group_1825	6.67E-02	2.46E-01	4.27E-01	-1.03E-01	1.29E-01	4.60E-02	
group_1567	6.67E-02	2.90E-02	6.51E-01	-9.12E-02	2.02E-01	2.62E-02	
group_1181	6.67E-02	2.90E-02	5.53E-01	-1.20E-01	2.01E-01	3.44E-02	
group_529	6.67E-02	2.90E-02	6.51E-01	-9.12E-02	2.02E-01	2.62E-02	
group_358	6.67E-02	2.90E-02	6.51E-01	-9.12E-02	2.02E-01	2.62E-02	
group_314	6.67E-02	2.90E-02	6.51E-01	-9.12E-02	2.02E-01	2.62E-02	
tuf	6.33E-02	7.08E-02	4.45E-01	6.63E-02	8.67E-02	4.42E-02	
group_24195	6.33E-02	6.25E-02	9.03E-01	-2.46E-02	2.01E-01	7.09E-03	
group_23912	6.33E-02	1.81E-01	6.29E-01	8.68E-02	1.80E-01	2.80E-02	
group_23684	6.33E-02	1.70E-02	2.41E-01	-1.62E-01	1.38E-01	6.79E-02	
group_23386	6.33E-02	7.72E-01	8.64E-01	-2.31E-02	1.34E-01	9.94E-03	
group_22768	6.33E-02	7.72E-01	8.64E-01	-2.31E-02	1.34E-01	9.94E-03	
group_22566	6.33E-02	1.70E-02	2.41E-01	-1.62E-01	1.38E-01	6.79E-02	
group_22514	6.33E-02	1.70E-02	6.39E-01	-5.05E-02	1.08E-01	2.72E-02	
group_22153	6.33E-02	7.72E-01	8.64E-01	-2.31E-02	1.34E-01	9.94E-03	
group_21185	6.33E-02	6.25E-02	1.27E-01	-1.75E-01	1.14E-01	8.84E-02	
group_21028	6.33E-02	7.51E-05	7.83E-01	-1.58E-01	5.73E-01	1.60E-02	
group_20485	6.33E-02	4.15E-01	4.77E-01	7.99E-02	1.12E-01	4.12E-02	
group_20418	6.33E-02	7.51E-05	7.83E-01	-1.58E-01	5.73E-01	1.60E-02	
group_20351	6.33E-02	5.92E-04	8.11E-01	1.41E-01	5.88E-01	1.38E-02	
group_20286	6.33E-02	7.51E-05	7.83E-01	-1.58E-01	5.73E-01	1.60E-02	
group_20272	6.33E-02	7.72E-01	3.60E-01	9.67E-02	1.05E-01	5.31E-02	
group_20211	6.33E-02	7.51E-05	7.83E-01	-1.58E-01	5.73E-01	1.60E-02	
group_20210	6.33E-02	7.51E-05	7.83E-01	-1.58E-01	5.73E-01	1.60E-02	
group_20130	6.33E-02	5.92E-04	3.27E-01	4.85E-01	4.94E-01	5.68E-02	
group_20023	6.33E-02	7.51E-05	7.83E-01	-1.58E-01	5.73E-01	1.60E-02	
group_20020	6.33E-02	7.51E-05	7.83E-01	-1.58E-01	5.73E-01	1.60E-02	
group_19925	6.00E-02	6.52E-01	7.72E-01	-3.05E-02	1.05E-01	1.68E-02	
group_19909	6.33E-02	7.51E-05	7.83E-01	-1.58E-01	5.73E-01	1.60E-02	
group_19897	6.33E-02	7.72E-01	4.65E-02	3.56E-01	1.78E-01	1.15E-01	
group_19886	6.33E-02	7.72E-01	8.78E-01	2.38E-02	1.55E-01	8.91E-03	
group_19556	6.33E-02	7.51E-05	7.83E-01	-1.58E-01	5.73E-01	1.60E-02	
group_19492	6.33E-02	7.72E-01	4.59E-01	7.73E-02	1.04E-01	4.29E-02	
group_19477	6.33E-02	2.00E-01	3.42E-01	1.22E-01	1.28E-01	5.50E-02	
group_19414	6.33E-02	2.00E-01	5.56E-02	2.81E-01	1.46E-01	1.11E-01	
group_19369	6.33E-02	5.92E-04	8.11E-01	1.41E-01	5.88E-01	1.38E-02	
group_19177	6.33E-02	7.51E-05	7.83E-01	-1.58E-01	5.73E-01	1.60E-02	
group_19175	6.33E-02	5.92E-04	8.11E-01	1.41E-01	5.88E-01	1.38E-02	
group_19174	6.33E-02	5.92E-04	8.11E-01	1.41E-01	5.88E-01	1.38E-02	
group_18194	6.33E-02	5.92E-04	7.86E-01	9.75E-02	3.58E-01	1.58E-02	
group_18189	6.33E-02	4.15E-01	3.09E-01	-1.11E-01	1.09E-01	5.89E-02	
group_17973	6.33E-02	5.92E-04	7.86E-01	9.75E-02	3.58E-01	1.58E-02	
group_17966	6.33E-02	4.15E-01	3.09E-01	-1.11E-01	1.09E-01	5.89E-02	
group_17965	6.33E-02	4.15E-01	3.09E-01	-1.11E-01	1.09E-01	5.89E-02	
group_17333	6.33E-02	1.70E-02	9.53E-02	3.94E-01	2.36E-01	9.65E-02	
group_17213	6.33E-02	1.70E-02	9.53E-02	3.94E-01	2.36E-01	9.65E-02	
group_17208	6.33E-02	6.25E-02	3.35E-01	-1.13E-01	1.17E-01	5.58E-02	
group_17159	6.33E-02	5.92E-04	4.76E-02	-2.39E-01	1.20E-01	1.14E-01	
group_16685	6.33E-02	1.70E-02	9.53E-02	3.94E-01	2.36E-01	9.65E-02	
group_16577	6.33E-02	1.70E-02	9.53E-02	3.94E-01	2.36E-01	9.65E-02	
yheS~~~ettA	6.33E-02	5.92E-04	8.11E-01	1.41E-01	5.88E-01	1.38E-02	
group_16530	6.33E-02	1.70E-02	5.54E-01	-1.72E-01	2.90E-01	3.43E-02	
group_16518	6.33E-02	4.15E-01	3.09E-01	-1.11E-01	1.09E-01	5.89E-02	
group_16401	6.33E-02	1.70E-02	9.53E-02	3.94E-01	2.36E-01	9.65E-02	
group_16041	6.33E-02	7.51E-05	9.32E-01	2.86E-02	3.35E-01	4.94E-03	
group_15500	6.33E-02	5.92E-04	1.21E-02	-2.85E-01	1.13E-01	1.45E-01	
group_15246	6.33E-02	6.25E-02	8.83E-01	7.93E-02	5.39E-01	8.51E-03	
group_15177	6.33E-02	5.92E-04	8.11E-01	1.41E-01	5.88E-01	1.38E-02	
group_14431	6.33E-02	5.92E-04	8.43E-01	6.25E-02	3.15E-01	1.15E-02	
group_13766	6.33E-02	2.00E-01	4.60E-02	2.32E-01	1.16E-01	1.15E-01	
group_13602	6.33E-02	7.72E-01	8.64E-01	-2.31E-02	1.34E-01	9.94E-03	
group_13176	6.33E-02	2.00E-01	4.60E-02	2.32E-01	1.16E-01	1.15E-01	
group_13094	6.33E-02	4.48E-01	7.74E-01	4.15E-02	1.44E-01	1.67E-02	
group_13006	6.33E-02	1.70E-02	6.95E-01	-4.61E-02	1.18E-01	2.27E-02	
group_12962	6.33E-02	7.72E-01	8.64E-01	-2.31E-02	1.34E-01	9.94E-03	
group_12789	6.33E-02	7.72E-01	3.60E-01	9.67E-02	1.05E-01	5.31E-02	
group_12294	6.33E-02	1.81E-01	8.30E-01	-3.79E-02	1.76E-01	1.25E-02	
group_12105	6.33E-02	1.70E-02	9.15E-01	2.17E-02	2.03E-01	6.19E-03	
group_12030	6.33E-02	4.15E-01	6.85E-01	-5.13E-02	1.26E-01	2.35E-02	
group_11995	6.33E-02	1.70E-02	5.54E-01	-1.72E-01	2.90E-01	3.43E-02	
group_11908	6.33E-02	7.72E-01	3.60E-01	9.67E-02	1.05E-01	5.31E-02	
group_11649	6.33E-02	1.81E-01	1.32E-01	4.69E-01	3.11E-01	8.71E-02	
group_11605	6.33E-02	5.92E-04	8.11E-01	1.41E-01	5.88E-01	1.38E-02	
group_11109	6.33E-02	7.72E-01	8.04E-01	-2.77E-02	1.11E-01	1.44E-02	
group_11078	6.33E-02	1.70E-02	9.15E-01	2.17E-02	2.03E-01	6.19E-03	
group_10704	6.33E-02	1.70E-02	2.41E-01	-1.62E-01	1.38E-01	6.79E-02	
group_10687	6.33E-02	4.15E-01	3.09E-01	-1.11E-01	1.09E-01	5.89E-02	
group_10381	6.33E-02	6.25E-02	8.83E-01	7.93E-02	5.39E-01	8.51E-03	
group_10272	6.33E-02	5.92E-04	8.11E-01	1.41E-01	5.88E-01	1.38E-02	
group_9723	6.33E-02	2.00E-01	7.21E-01	5.07E-02	1.42E-01	2.07E-02	
group_9667	6.33E-02	4.15E-01	2.70E-01	-1.20E-01	1.09E-01	6.39E-02	
group_9267	6.33E-02	1.81E-01	8.30E-01	-3.79E-02	1.76E-01	1.25E-02	
group_9128	6.33E-02	1.70E-02	2.41E-01	-1.62E-01	1.38E-01	6.79E-02	
group_8951	6.33E-02	8.15E-01	8.02E-01	-2.91E-02	1.16E-01	1.45E-02	
group_8116	6.33E-02	1.70E-02	4.94E-01	-7.40E-02	1.08E-01	3.97E-02	
group_7690	6.33E-02	1.81E-01	9.15E-01	1.19E-02	1.12E-01	6.16E-03	
group_7486	6.33E-02	1.70E-02	9.54E-01	-6.59E-03	1.13E-01	3.37E-03	
group_7264	6.33E-02	6.25E-02	9.03E-01	-2.46E-02	2.01E-01	7.09E-03	
group_7211	6.33E-02	3.60E-03	7.78E-03	-3.22E-01	1.20E-01	1.53E-01	
mntB	6.33E-02	1.81E-01	8.30E-01	-3.79E-02	1.76E-01	1.25E-02	
group_6071	6.33E-02	1.81E-01	8.30E-01	-3.79E-02	1.76E-01	1.25E-02	
group_5414	6.33E-02	7.72E-01	3.60E-01	9.67E-02	1.05E-01	5.31E-02	
sugC	6.33E-02	7.72E-01	3.60E-01	9.67E-02	1.05E-01	5.31E-02	
group_4477	6.33E-02	7.72E-01	8.64E-01	-2.31E-02	1.34E-01	9.94E-03	
group_4251	6.33E-02	7.72E-01	8.64E-01	-2.31E-02	1.34E-01	9.94E-03	
ugpB	6.33E-02	7.72E-01	3.60E-01	9.67E-02	1.05E-01	5.31E-02	
glcR	6.33E-02	7.72E-01	3.60E-01	9.67E-02	1.05E-01	5.31E-02	
group_3787	6.33E-02	7.72E-01	8.64E-01	-2.31E-02	1.34E-01	9.94E-03	
group_3730	6.33E-02	1.70E-02	2.41E-01	-1.62E-01	1.38E-01	6.79E-02	
group_3668	6.33E-02	7.72E-01	8.64E-01	-2.31E-02	1.34E-01	9.94E-03	
cyaE	6.33E-02	1.70E-02	2.41E-01	-1.62E-01	1.38E-01	6.79E-02	
group_3155	6.33E-02	1.70E-02	2.41E-01	-1.62E-01	1.38E-01	6.79E-02	
group_2900	6.33E-02	7.72E-01	8.64E-01	-2.31E-02	1.34E-01	9.94E-03	
group_2035	6.33E-02	1.70E-02	2.41E-01	-1.62E-01	1.38E-01	6.79E-02	
group_1349	6.33E-02	1.70E-02	2.41E-01	-1.62E-01	1.38E-01	6.79E-02	
group_1285	6.33E-02	7.72E-01	8.64E-01	-2.31E-02	1.34E-01	9.94E-03	
group_1148	6.33E-02	1.70E-02	2.41E-01	-1.62E-01	1.38E-01	6.79E-02	
group_341	6.33E-02	1.70E-02	2.77E-01	-1.32E-01	1.21E-01	6.30E-02	
group_68	6.33E-02	1.70E-02	2.41E-01	-1.62E-01	1.38E-01	6.79E-02	
group_22624	6.00E-02	2.50E-05	6.91E-01	-2.06E-01	5.18E-01	2.30E-02	
group_22516	6.00E-02	2.50E-05	6.91E-01	-2.06E-01	5.18E-01	2.30E-02	
group_22139	6.00E-02	3.90E-02	2.42E-01	-1.67E-01	1.43E-01	6.77E-02	
group_21279	6.00E-02	3.90E-02	2.42E-01	-1.67E-01	1.43E-01	6.77E-02	
group_21008	6.00E-02	2.36E-04	7.00E-01	-1.51E-01	3.92E-01	2.23E-02	
group_20611	6.00E-02	5.62E-09	1.58E-01	-6.40E-01	4.53E-01	8.17E-02	
group_20267	6.00E-02	2.36E-04	5.47E-03	-2.94E-01	1.05E-01	1.60E-01	
group_20250	5.67E-02	8.42E-02	4.75E-01	-8.87E-02	1.24E-01	4.14E-02	
group_20204	6.00E-02	9.31E-01	2.19E-01	-1.61E-01	1.31E-01	7.11E-02	
group_19943	6.00E-02	9.31E-01	2.19E-01	-1.61E-01	1.31E-01	7.11E-02	
group_19889	6.00E-02	9.31E-01	2.19E-01	-1.61E-01	1.31E-01	7.11E-02	
group_19643	6.00E-02	2.36E-04	6.30E-01	1.94E-01	4.03E-01	2.79E-02	
group_19600	6.00E-02	1.27E-01	1.25E-01	2.64E-01	1.71E-01	8.88E-02	
group_19561	6.00E-02	1.27E-01	2.13E-01	3.32E-01	2.66E-01	7.21E-02	
group_19493	6.00E-02	1.27E-01	1.25E-01	2.64E-01	1.71E-01	8.88E-02	
group_19487	6.00E-02	1.27E-01	1.25E-01	2.64E-01	1.71E-01	8.88E-02	
group_19359	6.00E-02	1.69E-03	7.17E-01	1.99E-01	5.47E-01	2.10E-02	
group_19327	6.00E-02	2.36E-04	1.05E-01	-2.47E-01	1.52E-01	9.37E-02	
group_19292	6.00E-02	2.36E-04	1.05E-01	-2.47E-01	1.52E-01	9.37E-02	
group_19288	6.00E-02	1.27E-01	2.11E-01	-1.51E-01	1.20E-01	7.24E-02	
group_19249	5.67E-02	9.44E-01	7.76E-01	-5.24E-02	1.84E-01	1.65E-02	
group_19067	6.00E-02	3.90E-02	3.66E-01	1.88E-01	2.08E-01	5.24E-02	
group_18990	6.00E-02	3.90E-02	5.69E-01	1.69E-01	2.97E-01	3.30E-02	
group_18804	6.00E-02	3.90E-02	6.24E-01	-1.40E-01	2.84E-01	2.84E-02	
group_18371	6.00E-02	3.23E-01	2.62E-01	-1.27E-01	1.13E-01	6.50E-02	
group_18300	5.67E-02	4.64E-03	1.79E-02	-2.71E-01	1.14E-01	1.37E-01	
group_17839	5.67E-02	2.40E-01	1.81E-01	-1.54E-01	1.15E-01	7.74E-02	
group_17604	6.00E-02	1.69E-03	1.10E-01	-1.96E-01	1.23E-01	9.24E-02	
group_17346	5.67E-02	2.40E-01	2.66E-02	-2.47E-01	1.11E-01	1.28E-01	
group_16980	6.00E-02	3.90E-02	7.11E-01	4.28E-02	1.15E-01	2.15E-02	
group_16947	6.00E-02	1.27E-01	4.14E-01	9.47E-02	1.16E-01	4.74E-02	
group_16747	6.00E-02	1.69E-03	9.95E-01	-3.53E-03	5.40E-01	3.78E-04	
group_16483	6.00E-02	1.27E-01	8.71E-01	2.83E-02	1.74E-01	9.40E-03	
group_15394	6.00E-02	9.27E-03	1.61E-02	-3.81E-01	1.57E-01	1.39E-01	
group_15236	6.00E-02	1.27E-01	7.45E-01	4.06E-02	1.25E-01	1.88E-02	
group_14543	6.00E-02	3.23E-01	7.87E-02	-2.31E-01	1.31E-01	1.02E-01	
group_14350	6.00E-02	1.69E-03	9.70E-01	-1.52E-02	3.99E-01	2.21E-03	
group_14127	6.00E-02	2.50E-05	6.91E-01	-2.06E-01	5.18E-01	2.30E-02	
group_13868	6.00E-02	1.69E-03	3.31E-02	-3.51E-01	1.64E-01	1.23E-01	
group_13744	6.00E-02	2.50E-05	6.91E-01	-2.06E-01	5.18E-01	2.30E-02	
group_13552	6.00E-02	1.69E-03	2.11E-01	-1.97E-01	1.57E-01	7.24E-02	
group_13140	6.00E-02	2.50E-05	6.91E-01	-2.06E-01	5.18E-01	2.30E-02	
group_12408	6.00E-02	2.50E-05	6.91E-01	-2.06E-01	5.18E-01	2.30E-02	
group_11939	6.00E-02	3.90E-02	9.45E-02	-1.86E-01	1.11E-01	9.67E-02	
group_11834	6.00E-02	3.90E-02	5.10E-01	-9.77E-02	1.48E-01	3.82E-02	
group_11735	5.67E-02	5.34E-01	9.89E-01	1.73E-03	1.21E-01	8.24E-04	
group_11606	6.00E-02	1.69E-03	3.14E-01	4.54E-01	4.50E-01	5.83E-02	
group_11570	6.00E-02	9.27E-03	1.61E-02	-3.81E-01	1.57E-01	1.39E-01	
tssH	6.00E-02	2.50E-05	6.91E-01	-2.06E-01	5.18E-01	2.30E-02	
group_11190	6.00E-02	9.27E-03	2.71E-01	-1.23E-01	1.12E-01	6.38E-02	
group_11127	6.00E-02	2.50E-05	6.91E-01	-2.06E-01	5.18E-01	2.30E-02	
group_10983	6.00E-02	2.46E-01	1.22E-01	1.69E-01	1.09E-01	8.96E-02	
group_10857	6.00E-02	9.27E-03	1.61E-02	-3.81E-01	1.57E-01	1.39E-01	
hrgA	6.00E-02	3.23E-01	7.20E-01	-4.62E-02	1.29E-01	2.08E-02	
group_10238	6.00E-02	8.93E-02	1.77E-02	2.74E-01	1.15E-01	1.37E-01	
tssG	6.00E-02	2.50E-05	6.91E-01	-2.06E-01	5.18E-01	2.30E-02	
tssJ	6.00E-02	2.50E-05	6.91E-01	-2.06E-01	5.18E-01	2.30E-02	
group_9364	6.00E-02	3.90E-02	2.42E-01	-1.67E-01	1.43E-01	6.77E-02	
group_8731	6.00E-02	5.33E-01	4.94E-01	9.28E-02	1.36E-01	3.96E-02	
group_8424	6.00E-02	3.23E-01	5.53E-01	-7.48E-02	1.26E-01	3.44E-02	
group_8197	6.00E-02	8.93E-02	1.77E-02	2.74E-01	1.15E-01	1.37E-01	
group_8033	6.00E-02	6.52E-01	8.87E-01	1.66E-02	1.17E-01	8.22E-03	
tssF	6.00E-02	2.50E-05	6.91E-01	-2.06E-01	5.18E-01	2.30E-02	
group_7600	6.00E-02	9.27E-03	1.61E-02	-3.81E-01	1.57E-01	1.39E-01	
group_7384	6.00E-02	9.27E-03	1.61E-02	-3.81E-01	1.57E-01	1.39E-01	
group_6904	6.00E-02	9.27E-03	1.61E-02	-3.81E-01	1.57E-01	1.39E-01	
group_6696	6.00E-02	3.90E-02	2.42E-01	-1.67E-01	1.43E-01	6.77E-02	
fixA	6.00E-02	2.36E-04	9.72E-01	-6.96E-03	2.00E-01	2.02E-03	
group_5865	6.00E-02	9.27E-03	1.61E-02	-3.81E-01	1.57E-01	1.39E-01	
group_5097	6.00E-02	3.23E-01	8.85E-01	-1.67E-02	1.16E-01	8.38E-03	
group_5040	6.00E-02	5.33E-01	1.91E-01	1.68E-01	1.28E-01	7.57E-02	
group_4858	6.00E-02	9.27E-03	1.61E-02	-3.81E-01	1.57E-01	1.39E-01	
group_4854	6.00E-02	6.52E-01	8.87E-01	1.66E-02	1.17E-01	8.22E-03	
tssE	6.00E-02	2.50E-05	6.91E-01	-2.06E-01	5.18E-01	2.30E-02	
group_4821	6.00E-02	9.27E-03	1.61E-02	-3.81E-01	1.57E-01	1.39E-01	
cas1e	6.00E-02	1.27E-01	7.43E-01	-4.49E-02	1.37E-01	1.90E-02	
cas7e	6.00E-02	1.27E-01	7.43E-01	-4.49E-02	1.37E-01	1.90E-02	
group_3750	6.00E-02	9.27E-03	1.61E-02	-3.81E-01	1.57E-01	1.39E-01	
group_3588	6.00E-02	9.27E-03	1.61E-02	-3.81E-01	1.57E-01	1.39E-01	
group_3504	6.00E-02	9.27E-03	1.61E-02	-3.81E-01	1.57E-01	1.39E-01	
cas6e	6.00E-02	1.27E-01	7.43E-01	-4.49E-02	1.37E-01	1.90E-02	
group_3378	6.00E-02	9.27E-03	1.61E-02	-3.81E-01	1.57E-01	1.39E-01	
casB	6.00E-02	1.27E-01	7.43E-01	-4.49E-02	1.37E-01	1.90E-02	
group_3256	6.00E-02	1.27E-01	7.43E-01	-4.49E-02	1.37E-01	1.90E-02	
group_3183	6.00E-02	9.27E-03	1.61E-02	-3.81E-01	1.57E-01	1.39E-01	
group_2925	6.00E-02	2.50E-05	6.91E-01	-2.06E-01	5.18E-01	2.30E-02	
casA	6.00E-02	1.27E-01	7.43E-01	-4.49E-02	1.37E-01	1.90E-02	
group_2620	6.00E-02	9.27E-03	1.61E-02	-3.81E-01	1.57E-01	1.39E-01	
group_533	6.00E-02	3.90E-02	2.42E-01	-1.67E-01	1.43E-01	6.77E-02	
group_23669	5.67E-02	8.42E-02	7.13E-01	-7.88E-02	2.14E-01	2.13E-02	
group_23158	5.33E-02	3.67E-01	6.03E-01	6.76E-02	1.30E-01	3.02E-02	
group_23047	5.67E-02	3.24E-02	4.73E-02	2.54E-01	1.27E-01	1.15E-01	bad-chisq
group_23024	5.67E-02	7.12E-03	7.38E-01	3.22E-02	9.60E-02	1.94E-02	bad-chisq
group_21845	5.67E-02	5.34E-01	2.28E-02	3.97E-01	1.73E-01	1.31E-01	
group_21739	5.67E-02	4.66E-07	2.38E-04	-4.70E-01	1.26E-01	2.11E-01	
group_21170	5.67E-02	5.34E-01	6.47E-01	5.45E-02	1.19E-01	2.65E-02	
group_21168	5.67E-02	5.34E-01	6.47E-01	5.45E-02	1.19E-01	2.65E-02	
group_20563	5.67E-02	7.16E-04	9.89E-01	7.15E-03	5.10E-01	8.12E-04	
group_19753	5.67E-02	2.27E-02	5.57E-01	1.68E-01	2.86E-01	3.41E-02	
group_19743	5.67E-02	5.34E-01	3.71E-02	-2.66E-01	1.27E-01	1.20E-01	
group_19687	5.67E-02	4.64E-03	5.52E-01	-1.11E-01	1.86E-01	3.45E-02	
group_19508	5.67E-02	2.27E-02	8.88E-01	-1.82E-02	1.30E-01	8.14E-03	
group_19470	5.67E-02	8.42E-02	3.50E-01	-1.16E-01	1.24E-01	5.41E-02	
group_19344	5.67E-02	2.27E-02	8.16E-01	-2.85E-02	1.22E-01	1.35E-02	
group_19271	5.67E-02	8.42E-02	2.97E-01	-1.17E-01	1.12E-01	6.04E-02	
group_19193	5.33E-02	8.14E-01	8.79E-01	-1.75E-02	1.15E-01	8.83E-03	
group_19022	5.67E-02	4.64E-03	8.27E-01	-2.83E-02	1.29E-01	1.27E-02	
group_19017	5.33E-02	1.70E-01	3.80E-02	-2.40E-01	1.15E-01	1.20E-01	
group_19010	5.67E-02	4.64E-03	8.27E-01	-2.83E-02	1.29E-01	1.27E-02	
group_18992	5.67E-02	4.64E-03	8.27E-01	-2.83E-02	1.29E-01	1.27E-02	
group_18991	5.67E-02	4.64E-03	8.27E-01	-2.83E-02	1.29E-01	1.27E-02	
group_18929	5.67E-02	4.64E-03	8.27E-01	-2.83E-02	1.29E-01	1.27E-02	
group_18928	5.67E-02	4.64E-03	8.27E-01	-2.83E-02	1.29E-01	1.27E-02	
group_18925	5.67E-02	7.16E-04	6.12E-01	2.47E-01	4.88E-01	2.94E-02	
group_18924	5.67E-02	7.16E-04	6.12E-01	2.47E-01	4.88E-01	2.94E-02	
group_18880	5.67E-02	4.64E-03	8.27E-01	-2.83E-02	1.29E-01	1.27E-02	
group_18876	5.67E-02	7.16E-04	6.12E-01	2.47E-01	4.88E-01	2.94E-02	
group_18875	5.67E-02	7.16E-04	6.12E-01	2.47E-01	4.88E-01	2.94E-02	
group_18811	5.67E-02	4.64E-03	8.27E-01	-2.83E-02	1.29E-01	1.27E-02	
group_18792	5.67E-02	5.34E-01	5.59E-01	-6.60E-02	1.13E-01	3.39E-02	
group_18729	5.67E-02	4.64E-03	8.27E-01	-2.83E-02	1.29E-01	1.27E-02	
group_18728	5.67E-02	4.64E-03	8.27E-01	-2.83E-02	1.29E-01	1.27E-02	
group_18709	5.67E-02	5.34E-01	5.59E-01	-6.60E-02	1.13E-01	3.39E-02	
group_18647	5.67E-02	4.64E-03	8.27E-01	-2.83E-02	1.29E-01	1.27E-02	
group_18633	5.67E-02	5.34E-01	3.52E-01	-1.07E-01	1.15E-01	5.39E-02	
group_18616	5.67E-02	5.34E-01	5.59E-01	-6.60E-02	1.13E-01	3.39E-02	
group_18615	5.67E-02	5.34E-01	5.59E-01	-6.60E-02	1.13E-01	3.39E-02	
group_18504	5.67E-02	5.34E-01	3.52E-01	-1.07E-01	1.15E-01	5.39E-02	
group_18486	5.67E-02	5.34E-01	5.59E-01	-6.60E-02	1.13E-01	3.39E-02	
group_18485	5.67E-02	5.34E-01	5.59E-01	-6.60E-02	1.13E-01	3.39E-02	
group_18410	5.67E-02	7.16E-04	7.90E-01	-1.84E-01	6.87E-01	1.55E-02	
pilQ	5.67E-02	5.34E-01	5.59E-01	-6.60E-02	1.13E-01	3.39E-02	
group_18351	5.67E-02	5.34E-01	5.59E-01	-6.60E-02	1.13E-01	3.39E-02	
group_18153	5.67E-02	5.34E-01	5.59E-01	-6.60E-02	1.13E-01	3.39E-02	
group_18152	5.67E-02	5.34E-01	5.59E-01	-6.60E-02	1.13E-01	3.39E-02	
group_17917	5.67E-02	5.34E-01	5.59E-01	-6.60E-02	1.13E-01	3.39E-02	
group_17912	5.67E-02	5.34E-01	5.59E-01	-6.60E-02	1.13E-01	3.39E-02	
group_17770	5.67E-02	2.40E-01	9.43E-03	-3.28E-01	1.26E-01	1.50E-01	
group_17649	5.67E-02	5.34E-01	5.59E-01	-6.60E-02	1.13E-01	3.39E-02	
group_17589	5.67E-02	5.34E-01	5.59E-01	-6.60E-02	1.13E-01	3.39E-02	
group_17499	5.67E-02	7.16E-04	8.77E-01	-6.23E-02	4.02E-01	8.97E-03	
group_17136	5.67E-02	5.34E-01	5.59E-01	-6.60E-02	1.13E-01	3.39E-02	
group_16916	5.67E-02	5.34E-01	5.59E-01	-6.60E-02	1.13E-01	3.39E-02	
klcA	5.67E-02	7.16E-04	3.60E-01	-1.33E-01	1.45E-01	5.30E-02	
group_16525	5.67E-02	4.64E-03	8.27E-01	-2.83E-02	1.29E-01	1.27E-02	
group_16461	5.67E-02	2.27E-02	5.59E-02	-2.47E-01	1.29E-01	1.11E-01	
group_16445	5.67E-02	5.34E-01	5.59E-01	-6.60E-02	1.13E-01	3.39E-02	
group_16216	5.67E-02	5.34E-01	5.59E-01	-6.60E-02	1.13E-01	3.39E-02	
group_16215	5.67E-02	5.34E-01	4.77E-01	8.37E-02	1.18E-01	4.12E-02	
group_16192	5.67E-02	2.27E-02	4.37E-01	1.45E-01	1.87E-01	4.50E-02	
group_16155	5.67E-02	5.34E-01	5.59E-01	-6.60E-02	1.13E-01	3.39E-02	
group_16154	5.67E-02	5.34E-01	5.59E-01	-6.60E-02	1.13E-01	3.39E-02	
group_16117	5.67E-02	9.44E-01	4.38E-02	3.33E-01	1.64E-01	1.16E-01	
group_15436	5.67E-02	7.16E-04	9.89E-01	7.15E-03	5.10E-01	8.12E-04	
group_15307	5.67E-02	7.16E-04	3.64E-01	-1.07E-01	1.17E-01	5.26E-02	
group_14252	5.67E-02	5.34E-01	1.06E-01	-2.19E-01	1.35E-01	9.35E-02	
group_14145	5.67E-02	1.13E-01	2.46E-02	2.54E-01	1.12E-01	1.30E-01	
group_13925	5.67E-02	2.40E-01	3.42E-02	-2.95E-01	1.38E-01	1.22E-01	
rmuC	5.67E-02	7.16E-04	7.90E-01	-1.84E-01	6.87E-01	1.55E-02	
icmH~~~dotU	5.67E-02	8.30E-05	8.95E-01	-4.58E-02	3.47E-01	7.66E-03	
group_12000	5.67E-02	5.34E-01	4.40E-01	-1.21E-01	1.57E-01	4.48E-02	
traR	5.67E-02	4.64E-03	8.27E-01	-2.83E-02	1.29E-01	1.27E-02	
uxaA	5.67E-02	2.24E-08	3.47E-01	-3.11E-01	3.30E-01	5.45E-02	
traI~~~mobH	5.67E-02	5.34E-01	5.59E-01	-6.60E-02	1.13E-01	3.39E-02	
group_11286	5.67E-02	9.44E-01	4.28E-01	1.10E-01	1.39E-01	4.60E-02	
group_11056	5.67E-02	8.42E-02	7.13E-01	-7.88E-02	2.14E-01	2.13E-02	
group_10531	5.67E-02	5.34E-01	5.59E-01	-6.60E-02	1.13E-01	3.39E-02	
group_8663	5.67E-02	5.34E-01	5.59E-01	-6.60E-02	1.13E-01	3.39E-02	
group_8461	5.67E-02	5.34E-01	4.40E-01	-1.21E-01	1.57E-01	4.48E-02	
group_8196	5.67E-02	1.13E-01	2.46E-02	2.54E-01	1.12E-01	1.30E-01	
group_7937	5.67E-02	8.42E-02	9.63E-01	8.80E-03	1.89E-01	2.69E-03	
group_7716	5.67E-02	8.42E-02	7.61E-01	-3.45E-02	1.13E-01	1.76E-02	
group_7492	5.67E-02	6.30E-01	2.77E-01	1.27E-01	1.17E-01	6.30E-02	
group_7480	5.67E-02	5.34E-01	9.98E-01	-2.42E-04	1.13E-01	1.24E-04	
group_7408	5.33E-02	2.53E-05	3.06E-04	-4.70E-01	1.29E-01	2.07E-01	
group_7203	5.67E-02	2.40E-01	4.01E-01	1.31E-01	1.56E-01	4.87E-02	
bamD	5.67E-02	8.30E-05	8.58E-01	-6.30E-02	3.51E-01	1.04E-02	
group_6122	5.67E-02	2.40E-01	7.48E-01	-7.32E-02	2.27E-01	1.87E-02	
tfdA	5.67E-02	5.34E-01	9.98E-01	-2.42E-04	1.13E-01	1.24E-04	
group_5814	5.67E-02	8.42E-02	5.61E-01	-7.23E-02	1.24E-01	3.37E-02	
group_4374	5.33E-02	1.42E-01	1.32E-01	2.17E-01	1.44E-01	8.72E-02	
dnrC	5.67E-02	8.42E-02	7.13E-01	-7.88E-02	2.14E-01	2.13E-02	
group_4105	5.67E-02	8.42E-02	7.13E-01	-7.88E-02	2.14E-01	2.13E-02	
group_4040	5.67E-02	2.40E-01	4.36E-01	1.52E-01	1.95E-01	4.52E-02	
group_3624	5.67E-02	9.44E-01	4.55E-01	1.31E-01	1.75E-01	4.33E-02	
acrR	5.67E-02	8.42E-02	7.13E-01	-7.88E-02	2.14E-01	2.13E-02	
group_3128	5.67E-02	9.44E-01	7.73E-01	4.19E-02	1.45E-01	1.68E-02	
group_2915	5.67E-02	5.34E-01	4.40E-01	-1.21E-01	1.57E-01	4.48E-02	
group_2755	5.67E-02	2.40E-01	4.36E-01	1.52E-01	1.95E-01	4.52E-02	
group_1633	5.67E-02	9.44E-01	4.55E-01	1.31E-01	1.75E-01	4.33E-02	
group_1198	5.67E-02	9.44E-01	7.73E-01	4.19E-02	1.45E-01	1.68E-02	
group_696	5.67E-02	9.44E-01	4.55E-01	1.31E-01	1.75E-01	4.33E-02	
group_27438	5.33E-02	2.53E-05	4.10E-02	-4.66E-01	2.27E-01	1.18E-01	
group_24353	5.33E-02	4.16E-02	4.26E-01	1.26E-01	1.58E-01	4.61E-02	bad-chisq
group_24348	5.33E-02	3.67E-01	2.89E-01	1.23E-01	1.16E-01	6.15E-02	
group_24327	5.33E-02	4.16E-02	4.26E-01	1.26E-01	1.58E-01	4.61E-02	bad-chisq
group_23792	5.33E-02	2.10E-03	9.17E-01	-8.32E-02	7.98E-01	6.04E-03	
group_23465	5.33E-02	4.16E-02	4.26E-01	1.26E-01	1.58E-01	4.61E-02	bad-chisq
group_23464	5.33E-02	4.16E-02	4.26E-01	1.26E-01	1.58E-01	4.61E-02	bad-chisq
group_22301	5.33E-02	4.16E-02	4.26E-01	1.26E-01	1.58E-01	4.61E-02	bad-chisq
group_22265	5.33E-02	2.10E-03	9.17E-01	-8.32E-02	7.98E-01	6.04E-03	
group_22219	5.33E-02	4.16E-02	4.26E-01	1.26E-01	1.58E-01	4.61E-02	bad-chisq
group_22072	5.33E-02	2.10E-03	2.70E-02	-4.20E-01	1.89E-01	1.28E-01	
group_21456	5.33E-02	4.16E-02	4.26E-01	1.26E-01	1.58E-01	4.61E-02	bad-chisq
group_21343	5.33E-02	4.16E-02	4.26E-01	1.26E-01	1.58E-01	4.61E-02	bad-chisq
group_21342	5.33E-02	4.16E-02	4.26E-01	1.26E-01	1.58E-01	4.61E-02	bad-chisq
group_21341	5.33E-02	4.16E-02	4.26E-01	1.26E-01	1.58E-01	4.61E-02	bad-chisq
group_21318	5.33E-02	4.16E-02	4.26E-01	1.26E-01	1.58E-01	4.61E-02	bad-chisq
group_21110	5.33E-02	4.22E-01	2.34E-01	4.57E-01	3.83E-01	6.89E-02	
group_21078	5.33E-02	2.10E-03	9.17E-01	-8.32E-02	7.98E-01	6.04E-03	
group_21025	5.33E-02	2.10E-03	8.81E-01	7.93E-02	5.27E-01	8.71E-03	
group_20988	5.33E-02	2.10E-03	9.17E-01	-8.32E-02	7.98E-01	6.04E-03	
group_20934	5.33E-02	2.10E-03	9.17E-01	-8.32E-02	7.98E-01	6.04E-03	
group_20894	5.33E-02	2.10E-03	1.48E-02	-2.85E-01	1.16E-01	1.41E-01	
group_20881	5.33E-02	2.10E-03	9.17E-01	-8.32E-02	7.98E-01	6.04E-03	
group_20858	5.33E-02	2.10E-03	9.17E-01	-8.32E-02	7.98E-01	6.04E-03	
group_20857	5.33E-02	2.10E-03	9.17E-01	-8.32E-02	7.98E-01	6.04E-03	
group_20819	5.33E-02	2.10E-03	9.17E-01	-8.32E-02	7.98E-01	6.04E-03	
mdtN~~~emrA	5.33E-02	2.10E-03	9.17E-01	-8.32E-02	7.98E-01	6.04E-03	
group_20767	5.33E-02	2.10E-03	9.17E-01	-8.32E-02	7.98E-01	6.04E-03	
group_20766	5.33E-02	2.10E-03	9.17E-01	-8.32E-02	7.98E-01	6.04E-03	
group_20722	5.33E-02	2.10E-03	9.17E-01	-8.32E-02	7.98E-01	6.04E-03	
group_20721	5.33E-02	2.10E-03	9.17E-01	-8.32E-02	7.98E-01	6.04E-03	
group_20659	5.33E-02	2.10E-03	9.17E-01	-8.32E-02	7.98E-01	6.04E-03	
tagF	5.33E-02	2.68E-04	9.05E-01	-5.49E-02	4.62E-01	6.89E-03	
group_20612	5.33E-02	2.10E-03	9.17E-01	-8.32E-02	7.98E-01	6.04E-03	
group_20576	5.33E-02	4.22E-01	3.87E-01	-1.02E-01	1.18E-01	5.01E-02	
group_20573	5.33E-02	4.22E-01	3.87E-01	-1.02E-01	1.18E-01	5.01E-02	
group_20571	5.33E-02	4.22E-01	3.87E-01	-1.02E-01	1.18E-01	5.01E-02	
tssM	5.33E-02	2.68E-04	9.05E-01	-5.49E-02	4.62E-01	6.89E-03	
group_20532	5.33E-02	2.68E-04	9.05E-01	-5.49E-02	4.62E-01	6.89E-03	
group_20531	5.33E-02	2.68E-04	9.05E-01	-5.49E-02	4.62E-01	6.89E-03	
group_20530	5.33E-02	2.68E-04	9.05E-01	-5.49E-02	4.62E-01	6.89E-03	
group_20525	5.33E-02	2.10E-03	9.17E-01	-8.32E-02	7.98E-01	6.04E-03	
group_20522	5.33E-02	2.10E-03	9.17E-01	-8.32E-02	7.98E-01	6.04E-03	
group_20433	5.33E-02	4.22E-01	3.87E-01	-1.02E-01	1.18E-01	5.01E-02	
group_20432	5.33E-02	4.22E-01	3.87E-01	-1.02E-01	1.18E-01	5.01E-02	
group_20419	5.33E-02	2.10E-03	8.52E-01	6.85E-02	3.68E-01	1.08E-02	
group_20367	5.33E-02	2.68E-04	9.05E-01	-5.49E-02	4.62E-01	6.89E-03	
group_20352	5.33E-02	2.10E-03	8.81E-01	7.93E-02	5.27E-01	8.71E-03	
group_20345	5.33E-02	2.10E-03	9.17E-01	-8.32E-02	7.98E-01	6.04E-03	
group_20344	5.33E-02	2.10E-03	9.17E-01	-8.32E-02	7.98E-01	6.04E-03	
group_20251	5.33E-02	3.67E-01	6.56E-01	5.14E-02	1.15E-01	2.58E-02	
group_20239	5.33E-02	4.22E-01	3.87E-01	-1.02E-01	1.18E-01	5.01E-02	
group_20229	5.33E-02	4.22E-01	3.87E-01	-1.02E-01	1.18E-01	5.01E-02	
group_20125	5.33E-02	2.10E-03	9.17E-01	-8.32E-02	7.98E-01	6.04E-03	
group_20108	5.33E-02	2.10E-03	9.17E-01	-8.32E-02	7.98E-01	6.04E-03	
group_20107	5.33E-02	2.10E-03	9.17E-01	-8.32E-02	7.98E-01	6.04E-03	
group_20106	5.33E-02	2.10E-03	9.17E-01	-8.32E-02	7.98E-01	6.04E-03	
group_20072	5.33E-02	1.22E-02	9.33E-01	-1.58E-02	1.89E-01	4.85E-03	
group_19997	5.33E-02	4.16E-02	4.26E-01	1.26E-01	1.58E-01	4.61E-02	bad-chisq
group_19996	5.33E-02	2.10E-03	9.17E-01	-8.32E-02	7.98E-01	6.04E-03	
group_19995	5.33E-02	2.10E-03	9.17E-01	-8.32E-02	7.98E-01	6.04E-03	
group_19772	5.33E-02	2.10E-03	9.17E-01	-8.32E-02	7.98E-01	6.04E-03	
group_19742	5.33E-02	2.10E-03	9.17E-01	-8.32E-02	7.98E-01	6.04E-03	
group_19567	5.33E-02	5.24E-02	1.00E-01	-2.24E-01	1.36E-01	9.51E-02	
group_19518	5.33E-02	4.22E-01	8.99E-01	-1.73E-02	1.36E-01	7.36E-03	
group_19397	5.33E-02	2.10E-03	9.17E-01	-8.32E-02	7.98E-01	6.04E-03	
group_19388	5.33E-02	2.10E-03	9.17E-01	-8.32E-02	7.98E-01	6.04E-03	
group_19360	5.33E-02	2.10E-03	8.81E-01	7.93E-02	5.27E-01	8.71E-03	
group_19275	5.33E-02	2.10E-03	9.17E-01	-8.32E-02	7.98E-01	6.04E-03	
group_19274	5.33E-02	2.10E-03	9.17E-01	-8.32E-02	7.98E-01	6.04E-03	
group_19273	5.33E-02	2.10E-03	9.17E-01	-8.32E-02	7.98E-01	6.04E-03	
group_19260	5.33E-02	2.68E-04	5.19E-01	-2.78E-01	4.31E-01	3.74E-02	
yCII~~~yciI	5.33E-02	1.70E-01	4.35E-01	2.25E-01	2.87E-01	4.53E-02	
group_19168	5.33E-02	1.70E-01	6.56E-01	-5.12E-02	1.15E-01	2.58E-02	
group_19118	5.33E-02	4.16E-02	4.26E-01	1.26E-01	1.58E-01	4.61E-02	bad-chisq
group_19019	5.33E-02	2.10E-03	9.17E-01	-8.32E-02	7.98E-01	6.04E-03	
group_19018	5.33E-02	2.10E-03	9.17E-01	-8.32E-02	7.98E-01	6.04E-03	
group_19007	5.33E-02	2.10E-03	9.17E-01	-8.32E-02	7.98E-01	6.04E-03	
group_18987	5.33E-02	2.10E-03	9.17E-01	-8.32E-02	7.98E-01	6.04E-03	
group_18986	5.33E-02	2.10E-03	9.17E-01	-8.32E-02	7.98E-01	6.04E-03	
group_18951	5.33E-02	2.10E-03	9.17E-01	-8.32E-02	7.98E-01	6.04E-03	
dppC~~~gsiD	5.33E-02	2.10E-03	9.17E-01	-8.32E-02	7.98E-01	6.04E-03	
group_18917	5.33E-02	4.22E-01	4.98E-01	-7.97E-02	1.17E-01	3.93E-02	
group_18911	5.33E-02	2.10E-03	9.17E-01	-8.32E-02	7.98E-01	6.04E-03	
ddpD~~~dppD~~~gsiA	5.33E-02	2.10E-03	9.17E-01	-8.32E-02	7.98E-01	6.04E-03	
group_18910	5.33E-02	2.10E-03	9.17E-01	-8.32E-02	7.98E-01	6.04E-03	
group_18866	5.33E-02	2.10E-03	9.17E-01	-8.32E-02	7.98E-01	6.04E-03	
group_18864	5.33E-02	4.22E-01	4.98E-01	-7.97E-02	1.17E-01	3.93E-02	
group_18863	5.33E-02	4.22E-01	4.98E-01	-7.97E-02	1.17E-01	3.93E-02	
group_18824	5.33E-02	2.10E-03	4.58E-01	3.80E-01	5.12E-01	4.30E-02	
group_18797	5.33E-02	2.10E-03	9.17E-01	-8.32E-02	7.98E-01	6.04E-03	
group_18784	5.33E-02	2.10E-03	9.17E-01	-8.32E-02	7.98E-01	6.04E-03	
group_18770	5.33E-02	2.10E-03	9.17E-01	-8.32E-02	7.98E-01	6.04E-03	
urcA	5.33E-02	2.10E-03	9.17E-01	-8.32E-02	7.98E-01	6.04E-03	
group_18733	5.33E-02	1.42E-01	4.61E-01	9.66E-02	1.31E-01	4.27E-02	
group_18706	5.33E-02	2.10E-03	9.17E-01	-8.32E-02	7.98E-01	6.04E-03	
group_18705	5.33E-02	2.10E-03	9.17E-01	-8.32E-02	7.98E-01	6.04E-03	
group_18691	5.33E-02	2.10E-03	9.17E-01	-8.32E-02	7.98E-01	6.04E-03	
group_18690	5.33E-02	2.10E-03	9.17E-01	-8.32E-02	7.98E-01	6.04E-03	
group_18689	5.33E-02	2.10E-03	9.17E-01	-8.32E-02	7.98E-01	6.04E-03	
group_18639	5.33E-02	1.22E-02	1.86E-01	3.15E-01	2.38E-01	7.66E-02	
amiA2	5.33E-02	1.22E-02	1.86E-01	3.15E-01	2.38E-01	7.66E-02	
group_18611	5.33E-02	2.10E-03	9.17E-01	-8.32E-02	7.98E-01	6.04E-03	
group_18582	5.33E-02	2.10E-03	9.17E-01	-8.32E-02	7.98E-01	6.04E-03	
group_18578	5.33E-02	2.10E-03	9.17E-01	-8.32E-02	7.98E-01	6.04E-03	
group_18574	5.33E-02	2.10E-03	9.17E-01	-8.32E-02	7.98E-01	6.04E-03	
group_18546	5.33E-02	1.70E-01	4.04E-01	3.40E-01	4.07E-01	4.83E-02	
tagJ~~~impE	5.33E-02	1.70E-01	4.04E-01	3.40E-01	4.07E-01	4.83E-02	
group_18512	5.33E-02	1.22E-02	1.86E-01	3.15E-01	2.38E-01	7.66E-02	
group_18480	5.33E-02	5.24E-02	8.36E-01	6.34E-02	3.06E-01	1.20E-02	
group_18477	5.33E-02	2.10E-03	9.17E-01	-8.32E-02	7.98E-01	6.04E-03	
group_18442	5.33E-02	2.10E-03	9.17E-01	-8.32E-02	7.98E-01	6.04E-03	
group_18439	5.33E-02	2.10E-03	9.17E-01	-8.32E-02	7.98E-01	6.04E-03	
group_18438	5.33E-02	2.10E-03	9.17E-01	-8.32E-02	7.98E-01	6.04E-03	
group_18430	5.33E-02	2.10E-03	9.17E-01	-8.32E-02	7.98E-01	6.04E-03	
group_18414	5.33E-02	1.70E-01	4.04E-01	3.40E-01	4.07E-01	4.83E-02	
group_18413	5.33E-02	1.70E-01	4.04E-01	3.40E-01	4.07E-01	4.83E-02	
group_18345	5.33E-02	2.10E-03	9.17E-01	-8.32E-02	7.98E-01	6.04E-03	
group_18344	5.33E-02	5.24E-02	8.36E-01	6.34E-02	3.06E-01	1.20E-02	
group_18342	5.33E-02	2.10E-03	9.17E-01	-8.32E-02	7.98E-01	6.04E-03	
group_18289	5.33E-02	2.10E-03	9.17E-01	-8.32E-02	7.98E-01	6.04E-03	
group_18288	5.33E-02	2.10E-03	9.17E-01	-8.32E-02	7.98E-01	6.04E-03	
group_18281	5.33E-02	2.10E-03	9.17E-01	-8.32E-02	7.98E-01	6.04E-03	
group_18280	5.33E-02	2.10E-03	9.17E-01	-8.32E-02	7.98E-01	6.04E-03	
group_18269	5.33E-02	2.10E-03	9.17E-01	-8.32E-02	7.98E-01	6.04E-03	
group_18244	5.33E-02	1.70E-01	4.04E-01	3.40E-01	4.07E-01	4.83E-02	
tssH~~~clpV1	5.33E-02	1.70E-01	4.04E-01	3.40E-01	4.07E-01	4.83E-02	
group_18200	5.33E-02	2.10E-03	9.17E-01	-8.32E-02	7.98E-01	6.04E-03	
group_18191	5.33E-02	4.22E-01	3.93E-01	-9.69E-02	1.13E-01	4.95E-02	
cysL~~~lysR	5.33E-02	2.10E-03	9.17E-01	-8.32E-02	7.98E-01	6.04E-03	
group_18121	5.33E-02	2.68E-04	5.31E-01	-2.14E-01	3.41E-01	3.64E-02	
group_18102	5.33E-02	2.10E-03	9.17E-01	-8.32E-02	7.98E-01	6.04E-03	
group_18091	5.33E-02	2.10E-03	9.17E-01	-8.32E-02	7.98E-01	6.04E-03	
group_18052	5.33E-02	7.39E-01	7.15E-01	5.30E-02	1.45E-01	2.12E-02	
group_18050	5.33E-02	8.14E-01	1.99E-01	-1.46E-01	1.13E-01	7.44E-02	
group_18048	5.33E-02	4.22E-01	2.15E-02	-3.07E-01	1.33E-01	1.33E-01	
group_18046	5.33E-02	1.70E-01	4.04E-01	3.40E-01	4.07E-01	4.83E-02	
group_18042	5.33E-02	1.70E-01	4.04E-01	3.40E-01	4.07E-01	4.83E-02	
group_18023	5.33E-02	2.10E-03	9.17E-01	-8.32E-02	7.98E-01	6.04E-03	
group_17982	5.33E-02	2.10E-03	9.17E-01	-8.32E-02	7.98E-01	6.04E-03	
eexN~~~traG	5.00E-02	6.82E-01	7.75E-01	-3.39E-02	1.18E-01	1.66E-02	
group_17977	5.00E-02	6.82E-01	7.75E-01	-3.39E-02	1.18E-01	1.66E-02	
group_17970	5.33E-02	2.10E-03	9.17E-01	-8.32E-02	7.98E-01	6.04E-03	
group_17930	5.33E-02	2.10E-03	9.17E-01	-8.32E-02	7.98E-01	6.04E-03	
group_17923	5.33E-02	5.24E-02	4.15E-01	-9.62E-02	1.18E-01	4.72E-02	
group_17902	5.33E-02	2.10E-03	9.17E-01	-8.32E-02	7.98E-01	6.04E-03	
group_17898	5.33E-02	2.10E-03	9.17E-01	-8.32E-02	7.98E-01	6.04E-03	
group_17827	5.33E-02	2.10E-03	9.17E-01	-8.32E-02	7.98E-01	6.04E-03	
group_17820	5.33E-02	2.10E-03	9.17E-01	-8.32E-02	7.98E-01	6.04E-03	
group_17759	5.33E-02	1.70E-01	4.04E-01	3.40E-01	4.07E-01	4.83E-02	
tssK1~~~tssK	5.33E-02	1.70E-01	4.04E-01	3.40E-01	4.07E-01	4.83E-02	
group_17692	5.33E-02	2.10E-03	9.17E-01	-8.32E-02	7.98E-01	6.04E-03	
group_17673	5.33E-02	2.10E-03	9.17E-01	-8.32E-02	7.98E-01	6.04E-03	
group_17671	5.33E-02	2.10E-03	9.17E-01	-8.32E-02	7.98E-01	6.04E-03	
group_17616	5.33E-02	2.10E-03	9.17E-01	-8.32E-02	7.98E-01	6.04E-03	
group_17576	5.33E-02	2.10E-03	9.17E-01	-8.32E-02	7.98E-01	6.04E-03	
group_17571	5.33E-02	2.10E-03	9.17E-01	-8.32E-02	7.98E-01	6.04E-03	
group_17500	5.33E-02	2.10E-03	9.17E-01	-8.32E-02	7.98E-01	6.04E-03	
group_17485	5.33E-02	2.10E-03	9.17E-01	-8.32E-02	7.98E-01	6.04E-03	
group_17484	5.33E-02	2.10E-03	9.17E-01	-8.32E-02	7.98E-01	6.04E-03	
comP	5.33E-02	2.10E-03	9.17E-01	-8.32E-02	7.98E-01	6.04E-03	
group_17399	5.33E-02	1.70E-01	4.04E-01	3.40E-01	4.07E-01	4.83E-02	
icmF~~~tssM	5.33E-02	1.70E-01	4.04E-01	3.40E-01	4.07E-01	4.83E-02	
group_17271	5.33E-02	2.10E-03	9.17E-01	-8.32E-02	7.98E-01	6.04E-03	
betB	5.33E-02	2.10E-03	9.17E-01	-8.32E-02	7.98E-01	6.04E-03	
group_17239	5.00E-02	6.82E-01	1.62E-01	-1.61E-01	1.15E-01	8.09E-02	
group_17176	5.33E-02	2.10E-03	9.17E-01	-8.32E-02	7.98E-01	6.04E-03	
group_17116	5.33E-02	2.10E-03	9.17E-01	-8.32E-02	7.98E-01	6.04E-03	
group_17074	5.33E-02	2.10E-03	9.17E-01	-8.32E-02	7.98E-01	6.04E-03	
group_17004	5.33E-02	2.10E-03	9.17E-01	-8.32E-02	7.98E-01	6.04E-03	
group_16967	5.33E-02	2.10E-03	9.17E-01	-8.32E-02	7.98E-01	6.04E-03	
group_16966	5.33E-02	2.10E-03	9.17E-01	-8.32E-02	7.98E-01	6.04E-03	
group_16856	5.33E-02	2.10E-03	9.17E-01	-8.32E-02	7.98E-01	6.04E-03	
tagF~~~sciT	5.33E-02	1.70E-01	4.04E-01	3.40E-01	4.07E-01	4.83E-02	
yjcC	5.33E-02	2.10E-03	9.17E-01	-8.32E-02	7.98E-01	6.04E-03	
group_16653	5.33E-02	2.10E-03	9.17E-01	-8.32E-02	7.98E-01	6.04E-03	
group_16598	5.33E-02	4.22E-01	5.37E-01	7.79E-02	1.26E-01	3.58E-02	
group_16529	5.33E-02	2.10E-03	9.17E-01	-8.32E-02	7.98E-01	6.04E-03	
group_16508	5.33E-02	5.24E-02	9.59E-01	6.86E-03	1.32E-01	3.01E-03	
group_16477	5.00E-02	3.19E-01	7.31E-02	-2.20E-01	1.22E-01	1.04E-01	
ytfP	5.33E-02	2.10E-03	9.17E-01	-8.32E-02	7.98E-01	6.04E-03	
clpB	5.33E-02	2.10E-03	9.17E-01	-8.32E-02	7.98E-01	6.04E-03	
group_16283	5.00E-02	3.19E-01	7.31E-02	-2.20E-01	1.22E-01	1.04E-01	
group_15949	5.33E-02	2.10E-03	9.17E-01	-8.32E-02	7.98E-01	6.04E-03	
group_15934	5.33E-02	2.10E-03	9.17E-01	-8.32E-02	7.98E-01	6.04E-03	
group_15915	5.33E-02	2.10E-03	9.17E-01	-8.32E-02	7.98E-01	6.04E-03	
group_15853	5.33E-02	2.10E-03	9.17E-01	-8.32E-02	7.98E-01	6.04E-03	
group_15822	5.33E-02	2.10E-03	9.17E-01	-8.32E-02	7.98E-01	6.04E-03	
group_15803	5.33E-02	2.10E-03	9.17E-01	-8.32E-02	7.98E-01	6.04E-03	
group_15791	5.33E-02	2.10E-03	9.17E-01	-8.32E-02	7.98E-01	6.04E-03	
group_15754	5.33E-02	2.10E-03	9.17E-01	-8.32E-02	7.98E-01	6.04E-03	
group_15738	5.33E-02	2.10E-03	9.17E-01	-8.32E-02	7.98E-01	6.04E-03	
group_15702	5.33E-02	2.10E-03	9.17E-01	-8.32E-02	7.98E-01	6.04E-03	
group_15691	5.33E-02	2.10E-03	9.17E-01	-8.32E-02	7.98E-01	6.04E-03	
group_15688	5.33E-02	2.10E-03	9.17E-01	-8.32E-02	7.98E-01	6.04E-03	
mug	5.33E-02	2.10E-03	9.17E-01	-8.32E-02	7.98E-01	6.04E-03	
group_15602	5.33E-02	2.10E-03	9.17E-01	-8.32E-02	7.98E-01	6.04E-03	
group_15582	5.33E-02	2.10E-03	9.17E-01	-8.32E-02	7.98E-01	6.04E-03	
group_15516	5.33E-02	2.10E-03	9.17E-01	-8.32E-02	7.98E-01	6.04E-03	
group_15505	5.33E-02	2.10E-03	9.17E-01	-8.32E-02	7.98E-01	6.04E-03	
nrfD	5.33E-02	2.10E-03	9.17E-01	-8.32E-02	7.98E-01	6.04E-03	
group_15470	5.33E-02	2.10E-03	9.17E-01	-8.32E-02	7.98E-01	6.04E-03	
group_15428	5.33E-02	2.10E-03	9.17E-01	-8.32E-02	7.98E-01	6.04E-03	
group_15399	5.33E-02	2.10E-03	9.17E-01	-8.32E-02	7.98E-01	6.04E-03	
group_15390	5.33E-02	2.10E-03	9.17E-01	-8.32E-02	7.98E-01	6.04E-03	
group_15387	5.33E-02	1.22E-02	5.46E-01	-1.16E-01	1.92E-01	3.50E-02	
group_15346	5.33E-02	2.10E-03	9.17E-01	-8.32E-02	7.98E-01	6.04E-03	
group_15310	5.33E-02	2.10E-03	9.17E-01	-8.32E-02	7.98E-01	6.04E-03	
ccmI~~~ccmH	5.33E-02	2.10E-03	9.17E-01	-8.32E-02	7.98E-01	6.04E-03	
group_15231	5.33E-02	2.10E-03	9.17E-01	-8.32E-02	7.98E-01	6.04E-03	
group_15216	5.33E-02	2.10E-03	9.17E-01	-8.32E-02	7.98E-01	6.04E-03	
rhtA	5.33E-02	2.10E-03	9.17E-01	-8.32E-02	7.98E-01	6.04E-03	
group_15102	5.33E-02	2.10E-03	9.17E-01	-8.32E-02	7.98E-01	6.04E-03	
ydcJ	5.33E-02	2.10E-03	9.17E-01	-8.32E-02	7.98E-01	6.04E-03	
group_15030	5.33E-02	2.10E-03	9.17E-01	-8.32E-02	7.98E-01	6.04E-03	
group_15013	5.33E-02	2.10E-03	9.17E-01	-8.32E-02	7.98E-01	6.04E-03	
group_14996	5.33E-02	2.10E-03	9.17E-01	-8.32E-02	7.98E-01	6.04E-03	
group_14969	5.33E-02	2.10E-03	9.17E-01	-8.32E-02	7.98E-01	6.04E-03	
group_14942	5.33E-02	2.10E-03	9.17E-01	-8.32E-02	7.98E-01	6.04E-03	
group_14887	5.33E-02	2.10E-03	9.17E-01	-8.32E-02	7.98E-01	6.04E-03	
group_14838	5.33E-02	2.10E-03	9.17E-01	-8.32E-02	7.98E-01	6.04E-03	
group_14824	5.33E-02	2.10E-03	9.17E-01	-8.32E-02	7.98E-01	6.04E-03	
group_14783	5.33E-02	2.10E-03	9.17E-01	-8.32E-02	7.98E-01	6.04E-03	
group_14691	5.33E-02	2.10E-03	9.17E-01	-8.32E-02	7.98E-01	6.04E-03	
group_14634	5.33E-02	2.10E-03	9.17E-01	-8.32E-02	7.98E-01	6.04E-03	
group_14610	5.33E-02	2.10E-03	9.17E-01	-8.32E-02	7.98E-01	6.04E-03	
group_14545	5.33E-02	2.10E-03	9.17E-01	-8.32E-02	7.98E-01	6.04E-03	
styA	5.33E-02	2.10E-03	9.17E-01	-8.32E-02	7.98E-01	6.04E-03	
group_14508	5.33E-02	2.10E-03	9.17E-01	-8.32E-02	7.98E-01	6.04E-03	
group_14446	5.33E-02	4.22E-01	2.25E-01	-2.85E-01	2.34E-01	7.03E-02	
group_14432	5.33E-02	2.10E-03	9.17E-01	-8.32E-02	7.98E-01	6.04E-03	
group_14362	5.33E-02	2.10E-03	9.17E-01	-8.32E-02	7.98E-01	6.04E-03	
group_14327	5.33E-02	2.10E-03	9.17E-01	-8.32E-02	7.98E-01	6.04E-03	
group_14283	5.33E-02	4.22E-01	4.60E-01	-8.90E-02	1.20E-01	4.28E-02	
group_14258	5.33E-02	2.10E-03	9.17E-01	-8.32E-02	7.98E-01	6.04E-03	
group_14246	5.33E-02	2.10E-03	9.17E-01	-8.32E-02	7.98E-01	6.04E-03	
group_14228	5.33E-02	2.10E-03	9.17E-01	-8.32E-02	7.98E-01	6.04E-03	
group_14171	5.33E-02	4.22E-01	2.25E-01	-2.85E-01	2.34E-01	7.03E-02	
group_14156	5.33E-02	2.10E-03	9.17E-01	-8.32E-02	7.98E-01	6.04E-03	
group_14155	5.33E-02	2.10E-03	9.17E-01	-8.32E-02	7.98E-01	6.04E-03	
group_14079	5.33E-02	2.10E-03	9.17E-01	-8.32E-02	7.98E-01	6.04E-03	
group_14074	5.33E-02	2.10E-03	9.17E-01	-8.32E-02	7.98E-01	6.04E-03	
group_14068	5.00E-02	3.19E-01	7.31E-02	-2.20E-01	1.22E-01	1.04E-01	
group_14064	5.33E-02	5.24E-02	1.35E-02	-2.95E-01	1.19E-01	1.42E-01	
group_14034	5.33E-02	2.10E-03	9.17E-01	-8.32E-02	7.98E-01	6.04E-03	
cobW~~~yjiA	5.33E-02	2.10E-03	9.17E-01	-8.32E-02	7.98E-01	6.04E-03	
group_13917	5.33E-02	2.10E-03	9.17E-01	-8.32E-02	7.98E-01	6.04E-03	
group_13884	5.33E-02	2.10E-03	9.17E-01	-8.32E-02	7.98E-01	6.04E-03	
group_13782	5.33E-02	2.10E-03	9.17E-01	-8.32E-02	7.98E-01	6.04E-03	
group_13665	5.33E-02	2.10E-03	9.17E-01	-8.32E-02	7.98E-01	6.04E-03	
ccmC	5.33E-02	2.10E-03	9.17E-01	-8.32E-02	7.98E-01	6.04E-03	
group_13640	5.33E-02	5.24E-02	1.35E-02	-2.95E-01	1.19E-01	1.42E-01	
yciW~~~ahpD	5.33E-02	2.10E-03	9.17E-01	-8.32E-02	7.98E-01	6.04E-03	
group_13577	5.33E-02	2.10E-03	9.17E-01	-8.32E-02	7.98E-01	6.04E-03	
group_13562	5.33E-02	5.24E-02	1.35E-02	-2.95E-01	1.19E-01	1.42E-01	
group_13525	5.33E-02	2.10E-03	9.17E-01	-8.32E-02	7.98E-01	6.04E-03	
group_13478	5.33E-02	2.10E-03	9.17E-01	-8.32E-02	7.98E-01	6.04E-03	
mhpD	5.33E-02	2.10E-03	9.17E-01	-8.32E-02	7.98E-01	6.04E-03	
group_13452	5.33E-02	2.10E-03	9.17E-01	-8.32E-02	7.98E-01	6.04E-03	
cFF1	5.33E-02	2.10E-03	9.17E-01	-8.32E-02	7.98E-01	6.04E-03	
group_13396	5.33E-02	4.22E-01	4.60E-01	-8.90E-02	1.20E-01	4.28E-02	
group_13395	5.33E-02	2.10E-03	9.17E-01	-8.32E-02	7.98E-01	6.04E-03	
group_13392	5.33E-02	2.10E-03	9.17E-01	-8.32E-02	7.98E-01	6.04E-03	
group_13390	5.33E-02	2.10E-03	9.17E-01	-8.32E-02	7.98E-01	6.04E-03	
group_13368	5.33E-02	2.10E-03	9.17E-01	-8.32E-02	7.98E-01	6.04E-03	
group_13324	5.33E-02	2.10E-03	9.17E-01	-8.32E-02	7.98E-01	6.04E-03	
group_13193	5.33E-02	2.10E-03	9.17E-01	-8.32E-02	7.98E-01	6.04E-03	
group_13106	5.33E-02	2.10E-03	2.70E-02	-4.20E-01	1.89E-01	1.28E-01	
group_13009	5.33E-02	2.10E-03	9.17E-01	-8.32E-02	7.98E-01	6.04E-03	
group_12983	5.33E-02	5.24E-02	1.35E-02	-2.95E-01	1.19E-01	1.42E-01	
group_12926	5.33E-02	2.10E-03	9.17E-01	-8.32E-02	7.98E-01	6.04E-03	
group_12916	5.33E-02	2.10E-03	8.40E-01	1.01E-01	5.00E-01	1.17E-02	
phnC	5.33E-02	4.22E-01	4.60E-01	-8.90E-02	1.20E-01	4.28E-02	
group_12840	5.33E-02	2.10E-03	9.17E-01	-8.32E-02	7.98E-01	6.04E-03	
group_12753	5.33E-02	2.10E-03	9.17E-01	-8.32E-02	7.98E-01	6.04E-03	
group_12750	5.33E-02	2.10E-03	9.17E-01	-8.32E-02	7.98E-01	6.04E-03	
group_12730	5.33E-02	2.10E-03	9.17E-01	-8.32E-02	7.98E-01	6.04E-03	
group_12695	5.33E-02	8.14E-01	5.36E-01	7.27E-02	1.17E-01	3.59E-02	
group_12669	5.33E-02	2.10E-03	9.17E-01	-8.32E-02	7.98E-01	6.04E-03	
group_12656	5.33E-02	2.10E-03	9.17E-01	-8.32E-02	7.98E-01	6.04E-03	
group_12480	5.33E-02	2.10E-03	9.17E-01	-8.32E-02	7.98E-01	6.04E-03	
group_12449	5.33E-02	2.10E-03	9.17E-01	-8.32E-02	7.98E-01	6.04E-03	
group_12448	5.33E-02	2.10E-03	9.17E-01	-8.32E-02	7.98E-01	6.04E-03	
napC	5.33E-02	2.10E-03	9.17E-01	-8.32E-02	7.98E-01	6.04E-03	
group_12269	5.33E-02	2.10E-03	9.17E-01	-8.32E-02	7.98E-01	6.04E-03	
parB~~~parG	5.33E-02	5.24E-02	1.35E-02	-2.95E-01	1.19E-01	1.42E-01	
group_12214	5.33E-02	2.10E-03	9.17E-01	-8.32E-02	7.98E-01	6.04E-03	
group_12184	5.33E-02	2.10E-03	9.17E-01	-8.32E-02	7.98E-01	6.04E-03	
group_12127	5.33E-02	2.10E-03	9.17E-01	-8.32E-02	7.98E-01	6.04E-03	
group_12073	5.33E-02	2.10E-03	9.17E-01	-8.32E-02	7.98E-01	6.04E-03	
group_11966	5.33E-02	2.10E-03	9.17E-01	-8.32E-02	7.98E-01	6.04E-03	
tauE	5.33E-02	2.10E-03	9.17E-01	-8.32E-02	7.98E-01	6.04E-03	
group_11932	5.33E-02	2.10E-03	9.17E-01	-8.32E-02	7.98E-01	6.04E-03	
allA	5.33E-02	2.10E-03	9.17E-01	-8.32E-02	7.98E-01	6.04E-03	
group_11857	5.33E-02	2.10E-03	9.17E-01	-8.32E-02	7.98E-01	6.04E-03	
yutF	5.33E-02	2.10E-03	9.17E-01	-8.32E-02	7.98E-01	6.04E-03	
sunT	5.33E-02	2.10E-03	9.17E-01	-8.32E-02	7.98E-01	6.04E-03	
trbM	5.33E-02	8.14E-01	1.32E-01	-2.02E-01	1.34E-01	8.71E-02	
group_11607	5.33E-02	2.10E-03	9.17E-01	-8.32E-02	7.98E-01	6.04E-03	
group_11583	5.33E-02	4.22E-01	2.15E-02	-3.07E-01	1.33E-01	1.33E-01	
group_11578	5.33E-02	4.22E-01	4.60E-01	-8.90E-02	1.20E-01	4.28E-02	
group_11559	5.33E-02	2.10E-03	9.17E-01	-8.32E-02	7.98E-01	6.04E-03	
pucG	5.33E-02	2.10E-03	9.17E-01	-8.32E-02	7.98E-01	6.04E-03	
group_11479	5.33E-02	2.10E-03	9.17E-01	-8.32E-02	7.98E-01	6.04E-03	
group_11390	5.33E-02	4.16E-02	6.65E-02	2.18E-01	1.18E-01	1.06E-01	bad-chisq
group_11372	5.33E-02	4.16E-02	4.26E-01	1.26E-01	1.58E-01	4.61E-02	bad-chisq
group_11305	5.33E-02	2.10E-03	9.17E-01	-8.32E-02	7.98E-01	6.04E-03	
group_11259	5.33E-02	1.75E-06	2.03E-03	-4.61E-01	1.48E-01	1.77E-01	
group_11229	5.33E-02	2.10E-03	9.17E-01	-8.32E-02	7.98E-01	6.04E-03	
group_11142	5.33E-02	2.10E-03	9.17E-01	-8.32E-02	7.98E-01	6.04E-03	
group_11115	5.33E-02	2.10E-03	9.17E-01	-8.32E-02	7.98E-01	6.04E-03	
ydcH	5.33E-02	2.10E-03	9.17E-01	-8.32E-02	7.98E-01	6.04E-03	
group_11017	5.33E-02	2.10E-03	2.70E-02	-4.20E-01	1.89E-01	1.28E-01	
group_11014	5.33E-02	2.10E-03	9.17E-01	-8.32E-02	7.98E-01	6.04E-03	
group_10957	5.33E-02	2.10E-03	9.17E-01	-8.32E-02	7.98E-01	6.04E-03	
group_10837	5.33E-02	2.10E-03	9.17E-01	-8.32E-02	7.98E-01	6.04E-03	
fadR	5.33E-02	2.10E-03	9.17E-01	-8.32E-02	7.98E-01	6.04E-03	
group_10811	5.33E-02	2.10E-03	9.17E-01	-8.32E-02	7.98E-01	6.04E-03	
group_10670	5.33E-02	2.10E-03	9.17E-01	-8.32E-02	7.98E-01	6.04E-03	
group_10569	5.33E-02	4.22E-01	4.60E-01	-8.90E-02	1.20E-01	4.28E-02	
group_10420	5.33E-02	2.68E-04	9.27E-03	-4.84E-01	1.85E-01	1.50E-01	
mscK	5.33E-02	2.10E-03	9.17E-01	-8.32E-02	7.98E-01	6.04E-03	
group_10273	5.33E-02	2.10E-03	9.17E-01	-8.32E-02	7.98E-01	6.04E-03	
group_10239	5.33E-02	4.16E-02	2.45E-03	3.75E-01	1.23E-01	1.74E-01	bad-chisq
group_10219	5.33E-02	2.10E-03	9.17E-01	-8.32E-02	7.98E-01	6.04E-03	
group_10218	5.33E-02	2.10E-03	9.17E-01	-8.32E-02	7.98E-01	6.04E-03	
group_10115	5.33E-02	2.10E-03	2.70E-02	-4.20E-01	1.89E-01	1.28E-01	
group_10008	5.33E-02	4.22E-01	6.95E-01	-4.11E-02	1.05E-01	2.27E-02	
group_9988	5.33E-02	5.24E-02	8.21E-02	-2.26E-01	1.29E-01	1.01E-01	
group_9919	5.33E-02	4.16E-02	4.26E-01	1.26E-01	1.58E-01	4.61E-02	bad-chisq
group_9814	5.33E-02	2.10E-03	9.17E-01	-8.32E-02	7.98E-01	6.04E-03	
group_9675	5.33E-02	7.39E-01	7.69E-01	-3.29E-02	1.12E-01	1.70E-02	
pldA	5.33E-02	2.10E-03	9.17E-01	-8.32E-02	7.98E-01	6.04E-03	
group_9489	5.33E-02	2.10E-03	9.17E-01	-8.32E-02	7.98E-01	6.04E-03	
cybB	5.33E-02	1.70E-01	6.42E-01	-5.74E-02	1.23E-01	2.70E-02	
group_9482	5.33E-02	1.70E-01	6.42E-01	-5.74E-02	1.23E-01	2.70E-02	
group_9481	5.33E-02	2.10E-03	9.17E-01	-8.32E-02	7.98E-01	6.04E-03	
group_9424	5.33E-02	1.70E-01	1.33E-02	-2.88E-01	1.15E-01	1.43E-01	
eRG3	5.33E-02	2.10E-03	9.17E-01	-8.32E-02	7.98E-01	6.04E-03	
group_9355	5.33E-02	2.10E-03	9.17E-01	-8.32E-02	7.98E-01	6.04E-03	
group_9352	5.33E-02	2.10E-03	9.17E-01	-8.32E-02	7.98E-01	6.04E-03	
group_9320	5.33E-02	4.16E-02	4.26E-01	1.26E-01	1.58E-01	4.61E-02	bad-chisq
group_9152	5.33E-02	4.16E-02	4.26E-01	1.26E-01	1.58E-01	4.61E-02	bad-chisq
group_9084	5.33E-02	2.10E-03	9.17E-01	-8.32E-02	7.98E-01	6.04E-03	
group_9035	5.33E-02	2.10E-03	9.17E-01	-8.32E-02	7.98E-01	6.04E-03	
hutI	5.33E-02	2.10E-03	9.17E-01	-8.32E-02	7.98E-01	6.04E-03	
group_8584	5.33E-02	2.10E-03	4.98E-01	3.23E-01	4.76E-01	3.93E-02	
group_8511	5.33E-02	8.14E-01	6.50E-02	3.18E-01	1.72E-01	1.07E-01	
group_8257	5.33E-02	2.10E-03	9.17E-01	-8.32E-02	7.98E-01	6.04E-03	
group_8165	5.33E-02	2.10E-03	9.17E-01	-8.32E-02	7.98E-01	6.04E-03	
group_8164	5.33E-02	2.10E-03	9.17E-01	-8.32E-02	7.98E-01	6.04E-03	
group_8004	5.33E-02	1.70E-01	6.42E-01	-5.74E-02	1.23E-01	2.70E-02	
group_8003	5.33E-02	1.70E-01	6.42E-01	-5.74E-02	1.23E-01	2.70E-02	
group_7974	5.33E-02	4.16E-02	4.26E-01	1.26E-01	1.58E-01	4.61E-02	bad-chisq
group_7973	5.33E-02	4.16E-02	4.26E-01	1.26E-01	1.58E-01	4.61E-02	bad-chisq
group_7746	5.33E-02	4.16E-02	4.26E-01	1.26E-01	1.58E-01	4.61E-02	bad-chisq
group_7679	5.33E-02	1.22E-02	5.46E-01	-1.16E-01	1.92E-01	3.50E-02	
group_7670	5.33E-02	4.16E-02	4.72E-01	1.07E-01	1.48E-01	4.17E-02	bad-chisq
napD	5.33E-02	2.10E-03	9.17E-01	-8.32E-02	7.98E-01	6.04E-03	
group_7397	5.33E-02	2.10E-03	2.70E-02	-4.20E-01	1.89E-01	1.28E-01	
group_7317	5.33E-02	4.16E-02	4.26E-01	1.26E-01	1.58E-01	4.61E-02	bad-chisq
group_7310	5.33E-02	4.16E-02	4.26E-01	1.26E-01	1.58E-01	4.61E-02	bad-chisq
group_7224	5.33E-02	5.24E-02	7.41E-01	-5.88E-02	1.78E-01	1.92E-02	
group_7220	5.33E-02	4.16E-02	4.26E-01	1.26E-01	1.58E-01	4.61E-02	bad-chisq
pdxK	5.33E-02	2.10E-03	9.17E-01	-8.32E-02	7.98E-01	6.04E-03	
group_6964	5.33E-02	1.22E-02	5.46E-01	-1.16E-01	1.92E-01	3.50E-02	
group_6961	5.33E-02	5.24E-02	3.68E-01	-1.15E-01	1.28E-01	5.21E-02	
rocR~~~zraR	5.33E-02	2.10E-03	9.17E-01	-8.32E-02	7.98E-01	6.04E-03	
ccc1	5.33E-02	1.70E-01	6.42E-01	-5.74E-02	1.23E-01	2.70E-02	
group_6907	5.33E-02	2.10E-03	9.17E-01	-8.32E-02	7.98E-01	6.04E-03	
group_6768	5.33E-02	2.10E-03	9.17E-01	-8.32E-02	7.98E-01	6.04E-03	
group_6675	5.33E-02	2.10E-03	9.17E-01	-8.32E-02	7.98E-01	6.04E-03	
group_6674	5.33E-02	2.10E-03	9.17E-01	-8.32E-02	7.98E-01	6.04E-03	
group_6635	5.33E-02	4.16E-02	4.26E-01	1.26E-01	1.58E-01	4.61E-02	bad-chisq
group_6244	5.33E-02	1.22E-02	5.46E-01	-1.16E-01	1.92E-01	3.50E-02	
group_6236	5.33E-02	2.10E-03	9.17E-01	-8.32E-02	7.98E-01	6.04E-03	
group_6235	5.33E-02	2.10E-03	9.17E-01	-8.32E-02	7.98E-01	6.04E-03	
argP	5.33E-02	1.22E-02	5.46E-01	-1.16E-01	1.92E-01	3.50E-02	
group_5799	5.33E-02	1.22E-02	7.48E-01	2.08E-01	6.47E-01	1.86E-02	
gltK	5.33E-02	1.22E-02	5.46E-01	-1.16E-01	1.92E-01	3.50E-02	
group_5649	5.33E-02	4.22E-01	2.67E-01	-1.27E-01	1.14E-01	6.43E-02	
group_5630	5.33E-02	1.70E-01	8.64E-01	-3.63E-02	2.11E-01	9.95E-03	
gbpR	5.33E-02	2.10E-03	4.98E-01	3.23E-01	4.76E-01	3.93E-02	
group_5540	5.33E-02	2.10E-03	4.98E-01	3.23E-01	4.76E-01	3.93E-02	
group_5126	5.33E-02	2.10E-03	9.17E-01	-8.32E-02	7.98E-01	6.04E-03	
gsiC~~~dppB	5.33E-02	2.10E-03	9.17E-01	-8.32E-02	7.98E-01	6.04E-03	
tcpQ	5.33E-02	8.14E-01	1.32E-01	-2.02E-01	1.34E-01	8.71E-02	
bktB	5.33E-02	4.16E-02	4.26E-01	1.26E-01	1.58E-01	4.61E-02	bad-chisq
group_4787	5.33E-02	1.70E-01	6.42E-01	-5.74E-02	1.23E-01	2.70E-02	
group_4743	5.33E-02	4.16E-02	4.26E-01	1.26E-01	1.58E-01	4.61E-02	bad-chisq
pepP	5.33E-02	2.10E-03	4.98E-01	3.23E-01	4.76E-01	3.93E-02	
group_4328	5.33E-02	4.16E-02	4.26E-01	1.26E-01	1.58E-01	4.61E-02	bad-chisq
group_4256	5.33E-02	4.16E-02	4.26E-01	1.26E-01	1.58E-01	4.61E-02	bad-chisq
group_4237	5.33E-02	4.16E-02	4.26E-01	1.26E-01	1.58E-01	4.61E-02	bad-chisq
group_4200	5.33E-02	4.16E-02	4.26E-01	1.26E-01	1.58E-01	4.61E-02	bad-chisq
group_4009	5.33E-02	2.10E-03	2.70E-02	-4.20E-01	1.89E-01	1.28E-01	
group_3986	5.33E-02	1.75E-06	9.34E-04	-4.42E-01	1.32E-01	1.90E-01	
group_3932	5.33E-02	4.16E-02	4.26E-01	1.26E-01	1.58E-01	4.61E-02	bad-chisq
group_3850	5.33E-02	1.22E-02	5.46E-01	-1.16E-01	1.92E-01	3.50E-02	
group_3790	5.33E-02	8.14E-01	5.36E-01	7.27E-02	1.17E-01	3.59E-02	
group_3738	5.33E-02	2.10E-03	2.70E-02	-4.20E-01	1.89E-01	1.28E-01	
group_3143	5.33E-02	4.22E-01	2.25E-01	2.54E-01	2.09E-01	7.03E-02	
group_2990	5.33E-02	3.67E-01	8.69E-01	-2.17E-02	1.32E-01	9.54E-03	
napE	5.33E-02	2.10E-03	9.17E-01	-8.32E-02	7.98E-01	6.04E-03	
group_1785	5.33E-02	7.39E-01	6.99E-01	5.43E-02	1.40E-01	2.24E-02	
group_1769	5.33E-02	4.16E-02	4.26E-01	1.26E-01	1.58E-01	4.61E-02	bad-chisq
group_990	5.33E-02	4.16E-02	4.26E-01	1.26E-01	1.58E-01	4.61E-02	bad-chisq
group_809	5.33E-02	4.16E-02	4.26E-01	1.26E-01	1.58E-01	4.61E-02	bad-chisq
group_760	5.33E-02	4.16E-02	4.26E-01	1.26E-01	1.58E-01	4.61E-02	bad-chisq
group_632	5.33E-02	1.42E-01	9.23E-01	-1.44E-02	1.49E-01	5.60E-03	
group_411	5.33E-02	4.16E-02	4.26E-01	1.26E-01	1.58E-01	4.61E-02	bad-chisq
group_39	5.33E-02	4.16E-02	4.26E-01	1.26E-01	1.58E-01	4.61E-02	bad-chisq
group_24242	5.00E-02	3.19E-01	8.80E-03	-3.70E-01	1.40E-01	1.51E-01	
group_22766	5.00E-02	3.19E-01	1.45E-01	5.46E-01	3.74E-01	8.43E-02	
group_22651	5.00E-02	3.19E-01	3.76E-01	-1.12E-01	1.26E-01	5.13E-02	
group_22278	5.00E-02	4.46E-01	3.19E-01	-1.44E-01	1.44E-01	5.78E-02	
group_21396	5.00E-02	3.19E-01	3.76E-01	-1.12E-01	1.26E-01	5.13E-02	
group_20922	5.00E-02	5.90E-03	5.53E-02	-2.34E-01	1.22E-01	1.11E-01	
group_20921	5.00E-02	5.90E-03	5.53E-02	-2.34E-01	1.22E-01	1.11E-01	
group_20906	5.00E-02	5.90E-03	6.59E-01	2.48E-01	5.60E-01	2.56E-02	
group_20895	5.00E-02	5.90E-03	5.53E-02	-2.34E-01	1.22E-01	1.11E-01	
group_20775	5.00E-02	5.90E-03	9.50E-01	-3.70E-02	5.88E-01	3.64E-03	
group_20774	5.00E-02	5.90E-03	9.50E-01	-3.70E-02	5.88E-01	3.64E-03	
group_20773	5.00E-02	5.90E-03	9.50E-01	-3.70E-02	5.88E-01	3.64E-03	
group_20729	5.00E-02	5.90E-03	9.50E-01	-3.70E-02	5.88E-01	3.64E-03	
cwlK	5.00E-02	8.40E-04	1.00E+00	2.76E-05	4.49E-01	3.57E-06	
rodZ	5.00E-02	8.40E-04	1.00E+00	2.76E-05	4.49E-01	3.57E-06	
group_20366	5.00E-02	8.68E-05	3.22E-01	-3.98E-01	4.01E-01	5.74E-02	
group_20304	5.00E-02	3.02E-02	5.81E-01	-6.60E-02	1.19E-01	3.20E-02	
group_20247	5.00E-02	6.46E-06	8.36E-03	-3.36E-01	1.27E-01	1.52E-01	
group_20244	5.00E-02	5.90E-03	3.08E-01	-1.55E-01	1.51E-01	5.91E-02	
group_20160	5.00E-02	8.40E-04	1.10E-01	-2.42E-01	1.51E-01	9.25E-02	
group_20140	5.00E-02	8.40E-04	1.00E+00	2.76E-05	4.49E-01	3.57E-06	
group_19963	5.00E-02	5.90E-03	3.08E-01	-1.55E-01	1.51E-01	5.91E-02	
group_19953	5.00E-02	5.32E-02	4.71E-01	1.15E-01	1.60E-01	4.17E-02	bad-chisq
group_19928	5.00E-02	6.82E-01	7.79E-01	3.49E-02	1.24E-01	1.62E-02	
group_19894	5.00E-02	6.82E-01	9.54E-01	6.92E-03	1.20E-01	3.33E-03	
group_19858	5.00E-02	8.40E-04	5.30E-02	-7.78E-01	4.01E-01	1.12E-01	
yjcH	5.00E-02	5.90E-03	1.62E-01	5.95E-01	4.25E-01	8.09E-02	
group_19747	5.00E-02	5.90E-03	1.62E-01	5.95E-01	4.25E-01	8.09E-02	
group_19682	5.00E-02	5.90E-03	1.62E-01	5.95E-01	4.25E-01	8.09E-02	
group_19667	5.00E-02	5.90E-03	4.44E-03	-3.49E-01	1.22E-01	1.64E-01	
group_19659	5.00E-02	8.60E-01	2.84E-01	1.34E-01	1.25E-01	6.21E-02	
group_19634	5.00E-02	5.90E-03	7.23E-02	-2.17E-01	1.20E-01	1.04E-01	
group_19597	5.00E-02	3.02E-02	9.72E-01	-6.79E-03	1.91E-01	2.06E-03	
group_19522	5.00E-02	4.46E-01	6.15E-02	2.51E-01	1.34E-01	1.08E-01	
group_19376	5.00E-02	3.02E-02	5.92E-01	6.42E-02	1.20E-01	3.11E-02	
group_19338	5.00E-02	1.14E-01	1.40E-01	1.77E-01	1.20E-01	8.54E-02	
group_19247	5.00E-02	5.90E-03	9.80E-01	-9.98E-03	3.95E-01	1.47E-03	
group_19180	5.00E-02	5.90E-03	9.80E-01	-9.98E-03	3.95E-01	1.47E-03	
acrR~~~comR	5.00E-02	5.90E-03	8.84E-01	-4.47E-02	3.06E-01	8.47E-03	
ycjR	5.00E-02	5.90E-03	8.84E-01	-4.47E-02	3.06E-01	8.47E-03	
group_19035	5.00E-02	8.40E-04	1.00E+00	2.76E-05	4.49E-01	3.57E-06	
group_19026	5.00E-02	5.90E-03	8.84E-01	-4.47E-02	3.06E-01	8.47E-03	
group_18955	5.00E-02	6.82E-01	6.37E-01	-5.64E-02	1.19E-01	2.73E-02	
group_18642	5.00E-02	8.68E-05	1.63E-01	-1.77E-01	1.26E-01	8.08E-02	
group_18516	5.00E-02	3.02E-02	2.51E-01	-1.47E-01	1.28E-01	6.65E-02	
group_18476	5.00E-02	8.40E-04	5.77E-01	-1.97E-01	3.52E-01	3.23E-02	
group_18443	5.00E-02	8.40E-04	5.30E-02	-7.78E-01	4.01E-01	1.12E-01	
group_18171	5.00E-02	3.19E-01	8.80E-03	-3.70E-01	1.40E-01	1.51E-01	
group_18092	5.00E-02	5.90E-03	9.77E-01	-1.02E-02	3.55E-01	1.66E-03	
group_17981	5.00E-02	5.90E-03	3.89E-01	3.47E-01	4.02E-01	4.99E-02	
group_17944	5.00E-02	3.19E-01	8.80E-03	-3.70E-01	1.40E-01	1.51E-01	
group_17929	5.00E-02	5.90E-03	7.86E-01	1.14E-01	4.20E-01	1.58E-02	
group_17772	5.00E-02	6.82E-01	8.68E-02	-2.42E-01	1.41E-01	9.90E-02	
group_17470	5.00E-02	8.60E-01	6.35E-01	-5.64E-02	1.19E-01	2.75E-02	
group_17466	5.00E-02	3.19E-01	3.76E-01	-1.12E-01	1.26E-01	5.13E-02	
parB~~~spo0J	5.00E-02	3.19E-01	3.76E-01	-1.12E-01	1.26E-01	5.13E-02	
group_17452	5.00E-02	3.02E-02	4.81E-01	-2.04E-01	2.88E-01	4.09E-02	
group_17009	5.00E-02	8.68E-05	1.03E-02	-3.64E-01	1.41E-01	1.48E-01	
group_16912	5.00E-02	3.02E-02	4.81E-01	-2.04E-01	2.88E-01	4.09E-02	
glpG~~~aarA	5.00E-02	5.90E-03	9.80E-01	-9.98E-03	3.95E-01	1.47E-03	
group_16784	5.00E-02	3.02E-02	3.90E-02	6.65E-01	3.20E-01	1.19E-01	
group_16289	5.00E-02	1.78E-01	3.48E-01	1.15E-01	1.22E-01	5.44E-02	
group_16282	5.00E-02	3.02E-02	7.34E-02	-2.10E-01	1.17E-01	1.04E-01	
group_16171	5.00E-02	5.90E-03	6.59E-01	2.48E-01	5.60E-01	2.56E-02	
group_16092	5.00E-02	8.40E-04	7.90E-04	-4.19E-01	1.24E-01	1.93E-01	
group_16086	5.00E-02	3.19E-01	6.52E-01	5.56E-02	1.23E-01	2.62E-02	
group_16084	5.00E-02	5.90E-03	6.59E-01	2.48E-01	5.60E-01	2.56E-02	
group_16069	5.00E-02	8.40E-04	7.22E-01	-5.47E-02	1.53E-01	2.06E-02	
group_16021	5.00E-02	5.90E-03	6.59E-01	2.48E-01	5.60E-01	2.56E-02	
group_15863	5.00E-02	5.90E-03	4.03E-01	4.11E-01	4.90E-01	4.85E-02	
pchR~~~araC	5.00E-02	5.90E-03	6.59E-01	2.48E-01	5.60E-01	2.56E-02	
group_15786	5.00E-02	5.90E-03	6.59E-01	2.48E-01	5.60E-01	2.56E-02	
group_15743	5.00E-02	5.90E-03	6.59E-01	2.48E-01	5.60E-01	2.56E-02	
group_15592	5.00E-02	5.90E-03	9.80E-01	-9.98E-03	3.95E-01	1.47E-03	
group_15363	5.00E-02	5.90E-03	9.77E-01	-1.02E-02	3.55E-01	1.66E-03	
group_15226	5.00E-02	5.90E-03	9.80E-01	-9.98E-03	3.95E-01	1.47E-03	
group_15097	5.00E-02	5.90E-03	9.80E-01	-9.98E-03	3.95E-01	1.47E-03	
group_15096	5.00E-02	5.90E-03	6.59E-01	2.48E-01	5.60E-01	2.56E-02	
group_14962	5.00E-02	5.90E-03	9.80E-01	-9.98E-03	3.95E-01	1.47E-03	
group_14961	5.00E-02	5.90E-03	6.59E-01	2.48E-01	5.60E-01	2.56E-02	
dsd1	5.00E-02	5.90E-03	9.80E-01	-9.98E-03	3.95E-01	1.47E-03	
group_14622	5.00E-02	5.90E-03	9.80E-01	-9.98E-03	3.95E-01	1.47E-03	
group_14580	5.00E-02	5.90E-03	9.80E-01	-9.98E-03	3.95E-01	1.47E-03	
group_14447	5.00E-02	3.02E-02	4.04E-01	4.09E-01	4.90E-01	4.83E-02	
group_14397	5.00E-02	3.19E-01	3.76E-01	-1.12E-01	1.26E-01	5.13E-02	
group_14293	5.00E-02	5.90E-03	9.80E-01	-9.98E-03	3.95E-01	1.47E-03	
group_14122	5.00E-02	3.19E-01	3.76E-01	-1.12E-01	1.26E-01	5.13E-02	
group_13989	5.00E-02	5.90E-03	9.80E-01	-9.98E-03	3.95E-01	1.47E-03	
group_13735	5.00E-02	3.19E-01	3.76E-01	-1.12E-01	1.26E-01	5.13E-02	
group_13734	5.00E-02	3.02E-02	3.90E-02	6.65E-01	3.20E-01	1.19E-01	
group_13573	5.00E-02	5.90E-03	6.73E-01	-5.12E-02	1.21E-01	2.44E-02	
group_13567	5.00E-02	5.90E-03	6.59E-01	2.48E-01	5.60E-01	2.56E-02	
group_13543	5.00E-02	6.82E-01	5.08E-01	-7.96E-02	1.20E-01	3.83E-02	
group_13500	5.00E-02	3.19E-01	1.45E-01	5.46E-01	3.74E-01	8.43E-02	
group_13499	5.00E-02	3.19E-01	1.45E-01	5.46E-01	3.74E-01	8.43E-02	
group_13458	5.00E-02	5.90E-03	9.80E-01	-9.98E-03	3.95E-01	1.47E-03	
pipB2	5.00E-02	3.19E-01	1.45E-01	5.46E-01	3.74E-01	8.43E-02	
group_13288	5.00E-02	5.90E-03	6.59E-01	2.48E-01	5.60E-01	2.56E-02	
group_13126	5.00E-02	3.19E-01	3.76E-01	-1.12E-01	1.26E-01	5.13E-02	
group_13124	5.00E-02	3.02E-02	3.90E-02	6.65E-01	3.20E-01	1.19E-01	
group_12990	5.00E-02	5.90E-03	6.59E-01	2.48E-01	5.60E-01	2.56E-02	
group_12967	5.00E-02	1.78E-01	5.45E-01	8.97E-02	1.48E-01	3.50E-02	
group_12954	5.00E-02	5.90E-03	6.59E-01	2.48E-01	5.60E-01	2.56E-02	
group_12950	5.00E-02	6.82E-01	5.08E-01	-7.96E-02	1.20E-01	3.83E-02	
group_12901	5.00E-02	3.19E-01	1.45E-01	5.46E-01	3.74E-01	8.43E-02	
group_12849	5.00E-02	5.90E-03	9.80E-01	-9.98E-03	3.95E-01	1.47E-03	
group_12848	5.00E-02	5.90E-03	9.80E-01	-9.98E-03	3.95E-01	1.47E-03	
group_12722	5.00E-02	3.19E-01	6.66E-01	9.63E-02	2.23E-01	2.50E-02	
group_12634	5.00E-02	3.19E-01	1.45E-01	5.46E-01	3.74E-01	8.43E-02	
group_12498	5.00E-02	3.02E-02	2.60E-01	-2.01E-01	1.78E-01	6.52E-02	
group_12468	5.00E-02	5.32E-02	4.09E-03	3.46E-01	1.20E-01	1.65E-01	bad-chisq
group_12393	5.00E-02	3.19E-01	3.76E-01	-1.12E-01	1.26E-01	5.13E-02	
group_12271	5.00E-02	3.19E-01	8.80E-03	-3.70E-01	1.40E-01	1.51E-01	
group_12265	5.00E-02	6.82E-01	5.08E-01	-7.96E-02	1.20E-01	3.83E-02	
group_12263	5.00E-02	5.90E-03	9.80E-01	-9.98E-03	3.95E-01	1.47E-03	
group_12255	5.00E-02	5.90E-03	6.59E-01	2.48E-01	5.60E-01	2.56E-02	
group_12207	5.00E-02	6.82E-01	5.08E-01	-7.96E-02	1.20E-01	3.83E-02	
group_12168	5.00E-02	1.14E-01	5.33E-01	9.05E-02	1.45E-01	3.62E-02	
group_12090	5.00E-02	5.90E-03	9.80E-01	-9.98E-03	3.95E-01	1.47E-03	
group_12082	5.00E-02	5.90E-03	9.81E-01	-3.43E-03	1.43E-01	1.39E-03	
group_12074	5.00E-02	5.90E-03	3.89E-01	3.47E-01	4.02E-01	4.99E-02	
group_12034	5.00E-02	5.90E-03	6.59E-01	2.48E-01	5.60E-01	2.56E-02	
group_11843	5.00E-02	3.19E-01	5.00E-01	1.75E-01	2.59E-01	3.91E-02	
group_11679	5.00E-02	6.82E-01	5.08E-01	-7.96E-02	1.20E-01	3.83E-02	
group_11582	5.00E-02	5.32E-02	4.09E-03	3.46E-01	1.20E-01	1.65E-01	bad-chisq
group_11294	5.00E-02	6.82E-01	5.08E-01	-7.96E-02	1.20E-01	3.83E-02	
group_11278	5.00E-02	5.90E-03	6.59E-01	2.48E-01	5.60E-01	2.56E-02	
group_11230	5.00E-02	6.82E-01	5.08E-01	-7.96E-02	1.20E-01	3.83E-02	
group_11164	5.00E-02	1.14E-01	5.33E-01	9.05E-02	1.45E-01	3.62E-02	
group_11163	5.00E-02	1.14E-01	5.33E-01	9.05E-02	1.45E-01	3.62E-02	
impA~~~tssA	5.00E-02	3.19E-01	1.45E-01	5.46E-01	3.74E-01	8.43E-02	
group_11117	5.00E-02	5.90E-03	6.59E-01	2.48E-01	5.60E-01	2.56E-02	
group_11082	5.00E-02	6.82E-01	2.70E-01	-1.38E-01	1.25E-01	6.39E-02	
group_10657	5.00E-02	5.90E-03	3.89E-01	3.47E-01	4.02E-01	4.99E-02	
group_10383	5.00E-02	6.82E-01	5.08E-01	-7.96E-02	1.20E-01	3.83E-02	
group_10149	5.00E-02	8.40E-04	1.28E-02	-3.45E-01	1.38E-01	1.44E-01	
group_9947	5.00E-02	5.90E-03	8.51E-01	-3.24E-02	1.73E-01	1.09E-02	
group_9787	5.00E-02	6.82E-01	5.08E-01	-7.96E-02	1.20E-01	3.83E-02	
group_9651	5.00E-02	6.82E-01	5.08E-01	-7.96E-02	1.20E-01	3.83E-02	
group_9645	5.00E-02	4.46E-01	4.35E-01	1.12E-01	1.43E-01	4.53E-02	
group_9568	5.00E-02	1.14E-01	5.33E-01	9.05E-02	1.45E-01	3.62E-02	
group_9567	5.00E-02	1.14E-01	5.33E-01	9.05E-02	1.45E-01	3.62E-02	
group_9544	5.00E-02	3.19E-01	1.45E-01	5.46E-01	3.74E-01	8.43E-02	
nagR~~~yvoA	5.00E-02	5.90E-03	6.59E-01	2.48E-01	5.60E-01	2.56E-02	
group_9036	5.00E-02	5.90E-03	6.59E-01	2.48E-01	5.60E-01	2.56E-02	
group_8910	5.00E-02	3.02E-02	3.71E-01	-1.57E-01	1.76E-01	5.18E-02	
group_8441	5.00E-02	5.90E-03	2.47E-01	-2.22E-01	1.92E-01	6.71E-02	
group_8185	5.00E-02	3.02E-02	7.33E-01	6.39E-02	1.87E-01	1.98E-02	
yybH	5.00E-02	5.90E-03	7.86E-01	1.14E-01	4.20E-01	1.58E-02	
group_8071	5.00E-02	4.46E-01	8.07E-01	2.95E-02	1.21E-01	1.41E-02	
group_8002	5.00E-02	3.19E-01	3.76E-01	-1.12E-01	1.26E-01	5.13E-02	
group_7935	5.00E-02	8.40E-04	4.02E-01	-1.78E-01	2.12E-01	4.86E-02	
group_7439	5.00E-02	6.82E-01	5.08E-01	-7.96E-02	1.20E-01	3.83E-02	
group_7438	5.00E-02	6.82E-01	5.08E-01	-7.96E-02	1.20E-01	3.83E-02	
group_7189	5.00E-02	6.82E-01	5.08E-01	-7.96E-02	1.20E-01	3.83E-02	
group_7062	5.00E-02	1.14E-01	5.33E-01	9.05E-02	1.45E-01	3.62E-02	
group_7017	5.00E-02	3.19E-01	1.45E-01	5.46E-01	3.74E-01	8.43E-02	
group_6799	5.00E-02	3.19E-01	7.57E-01	-4.21E-02	1.36E-01	1.79E-02	
group_6532	5.00E-02	5.90E-03	6.59E-01	2.48E-01	5.60E-01	2.56E-02	
group_6335	5.00E-02	3.19E-01	6.66E-01	9.63E-02	2.23E-01	2.50E-02	
group_5939	5.00E-02	5.32E-02	8.50E-01	1.84E-02	9.67E-02	1.10E-02	bad-chisq
group_5728	5.00E-02	1.14E-01	6.88E-03	-3.26E-01	1.20E-01	1.56E-01	
bcfF	5.00E-02	4.46E-01	3.19E-01	-1.44E-01	1.44E-01	5.78E-02	
group_5475	5.00E-02	8.40E-04	2.95E-02	-2.69E-01	1.23E-01	1.26E-01	
nimR	5.00E-02	5.90E-03	2.47E-01	-2.22E-01	1.92E-01	6.71E-02	
group_4813	5.00E-02	3.19E-01	2.38E-01	1.99E-01	1.68E-01	6.83E-02	
traF	5.00E-02	3.19E-01	3.76E-01	-1.12E-01	1.26E-01	5.13E-02	
group_4768	5.00E-02	1.78E-01	9.23E-01	1.30E-02	1.33E-01	5.64E-03	
group_4552	5.00E-02	5.32E-02	2.82E-01	1.64E-01	1.52E-01	6.23E-02	bad-chisq
metF	5.00E-02	3.19E-01	3.76E-01	-1.12E-01	1.26E-01	5.13E-02	
group_4495	5.00E-02	5.32E-02	4.23E-01	1.31E-01	1.64E-01	4.65E-02	bad-chisq
group_4224	5.00E-02	5.32E-02	4.23E-01	1.31E-01	1.64E-01	4.65E-02	bad-chisq
group_3794	5.00E-02	3.19E-01	6.66E-01	9.63E-02	2.23E-01	2.50E-02	
focC	5.00E-02	4.46E-01	3.19E-01	-1.44E-01	1.44E-01	5.78E-02	
jetD	5.00E-02	3.19E-01	6.66E-01	9.63E-02	2.23E-01	2.50E-02	
group_1525	5.00E-02	6.82E-01	5.08E-01	-7.96E-02	1.20E-01	3.83E-02	
group_1169	5.00E-02	1.18E-02	7.58E-01	3.11E-02	1.01E-01	1.79E-02	bad-chisq
group_789	5.00E-02	4.46E-01	3.19E-01	-1.44E-01	1.44E-01	5.78E-02	
