variant	af	filter-pvalue	lrt-pvalue	beta	beta-std-err	variant_h2	notes
lysM~~~fimV~~~rsgI2	9.49E-01	5.27E-02	2.07E-01	1.14E-01	9.03E-02	7.35E-02	bad-chisq
group_19126	9.49E-01	4.51E-01	1.26E-01	-1.31E-01	8.54E-02	8.91E-02	
group_19117	9.49E-01	5.54E-01	5.01E-01	-6.65E-02	9.88E-02	3.92E-02	
group_19077	9.49E-01	5.69E-04	5.46E-02	-1.70E-01	8.81E-02	1.12E-01	
group_17951	9.49E-01	2.06E-01	8.91E-01	1.26E-02	9.25E-02	7.96E-03	bad-chisq
group_15588	9.49E-01	5.27E-02	8.40E-01	4.26E-02	2.10E-01	1.18E-02	bad-chisq
djlA~~~terB	9.49E-01	2.06E-01	7.47E-01	2.77E-02	8.59E-02	1.88E-02	bad-chisq
group_15159	9.49E-01	2.06E-01	6.37E-01	8.88E-02	1.88E-01	2.75E-02	bad-chisq
group_15143	9.49E-01	5.54E-01	2.16E-01	1.08E-01	8.73E-02	7.20E-02	
cytC556	9.49E-01	9.35E-01	3.01E-01	-8.82E-02	8.53E-02	6.02E-02	
group_14473	9.49E-01	9.35E-01	2.09E-01	1.20E-01	9.52E-02	7.32E-02	
group_14433	9.49E-01	9.35E-01	2.73E-01	-9.46E-02	8.61E-02	6.38E-02	
group_14158	9.49E-01	5.54E-01	4.43E-01	-6.83E-02	8.90E-02	4.47E-02	
rfaD	9.49E-01	3.57E-02	4.79E-02	1.72E-01	8.68E-02	1.15E-01	
purA	9.49E-01	2.06E-01	9.42E-01	6.17E-03	8.47E-02	4.24E-03	bad-chisq
group_9147	9.49E-01	3.81E-05	8.35E-01	1.88E-02	9.04E-02	1.21E-02	
group_20646	9.49E-01	5.27E-02	1.87E-01	1.95E-01	1.47E-01	7.68E-02	bad-chisq
group_20434	9.49E-01	2.06E-01	5.98E-01	8.11E-02	1.54E-01	3.07E-02	bad-chisq
tetR~~~yxaF	9.49E-01	2.06E-01	5.98E-01	8.11E-02	1.54E-01	3.07E-02	bad-chisq
group_19769	9.49E-01	5.27E-02	7.16E-01	5.60E-02	1.54E-01	2.12E-02	bad-chisq
eAL~~~rcsC	9.49E-01	5.27E-02	7.16E-01	5.60E-02	1.54E-01	2.12E-02	bad-chisq
group_19745	9.49E-01	4.51E-01	4.37E-02	-2.54E-01	1.25E-01	1.17E-01	
group_19738	9.49E-01	4.51E-01	4.37E-02	-2.54E-01	1.25E-01	1.17E-01	
group_19672	9.49E-01	4.51E-01	7.22E-02	-2.12E-01	1.18E-01	1.04E-01	
group_19630	9.49E-01	4.51E-01	4.71E-02	-2.52E-01	1.27E-01	1.15E-01	
group_19463	9.49E-01	5.27E-02	1.82E-01	1.92E-01	1.43E-01	7.77E-02	bad-chisq
group_19422	9.46E-01	5.59E-02	4.07E-01	-6.93E-02	8.35E-02	4.83E-02	
group_18926	9.49E-01	5.27E-02	9.53E-01	2.24E-02	3.82E-01	3.42E-03	bad-chisq
group_18878	9.49E-01	5.27E-02	9.53E-01	2.24E-02	3.82E-01	3.42E-03	bad-chisq
group_18856	9.49E-01	5.27E-02	9.53E-01	2.24E-02	3.82E-01	3.42E-03	bad-chisq
group_17888	9.49E-01	5.27E-02	7.00E-01	5.59E-02	1.45E-01	2.25E-02	bad-chisq
perM~~~ydiK	9.46E-01	9.63E-01	2.07E-01	-1.07E-01	8.47E-02	7.35E-02	
group_16848	9.49E-01	4.51E-01	3.08E-01	-8.62E-02	8.43E-02	5.94E-02	
group_16832	9.46E-01	1.77E-01	5.65E-01	-9.53E-02	1.65E-01	3.35E-02	bad-chisq
nIF3	9.49E-01	2.06E-01	1.89E-01	1.11E-01	8.43E-02	7.65E-02	bad-chisq
group_16783	9.49E-01	5.54E-01	5.15E-01	-5.61E-02	8.59E-02	3.80E-02	
group_15985	9.49E-01	5.54E-01	2.33E-01	-1.57E-01	1.32E-01	6.94E-02	
group_15964	9.49E-01	5.54E-01	2.33E-01	-1.57E-01	1.32E-01	6.94E-02	
group_15953	9.46E-01	6.11E-06	2.85E-01	-9.12E-02	8.51E-02	6.23E-02	
group_15952	9.49E-01	5.54E-01	2.33E-01	-1.57E-01	1.32E-01	6.94E-02	
group_15938	9.49E-01	5.54E-01	2.33E-01	-1.57E-01	1.32E-01	6.94E-02	
group_15513	9.49E-01	2.06E-01	7.76E-01	-4.14E-02	1.45E-01	1.66E-02	bad-chisq
tex	9.49E-01	5.54E-01	9.95E-01	5.14E-04	8.72E-02	3.43E-04	
group_15423	9.49E-01	2.06E-01	7.76E-01	-4.14E-02	1.45E-01	1.66E-02	bad-chisq
group_15305	9.49E-01	2.06E-01	7.76E-01	-4.14E-02	1.45E-01	1.66E-02	bad-chisq
group_15218	9.49E-01	3.57E-02	1.03E-02	-2.78E-01	1.08E-01	1.49E-01	
group_15200	9.46E-01	4.85E-01	6.06E-01	4.89E-02	9.46E-02	3.01E-02	
group_15078	9.46E-01	1.77E-01	7.39E-01	2.76E-02	8.29E-02	1.94E-02	bad-chisq
vacB	9.46E-01	4.85E-01	2.30E-01	9.77E-02	8.12E-02	6.99E-02	
group_14798	9.49E-01	9.35E-01	1.92E-01	-1.58E-01	1.21E-01	7.59E-02	
group_14560	9.49E-01	9.35E-01	1.92E-01	-1.58E-01	1.21E-01	7.59E-02	
sfcA	9.46E-01	2.08E-01	7.21E-01	-2.98E-02	8.34E-02	2.08E-02	
fliJ	9.46E-01	4.51E-02	3.26E-01	8.18E-02	8.32E-02	5.72E-02	bad-chisq
group_13903	9.49E-01	5.27E-02	6.40E-01	6.97E-02	1.49E-01	2.73E-02	bad-chisq
plcC	9.46E-01	1.77E-01	6.04E-01	8.38E-02	1.62E-01	3.02E-02	bad-chisq
yhfF	9.49E-01	2.06E-01	7.79E-01	-4.24E-02	1.51E-01	1.64E-02	bad-chisq
group_13036	9.49E-01	2.06E-01	2.06E-01	-2.16E-01	1.71E-01	7.36E-02	bad-chisq
group_12948	9.49E-01	5.27E-02	6.46E-01	7.34E-02	1.60E-01	2.68E-02	bad-chisq
group_12517	9.49E-01	2.06E-01	5.78E-01	-9.75E-02	1.75E-01	3.24E-02	bad-chisq
group_12292	9.49E-01	2.06E-01	2.06E-01	-2.16E-01	1.71E-01	7.36E-02	bad-chisq
livM~~~livH	9.49E-01	2.06E-01	2.06E-01	-2.16E-01	1.71E-01	7.36E-02	bad-chisq
group_11799	9.46E-01	1.77E-01	1.77E-01	-2.44E-01	1.81E-01	7.85E-02	bad-chisq
group_11745	9.49E-01	2.06E-01	1.57E-01	2.01E-01	1.41E-01	8.24E-02	bad-chisq
group_11617	9.46E-01	4.85E-01	4.68E-01	-6.15E-02	8.45E-02	4.23E-02	
group_11351	9.49E-01	2.06E-01	2.06E-01	-2.16E-01	1.71E-01	7.36E-02	bad-chisq
group_10492	9.49E-01	2.06E-01	1.57E-01	2.00E-01	1.41E-01	8.23E-02	bad-chisq
group_8741	9.46E-01	4.85E-01	8.61E-01	1.44E-02	8.24E-02	1.02E-02	
group_21136	9.46E-01	9.63E-01	1.38E-01	-1.83E-01	1.23E-01	8.62E-02	
group_21126	9.46E-01	4.51E-02	8.15E-01	5.69E-02	2.43E-01	1.36E-02	bad-chisq
group_20880	9.46E-01	1.77E-01	8.84E-01	-1.94E-02	1.33E-01	8.49E-03	bad-chisq
group_20879	9.46E-01	1.77E-01	8.84E-01	-1.94E-02	1.33E-01	8.49E-03	bad-chisq
group_20878	9.46E-01	1.77E-01	8.84E-01	-1.94E-02	1.33E-01	8.49E-03	bad-chisq
group_20809	9.43E-01	1.51E-01	9.65E-01	4.46E-03	1.02E-01	2.53E-03	bad-chisq
group_20761	9.43E-01	1.51E-01	9.65E-01	4.46E-03	1.02E-01	2.53E-03	bad-chisq
group_20715	9.43E-01	1.51E-01	9.65E-01	4.46E-03	1.02E-01	2.53E-03	bad-chisq
group_20713	9.43E-01	1.51E-01	9.65E-01	4.46E-03	1.02E-01	2.53E-03	bad-chisq
mdtD~~~emrB	9.46E-01	1.77E-01	1.66E-01	1.91E-01	1.38E-01	8.05E-02	bad-chisq
ankX~~~aNKYR	9.43E-01	8.25E-02	6.28E-02	1.53E-01	8.20E-02	1.08E-01	
group_19728	9.46E-01	4.51E-02	7.05E-01	5.98E-02	1.57E-01	2.21E-02	bad-chisq
group_19387	9.46E-01	1.77E-01	3.41E-01	-2.28E-01	2.40E-01	5.54E-02	bad-chisq
ybjG~~~pgpB	9.43E-01	4.23E-01	9.98E-01	1.56E-04	8.19E-02	1.11E-04	
group_18877	9.46E-01	4.51E-02	1.05E-01	3.88E-01	2.39E-01	9.43E-02	bad-chisq
group_18872	9.46E-01	4.51E-02	7.32E-01	5.22E-02	1.52E-01	2.00E-02	bad-chisq
group_18748	9.43E-01	4.23E-01	9.84E-01	-2.34E-03	1.13E-01	1.20E-03	
group_18741	9.46E-01	4.51E-02	8.66E-01	2.72E-02	1.61E-01	9.85E-03	bad-chisq
rutB~~~yecD	9.46E-01	1.77E-01	3.41E-01	-2.28E-01	2.40E-01	5.54E-02	bad-chisq
group_18169	9.46E-01	1.77E-01	3.40E-01	-2.29E-01	2.39E-01	5.55E-02	bad-chisq
group_18168	9.46E-01	1.77E-01	3.40E-01	-2.29E-01	2.39E-01	5.55E-02	bad-chisq
group_17942	9.46E-01	1.77E-01	3.40E-01	-2.29E-01	2.39E-01	5.55E-02	bad-chisq
group_17681	9.46E-01	4.51E-02	8.31E-01	5.20E-02	2.44E-01	1.24E-02	bad-chisq
group_17552	9.43E-01	8.68E-01	4.86E-01	-5.77E-02	8.26E-02	4.06E-02	
group_17480	9.46E-01	1.77E-01	3.41E-01	-2.28E-01	2.40E-01	5.54E-02	bad-chisq
group_17423	9.46E-01	1.77E-01	3.41E-01	-2.28E-01	2.40E-01	5.54E-02	bad-chisq
group_17263	9.46E-01	4.51E-02	8.31E-01	5.20E-02	2.44E-01	1.24E-02	bad-chisq
group_16942	9.46E-01	4.51E-02	8.31E-01	5.20E-02	2.44E-01	1.24E-02	bad-chisq
group_16937	9.46E-01	9.63E-01	2.25E-01	-1.51E-01	1.24E-01	7.06E-02	
trmL	9.43E-01	3.85E-02	3.66E-01	8.80E-02	9.71E-02	5.27E-02	bad-chisq
group_15600	9.46E-01	4.85E-01	4.18E-01	-1.07E-01	1.32E-01	4.71E-02	
group_15577	9.46E-01	9.63E-01	7.69E-02	-2.03E-01	1.14E-01	1.03E-01	
group_15337	9.43E-01	3.85E-02	6.77E-02	1.56E-01	8.53E-02	1.06E-01	bad-chisq
nagR	9.46E-01	1.77E-01	8.95E-01	-1.75E-02	1.32E-01	7.71E-03	bad-chisq
group_15083	9.46E-01	2.08E-01	5.46E-01	-6.23E-02	1.03E-01	3.51E-02	
group_15025	9.46E-01	1.77E-01	8.95E-01	-1.75E-02	1.32E-01	7.71E-03	bad-chisq
group_14981	9.46E-01	9.63E-01	2.70E-01	-1.26E-01	1.14E-01	6.43E-02	
group_14881	9.46E-01	1.77E-01	8.95E-01	-1.75E-02	1.32E-01	7.71E-03	bad-chisq
group_14683	9.46E-01	1.77E-01	8.95E-01	-1.75E-02	1.32E-01	7.71E-03	bad-chisq
group_14666	9.46E-01	4.51E-02	6.34E-01	6.24E-02	1.31E-01	2.78E-02	bad-chisq
group_14643	9.43E-01	1.92E-05	1.38E-01	-1.21E-01	8.12E-02	8.63E-02	
group_14419	9.46E-01	1.77E-01	8.95E-01	-1.75E-02	1.32E-01	7.71E-03	bad-chisq
group_14404	9.46E-01	4.51E-02	6.34E-01	6.24E-02	1.31E-01	2.78E-02	bad-chisq
atoC~~~dctD	9.46E-01	4.51E-02	5.56E-03	3.50E-01	1.25E-01	1.61E-01	bad-chisq
group_14144	9.46E-01	1.77E-01	8.95E-01	-1.75E-02	1.32E-01	7.71E-03	bad-chisq
group_14132	9.46E-01	4.51E-02	6.34E-01	6.24E-02	1.31E-01	2.78E-02	bad-chisq
group_13764	9.46E-01	1.77E-01	8.95E-01	-1.75E-02	1.32E-01	7.71E-03	bad-chisq
group_13749	9.46E-01	4.51E-02	6.34E-01	6.24E-02	1.31E-01	2.78E-02	bad-chisq
group_13708	9.46E-01	4.51E-02	7.96E-01	4.05E-02	1.57E-01	1.51E-02	bad-chisq
group_13592	9.46E-01	1.77E-01	2.58E-01	-1.74E-01	1.53E-01	6.59E-02	bad-chisq
tapA	9.49E-01	2.06E-01	3.94E-01	-1.34E-01	1.58E-01	4.96E-02	bad-chisq
group_10979	9.46E-01	4.51E-02	2.35E-01	1.44E-01	1.21E-01	6.91E-02	bad-chisq
group_10510	9.43E-01	8.68E-01	8.50E-01	1.61E-02	8.51E-02	1.10E-02	
group_21129	9.43E-01	3.85E-02	8.33E-01	4.52E-02	2.14E-01	1.23E-02	bad-chisq
hdfR~~~argP~~~lysR	9.43E-01	3.85E-02	8.33E-01	4.52E-02	2.14E-01	1.23E-02	bad-chisq
group_20856	9.43E-01	1.51E-01	8.92E-01	-1.71E-02	1.25E-01	7.93E-03	bad-chisq
group_19757	9.43E-01	3.85E-02	7.21E-01	5.28E-02	1.48E-01	2.08E-02	bad-chisq
group_19746	9.43E-01	3.85E-02	7.21E-01	5.28E-02	1.48E-01	2.08E-02	bad-chisq
ompR~~~phoP~~~baeR~~~mprA	9.43E-01	3.85E-02	7.21E-01	5.28E-02	1.48E-01	2.08E-02	bad-chisq
group_19740	9.43E-01	3.85E-02	7.21E-01	5.28E-02	1.48E-01	2.08E-02	bad-chisq
group_19739	9.43E-01	6.40E-01	1.08E-01	-1.77E-01	1.10E-01	9.35E-02	
group_19660	9.43E-01	1.51E-01	5.48E-01	-1.15E-01	1.91E-01	3.50E-02	bad-chisq
group_19592	9.43E-01	1.51E-01	5.48E-01	-1.15E-01	1.91E-01	3.50E-02	bad-chisq
ubiK	9.39E-01	1.30E-01	5.64E-01	4.57E-02	7.92E-02	3.36E-02	bad-chisq
ogt	9.39E-01	3.69E-01	9.56E-01	4.36E-03	7.97E-02	3.18E-03	
group_18663	9.43E-01	1.51E-01	6.16E-01	9.56E-02	1.90E-01	2.92E-02	bad-chisq
lutR~~~gntR~~~fadR	9.43E-01	1.51E-01	5.16E-01	-1.27E-01	1.95E-01	3.78E-02	bad-chisq
group_16687	9.39E-01	7.36E-01	9.47E-01	-5.11E-03	7.73E-02	3.85E-03	
degQ~~~degS	9.43E-01	4.23E-01	8.68E-01	1.34E-02	8.06E-02	9.68E-03	
luxN~~~atoC	9.43E-01	3.85E-02	7.45E-01	6.27E-02	1.93E-01	1.89E-02	bad-chisq
pbuX~~~xanP	9.43E-01	6.40E-01	5.18E-02	-1.90E-01	9.71E-02	1.13E-01	
group_15461	9.43E-01	3.85E-02	6.35E-01	9.14E-02	1.92E-01	2.77E-02	bad-chisq
group_15352	9.43E-01	3.85E-02	6.35E-01	9.14E-02	1.92E-01	2.77E-02	bad-chisq
group_15219	9.43E-01	3.85E-02	6.35E-01	9.14E-02	1.92E-01	2.77E-02	bad-chisq
group_15110	9.43E-01	8.68E-01	7.37E-01	-3.61E-02	1.07E-01	1.96E-02	
group_15087	9.43E-01	3.85E-02	6.35E-01	9.14E-02	1.92E-01	2.77E-02	bad-chisq
group_15067	9.43E-01	3.85E-02	8.40E-01	4.65E-02	2.30E-01	1.18E-02	bad-chisq
group_14867	9.43E-01	3.85E-02	5.86E-01	6.61E-02	1.21E-01	3.17E-02	bad-chisq
group_14541	9.39E-01	7.36E-01	9.17E-02	-1.33E-01	7.87E-02	9.80E-02	
group_14517	9.39E-01	7.36E-01	6.27E-01	4.20E-02	8.64E-02	2.83E-02	
group_13349	9.43E-01	3.85E-02	7.41E-01	6.41E-02	1.94E-01	1.93E-02	bad-chisq
group_12463	9.43E-01	1.51E-01	9.65E-01	-5.41E-03	1.22E-01	2.58E-03	bad-chisq
group_11941	9.43E-01	1.51E-01	6.16E-01	-7.93E-02	1.58E-01	2.93E-02	bad-chisq
group_11552	9.43E-01	3.85E-02	1.48E-01	2.09E-01	1.44E-01	8.41E-02	bad-chisq
group_11276	9.43E-01	1.51E-01	4.84E-01	7.94E-02	1.13E-01	4.08E-02	bad-chisq
group_6268	9.43E-01	3.85E-02	2.33E-01	1.89E-01	1.58E-01	6.95E-02	bad-chisq
group_21130	9.39E-01	3.29E-02	7.73E-01	5.11E-02	1.77E-01	1.68E-02	bad-chisq
group_21127	9.39E-01	3.29E-02	7.48E-01	4.76E-02	1.48E-01	1.87E-02	bad-chisq
group_20936	9.39E-01	1.30E-01	8.09E-01	-3.08E-02	1.28E-01	1.41E-02	bad-chisq
group_20817	9.39E-01	1.30E-01	1.71E-01	1.57E-01	1.15E-01	7.96E-02	bad-chisq
group_19624	9.39E-01	1.30E-01	6.77E-01	-6.90E-02	1.66E-01	2.43E-02	bad-chisq
group_18908	9.39E-01	3.69E-01	1.41E-01	-2.40E-01	1.63E-01	8.57E-02	
group_18854	9.39E-01	3.29E-02	2.25E-02	3.88E-01	1.69E-01	1.32E-01	bad-chisq
yvaK	9.39E-01	3.69E-01	9.99E-01	1.61E-04	1.25E-01	7.49E-05	
group_18081	9.39E-01	3.69E-01	1.44E-01	-1.75E-01	1.20E-01	8.49E-02	
group_18028	9.39E-01	3.29E-02	9.62E-01	1.18E-02	2.49E-01	2.75E-03	bad-chisq
group_17972	9.39E-01	3.29E-02	7.28E-01	5.72E-02	1.65E-01	2.02E-02	bad-chisq
group_17807	9.39E-01	3.29E-02	1.78E-01	2.20E-01	1.63E-01	7.84E-02	bad-chisq
group_17806	9.39E-01	3.29E-02	9.62E-01	1.18E-02	2.49E-01	2.75E-03	bad-chisq
group_17741	9.39E-01	3.29E-02	9.62E-01	1.18E-02	2.49E-01	2.75E-03	bad-chisq
group_17740	9.39E-01	3.29E-02	9.62E-01	1.18E-02	2.49E-01	2.75E-03	bad-chisq
group_17662	9.39E-01	3.29E-02	7.28E-01	5.72E-02	1.65E-01	2.02E-02	bad-chisq
group_17467	9.39E-01	3.29E-02	9.62E-01	1.18E-02	2.49E-01	2.75E-03	bad-chisq
nrtD~~~tauB	9.43E-01	1.51E-01	6.18E-01	-7.74E-02	1.55E-01	2.91E-02	bad-chisq
group_17246	9.39E-01	3.29E-02	7.28E-01	5.72E-02	1.65E-01	2.02E-02	bad-chisq
artM~~~hisP	9.39E-01	3.29E-02	7.28E-01	5.72E-02	1.65E-01	2.02E-02	bad-chisq
group_15918	9.39E-01	7.79E-01	9.88E-01	-1.60E-03	1.07E-01	8.65E-04	
group_13654	9.36E-01	1.56E-01	8.18E-02	-1.31E-01	7.51E-02	1.01E-01	
tatC	9.39E-01	3.69E-01	8.22E-01	1.77E-02	7.88E-02	1.31E-02	
group_13149	9.39E-01	3.29E-02	5.41E-01	7.00E-02	1.14E-01	3.56E-02	bad-chisq
ompV	9.39E-01	3.69E-01	1.26E-01	-2.07E-01	1.35E-01	8.89E-02	
msbA~~~cydC	9.36E-01	2.81E-02	7.67E-01	5.34E-02	1.80E-01	1.73E-02	bad-chisq
group_21088	9.33E-01	9.52E-02	7.36E-01	-4.41E-02	1.31E-01	1.97E-02	bad-chisq
group_20903	9.36E-01	1.11E-01	9.46E-01	7.38E-03	1.09E-01	3.94E-03	bad-chisq
group_20855	9.36E-01	1.11E-01	9.65E-01	4.91E-03	1.12E-01	2.56E-03	bad-chisq
group_20765	9.36E-01	3.21E-01	9.67E-01	-4.44E-03	1.08E-01	2.39E-03	
alaX	9.36E-01	8.31E-01	1.26E-01	-1.32E-01	8.56E-02	8.91E-02	
yqjC	9.33E-01	2.80E-01	7.74E-01	-2.17E-02	7.55E-02	1.67E-02	
group_18555	9.36E-01	1.11E-01	8.02E-01	2.32E-02	9.23E-02	1.46E-02	bad-chisq
group_18425	9.36E-01	1.11E-01	8.02E-01	2.32E-02	9.23E-02	1.46E-02	bad-chisq
group_18424	9.36E-01	1.11E-01	8.02E-01	2.32E-02	9.23E-02	1.46E-02	bad-chisq
group_18263	9.36E-01	1.11E-01	8.02E-01	2.32E-02	9.23E-02	1.46E-02	bad-chisq
group_17848	9.36E-01	1.11E-01	6.93E-01	3.22E-02	8.15E-02	2.30E-02	bad-chisq
group_17646	9.39E-01	7.79E-01	1.33E-01	-1.97E-01	1.31E-01	8.73E-02	
group_15946	9.36E-01	1.11E-01	8.00E-01	-3.69E-02	1.46E-01	1.48E-02	bad-chisq
group_15391	9.36E-01	2.81E-02	6.45E-01	6.79E-02	1.47E-01	2.69E-02	bad-chisq
group_15049	9.33E-01	2.80E-01	5.21E-01	-5.31E-02	8.27E-02	3.74E-02	
group_13175	9.36E-01	1.11E-01	4.61E-01	7.96E-02	1.08E-01	4.29E-02	bad-chisq
iclR~~~tctC	9.36E-01	2.81E-02	6.18E-01	6.76E-02	1.36E-01	2.90E-02	bad-chisq
metQ	9.36E-01	2.81E-02	8.38E-01	3.69E-02	1.80E-01	1.19E-02	bad-chisq
glcE	9.36E-01	3.21E-01	4.22E-01	-7.41E-02	9.21E-02	4.68E-02	
group_11114	9.36E-01	2.81E-02	8.38E-01	3.69E-02	1.80E-01	1.19E-02	bad-chisq
citB~~~rcsB~~~luxR	9.33E-01	9.52E-02	7.33E-01	-5.17E-02	1.51E-01	1.99E-02	bad-chisq
yobV~~~yafY~~~pafB	9.33E-01	9.52E-02	9.52E-01	-6.96E-03	1.16E-01	3.49E-03	bad-chisq
group_20914	9.33E-01	2.40E-02	1.99E-01	1.81E-01	1.40E-01	7.48E-02	bad-chisq
group_20786	9.33E-01	9.52E-02	7.87E-01	-3.90E-02	1.44E-01	1.58E-02	bad-chisq
group_18897	9.33E-01	2.40E-02	6.85E-01	6.92E-02	1.70E-01	2.36E-02	bad-chisq
group_18851	9.33E-01	2.40E-02	6.89E-01	6.32E-02	1.58E-01	2.33E-02	bad-chisq
group_18846	9.33E-01	2.40E-02	6.85E-01	6.92E-02	1.70E-01	2.36E-02	bad-chisq
urcA~~~psiF	9.33E-01	9.52E-02	1.77E-01	1.81E-01	1.34E-01	7.85E-02	bad-chisq
group_18567	9.33E-01	2.80E-01	4.20E-01	-1.06E-01	1.32E-01	4.69E-02	
group_18433	9.33E-01	9.52E-02	5.49E-01	7.91E-02	1.32E-01	3.49E-02	bad-chisq
group_18379	9.33E-01	2.80E-01	2.73E-01	-1.66E-01	1.51E-01	6.38E-02	
group_18206	9.33E-01	2.80E-01	2.73E-01	-1.66E-01	1.51E-01	6.38E-02	
group_18124	9.36E-01	1.11E-01	5.75E-01	-9.00E-02	1.60E-01	3.27E-02	bad-chisq
group_17878	9.33E-01	9.52E-02	9.22E-01	1.42E-02	1.46E-01	5.69E-03	bad-chisq
group_17877	9.33E-01	9.52E-02	9.22E-01	1.42E-02	1.46E-01	5.69E-03	bad-chisq
group_17760	9.33E-01	1.44E-02	1.10E-04	-3.66E-01	9.33E-02	2.23E-01	
group_17545	9.33E-01	9.52E-02	9.22E-01	1.42E-02	1.46E-01	5.69E-03	bad-chisq
group_17303	9.33E-01	2.40E-02	6.51E-01	7.65E-02	1.69E-01	2.63E-02	bad-chisq
group_17072	9.33E-01	9.52E-02	9.22E-01	1.42E-02	1.46E-01	5.69E-03	bad-chisq
group_17071	9.33E-01	9.52E-02	9.22E-01	1.42E-02	1.46E-01	5.69E-03	bad-chisq
group_16868	9.33E-01	9.52E-02	9.22E-01	1.42E-02	1.46E-01	5.69E-03	bad-chisq
group_16813	9.33E-01	1.44E-02	1.10E-04	-3.66E-01	9.33E-02	2.23E-01	
group_16029	9.29E-01	2.58E-01	8.51E-02	-1.41E-01	8.17E-02	1.00E-01	
lysR~~~gbpR~~~hdfR	9.33E-01	2.40E-02	5.27E-01	7.22E-02	1.14E-01	3.68E-02	bad-chisq
group_16003	9.33E-01	2.40E-02	4.96E-01	7.53E-02	1.10E-01	3.97E-02	bad-chisq
group_15930	9.33E-01	9.52E-02	8.11E-01	-3.31E-02	1.39E-01	1.39E-02	bad-chisq
group_15905	9.33E-01	9.52E-02	8.11E-01	-3.31E-02	1.39E-01	1.39E-02	bad-chisq
group_15855	9.33E-01	9.52E-02	8.11E-01	-3.31E-02	1.39E-01	1.39E-02	bad-chisq
group_15823	9.33E-01	9.52E-02	8.11E-01	-3.31E-02	1.39E-01	1.39E-02	bad-chisq
group_15149	9.33E-01	1.44E-02	1.10E-04	-3.66E-01	9.33E-02	2.23E-01	
group_14817	9.29E-01	4.63E-06	7.54E-01	2.48E-02	7.93E-02	1.82E-02	
dinG~~~dnaQ	9.33E-01	1.44E-02	1.10E-04	-3.66E-01	9.33E-02	2.23E-01	
iclR~~~kipR	9.33E-01	9.52E-02	9.28E-01	9.27E-03	1.02E-01	5.30E-03	bad-chisq
bdlA~~~pAS	9.33E-01	1.44E-02	1.10E-04	-3.66E-01	9.33E-02	2.23E-01	
group_13677	9.33E-01	1.44E-02	1.10E-04	-3.66E-01	9.33E-02	2.23E-01	
group_13676	9.33E-01	1.44E-02	1.10E-04	-3.66E-01	9.33E-02	2.23E-01	
cdhR~~~glxA~~~rhaS	9.33E-01	1.44E-02	1.10E-04	-3.66E-01	9.33E-02	2.23E-01	
group_11996	9.33E-01	2.40E-02	7.69E-01	5.04E-02	1.71E-01	1.71E-02	bad-chisq
group_11576	9.33E-01	9.52E-02	8.67E-01	1.73E-02	1.03E-01	9.75E-03	bad-chisq
glnK	9.29E-01	5.54E-01	7.08E-01	-2.78E-02	7.41E-02	2.18E-02	
group_20925	9.29E-01	9.86E-01	7.99E-01	2.05E-02	8.02E-02	1.48E-02	
group_20719	9.29E-01	2.05E-02	2.44E-01	1.26E-01	1.08E-01	6.79E-02	bad-chisq
group_20349	9.29E-01	2.43E-01	5.10E-01	-6.63E-02	1.01E-01	3.83E-02	
group_20113	9.29E-01	2.05E-02	8.96E-01	2.44E-02	1.87E-01	7.59E-03	bad-chisq
group_18810	9.29E-01	5.54E-01	3.52E-01	1.15E-01	1.24E-01	5.42E-02	
group_18678	9.29E-01	5.54E-01	1.29E-01	-2.03E-01	1.33E-01	8.82E-02	
group_18529	9.29E-01	2.05E-02	9.49E-01	1.67E-02	2.59E-01	3.75E-03	bad-chisq
group_18360	9.29E-01	2.43E-01	2.48E-02	2.77E-01	1.23E-01	1.30E-01	
tssM~~~icmF	9.29E-01	2.05E-02	9.49E-01	1.67E-02	2.59E-01	3.75E-03	bad-chisq
group_18208	9.29E-01	2.05E-02	9.51E-01	1.60E-02	2.58E-01	3.61E-03	bad-chisq
group_18096	9.29E-01	2.05E-02	8.02E-01	5.99E-02	2.39E-01	1.46E-02	bad-chisq
kefA~~~mscS~~~mscK	9.29E-01	2.25E-02	1.58E-04	-3.49E-01	9.13E-02	2.17E-01	
group_16748	9.29E-01	2.05E-02	8.18E-01	5.53E-02	2.40E-01	1.34E-02	bad-chisq
cytB	9.29E-01	2.58E-01	9.27E-02	-1.21E-01	7.19E-02	9.77E-02	
group_16234	9.33E-01	9.52E-02	5.18E-01	8.65E-02	1.34E-01	3.77E-02	bad-chisq
yhdG~~~ybaT	9.29E-01	8.15E-02	6.30E-01	6.71E-02	1.39E-01	2.81E-02	bad-chisq
group_15959	9.29E-01	8.15E-02	8.21E-01	-2.98E-02	1.31E-01	1.32E-02	bad-chisq
group_15881	9.29E-01	8.15E-02	8.99E-01	-1.61E-02	1.27E-01	7.39E-03	bad-chisq
ugpQ	9.26E-01	1.21E-05	4.01E-01	6.61E-02	7.86E-02	4.89E-02	
rlmJ	9.26E-01	1.21E-05	4.01E-01	6.61E-02	7.86E-02	4.89E-02	
yadH	9.29E-01	8.15E-02	3.94E-01	1.05E-01	1.23E-01	4.96E-02	bad-chisq
eutE	9.26E-01	3.35E-02	2.36E-01	9.46E-02	7.98E-02	6.89E-02	
group_13943	9.33E-01	2.40E-02	7.69E-01	5.04E-02	1.71E-01	1.71E-02	bad-chisq
amtB	9.26E-01	4.92E-01	9.13E-01	7.83E-03	7.19E-02	6.34E-03	
mdtC~~~lysR~~~cynR	9.26E-01	1.75E-02	7.92E-01	5.02E-02	1.90E-01	1.53E-02	bad-chisq
group_21074	9.26E-01	1.75E-02	7.92E-01	5.02E-02	1.90E-01	1.53E-02	bad-chisq
group_21066	9.26E-01	1.75E-02	7.92E-01	5.02E-02	1.90E-01	1.53E-02	bad-chisq
group_20526	9.26E-01	2.11E-01	1.32E-01	-2.83E-01	1.88E-01	8.75E-02	
dapA~~~yagE	9.26E-01	6.99E-02	4.62E-01	7.22E-02	9.80E-02	4.29E-02	bad-chisq
group_19420	9.26E-01	6.99E-02	4.62E-01	7.22E-02	9.80E-02	4.29E-02	bad-chisq
group_19104	9.26E-01	3.17E-01	5.52E-02	1.66E-01	8.60E-02	1.11E-01	
group_18962	9.29E-01	2.05E-02	8.52E-01	3.30E-02	1.77E-01	1.09E-02	bad-chisq
group_18656	9.26E-01	1.75E-02	1.76E-01	2.68E-01	1.98E-01	7.87E-02	bad-chisq
tssA~~~impA	9.26E-01	6.99E-02	4.35E-01	-1.55E-01	1.98E-01	4.55E-02	bad-chisq
group_18397	9.26E-01	1.75E-02	8.56E-01	3.71E-02	2.05E-01	1.05E-02	bad-chisq
group_16580	9.23E-01	5.98E-02	3.26E-01	9.01E-02	9.15E-02	5.72E-02	bad-chisq
group_16036	9.23E-01	4.81E-02	2.30E-02	-1.76E-01	7.70E-02	1.32E-01	
group_15501	9.26E-01	1.75E-02	9.60E-01	9.29E-03	1.85E-01	2.92E-03	bad-chisq
alkP~~~mdoB	9.26E-01	2.11E-01	5.05E-01	8.62E-02	1.29E-01	3.89E-02	
group_15184	9.26E-01	3.35E-02	2.04E-01	-1.23E-01	9.64E-02	7.39E-02	
group_15048	9.23E-01	1.83E-01	2.96E-01	1.20E-01	1.14E-01	6.09E-02	
prdF	9.26E-01	3.35E-02	5.04E-04	-3.08E-01	8.75E-02	2.01E-01	
group_14640	9.26E-01	3.35E-02	5.04E-04	-3.08E-01	8.75E-02	2.01E-01	
potB~~~potA	9.26E-01	3.35E-02	5.04E-04	-3.08E-01	8.75E-02	2.01E-01	
ftsB	9.23E-01	4.36E-01	4.74E-01	5.09E-02	7.10E-02	4.17E-02	
group_21075	9.23E-01	1.50E-02	1.98E-01	2.08E-01	1.61E-01	7.49E-02	bad-chisq
ydaF	9.26E-01	1.75E-02	7.01E-01	5.94E-02	1.54E-01	2.24E-02	bad-chisq
group_19610	9.26E-01	6.99E-02	8.86E-01	-1.71E-02	1.19E-01	8.34E-03	bad-chisq
group_19593	9.23E-01	5.98E-02	4.71E-01	6.92E-02	9.58E-02	4.20E-02	bad-chisq
group_19116	9.23E-01	4.36E-01	9.99E-01	8.80E-05	7.32E-02	7.00E-05	
group_18949	9.23E-01	1.50E-02	3.90E-01	9.67E-02	1.12E-01	5.01E-02	bad-chisq
group_18427	9.23E-01	8.19E-01	5.44E-01	4.67E-02	7.69E-02	3.54E-02	
araC~~~ftrA~~~rhaS	9.23E-01	1.50E-02	4.66E-01	1.00E-01	1.37E-01	4.24E-02	bad-chisq
yeaO	9.23E-01	5.98E-02	6.01E-01	6.50E-02	1.24E-01	3.04E-02	bad-chisq
group_17750	9.26E-01	1.75E-02	9.26E-01	3.19E-02	3.44E-01	5.40E-03	bad-chisq
group_16820	9.19E-01	7.43E-01	3.68E-01	-6.25E-02	6.94E-02	5.24E-02	
group_16763	9.23E-01	4.36E-01	4.93E-02	-3.18E-01	1.61E-01	1.14E-01	
group_15987	9.23E-01	1.50E-02	4.20E-01	7.21E-02	8.93E-02	4.70E-02	bad-chisq
group_15807	9.23E-01	4.36E-01	3.59E-02	-2.94E-01	1.40E-01	1.22E-01	
group_15460	9.23E-01	4.36E-01	5.55E-01	-4.79E-02	8.10E-02	3.44E-02	
group_13477	9.23E-01	1.83E-01	2.46E-01	-1.88E-01	1.61E-01	6.75E-02	
group_12874	9.23E-01	1.83E-01	2.46E-01	-1.88E-01	1.61E-01	6.75E-02	
betI~~~acrR~~~tetR	9.23E-01	1.83E-01	3.16E-01	-1.34E-01	1.33E-01	5.84E-02	
alaC	9.19E-01	3.85E-01	5.08E-01	-4.66E-02	7.03E-02	3.86E-02	
pflA	9.19E-01	1.28E-02	7.48E-01	5.06E-02	1.57E-01	1.87E-02	bad-chisq
group_20534	9.19E-01	5.12E-02	7.26E-01	-5.28E-02	1.51E-01	2.04E-02	bad-chisq
group_20373	9.19E-01	5.12E-02	7.26E-01	-5.28E-02	1.51E-01	2.04E-02	bad-chisq
group_20372	9.19E-01	5.12E-02	7.26E-01	-5.28E-02	1.51E-01	2.04E-02	bad-chisq
group_20148	9.19E-01	5.12E-02	7.26E-01	-5.28E-02	1.51E-01	2.04E-02	bad-chisq
group_20122	9.19E-01	5.12E-02	7.26E-01	-5.28E-02	1.51E-01	2.04E-02	bad-chisq
group_20120	9.19E-01	5.12E-02	7.26E-01	-5.28E-02	1.51E-01	2.04E-02	bad-chisq
group_19807	9.19E-01	5.12E-02	7.26E-01	-5.28E-02	1.51E-01	2.04E-02	bad-chisq
group_19788	9.19E-01	1.28E-02	2.30E-01	1.71E-01	1.42E-01	6.98E-02	bad-chisq
yciW1	9.19E-01	5.12E-02	7.26E-01	-5.28E-02	1.51E-01	2.04E-02	bad-chisq
group_19674	9.19E-01	7.43E-01	4.67E-01	-7.50E-02	1.03E-01	4.24E-02	
group_19459	9.19E-01	5.12E-02	4.71E-01	6.90E-02	9.56E-02	4.20E-02	bad-chisq
hlyD~~~emrA	9.16E-01	6.72E-01	1.79E-01	-9.55E-02	7.09E-02	7.81E-02	
group_18259	9.19E-01	3.85E-01	8.33E-01	1.66E-02	7.84E-02	1.23E-02	
sciT~~~tagF	9.19E-01	1.28E-02	3.82E-02	3.06E-01	1.47E-01	1.20E-01	bad-chisq
group_18180	9.23E-01	1.50E-02	8.02E-01	5.83E-02	2.32E-01	1.46E-02	bad-chisq
ttgC~~~nodT~~~oprM	9.23E-01	4.36E-01	9.22E-01	6.99E-03	7.17E-02	5.68E-03	
group_18122	9.23E-01	1.50E-02	8.02E-01	5.83E-02	2.32E-01	1.46E-02	bad-chisq
group_17953	9.23E-01	1.50E-02	8.02E-01	5.83E-02	2.32E-01	1.46E-02	bad-chisq
group_17860	9.23E-01	1.50E-02	8.02E-01	5.83E-02	2.32E-01	1.46E-02	bad-chisq
group_16877	9.19E-01	3.85E-01	1.76E-01	1.28E-01	9.42E-02	7.87E-02	
group_16715	9.19E-01	1.28E-02	1.50E-01	1.52E-01	1.05E-01	8.37E-02	bad-chisq
group_15587	9.19E-01	1.28E-02	2.96E-01	1.48E-01	1.42E-01	6.08E-02	bad-chisq
group_14756	9.19E-01	1.28E-02	7.98E-01	3.46E-02	1.35E-01	1.49E-02	bad-chisq
group_14103	9.23E-01	1.50E-02	1.71E-01	2.12E-01	1.55E-01	7.97E-02	bad-chisq
lysR~~~cynR~~~argP	9.16E-01	3.40E-01	6.51E-01	3.24E-02	7.15E-02	2.63E-02	
tctC~~~iclR	9.19E-01	4.51E-01	2.93E-02	-2.10E-01	9.58E-02	1.26E-01	
bcp	9.16E-01	3.40E-01	5.52E-01	-4.11E-02	6.91E-02	3.46E-02	
group_9120	9.23E-01	1.50E-02	6.95E-01	6.13E-02	1.56E-01	2.29E-02	bad-chisq
hcp	9.16E-01	3.40E-01	1.17E-01	-2.10E-01	1.34E-01	9.12E-02	
group_21070	9.16E-01	1.09E-02	5.88E-01	8.52E-02	1.57E-01	3.16E-02	bad-chisq
group_21067	9.16E-01	1.09E-02	5.88E-01	8.52E-02	1.57E-01	3.16E-02	bad-chisq
pigC~~~cmdD~~~kdpD	9.16E-01	4.38E-02	4.10E-01	-1.16E-01	1.40E-01	4.80E-02	bad-chisq
group_21037	9.16E-01	4.38E-02	4.10E-01	-1.16E-01	1.40E-01	4.80E-02	bad-chisq
group_19689	9.16E-01	4.38E-02	9.73E-01	-3.38E-03	9.98E-02	1.97E-03	bad-chisq
group_19202	9.19E-01	1.28E-02	7.66E-01	6.46E-02	2.17E-01	1.73E-02	bad-chisq
ccmA~~~yadH~~~ybhF	9.12E-01	6.06E-01	3.94E-01	-5.91E-02	6.92E-02	4.97E-02	
ushA	9.16E-01	3.40E-01	7.35E-01	3.54E-02	1.04E-01	1.97E-02	
group_17954	9.19E-01	1.28E-02	6.84E-01	7.76E-02	1.90E-01	2.37E-02	bad-chisq
group_17498	9.16E-01	3.40E-01	5.38E-01	-8.12E-02	1.32E-01	3.59E-02	
group_17483	9.19E-01	1.28E-02	8.78E-01	3.27E-02	2.13E-01	8.94E-03	bad-chisq
group_16841	9.16E-01	3.40E-01	1.62E-01	-1.83E-01	1.31E-01	8.13E-02	
group_15779	9.12E-01	2.97E-05	6.62E-01	-3.17E-02	7.23E-02	2.55E-02	
yhhY	9.19E-01	1.28E-02	6.45E-01	9.00E-02	1.95E-01	2.68E-02	bad-chisq
group_14951	9.16E-01	1.09E-02	5.68E-01	6.16E-02	1.08E-01	3.33E-02	bad-chisq
tcpQ~~~virB9	9.16E-01	4.38E-02	4.86E-01	-9.38E-02	1.34E-01	4.06E-02	bad-chisq
group_13795	9.19E-01	5.12E-02	5.74E-01	-1.04E-01	1.85E-01	3.28E-02	bad-chisq
rhaS~~~araC	9.19E-01	5.12E-02	5.74E-01	-1.04E-01	1.85E-01	3.28E-02	bad-chisq
group_13150	9.16E-01	1.09E-02	7.96E-01	6.12E-02	2.37E-01	1.50E-02	bad-chisq
group_12919	9.12E-01	3.75E-02	1.50E-02	1.76E-01	7.19E-02	1.41E-01	bad-chisq
vgrG~~~vgrG1	9.16E-01	3.40E-01	1.17E-01	-2.10E-01	1.34E-01	9.12E-02	
group_12146	9.16E-01	3.40E-01	1.17E-01	-2.10E-01	1.34E-01	9.12E-02	
group_11136	9.16E-01	3.40E-01	1.17E-01	-2.10E-01	1.34E-01	9.12E-02	
bamD~~~tssB	9.16E-01	3.40E-01	1.17E-01	-2.10E-01	1.34E-01	9.12E-02	
group_9524	9.16E-01	3.40E-01	1.17E-01	-2.10E-01	1.34E-01	9.12E-02	
group_7774	9.16E-01	1.09E-02	8.08E-01	5.78E-02	2.38E-01	1.41E-02	bad-chisq
group_6979	9.16E-01	3.40E-01	1.17E-01	-2.10E-01	1.34E-01	9.12E-02	
group_2945	9.16E-01	3.40E-01	1.17E-01	-2.10E-01	1.34E-01	9.12E-02	
dmlR~~~lysR~~~pgrR	9.16E-01	1.09E-02	8.05E-01	5.41E-02	2.19E-01	1.44E-02	bad-chisq
group_21054	9.12E-01	3.00E-01	5.17E-01	-8.25E-02	1.27E-01	3.77E-02	
group_21044	9.16E-01	4.38E-02	5.67E-01	-9.63E-02	1.68E-01	3.33E-02	bad-chisq
group_20051	9.16E-01	1.38E-01	2.54E-01	-1.82E-01	1.59E-01	6.64E-02	
group_20050	9.16E-01	1.38E-01	2.54E-01	-1.82E-01	1.59E-01	6.64E-02	
group_19092	9.12E-01	3.75E-02	5.58E-01	-1.10E-01	1.88E-01	3.41E-02	bad-chisq
group_19087	9.16E-01	4.38E-02	5.87E-01	-9.54E-02	1.75E-01	3.17E-02	bad-chisq
acpA	9.16E-01	1.09E-02	6.91E-01	6.51E-02	1.64E-01	2.31E-02	bad-chisq
group_18867	9.12E-01	3.75E-02	1.75E-01	1.69E-01	1.25E-01	7.90E-02	bad-chisq
group_18609	9.16E-01	1.09E-02	1.93E-01	2.45E-01	1.88E-01	7.57E-02	bad-chisq
group_18139	9.12E-01	9.28E-03	7.48E-01	4.53E-02	1.41E-01	1.88E-02	bad-chisq
group_17886	9.12E-01	9.28E-03	7.48E-01	4.53E-02	1.41E-01	1.88E-02	bad-chisq
group_17554	9.12E-01	9.28E-03	7.48E-01	4.53E-02	1.41E-01	1.88E-02	bad-chisq
group_17527	9.16E-01	1.09E-02	7.32E-01	5.59E-02	1.63E-01	1.99E-02	bad-chisq
group_17257	9.12E-01	3.75E-02	5.71E-01	-1.06E-01	1.88E-01	3.30E-02	bad-chisq
group_17002	9.12E-01	3.75E-02	5.71E-01	-1.06E-01	1.88E-01	3.30E-02	bad-chisq
group_16914	9.12E-01	3.75E-02	5.71E-01	-1.06E-01	1.88E-01	3.30E-02	bad-chisq
group_16535	9.12E-01	3.75E-02	5.71E-01	-1.06E-01	1.88E-01	3.30E-02	bad-chisq
group_16513	9.12E-01	3.75E-02	5.71E-01	-1.06E-01	1.88E-01	3.30E-02	bad-chisq
group_16202	9.12E-01	3.75E-02	5.71E-01	-1.06E-01	1.88E-01	3.30E-02	bad-chisq
group_16185	9.12E-01	3.75E-02	5.71E-01	-1.06E-01	1.88E-01	3.30E-02	bad-chisq
group_15790	9.16E-01	1.09E-02	7.54E-01	5.55E-02	1.77E-01	1.82E-02	bad-chisq
group_15366	9.09E-01	9.26E-01	7.77E-01	-1.89E-02	6.66E-02	1.65E-02	
group_14898	9.16E-01	1.09E-02	1.58E-01	1.83E-01	1.29E-01	8.22E-02	bad-chisq
bpoC	9.16E-01	4.38E-02	7.45E-01	-5.28E-02	1.62E-01	1.89E-02	bad-chisq
cheA	9.12E-01	1.19E-01	4.95E-01	4.63E-02	6.77E-02	3.98E-02	
group_13060	9.12E-01	3.00E-01	1.79E-01	-1.66E-01	1.23E-01	7.82E-02	
group_12322	9.12E-01	3.00E-01	1.79E-01	-1.66E-01	1.23E-01	7.82E-02	
group_11399	9.12E-01	3.00E-01	1.79E-01	-1.66E-01	1.23E-01	7.82E-02	
group_21132	9.12E-01	9.28E-03	7.47E-01	5.92E-02	1.83E-01	1.88E-02	bad-chisq
group_20901	9.12E-01	3.75E-02	5.64E-01	-9.84E-02	1.70E-01	3.36E-02	bad-chisq
group_20885	9.12E-01	3.75E-02	5.64E-01	-9.84E-02	1.70E-01	3.36E-02	bad-chisq
group_20864	9.06E-01	2.74E-02	2.50E-01	1.02E-01	8.87E-02	6.69E-02	bad-chisq
lacI~~~purR	9.12E-01	1.19E-01	2.88E-01	-1.58E-01	1.48E-01	6.18E-02	
group_20298	9.12E-01	1.19E-01	2.88E-01	-1.58E-01	1.48E-01	6.18E-02	
group_20171	9.12E-01	1.19E-01	2.88E-01	-1.58E-01	1.48E-01	6.18E-02	
group_19855	9.12E-01	1.19E-01	2.62E-01	-1.74E-01	1.54E-01	6.53E-02	
group_19774	9.12E-01	9.28E-03	6.84E-01	6.57E-02	1.61E-01	2.37E-02	bad-chisq
hipB~~~puuR	9.12E-01	1.19E-01	2.62E-01	-1.74E-01	1.54E-01	6.53E-02	
group_19520	9.12E-01	1.19E-01	2.62E-01	-1.74E-01	1.54E-01	6.53E-02	
group_18807	9.12E-01	1.19E-01	9.18E-01	1.13E-02	1.10E-01	5.97E-03	
esiB	9.09E-01	7.91E-03	6.66E-01	7.13E-02	1.65E-01	2.51E-02	bad-chisq
group_18055	9.09E-01	7.91E-03	7.16E-01	5.93E-02	1.63E-01	2.12E-02	bad-chisq
group_17926	9.12E-01	9.28E-03	7.41E-01	5.17E-02	1.56E-01	1.93E-02	bad-chisq
group_17609	9.12E-01	9.28E-03	7.41E-01	5.17E-02	1.56E-01	1.93E-02	bad-chisq
group_17381	9.12E-01	9.28E-03	7.41E-01	5.17E-02	1.56E-01	1.93E-02	bad-chisq
group_17380	9.12E-01	9.28E-03	6.89E-01	5.89E-02	1.47E-01	2.33E-02	bad-chisq
group_17244	9.12E-01	9.28E-03	7.63E-01	5.07E-02	1.68E-01	1.76E-02	bad-chisq
group_17175	9.12E-01	9.28E-03	7.41E-01	5.17E-02	1.56E-01	1.93E-02	bad-chisq
group_16780	9.12E-01	9.28E-03	6.89E-01	5.89E-02	1.47E-01	2.33E-02	bad-chisq
msrP~~~yedY	9.09E-01	2.63E-01	3.36E-01	1.11E-01	1.15E-01	5.61E-02	
group_13957	9.12E-01	3.75E-02	3.25E-01	-1.53E-01	1.55E-01	5.73E-02	bad-chisq
group_13763	9.12E-01	3.75E-02	4.02E-01	-1.85E-01	2.21E-01	4.89E-02	bad-chisq
group_13606	9.09E-01	2.63E-01	2.69E-01	-1.28E-01	1.16E-01	6.43E-02	
group_13173	9.12E-01	3.75E-02	4.02E-01	-1.85E-01	2.21E-01	4.89E-02	bad-chisq
group_11898	9.12E-01	1.19E-01	8.47E-01	-2.09E-02	1.08E-01	1.13E-02	
group_11564	9.12E-01	3.75E-02	4.02E-01	-1.85E-01	2.21E-01	4.89E-02	bad-chisq
group_10225	9.12E-01	3.75E-02	4.02E-01	-1.85E-01	2.21E-01	4.89E-02	bad-chisq
group_8181	9.12E-01	3.75E-02	4.02E-01	-1.85E-01	2.21E-01	4.89E-02	bad-chisq
phzF~~~yddE~~~yHI9	9.06E-01	8.89E-02	4.33E-01	-1.13E-01	1.44E-01	4.57E-02	
ydhU	9.06E-01	8.89E-02	8.28E-01	2.43E-02	1.11E-01	1.27E-02	
group_21036	9.06E-01	8.89E-02	8.28E-01	2.43E-02	1.11E-01	1.27E-02	
group_21034	9.09E-01	3.21E-02	6.35E-01	6.42E-02	1.35E-01	2.77E-02	bad-chisq
tlyC~~~terC	9.09E-01	1.03E-01	9.90E-01	1.58E-03	1.30E-01	7.04E-04	
group_20796	9.09E-01	3.21E-02	9.09E-01	-1.51E-02	1.33E-01	6.63E-03	bad-chisq
group_20789	9.09E-01	3.21E-02	5.64E-01	7.65E-02	1.33E-01	3.36E-02	bad-chisq
group_20788	9.09E-01	3.21E-02	5.06E-01	8.73E-02	1.31E-01	3.87E-02	bad-chisq
group_20787	9.09E-01	3.21E-02	5.06E-01	8.73E-02	1.31E-01	3.87E-02	bad-chisq
group_20768	9.09E-01	1.03E-01	5.82E-01	-7.27E-02	1.32E-01	3.21E-02	
group_20741	9.09E-01	3.21E-02	5.06E-01	8.73E-02	1.31E-01	3.87E-02	bad-chisq
group_20737	9.09E-01	3.21E-02	5.06E-01	8.73E-02	1.31E-01	3.87E-02	bad-chisq
group_20736	9.09E-01	3.21E-02	5.06E-01	8.73E-02	1.31E-01	3.87E-02	bad-chisq
group_20682	9.09E-01	3.21E-02	5.06E-01	8.73E-02	1.31E-01	3.87E-02	bad-chisq
group_20675	9.09E-01	3.21E-02	5.06E-01	8.73E-02	1.31E-01	3.87E-02	bad-chisq
group_20651	9.09E-01	3.21E-02	7.26E-01	-5.46E-02	1.56E-01	2.04E-02	bad-chisq
group_20338	9.09E-01	3.21E-02	2.22E-01	-2.11E-01	1.72E-01	7.11E-02	bad-chisq
group_20316	9.09E-01	3.21E-02	2.22E-01	-2.11E-01	1.72E-01	7.11E-02	bad-chisq
group_20115	9.09E-01	2.63E-01	1.21E-01	-2.14E-01	1.37E-01	9.01E-02	
group_19755	9.09E-01	2.63E-01	1.21E-01	-2.14E-01	1.37E-01	9.01E-02	
group_19702	9.06E-01	2.31E-01	2.69E-01	-1.26E-01	1.14E-01	6.43E-02	
group_19234	9.09E-01	7.91E-03	8.56E-01	3.42E-02	1.89E-01	1.06E-02	bad-chisq
group_18775	9.09E-01	7.91E-03	7.65E-01	5.45E-02	1.82E-01	1.74E-02	bad-chisq
group_18076	9.06E-01	6.74E-03	1.90E-01	2.04E-01	1.55E-01	7.63E-02	bad-chisq
group_17780	9.06E-01	2.74E-02	3.74E-01	7.04E-02	7.91E-02	5.18E-02	bad-chisq
group_17491	9.06E-01	2.74E-02	7.00E-01	-5.93E-02	1.54E-01	2.24E-02	bad-chisq
group_17221	9.09E-01	7.91E-03	1.28E-01	2.75E-01	1.80E-01	8.86E-02	bad-chisq
group_16867	9.09E-01	7.91E-03	2.17E-01	1.82E-01	1.47E-01	7.18E-02	bad-chisq
group_16836	9.06E-01	4.89E-01	1.03E-01	-1.24E-01	7.58E-02	9.48E-02	
group_16779	9.09E-01	7.91E-03	7.41E-01	5.16E-02	1.56E-01	1.93E-02	bad-chisq
group_15543	9.06E-01	6.74E-03	9.23E-01	3.36E-02	3.47E-01	5.63E-03	bad-chisq
group_15336	9.09E-01	1.03E-01	7.52E-01	-4.12E-02	1.30E-01	1.84E-02	
group_14659	9.09E-01	3.21E-02	6.32E-01	-7.72E-02	1.61E-01	2.79E-02	bad-chisq
group_14264	9.09E-01	7.91E-03	1.59E-01	1.95E-01	1.38E-01	8.19E-02	bad-chisq
group_13056	9.09E-01	7.91E-03	7.34E-01	5.38E-02	1.59E-01	1.98E-02	bad-chisq
fixJ~~~luxR	9.06E-01	8.89E-02	8.46E-01	-2.17E-02	1.12E-01	1.13E-02	
group_7735	9.06E-01	6.74E-03	4.91E-01	7.71E-02	1.12E-01	4.02E-02	bad-chisq
group_21065	9.02E-01	2.03E-01	6.41E-01	4.85E-02	1.04E-01	2.72E-02	
group_20769	9.06E-01	2.31E-01	3.12E-01	-1.23E-01	1.22E-01	5.88E-02	
group_20650	9.06E-01	2.74E-02	9.74E-01	3.93E-03	1.21E-01	1.90E-03	bad-chisq
nrtD~~~cmpD~~~ssuB	9.06E-01	2.74E-02	3.23E-01	-1.52E-01	1.53E-01	5.76E-02	bad-chisq
group_19823	9.06E-01	2.74E-02	8.31E-01	-2.93E-02	1.37E-01	1.24E-02	bad-chisq
group_19756	9.06E-01	6.74E-03	3.66E-01	1.16E-01	1.28E-01	5.27E-02	bad-chisq
group_19535	9.06E-01	8.89E-02	2.71E-01	-1.68E-01	1.52E-01	6.41E-02	
group_19462	9.06E-01	6.74E-03	7.08E-01	6.07E-02	1.62E-01	2.18E-02	bad-chisq
group_19132	9.02E-01	5.73E-03	2.24E-01	1.24E-01	1.02E-01	7.08E-02	bad-chisq
group_18699	9.06E-01	6.74E-03	7.22E-01	5.64E-02	1.58E-01	2.07E-02	bad-chisq
marR~~~echA8	9.06E-01	6.74E-03	7.22E-01	5.64E-02	1.58E-01	2.07E-02	bad-chisq
group_18459	9.06E-01	6.74E-03	7.22E-01	5.64E-02	1.58E-01	2.07E-02	bad-chisq
group_18373	9.06E-01	2.31E-01	5.57E-01	-7.44E-02	1.27E-01	3.42E-02	
group_18339	9.06E-01	6.74E-03	7.22E-01	5.64E-02	1.58E-01	2.07E-02	bad-chisq
group_18314	9.06E-01	6.74E-03	7.22E-01	5.64E-02	1.58E-01	2.07E-02	bad-chisq
glcB	9.02E-01	5.73E-03	8.00E-01	5.92E-02	2.33E-01	1.48E-02	bad-chisq
group_18161	9.06E-01	8.89E-02	2.70E-01	-1.41E-01	1.27E-01	6.42E-02	
tsdA	9.02E-01	5.73E-03	2.01E-01	1.79E-01	1.40E-01	7.44E-02	bad-chisq
ucpA	9.02E-01	5.73E-03	6.41E-01	5.47E-02	1.17E-01	2.72E-02	bad-chisq
group_17798	8.99E-01	2.00E-02	2.50E-01	8.36E-02	7.25E-02	6.69E-02	bad-chisq
group_17557	9.06E-01	8.89E-02	1.55E-01	-2.05E-01	1.44E-01	8.26E-02	
group_15966	9.06E-01	2.74E-02	6.26E-01	8.45E-02	1.73E-01	2.84E-02	bad-chisq
group_15954	9.06E-01	2.74E-02	6.26E-01	8.45E-02	1.73E-01	2.84E-02	bad-chisq
smg	9.06E-01	8.89E-02	5.21E-01	-7.73E-02	1.20E-01	3.73E-02	
glxA~~~rhaS~~~araC	8.99E-01	9.06E-01	6.85E-01	-2.63E-02	6.48E-02	2.37E-02	
siaB	9.02E-01	4.76E-01	7.60E-01	2.36E-02	7.72E-02	1.78E-02	
tapT	8.99E-01	1.78E-01	9.83E-01	1.34E-03	6.34E-02	1.23E-03	
group_11729	9.06E-01	6.74E-03	9.17E-01	3.08E-02	2.94E-01	6.10E-03	bad-chisq
group_21022	8.99E-01	1.78E-01	5.05E-01	-6.63E-02	9.93E-02	3.88E-02	
group_21021	8.99E-01	1.78E-01	5.05E-01	-6.63E-02	9.93E-02	3.88E-02	
group_20910	9.02E-01	2.34E-02	9.74E-01	3.55E-03	1.11E-01	1.86E-03	bad-chisq
yeaP~~~dgcP	9.02E-01	2.34E-02	8.90E-01	-2.09E-02	1.51E-01	8.08E-03	bad-chisq
group_20516	9.02E-01	7.67E-02	4.70E-01	-8.68E-02	1.20E-01	4.21E-02	
group_20491	9.02E-01	2.03E-01	2.15E-01	-1.59E-01	1.28E-01	7.22E-02	
group_20328	8.99E-01	2.00E-02	9.65E-01	-4.25E-03	9.73E-02	2.54E-03	bad-chisq
group_20138	9.02E-01	7.67E-02	7.27E-01	-3.81E-02	1.09E-01	2.03E-02	
group_20070	9.02E-01	4.37E-01	3.60E-02	-2.39E-01	1.13E-01	1.22E-01	
group_20010	9.02E-01	4.37E-01	3.60E-02	-2.39E-01	1.13E-01	1.22E-01	
group_19913	9.02E-01	4.37E-01	3.60E-02	-2.39E-01	1.13E-01	1.22E-01	
group_19657	9.02E-01	2.03E-01	5.13E-02	-2.34E-01	1.20E-01	1.13E-01	
group_19133	8.99E-01	6.62E-02	2.59E-01	-1.79E-01	1.59E-01	6.58E-02	
group_19044	9.02E-01	5.73E-03	5.02E-01	7.98E-02	1.19E-01	3.91E-02	bad-chisq
yajQ	9.02E-01	7.79E-01	8.66E-01	-1.07E-02	6.32E-02	9.80E-03	
group_18698	9.02E-01	5.73E-03	6.80E-01	5.92E-02	1.43E-01	2.40E-02	bad-chisq
group_18695	9.02E-01	5.73E-03	5.22E-01	8.74E-02	1.36E-01	3.73E-02	bad-chisq
gltR~~~hdfR~~~lysR	9.02E-01	5.73E-03	5.22E-01	8.74E-02	1.36E-01	3.73E-02	bad-chisq
group_18508	9.02E-01	2.03E-01	2.57E-01	-1.34E-01	1.18E-01	6.60E-02	
group_17512	8.99E-01	4.87E-03	8.19E-01	4.34E-02	1.89E-01	1.33E-02	bad-chisq
group_17382	9.02E-01	5.73E-03	6.87E-01	5.82E-02	1.45E-01	2.34E-02	bad-chisq
group_17361	8.99E-01	4.87E-03	8.19E-01	4.34E-02	1.89E-01	1.33E-02	bad-chisq
group_17218	8.99E-01	5.44E-01	1.80E-02	-1.71E-01	7.20E-02	1.37E-01	
group_17024	8.99E-01	4.87E-03	8.19E-01	4.34E-02	1.89E-01	1.33E-02	bad-chisq
group_16808	8.99E-01	7.11E-01	2.80E-01	-1.06E-01	9.82E-02	6.29E-02	
group_16605	8.99E-01	4.87E-03	8.19E-01	4.34E-02	1.89E-01	1.33E-02	bad-chisq
group_16543	8.99E-01	4.87E-03	8.19E-01	4.34E-02	1.89E-01	1.33E-02	bad-chisq
group_15566	8.96E-01	1.71E-02	5.74E-01	1.04E-01	1.85E-01	3.27E-02	bad-chisq
group_15253	9.02E-01	2.34E-02	9.01E-01	-1.60E-02	1.28E-01	7.27E-03	bad-chisq
ptsA~~~ptsI	8.96E-01	3.23E-01	3.61E-01	-5.64E-02	6.17E-02	5.31E-02	
group_10126	9.02E-01	2.34E-02	4.13E-01	8.27E-02	1.01E-01	4.77E-02	bad-chisq
group_21059	8.99E-01	4.87E-03	8.54E-01	3.34E-02	1.82E-01	1.07E-02	bad-chisq
group_21033	8.99E-01	3.90E-01	3.36E-01	-1.05E-01	1.09E-01	5.60E-02	
group_20938	8.96E-01	4.14E-03	1.69E-01	2.24E-01	1.62E-01	8.01E-02	bad-chisq
group_20909	8.99E-01	2.00E-02	4.91E-01	7.21E-02	1.05E-01	4.01E-02	bad-chisq
group_20902	8.99E-01	6.62E-02	4.68E-01	-8.79E-02	1.21E-01	4.23E-02	
group_20876	8.99E-01	2.00E-02	6.96E-01	-5.11E-02	1.30E-01	2.28E-02	bad-chisq
group_20216	8.99E-01	3.90E-01	4.06E-02	-2.28E-01	1.11E-01	1.19E-01	
group_20066	8.99E-01	6.62E-02	7.17E-01	-4.54E-02	1.25E-01	2.11E-02	
group_19792	8.96E-01	4.14E-03	2.28E-01	1.41E-01	1.16E-01	7.01E-02	bad-chisq
zntA	8.92E-01	2.09E-02	5.32E-01	-3.86E-02	6.18E-02	3.64E-02	
group_18805	8.96E-01	5.70E-02	8.49E-01	2.44E-02	1.28E-01	1.11E-02	
group_18750	8.99E-01	4.87E-03	1.39E-01	3.18E-01	2.15E-01	8.60E-02	bad-chisq
group_18273	8.99E-01	4.87E-03	6.79E-01	7.13E-02	1.72E-01	2.41E-02	bad-chisq
group_16894	8.96E-01	1.55E-01	9.51E-01	-5.79E-03	9.45E-02	3.57E-03	
group_15898	8.99E-01	2.00E-02	9.06E-01	-1.46E-02	1.23E-01	6.90E-03	bad-chisq
group_15480	8.99E-01	4.87E-03	8.11E-01	5.21E-02	2.18E-01	1.39E-02	bad-chisq
group_15434	8.96E-01	5.70E-02	6.79E-01	-4.71E-02	1.14E-01	2.41E-02	
group_15381	8.99E-01	2.00E-02	9.07E-01	-1.41E-02	1.20E-01	6.79E-03	bad-chisq
group_15374	8.99E-01	4.87E-03	1.39E-01	3.18E-01	2.15E-01	8.60E-02	bad-chisq
group_11101	8.96E-01	4.14E-03	6.11E-01	1.11E-01	2.17E-01	2.97E-02	bad-chisq
group_10810	8.99E-01	4.87E-03	7.91E-01	4.75E-02	1.79E-01	1.54E-02	bad-chisq
gntR~~~ydcR	8.96E-01	4.14E-03	7.39E-01	5.29E-02	1.58E-01	1.94E-02	bad-chisq
group_20986	8.96E-01	1.71E-02	9.89E-01	-1.91E-03	1.38E-01	8.04E-04	bad-chisq
group_20702	8.96E-01	1.71E-02	6.02E-01	6.81E-02	1.30E-01	3.04E-02	bad-chisq
group_20700	8.96E-01	1.71E-02	6.02E-01	6.81E-02	1.30E-01	3.04E-02	bad-chisq
group_20541	8.96E-01	1.71E-02	6.02E-01	6.81E-02	1.30E-01	3.04E-02	bad-chisq
group_19790	8.92E-01	3.52E-03	1.49E-02	2.78E-01	1.14E-01	1.41E-01	bad-chisq
group_18808	8.96E-01	3.47E-01	9.57E-01	4.73E-03	8.77E-02	3.14E-03	
group_18067	8.92E-01	6.83E-01	6.19E-01	-3.26E-02	6.55E-02	2.90E-02	
group_17330	8.96E-01	4.14E-03	8.46E-01	3.32E-02	1.71E-01	1.13E-02	bad-chisq
group_15921	8.96E-01	1.71E-02	9.11E-01	-1.30E-02	1.16E-01	6.50E-03	bad-chisq
rsbU	8.96E-01	4.14E-03	7.84E-01	4.98E-02	1.82E-01	1.60E-02	bad-chisq
group_15118	8.96E-01	4.14E-03	7.84E-01	4.98E-02	1.82E-01	1.60E-02	bad-chisq
group_13838	8.96E-01	4.14E-03	5.65E-01	8.79E-02	1.52E-01	3.36E-02	bad-chisq
group_10206	8.92E-01	3.09E-01	8.50E-01	-1.19E-02	6.27E-02	1.10E-02	
group_20874	8.92E-01	1.46E-02	9.48E-01	-8.69E-03	1.34E-01	3.79E-03	bad-chisq
surA~~~prsA	8.92E-01	1.46E-02	5.54E-01	7.49E-02	1.26E-01	3.45E-02	bad-chisq
group_20487	8.96E-01	1.71E-02	6.02E-01	6.81E-02	1.30E-01	3.04E-02	bad-chisq
group_20486	8.92E-01	4.91E-02	9.87E-01	-2.03E-03	1.21E-01	9.81E-04	
group_20348	8.92E-01	3.09E-01	1.73E-01	-1.38E-01	1.01E-01	7.93E-02	
group_20117	8.92E-01	1.35E-01	3.77E-01	-8.94E-02	1.01E-01	5.14E-02	
group_20116	8.92E-01	1.35E-01	3.77E-01	-8.94E-02	1.01E-01	5.14E-02	
degP	8.89E-01	1.18E-01	2.19E-02	-3.61E-01	1.57E-01	1.33E-01	
group_19782	8.89E-01	2.98E-03	2.05E-02	2.50E-01	1.07E-01	1.34E-01	bad-chisq
group_18005	8.92E-01	3.52E-03	9.12E-01	3.35E-02	3.04E-01	6.42E-03	bad-chisq
group_17887	8.89E-01	2.98E-03	2.19E-01	1.16E-01	9.39E-02	7.15E-02	bad-chisq
group_17401	8.89E-01	4.50E-08	1.74E-06	-3.23E-01	6.63E-02	2.73E-01	
group_16593	8.92E-01	3.09E-01	3.84E-02	-2.33E-01	1.12E-01	1.20E-01	
group_13687	8.89E-01	7.55E-01	2.75E-02	-2.29E-01	1.03E-01	1.28E-01	
group_12610	8.89E-01	1.18E-01	7.44E-01	2.00E-02	6.11E-02	1.91E-02	
group_20883	8.89E-01	1.24E-02	6.91E-01	-5.31E-02	1.33E-01	2.32E-02	bad-chisq
group_20853	8.89E-01	4.22E-02	6.20E-01	-5.22E-02	1.05E-01	2.89E-02	
group_20752	8.89E-01	1.24E-02	5.67E-01	6.77E-02	1.18E-01	3.33E-02	bad-chisq
group_20701	8.89E-01	1.24E-02	4.44E-01	8.77E-02	1.14E-01	4.46E-02	bad-chisq
group_20619	8.89E-01	1.24E-02	2.22E-01	1.41E-01	1.15E-01	7.11E-02	bad-chisq
araC~~~pchR~~~ypdC	8.89E-01	2.98E-03	9.04E-01	3.86E-02	3.21E-01	7.01E-03	bad-chisq
group_18950	8.89E-01	2.98E-03	9.04E-01	3.86E-02	3.21E-01	7.01E-03	bad-chisq
group_18927	8.89E-01	2.98E-03	9.04E-01	3.86E-02	3.21E-01	7.01E-03	bad-chisq
group_18907	8.89E-01	2.98E-03	9.04E-01	3.86E-02	3.21E-01	7.01E-03	bad-chisq
group_17709	8.86E-01	2.52E-01	3.50E-01	-8.32E-02	8.89E-02	5.44E-02	
yijE~~~rhaT~~~eamA	8.86E-01	3.62E-02	6.34E-01	4.26E-02	8.94E-02	2.78E-02	
group_15638	8.89E-01	2.98E-03	5.48E-01	1.05E-01	1.74E-01	3.50E-02	bad-chisq
group_14875	8.89E-01	4.22E-02	5.80E-01	-6.49E-02	1.17E-01	3.22E-02	
group_13044	8.86E-01	1.03E-01	2.70E-01	-1.34E-01	1.21E-01	6.43E-02	
group_12304	8.86E-01	1.03E-01	2.70E-01	-1.34E-01	1.21E-01	6.43E-02	
group_11361	8.86E-01	1.03E-01	2.70E-01	-1.34E-01	1.21E-01	6.43E-02	
group_9905	8.86E-01	1.03E-01	2.70E-01	-1.34E-01	1.21E-01	6.43E-02	
group_9480	8.89E-01	1.18E-01	8.45E-01	-1.73E-02	8.84E-02	1.14E-02	
group_8486	8.86E-01	1.03E-01	6.90E-01	-2.90E-02	7.28E-02	2.32E-02	
group_21124	8.82E-01	8.98E-03	5.71E-01	5.60E-02	9.89E-02	3.30E-02	bad-chisq
group_21023	8.82E-01	8.94E-02	6.34E-01	4.34E-02	9.10E-02	2.77E-02	
group_21005	8.86E-01	1.06E-02	8.64E-01	2.34E-02	1.37E-01	9.95E-03	bad-chisq
phiG	8.86E-01	1.06E-02	8.64E-01	2.34E-02	1.37E-01	9.95E-03	bad-chisq
sphA~~~hlyB	8.86E-01	1.06E-02	8.70E-01	-2.12E-02	1.30E-01	9.53E-03	bad-chisq
rhaS~~~araC~~~feaR	8.86E-01	1.06E-02	8.70E-01	-2.12E-02	1.30E-01	9.53E-03	bad-chisq
group_20848	8.86E-01	2.53E-03	1.58E-01	1.75E-01	1.24E-01	8.21E-02	bad-chisq
group_20807	8.86E-01	2.53E-03	1.58E-01	1.75E-01	1.24E-01	8.21E-02	bad-chisq
group_20805	8.86E-01	2.53E-03	1.58E-01	1.75E-01	1.24E-01	8.21E-02	bad-chisq
group_20770	8.86E-01	2.53E-03	1.58E-01	1.75E-01	1.24E-01	8.21E-02	bad-chisq
group_20591	8.79E-01	1.37E-03	2.50E-01	7.35E-02	6.38E-02	6.69E-02	
group_17710	8.82E-01	2.14E-01	5.68E-01	4.90E-02	8.56E-02	3.33E-02	
group_17222	8.86E-01	2.53E-03	1.75E-01	1.99E-01	1.46E-01	7.90E-02	bad-chisq
rhtA~~~eamA	8.82E-01	2.14E-03	5.97E-01	6.22E-02	1.18E-01	3.08E-02	bad-chisq
group_16680	8.86E-01	1.06E-02	8.62E-01	2.27E-02	1.30E-01	1.02E-02	bad-chisq
group_16674	8.86E-01	1.03E-01	1.64E-01	-1.73E-01	1.24E-01	8.10E-02	
yagE	8.86E-01	1.06E-02	6.97E-01	-6.53E-02	1.67E-01	2.27E-02	bad-chisq
group_21135	8.82E-01	8.98E-03	9.57E-01	5.22E-03	9.78E-02	3.11E-03	bad-chisq
group_21060	8.82E-01	8.98E-03	7.29E-01	-3.96E-02	1.14E-01	2.02E-02	bad-chisq
group_20758	8.82E-01	2.14E-03	8.05E-01	1.55E-01	6.26E-01	1.44E-02	bad-chisq
group_20725	8.82E-01	3.11E-02	8.79E-01	-1.49E-02	9.73E-02	8.89E-03	
group_20723	8.82E-01	3.11E-02	8.79E-01	-1.49E-02	9.73E-02	8.89E-03	
group_20709	8.82E-01	2.14E-03	8.05E-01	1.55E-01	6.26E-01	1.44E-02	bad-chisq
group_19083	8.82E-01	8.98E-03	9.14E-01	1.49E-02	1.38E-01	6.30E-03	bad-chisq
group_19082	8.82E-01	8.98E-03	9.14E-01	1.49E-02	1.38E-01	6.30E-03	bad-chisq
group_19080	8.82E-01	8.98E-03	9.14E-01	1.49E-02	1.38E-01	6.30E-03	bad-chisq
group_17731	8.79E-01	9.67E-01	2.19E-01	-1.12E-01	9.08E-02	7.16E-02	
group_16460	8.82E-01	2.14E-03	8.05E-01	1.55E-01	6.26E-01	1.44E-02	bad-chisq
group_16357	8.82E-01	2.14E-03	8.05E-01	1.55E-01	6.26E-01	1.44E-02	bad-chisq
group_16124	8.82E-01	8.94E-02	2.86E-01	-1.26E-01	1.17E-01	6.21E-02	
group_15992	8.82E-01	7.43E-01	1.08E-01	9.32E-02	5.79E-02	9.33E-02	
btrW	8.82E-01	2.14E-03	2.30E-02	3.10E-01	1.36E-01	1.32E-01	bad-chisq
group_14556	8.82E-01	2.14E-03	8.05E-01	1.55E-01	6.26E-01	1.44E-02	bad-chisq
group_14265	8.82E-01	2.14E-03	8.05E-01	1.55E-01	6.26E-01	1.44E-02	bad-chisq
group_14060	8.82E-01	2.14E-03	8.05E-01	1.55E-01	6.26E-01	1.44E-02	bad-chisq
group_13945	8.82E-01	2.14E-03	8.05E-01	1.55E-01	6.26E-01	1.44E-02	bad-chisq
group_13853	8.82E-01	2.14E-03	8.05E-01	1.55E-01	6.26E-01	1.44E-02	bad-chisq
group_13410	8.82E-01	2.14E-03	8.05E-01	1.55E-01	6.26E-01	1.44E-02	bad-chisq
group_13268	8.82E-01	2.14E-03	8.05E-01	1.55E-01	6.26E-01	1.44E-02	bad-chisq
cdhR~~~araC	8.82E-01	2.14E-03	8.05E-01	1.55E-01	6.26E-01	1.44E-02	bad-chisq
group_13221	8.82E-01	3.11E-02	7.02E-01	-4.12E-02	1.07E-01	2.23E-02	
group_13021	8.82E-01	2.14E-03	8.05E-01	1.55E-01	6.26E-01	1.44E-02	bad-chisq
group_12896	8.82E-01	2.14E-03	8.05E-01	1.55E-01	6.26E-01	1.44E-02	bad-chisq
group_12880	8.82E-01	2.14E-03	5.88E-01	7.35E-02	1.36E-01	3.16E-02	bad-chisq
group_12785	8.82E-01	2.14E-03	8.05E-01	1.55E-01	6.26E-01	1.44E-02	bad-chisq
group_12600	8.82E-01	2.14E-03	8.05E-01	1.55E-01	6.26E-01	1.44E-02	bad-chisq
group_12147	8.82E-01	2.14E-03	8.05E-01	1.55E-01	6.26E-01	1.44E-02	bad-chisq
group_12088	8.82E-01	2.14E-03	8.05E-01	1.55E-01	6.26E-01	1.44E-02	bad-chisq
group_12004	8.82E-01	2.14E-03	8.05E-01	1.55E-01	6.26E-01	1.44E-02	bad-chisq
group_12003	8.82E-01	2.14E-03	8.05E-01	1.55E-01	6.26E-01	1.44E-02	bad-chisq
group_11751	8.82E-01	2.14E-03	8.05E-01	1.55E-01	6.26E-01	1.44E-02	bad-chisq
group_11698	8.82E-01	2.14E-03	8.05E-01	1.55E-01	6.26E-01	1.44E-02	bad-chisq
group_11409	8.82E-01	2.14E-03	8.05E-01	1.55E-01	6.26E-01	1.44E-02	bad-chisq
group_11330	8.82E-01	2.14E-03	8.05E-01	1.55E-01	6.26E-01	1.44E-02	bad-chisq
group_11139	8.82E-01	2.14E-03	8.05E-01	1.55E-01	6.26E-01	1.44E-02	bad-chisq
group_11083	8.82E-01	2.14E-03	8.05E-01	1.55E-01	6.26E-01	1.44E-02	bad-chisq
group_10525	8.82E-01	2.14E-03	8.05E-01	1.55E-01	6.26E-01	1.44E-02	bad-chisq
group_10497	8.82E-01	2.14E-03	8.05E-01	1.55E-01	6.26E-01	1.44E-02	bad-chisq
group_10439	8.82E-01	2.14E-03	8.05E-01	1.55E-01	6.26E-01	1.44E-02	bad-chisq
group_10257	8.82E-01	2.14E-03	8.05E-01	1.55E-01	6.26E-01	1.44E-02	bad-chisq
group_9171	8.82E-01	2.14E-03	8.05E-01	1.55E-01	6.26E-01	1.44E-02	bad-chisq
group_8949	8.82E-01	2.14E-03	8.05E-01	1.55E-01	6.26E-01	1.44E-02	bad-chisq
group_8653	8.82E-01	2.14E-03	8.05E-01	1.55E-01	6.26E-01	1.44E-02	bad-chisq
group_8603	8.82E-01	2.14E-03	8.05E-01	1.55E-01	6.26E-01	1.44E-02	bad-chisq
group_8602	8.82E-01	2.14E-03	8.05E-01	1.55E-01	6.26E-01	1.44E-02	bad-chisq
group_8551	8.82E-01	2.14E-03	8.05E-01	1.55E-01	6.26E-01	1.44E-02	bad-chisq
group_7568	8.82E-01	2.14E-03	8.05E-01	1.55E-01	6.26E-01	1.44E-02	bad-chisq
group_6822	8.82E-01	2.14E-03	8.05E-01	1.55E-01	6.26E-01	1.44E-02	bad-chisq
group_6106	8.82E-01	2.14E-03	8.05E-01	1.55E-01	6.26E-01	1.44E-02	bad-chisq
group_5579	8.82E-01	2.14E-03	8.05E-01	1.55E-01	6.26E-01	1.44E-02	bad-chisq
group_5495	8.82E-01	2.14E-03	8.05E-01	1.55E-01	6.26E-01	1.44E-02	bad-chisq
abaF	8.82E-01	2.14E-03	8.05E-01	1.55E-01	6.26E-01	1.44E-02	bad-chisq
hisM	8.82E-01	2.14E-03	8.05E-01	1.55E-01	6.26E-01	1.44E-02	bad-chisq
ydbC	8.75E-01	1.53E-03	5.33E-01	8.03E-02	1.29E-01	3.63E-02	bad-chisq
group_20875	8.79E-01	7.64E-03	8.67E-01	-2.25E-02	1.34E-01	9.77E-03	bad-chisq
group_20726	8.79E-01	2.67E-02	8.81E-01	-1.43E-02	9.60E-02	8.70E-03	
group_20334	8.79E-01	1.81E-03	7.66E-01	8.41E-02	2.82E-01	1.74E-02	bad-chisq
rhaS~~~araC~~~ypdC	8.79E-01	1.81E-03	7.66E-01	8.41E-02	2.82E-01	1.74E-02	bad-chisq
group_20165	8.75E-01	3.97E-01	8.37E-01	-1.67E-02	8.13E-02	1.20E-02	
group_20164	8.79E-01	1.81E-03	4.11E-01	1.17E-01	1.42E-01	4.79E-02	bad-chisq
group_20103	8.79E-01	1.81E-03	7.66E-01	8.41E-02	2.82E-01	1.74E-02	bad-chisq
group_19416	8.79E-01	9.67E-01	2.14E-01	8.39E-02	6.74E-02	7.23E-02	
group_18405	8.79E-01	2.67E-02	1.30E-01	1.34E-01	8.79E-02	8.81E-02	
group_18286	8.79E-01	1.81E-03	7.35E-01	9.53E-02	2.81E-01	1.97E-02	bad-chisq
group_17859	8.79E-01	1.81E-03	5.71E-01	9.99E-02	1.76E-01	3.30E-02	bad-chisq
group_17653	8.75E-01	3.49E-01	1.01E-01	9.29E-02	5.64E-02	9.54E-02	
group_17424	8.79E-01	1.81E-03	7.35E-01	9.53E-02	2.81E-01	1.97E-02	bad-chisq
group_17230	8.79E-01	1.81E-03	7.93E-01	7.42E-02	2.82E-01	1.53E-02	bad-chisq
group_16637	8.79E-01	1.81E-03	8.17E-01	6.48E-02	2.80E-01	1.35E-02	bad-chisq
group_16309	8.79E-01	1.81E-03	8.17E-01	6.48E-02	2.80E-01	1.35E-02	bad-chisq
group_14776	8.79E-01	7.64E-03	3.04E-01	-2.84E-01	2.76E-01	5.98E-02	bad-chisq
group_14138	8.79E-01	1.81E-03	7.52E-01	8.92E-02	2.83E-01	1.84E-02	bad-chisq
group_13668	8.79E-01	1.81E-03	4.50E-01	2.33E-01	3.07E-01	4.40E-02	bad-chisq
group_13384	8.79E-01	1.81E-03	7.55E-01	8.78E-02	2.81E-01	1.82E-02	bad-chisq
group_12864	8.79E-01	1.81E-03	5.36E-02	5.33E-01	2.75E-01	1.12E-01	bad-chisq
lrgA	8.79E-01	7.64E-03	3.04E-01	-2.84E-01	2.76E-01	5.99E-02	bad-chisq
group_12694	8.79E-01	1.81E-03	5.91E-01	1.51E-01	2.81E-01	3.13E-02	bad-chisq
group_12693	8.79E-01	1.81E-03	5.91E-01	1.51E-01	2.81E-01	3.13E-02	bad-chisq
ywnA	8.79E-01	1.81E-03	8.17E-01	6.48E-02	2.80E-01	1.35E-02	bad-chisq
group_12514	8.79E-01	2.67E-02	7.35E-01	-3.47E-02	1.02E-01	1.97E-02	
yggS	8.79E-01	1.81E-03	7.61E-01	8.61E-02	2.83E-01	1.77E-02	bad-chisq
group_12321	8.79E-01	1.81E-03	7.55E-01	8.78E-02	2.81E-01	1.82E-02	bad-chisq
group_12291	8.79E-01	1.81E-03	7.61E-01	9.00E-02	2.95E-01	1.77E-02	bad-chisq
group_12226	8.79E-01	1.81E-03	5.20E-02	5.36E-01	2.75E-01	1.13E-01	bad-chisq
group_12137	8.79E-01	1.81E-03	5.38E-02	5.33E-01	2.75E-01	1.12E-01	bad-chisq
group_11891	8.79E-01	1.81E-03	5.91E-01	1.51E-01	2.81E-01	3.13E-02	bad-chisq
group_11880	8.79E-01	1.81E-03	7.55E-01	8.78E-02	2.81E-01	1.82E-02	bad-chisq
ditF	8.79E-01	1.81E-03	7.61E-01	9.00E-02	2.95E-01	1.77E-02	bad-chisq
tcyC	8.79E-01	1.81E-03	7.55E-01	8.78E-02	2.81E-01	1.82E-02	bad-chisq
group_11662	8.79E-01	2.67E-02	7.35E-01	-3.47E-02	1.02E-01	1.97E-02	
group_11556	8.79E-01	1.81E-03	7.35E-01	9.52E-02	2.81E-01	1.97E-02	bad-chisq
group_11421	8.79E-01	1.81E-03	7.55E-01	8.78E-02	2.81E-01	1.82E-02	bad-chisq
group_11377	8.79E-01	7.64E-03	3.04E-01	-2.84E-01	2.76E-01	5.99E-02	bad-chisq
group_11375	8.79E-01	1.81E-03	7.55E-01	8.78E-02	2.81E-01	1.82E-02	bad-chisq
group_11350	8.79E-01	1.81E-03	7.61E-01	9.00E-02	2.95E-01	1.77E-02	bad-chisq
group_11342	8.79E-01	1.81E-03	7.35E-01	9.52E-02	2.81E-01	1.97E-02	bad-chisq
group_11214	8.79E-01	1.81E-03	7.55E-01	8.78E-02	2.81E-01	1.82E-02	bad-chisq
group_11122	8.79E-01	1.81E-03	5.38E-02	5.33E-01	2.75E-01	1.12E-01	bad-chisq
group_10912	8.79E-01	1.81E-03	7.36E-01	9.58E-02	2.84E-01	1.96E-02	bad-chisq
group_10848	8.79E-01	1.81E-03	5.91E-01	1.51E-01	2.81E-01	3.13E-02	bad-chisq
group_10826	8.79E-01	1.81E-03	7.55E-01	8.78E-02	2.81E-01	1.82E-02	bad-chisq
group_10735	8.79E-01	1.81E-03	7.55E-01	8.78E-02	2.81E-01	1.82E-02	bad-chisq
group_10623	8.79E-01	1.81E-03	7.66E-01	8.41E-02	2.82E-01	1.74E-02	bad-chisq
ycbX	8.72E-01	1.96E-02	6.42E-01	-7.46E-02	1.60E-01	2.71E-02	
group_10556	8.79E-01	1.81E-03	5.91E-01	1.51E-01	2.81E-01	3.13E-02	bad-chisq
group_10454	8.79E-01	1.81E-03	7.55E-01	8.78E-02	2.81E-01	1.82E-02	bad-chisq
group_10370	8.79E-01	1.81E-03	7.55E-01	8.78E-02	2.81E-01	1.82E-02	bad-chisq
group_10361	8.79E-01	2.67E-02	7.35E-01	-3.47E-02	1.02E-01	1.97E-02	
group_10226	8.79E-01	1.81E-03	7.72E-01	8.16E-02	2.82E-01	1.68E-02	bad-chisq
group_10011	8.79E-01	1.81E-03	7.55E-01	8.78E-02	2.81E-01	1.82E-02	bad-chisq
group_9923	8.79E-01	1.81E-03	7.52E-01	8.92E-02	2.83E-01	1.84E-02	bad-chisq
group_9908	8.79E-01	1.81E-03	7.35E-01	9.52E-02	2.81E-01	1.97E-02	bad-chisq
group_9898	8.79E-01	1.81E-03	7.55E-01	8.78E-02	2.81E-01	1.82E-02	bad-chisq
group_9897	8.79E-01	1.81E-03	7.55E-01	8.78E-02	2.81E-01	1.82E-02	bad-chisq
group_9527	8.79E-01	1.81E-03	7.66E-01	8.41E-02	2.82E-01	1.74E-02	bad-chisq
group_9498	8.79E-01	1.81E-03	5.38E-02	5.33E-01	2.75E-01	1.12E-01	bad-chisq
fixJ	8.79E-01	1.81E-03	5.38E-02	5.32E-01	2.75E-01	1.12E-01	bad-chisq
fepG	8.79E-01	1.81E-03	5.38E-02	5.32E-01	2.75E-01	1.12E-01	bad-chisq
group_9099	8.79E-01	1.81E-03	5.91E-01	1.51E-01	2.81E-01	3.13E-02	bad-chisq
group_9075	8.79E-01	1.81E-03	7.55E-01	8.78E-02	2.81E-01	1.82E-02	bad-chisq
group_8802	8.79E-01	1.81E-03	7.66E-01	8.41E-02	2.82E-01	1.74E-02	bad-chisq
group_8420	8.79E-01	1.81E-03	7.55E-01	8.78E-02	2.81E-01	1.82E-02	bad-chisq
mtrA	8.79E-01	1.81E-03	7.55E-01	8.78E-02	2.81E-01	1.82E-02	bad-chisq
group_8388	8.79E-01	1.81E-03	8.17E-01	6.48E-02	2.80E-01	1.35E-02	bad-chisq
group_8252	8.79E-01	1.81E-03	7.35E-01	9.52E-02	2.81E-01	1.97E-02	bad-chisq
group_8227	8.79E-01	1.81E-03	7.55E-01	8.78E-02	2.81E-01	1.82E-02	bad-chisq
group_8223	8.79E-01	1.81E-03	5.38E-02	5.32E-01	2.75E-01	1.12E-01	bad-chisq
yusQ	8.79E-01	1.81E-03	7.72E-01	8.16E-02	2.82E-01	1.68E-02	bad-chisq
group_8170	8.79E-01	1.81E-03	8.00E-01	7.12E-02	2.81E-01	1.48E-02	bad-chisq
group_8012	8.79E-01	1.81E-03	6.68E-01	1.25E-01	2.91E-01	2.50E-02	bad-chisq
purL	8.79E-01	1.81E-03	7.35E-01	9.52E-02	2.81E-01	1.97E-02	bad-chisq
group_7791	8.79E-01	1.81E-03	7.37E-01	9.49E-02	2.83E-01	1.95E-02	bad-chisq
group_7691	8.79E-01	1.81E-03	7.55E-01	8.78E-02	2.81E-01	1.82E-02	bad-chisq
group_7675	8.79E-01	1.81E-03	7.52E-01	8.92E-02	2.83E-01	1.84E-02	bad-chisq
benM~~~lysR	8.79E-01	1.81E-03	7.55E-01	8.78E-02	2.81E-01	1.82E-02	bad-chisq
group_7636	8.79E-01	1.81E-03	7.55E-01	8.78E-02	2.81E-01	1.82E-02	bad-chisq
group_7635	8.79E-01	1.81E-03	7.55E-01	8.78E-02	2.81E-01	1.82E-02	bad-chisq
glnQ~~~ehuA	8.79E-01	1.81E-03	7.66E-01	8.41E-02	2.82E-01	1.74E-02	bad-chisq
group_6695	8.79E-01	1.81E-03	7.35E-01	9.52E-02	2.81E-01	1.97E-02	bad-chisq
group_6495	8.79E-01	2.67E-02	8.40E-01	-2.15E-02	1.06E-01	1.18E-02	
fecE	8.79E-01	1.81E-03	6.68E-01	1.25E-01	2.91E-01	2.50E-02	bad-chisq
group_6330	8.79E-01	1.81E-03	5.91E-01	1.51E-01	2.81E-01	3.13E-02	bad-chisq
group_6158	8.79E-01	7.64E-03	3.04E-01	-2.84E-01	2.76E-01	5.99E-02	bad-chisq
group_5884	8.79E-01	1.81E-03	7.55E-01	8.78E-02	2.81E-01	1.82E-02	bad-chisq
group_5367	8.79E-01	1.81E-03	7.55E-01	8.78E-02	2.81E-01	1.82E-02	bad-chisq
group_5358	8.79E-01	1.81E-03	7.35E-01	9.52E-02	2.81E-01	1.97E-02	bad-chisq
group_5308	8.79E-01	1.81E-03	8.17E-01	6.48E-02	2.80E-01	1.35E-02	bad-chisq
group_5255	8.79E-01	1.81E-03	7.35E-01	9.52E-02	2.81E-01	1.97E-02	bad-chisq
group_5116	8.79E-01	1.81E-03	7.35E-01	9.52E-02	2.81E-01	1.97E-02	bad-chisq
group_3899	8.79E-01	1.81E-03	7.55E-01	8.78E-02	2.81E-01	1.82E-02	bad-chisq
group_3845	8.79E-01	1.81E-03	8.00E-01	7.12E-02	2.81E-01	1.48E-02	bad-chisq
dctQ	8.79E-01	1.81E-03	7.35E-01	9.52E-02	2.81E-01	1.97E-02	bad-chisq
group_2993	8.79E-01	1.81E-03	7.35E-01	9.52E-02	2.81E-01	1.97E-02	bad-chisq
group_21122	8.72E-01	1.96E-02	8.72E-01	-1.47E-02	9.12E-02	9.39E-03	
group_20977	8.75E-01	6.73E-02	8.16E-01	2.50E-02	1.08E-01	1.35E-02	
group_20884	8.75E-01	6.49E-03	9.90E-01	-1.40E-03	1.14E-01	7.12E-04	bad-chisq
group_20694	8.75E-01	6.49E-03	5.85E-01	6.46E-02	1.18E-01	3.18E-02	bad-chisq
group_19645	8.75E-01	6.49E-03	5.25E-01	-1.33E-01	2.08E-01	3.70E-02	bad-chisq
group_19107	8.72E-01	1.85E-05	1.42E-01	-1.01E-01	6.87E-02	8.55E-02	
group_18803	8.75E-01	6.49E-03	5.46E-01	-1.26E-01	2.08E-01	3.52E-02	bad-chisq
group_18720	8.75E-01	6.49E-03	5.46E-01	-1.26E-01	2.08E-01	3.52E-02	bad-chisq
group_18719	8.75E-01	6.49E-03	5.46E-01	-1.26E-01	2.08E-01	3.52E-02	bad-chisq
group_18630	8.75E-01	6.49E-03	5.46E-01	-1.26E-01	2.08E-01	3.52E-02	bad-chisq
group_18331	8.79E-01	2.67E-02	9.08E-01	1.19E-02	1.02E-01	6.75E-03	
group_17831	8.75E-01	6.73E-02	5.53E-01	-7.70E-02	1.29E-01	3.46E-02	
group_17826	8.75E-01	6.49E-03	5.44E-01	-1.26E-01	2.08E-01	3.54E-02	bad-chisq
group_17143	8.75E-01	6.49E-03	4.95E-01	-1.42E-01	2.07E-01	3.97E-02	bad-chisq
group_16828	8.75E-01	1.53E-03	5.83E-01	1.18E-01	2.15E-01	3.20E-02	bad-chisq
group_16731	8.75E-01	6.49E-03	5.46E-01	-1.26E-01	2.08E-01	3.52E-02	bad-chisq
group_16683	8.75E-01	6.49E-03	5.46E-01	-1.26E-01	2.08E-01	3.52E-02	bad-chisq
group_16555	8.75E-01	6.49E-03	5.46E-01	-1.26E-01	2.08E-01	3.52E-02	bad-chisq
group_16323	8.75E-01	6.49E-03	5.46E-01	-1.26E-01	2.08E-01	3.52E-02	bad-chisq
group_15268	8.75E-01	6.73E-02	3.70E-01	9.47E-02	1.06E-01	5.22E-02	
group_15254	8.75E-01	1.53E-03	6.64E-01	9.37E-02	2.16E-01	2.53E-02	bad-chisq
group_15169	8.75E-01	6.49E-03	5.46E-01	-1.26E-01	2.08E-01	3.52E-02	bad-chisq
group_14866	8.75E-01	6.49E-03	5.46E-01	-1.26E-01	2.08E-01	3.52E-02	bad-chisq
group_14796	8.75E-01	6.49E-03	5.46E-01	-1.26E-01	2.08E-01	3.52E-02	bad-chisq
group_14663	8.75E-01	6.49E-03	5.46E-01	-1.26E-01	2.08E-01	3.52E-02	bad-chisq
group_14516	8.75E-01	2.28E-02	1.04E-01	-3.36E-01	2.06E-01	9.44E-02	
group_14402	8.75E-01	6.49E-03	5.46E-01	-1.26E-01	2.08E-01	3.52E-02	bad-chisq
group_14268	8.75E-01	6.49E-03	5.46E-01	-1.26E-01	2.08E-01	3.52E-02	bad-chisq
rluF	8.75E-01	6.49E-03	5.46E-01	-1.26E-01	2.08E-01	3.52E-02	bad-chisq
group_13876	8.75E-01	6.49E-03	5.46E-01	-1.26E-01	2.08E-01	3.52E-02	bad-chisq
group_13674	8.75E-01	1.53E-03	7.95E-01	5.55E-02	2.13E-01	1.52E-02	bad-chisq
group_13627	8.75E-01	6.49E-03	4.95E-01	-1.42E-01	2.07E-01	3.97E-02	bad-chisq
group_13413	8.75E-01	2.28E-02	1.04E-01	-3.36E-01	2.06E-01	9.44E-02	
group_13385	8.75E-01	1.53E-03	1.09E-01	3.33E-01	2.07E-01	9.33E-02	bad-chisq
group_13303	8.75E-01	6.49E-03	1.25E-01	-3.26E-01	2.12E-01	8.92E-02	bad-chisq
nanR~~~gntR	8.75E-01	1.53E-03	7.78E-01	5.99E-02	2.13E-01	1.64E-02	bad-chisq
group_12988	8.75E-01	1.53E-03	6.93E-01	8.32E-02	2.11E-01	2.30E-02	bad-chisq
group_12963	8.75E-01	6.49E-03	5.46E-01	-1.26E-01	2.08E-01	3.52E-02	bad-chisq
group_12790	8.75E-01	2.28E-02	1.04E-01	-3.36E-01	2.06E-01	9.44E-02	
group_12755	8.75E-01	2.28E-02	1.04E-01	-3.36E-01	2.06E-01	9.44E-02	
rhaR~~~araC	8.75E-01	2.28E-02	1.39E-02	-5.35E-01	2.16E-01	1.43E-01	
group_12346	8.75E-01	6.49E-03	4.95E-01	-1.42E-01	2.07E-01	3.97E-02	bad-chisq
group_12336	8.75E-01	1.53E-03	5.61E-01	1.33E-01	2.29E-01	3.39E-02	bad-chisq
group_12335	8.75E-01	1.53E-03	7.55E-01	6.80E-02	2.18E-01	1.81E-02	bad-chisq
group_12315	8.75E-01	1.53E-03	7.95E-01	5.55E-02	2.13E-01	1.52E-02	bad-chisq
group_12239	8.75E-01	6.49E-03	5.46E-01	-1.26E-01	2.08E-01	3.52E-02	bad-chisq
group_12148	8.75E-01	2.28E-02	1.23E-02	-5.21E-01	2.07E-01	1.45E-01	
rhlE	8.79E-01	6.81E-01	3.38E-01	5.51E-02	5.75E-02	5.58E-02	
group_11804	8.75E-01	1.53E-03	6.85E-01	8.54E-02	2.10E-01	2.36E-02	bad-chisq
group_11755	8.75E-01	2.28E-02	1.39E-02	-5.35E-01	2.16E-01	1.43E-01	
group_11700	8.75E-01	6.49E-03	5.51E-01	1.24E-01	2.07E-01	3.47E-02	bad-chisq
group_11547	8.75E-01	1.53E-03	6.91E-01	8.39E-02	2.11E-01	2.32E-02	bad-chisq
group_11411	8.75E-01	1.53E-03	7.47E-01	6.77E-02	2.10E-01	1.88E-02	bad-chisq
group_11261	8.75E-01	6.49E-03	5.46E-01	-1.26E-01	2.08E-01	3.52E-02	bad-chisq
group_11252	8.75E-01	6.49E-03	5.46E-01	-1.26E-01	2.08E-01	3.52E-02	bad-chisq
group_11231	8.75E-01	6.49E-03	5.46E-01	-1.26E-01	2.08E-01	3.52E-02	bad-chisq
group_11141	8.75E-01	2.28E-02	1.23E-02	-5.21E-01	2.07E-01	1.45E-01	
group_11123	8.75E-01	1.53E-03	8.74E-02	3.63E-01	2.12E-01	9.94E-02	bad-chisq
group_11003	8.75E-01	6.49E-03	5.25E-01	-1.33E-01	2.08E-01	3.70E-02	bad-chisq
group_10923	8.75E-01	6.49E-03	4.80E-01	-1.49E-01	2.11E-01	4.11E-02	bad-chisq
group_10892	8.75E-01	1.53E-03	9.87E-02	3.56E-01	2.15E-01	9.60E-02	bad-chisq
group_10602	8.75E-01	1.53E-03	1.25E-01	3.18E-01	2.07E-01	8.92E-02	bad-chisq
group_10596	8.75E-01	1.53E-03	1.25E-01	3.18E-01	2.07E-01	8.92E-02	bad-chisq
group_10524	8.75E-01	1.53E-03	2.47E-01	2.44E-01	2.10E-01	6.74E-02	bad-chisq
takP	8.75E-01	1.53E-03	7.20E-01	7.74E-02	2.16E-01	2.09E-02	bad-chisq
group_10506	8.75E-01	2.28E-02	1.39E-02	-5.35E-01	2.16E-01	1.43E-01	
group_10503	8.75E-01	6.49E-03	5.46E-01	-1.26E-01	2.08E-01	3.52E-02	bad-chisq
yciH	8.75E-01	6.49E-03	5.46E-01	-1.26E-01	2.08E-01	3.52E-02	bad-chisq
group_10469	8.75E-01	1.53E-03	7.62E-01	6.54E-02	2.15E-01	1.77E-02	bad-chisq
group_10268	8.75E-01	1.53E-03	6.87E-01	8.50E-02	2.11E-01	2.35E-02	bad-chisq
ydcR	8.75E-01	6.49E-03	4.95E-01	-1.42E-01	2.07E-01	3.97E-02	bad-chisq
group_10089	8.75E-01	6.49E-03	5.46E-01	-1.26E-01	2.08E-01	3.52E-02	bad-chisq
group_10004	8.75E-01	6.49E-03	5.59E-01	1.21E-01	2.07E-01	3.41E-02	bad-chisq
group_9997	8.75E-01	6.49E-03	4.95E-01	-1.42E-01	2.07E-01	3.97E-02	bad-chisq
group_9995	8.75E-01	1.53E-03	7.47E-01	6.77E-02	2.10E-01	1.88E-02	bad-chisq
group_9930	8.75E-01	1.53E-03	7.95E-01	5.55E-02	2.13E-01	1.52E-02	bad-chisq
group_9913	8.75E-01	6.49E-03	5.47E-01	-1.25E-01	2.08E-01	3.51E-02	bad-chisq
group_9900	8.75E-01	6.49E-03	5.25E-01	-1.33E-01	2.08E-01	3.70E-02	bad-chisq
group_9881	8.75E-01	6.49E-03	5.25E-01	-1.33E-01	2.08E-01	3.70E-02	bad-chisq
group_9880	8.75E-01	6.49E-03	5.25E-01	-1.33E-01	2.08E-01	3.70E-02	bad-chisq
group_9877	8.75E-01	6.49E-03	5.25E-01	-1.33E-01	2.08E-01	3.70E-02	bad-chisq
group_9694	8.75E-01	6.49E-03	5.46E-01	-1.26E-01	2.08E-01	3.52E-02	bad-chisq
group_9693	8.75E-01	6.49E-03	5.46E-01	-1.26E-01	2.08E-01	3.52E-02	bad-chisq
group_9652	8.75E-01	6.49E-03	5.46E-01	-1.26E-01	2.08E-01	3.52E-02	bad-chisq
group_9531	8.75E-01	2.28E-02	1.23E-02	-5.21E-01	2.07E-01	1.45E-01	
group_9377	8.75E-01	2.28E-02	1.04E-01	-3.36E-01	2.06E-01	9.44E-02	
group_9375	8.75E-01	1.53E-03	7.47E-01	6.77E-02	2.10E-01	1.88E-02	bad-chisq
prsA~~~ppiC	8.75E-01	1.53E-03	7.47E-01	6.77E-02	2.10E-01	1.88E-02	bad-chisq
group_9202	8.75E-01	6.49E-03	4.80E-01	-1.49E-01	2.11E-01	4.11E-02	bad-chisq
group_9129	8.75E-01	6.49E-03	8.91E-02	-3.56E-01	2.09E-01	9.88E-02	bad-chisq
ampC	8.75E-01	2.28E-02	1.04E-01	-3.36E-01	2.06E-01	9.44E-02	
group_8930	8.75E-01	1.53E-03	6.94E-01	8.50E-02	2.16E-01	2.29E-02	bad-chisq
dan	8.75E-01	6.49E-03	5.46E-01	-1.26E-01	2.08E-01	3.52E-02	bad-chisq
gsiA~~~gsiD	8.75E-01	6.49E-03	5.46E-01	-1.26E-01	2.08E-01	3.52E-02	bad-chisq
group_8776	8.75E-01	1.53E-03	1.25E-01	3.18E-01	2.07E-01	8.92E-02	bad-chisq
group_8775	8.75E-01	1.53E-03	1.25E-01	3.18E-01	2.07E-01	8.92E-02	bad-chisq
group_8770	8.75E-01	1.53E-03	1.06E-01	3.35E-01	2.07E-01	9.40E-02	bad-chisq
group_8622	8.75E-01	2.28E-02	1.39E-02	-5.35E-01	2.16E-01	1.43E-01	
group_8616	8.75E-01	6.49E-03	5.46E-01	-1.26E-01	2.08E-01	3.52E-02	bad-chisq
group_8569	8.75E-01	1.53E-03	7.62E-01	6.54E-02	2.15E-01	1.77E-02	bad-chisq
group_8568	8.75E-01	1.53E-03	7.62E-01	6.54E-02	2.15E-01	1.77E-02	bad-chisq
group_8487	8.75E-01	1.53E-03	6.92E-01	8.54E-02	2.15E-01	2.31E-02	bad-chisq
group_8462	8.75E-01	1.53E-03	1.12E-01	3.42E-01	2.15E-01	9.23E-02	bad-chisq
group_8454	8.75E-01	6.49E-03	5.51E-01	1.24E-01	2.07E-01	3.47E-02	bad-chisq
abaF~~~melB	8.75E-01	1.53E-03	1.25E-01	3.18E-01	2.07E-01	8.92E-02	bad-chisq
group_8284	8.75E-01	6.49E-03	5.46E-01	-1.26E-01	2.08E-01	3.52E-02	bad-chisq
group_8074	8.75E-01	1.53E-03	6.85E-01	8.54E-02	2.10E-01	2.36E-02	bad-chisq
group_8048	8.75E-01	6.49E-03	4.95E-01	-1.42E-01	2.07E-01	3.97E-02	bad-chisq
group_7993	8.75E-01	6.49E-03	4.95E-01	-1.42E-01	2.07E-01	3.97E-02	bad-chisq
group_7941	8.75E-01	6.49E-03	5.46E-01	-1.26E-01	2.08E-01	3.52E-02	bad-chisq
group_7940	8.75E-01	6.49E-03	5.46E-01	-1.26E-01	2.08E-01	3.52E-02	bad-chisq
group_7795	8.75E-01	6.49E-03	4.95E-01	-1.42E-01	2.07E-01	3.97E-02	bad-chisq
luxR~~~citB	8.75E-01	1.53E-03	7.47E-01	6.77E-02	2.10E-01	1.88E-02	bad-chisq
group_7603	8.75E-01	6.49E-03	5.25E-01	-1.33E-01	2.08E-01	3.70E-02	bad-chisq
group_7284	8.75E-01	6.49E-03	5.46E-01	-1.26E-01	2.08E-01	3.52E-02	bad-chisq
moaA	8.75E-01	1.53E-03	7.47E-01	6.77E-02	2.10E-01	1.88E-02	bad-chisq
narI	8.75E-01	1.53E-03	7.47E-01	6.77E-02	2.10E-01	1.88E-02	bad-chisq
group_5885	8.75E-01	6.49E-03	5.33E-01	-1.30E-01	2.08E-01	3.63E-02	bad-chisq
group_5826	8.75E-01	6.49E-03	5.46E-01	-1.26E-01	2.08E-01	3.52E-02	bad-chisq
group_5515	8.75E-01	1.53E-03	7.62E-01	6.54E-02	2.15E-01	1.77E-02	bad-chisq
rfaQ	8.75E-01	1.53E-03	1.12E-01	3.42E-01	2.15E-01	9.23E-02	bad-chisq
narG~~~narZ	8.75E-01	1.53E-03	7.47E-01	6.77E-02	2.10E-01	1.88E-02	bad-chisq
group_5233	8.75E-01	1.53E-03	7.47E-01	6.77E-02	2.10E-01	1.88E-02	bad-chisq
group_5003	8.75E-01	1.53E-03	7.47E-01	6.77E-02	2.10E-01	1.88E-02	bad-chisq
group_4863	8.75E-01	6.49E-03	4.95E-01	-1.42E-01	2.07E-01	3.97E-02	bad-chisq
group_4816	8.75E-01	1.53E-03	6.97E-01	8.84E-02	2.27E-01	2.27E-02	bad-chisq
group_4801	8.75E-01	1.53E-03	7.13E-01	7.77E-02	2.11E-01	2.15E-02	bad-chisq
lpxO	8.75E-01	1.53E-03	6.85E-01	8.54E-02	2.10E-01	2.36E-02	bad-chisq
group_3608	8.75E-01	6.49E-03	5.25E-01	-1.33E-01	2.08E-01	3.70E-02	bad-chisq
narK	8.75E-01	1.53E-03	7.47E-01	6.77E-02	2.10E-01	1.88E-02	bad-chisq
group_2798	8.75E-01	1.53E-03	7.47E-01	6.77E-02	2.10E-01	1.88E-02	bad-chisq
yciC~~~yjiA~~~cobW	8.69E-01	4.67E-03	8.91E-01	1.35E-02	9.80E-02	8.01E-03	bad-chisq
group_20507	8.72E-01	1.30E-03	5.29E-01	1.61E-01	2.56E-01	3.67E-02	bad-chisq
group_19802	8.72E-01	1.30E-03	6.81E-01	7.22E-02	1.75E-01	2.40E-02	bad-chisq
group_19729	8.72E-01	1.30E-03	6.54E-01	8.02E-02	1.79E-01	2.61E-02	bad-chisq
group_19258	8.72E-01	1.30E-03	2.03E-01	1.82E-01	1.43E-01	7.41E-02	bad-chisq
group_18448	8.72E-01	4.51E-01	4.51E-01	-6.32E-02	8.37E-02	4.39E-02	
group_18444	8.72E-01	5.51E-03	8.33E-01	3.93E-02	1.86E-01	1.23E-02	bad-chisq
group_18287	8.72E-01	5.51E-03	8.33E-01	3.93E-02	1.86E-01	1.23E-02	bad-chisq
group_18149	8.72E-01	5.51E-03	6.91E-01	-6.94E-02	1.74E-01	2.32E-02	bad-chisq
papD~~~stdC	8.72E-01	5.51E-03	6.91E-01	-6.94E-02	1.74E-01	2.32E-02	bad-chisq
stdB~~~papC	8.72E-01	5.51E-03	6.91E-01	-6.94E-02	1.74E-01	2.32E-02	bad-chisq
group_17703	8.72E-01	5.51E-03	6.91E-01	-6.94E-02	1.74E-01	2.32E-02	bad-chisq
opuE	8.72E-01	5.83E-02	5.55E-01	-7.65E-02	1.29E-01	3.44E-02	
qseB~~~basR	8.72E-01	5.51E-03	6.91E-01	-6.94E-02	1.74E-01	2.32E-02	bad-chisq
group_17268	8.69E-01	5.04E-02	9.67E-01	-3.60E-03	8.62E-02	2.43E-03	
group_17107	8.72E-01	1.30E-03	7.16E-01	6.81E-02	1.87E-01	2.12E-02	bad-chisq
group_16948	8.72E-01	1.30E-03	6.81E-01	7.22E-02	1.75E-01	2.40E-02	bad-chisq
group_16732	8.72E-01	5.51E-03	6.88E-01	-7.09E-02	1.77E-01	2.34E-02	bad-chisq
group_16636	8.69E-01	5.04E-02	9.67E-01	-3.60E-03	8.62E-02	2.43E-03	
group_16500	8.72E-01	5.51E-03	6.88E-01	-7.09E-02	1.77E-01	2.34E-02	bad-chisq
group_16441	8.72E-01	1.96E-02	2.24E-01	-2.10E-01	1.73E-01	7.07E-02	
group_16356	8.72E-01	1.30E-03	5.29E-01	1.61E-01	2.56E-01	3.67E-02	bad-chisq
group_14219	8.72E-01	1.96E-02	8.30E-01	-3.73E-02	1.74E-01	1.25E-02	
group_14085	8.72E-01	1.30E-03	6.49E-01	8.18E-02	1.80E-01	2.65E-02	bad-chisq
xylF	8.72E-01	1.96E-02	8.30E-01	-3.73E-02	1.74E-01	1.25E-02	
group_13793	8.69E-01	5.04E-02	9.67E-01	-3.60E-03	8.62E-02	2.43E-03	
group_13624	8.72E-01	5.51E-03	5.73E-01	9.75E-02	1.73E-01	3.28E-02	bad-chisq
group_13596	8.72E-01	1.30E-03	7.16E-01	6.81E-02	1.87E-01	2.12E-02	bad-chisq
group_13496	8.72E-01	1.96E-02	5.20E-02	-3.38E-01	1.73E-01	1.13E-01	
group_13307	8.72E-01	1.96E-02	8.30E-01	-3.73E-02	1.74E-01	1.25E-02	
group_13302	8.72E-01	5.51E-03	2.18E-01	-2.23E-01	1.80E-01	7.18E-02	bad-chisq
group_13145	8.72E-01	5.51E-03	7.04E-01	-6.61E-02	1.74E-01	2.22E-02	bad-chisq
kpsT	8.72E-01	1.96E-02	5.20E-02	-3.38E-01	1.73E-01	1.13E-01	
otnI	8.72E-01	1.30E-03	7.31E-01	6.09E-02	1.77E-01	2.00E-02	bad-chisq
group_13008	8.72E-01	5.51E-03	6.91E-01	-6.94E-02	1.74E-01	2.32E-02	bad-chisq
group_12773	8.72E-01	5.51E-03	6.51E-01	-7.87E-02	1.74E-01	2.64E-02	bad-chisq
group_12539	8.72E-01	1.96E-02	8.30E-01	-3.73E-02	1.74E-01	1.25E-02	
group_12396	8.72E-01	1.96E-02	5.20E-02	-3.38E-01	1.73E-01	1.13E-01	
group_12352	8.72E-01	1.30E-03	6.11E-01	9.20E-02	1.80E-01	2.97E-02	bad-chisq
group_12316	8.72E-01	1.30E-03	6.93E-01	7.03E-02	1.78E-01	2.30E-02	bad-chisq
group_12312	8.72E-01	1.30E-03	6.11E-01	9.20E-02	1.80E-01	2.97E-02	bad-chisq
group_12298	8.72E-01	1.30E-03	7.16E-01	6.81E-02	1.87E-01	2.12E-02	bad-chisq
denD	8.72E-01	1.30E-03	7.31E-01	6.09E-02	1.77E-01	2.00E-02	bad-chisq
group_12287	8.72E-01	1.30E-03	1.67E-01	2.42E-01	1.75E-01	8.04E-02	bad-chisq
group_12224	8.72E-01	5.51E-03	6.88E-01	-7.09E-02	1.77E-01	2.34E-02	bad-chisq
group_11979	8.72E-01	5.51E-03	6.85E-01	-7.08E-02	1.74E-01	2.37E-02	bad-chisq
group_11690	8.72E-01	1.96E-02	8.30E-01	-3.73E-02	1.74E-01	1.25E-02	
group_11659	8.72E-01	1.30E-03	6.93E-01	7.03E-02	1.78E-01	2.30E-02	bad-chisq
group_11469	8.72E-01	5.51E-03	7.11E-01	-6.55E-02	1.77E-01	2.16E-02	bad-chisq
group_11380	8.72E-01	1.30E-03	7.38E-01	6.01E-02	1.80E-01	1.95E-02	bad-chisq
ltnD	8.72E-01	1.30E-03	7.31E-01	6.09E-02	1.77E-01	2.00E-02	bad-chisq
group_11145	8.72E-01	5.51E-03	6.30E-01	-8.40E-02	1.74E-01	2.81E-02	bad-chisq
group_11039	8.72E-01	1.30E-03	6.99E-01	6.88E-02	1.78E-01	2.25E-02	bad-chisq
smvA	8.72E-01	1.30E-03	6.93E-01	7.03E-02	1.78E-01	2.30E-02	bad-chisq
ridA~~~yjgH	8.72E-01	5.51E-03	7.73E-01	-5.05E-02	1.75E-01	1.68E-02	bad-chisq
group_10631	8.72E-01	5.51E-03	5.28E-01	1.09E-01	1.73E-01	3.68E-02	bad-chisq
group_10436	8.72E-01	1.96E-02	2.25E-01	-2.10E-01	1.73E-01	7.07E-02	
group_10353	8.72E-01	1.30E-03	6.93E-01	7.03E-02	1.78E-01	2.30E-02	bad-chisq
group_10350	8.72E-01	1.30E-03	6.93E-01	7.03E-02	1.78E-01	2.30E-02	bad-chisq
group_10344	8.72E-01	1.30E-03	1.55E-01	2.46E-01	1.73E-01	8.26E-02	bad-chisq
group_10309	8.72E-01	1.30E-03	6.99E-01	6.88E-02	1.78E-01	2.25E-02	bad-chisq
group_10196	8.72E-01	5.51E-03	5.22E-01	1.11E-01	1.73E-01	3.73E-02	bad-chisq
group_10154	8.72E-01	1.96E-02	1.96E-01	-2.23E-01	1.72E-01	7.52E-02	
group_10150	8.72E-01	5.51E-03	6.85E-01	-7.08E-02	1.74E-01	2.37E-02	bad-chisq
group_10097	8.72E-01	5.51E-03	7.11E-01	-6.55E-02	1.77E-01	2.16E-02	bad-chisq
group_9992	8.72E-01	1.30E-03	1.04E-01	2.83E-01	1.74E-01	9.44E-02	bad-chisq
group_9810	8.72E-01	5.51E-03	6.91E-01	-6.94E-02	1.74E-01	2.32E-02	bad-chisq
group_9433	8.72E-01	5.51E-03	6.23E-01	-8.60E-02	1.75E-01	2.86E-02	bad-chisq
group_9359	8.72E-01	1.30E-03	6.93E-01	7.03E-02	1.78E-01	2.30E-02	bad-chisq
allS	8.72E-01	1.30E-03	6.93E-01	7.03E-02	1.78E-01	2.30E-02	bad-chisq
group_9327	8.72E-01	5.51E-03	6.85E-01	-7.08E-02	1.74E-01	2.37E-02	bad-chisq
group_8838	8.72E-01	5.51E-03	5.39E-01	1.07E-01	1.73E-01	3.58E-02	bad-chisq
group_8777	8.72E-01	5.51E-03	5.39E-01	1.09E-01	1.76E-01	3.58E-02	bad-chisq
fUI1	8.72E-01	1.30E-03	7.16E-01	6.81E-02	1.87E-01	2.12E-02	bad-chisq
group_8404	8.72E-01	1.30E-03	6.93E-01	7.03E-02	1.78E-01	2.30E-02	bad-chisq
group_8379	8.72E-01	1.30E-03	1.04E-01	2.83E-01	1.74E-01	9.44E-02	bad-chisq
group_8365	8.72E-01	1.96E-02	2.24E-01	-2.10E-01	1.73E-01	7.08E-02	
group_8340	8.72E-01	1.30E-03	6.99E-01	6.88E-02	1.78E-01	2.25E-02	bad-chisq
group_8338	8.72E-01	1.30E-03	1.04E-01	2.83E-01	1.74E-01	9.44E-02	bad-chisq
group_8292	8.72E-01	1.96E-02	2.25E-01	-2.10E-01	1.73E-01	7.07E-02	
group_8043	8.72E-01	5.51E-03	6.85E-01	-7.08E-02	1.74E-01	2.37E-02	bad-chisq
group_7796	8.72E-01	1.30E-03	1.04E-01	2.83E-01	1.74E-01	9.44E-02	bad-chisq
group_7654	8.72E-01	5.51E-03	7.20E-01	-6.32E-02	1.76E-01	2.09E-02	bad-chisq
group_7648	8.72E-01	1.30E-03	7.16E-01	6.81E-02	1.87E-01	2.12E-02	bad-chisq
group_7253	8.72E-01	1.30E-03	5.44E-01	1.07E-01	1.75E-01	3.54E-02	bad-chisq
btuB	8.72E-01	5.51E-03	6.10E-01	-8.95E-02	1.75E-01	2.98E-02	bad-chisq
group_6687	8.72E-01	1.30E-03	6.93E-01	7.03E-02	1.78E-01	2.30E-02	bad-chisq
group_6281	8.72E-01	5.51E-03	6.85E-01	-7.08E-02	1.74E-01	2.37E-02	bad-chisq
group_6152	8.72E-01	1.30E-03	1.04E-01	2.83E-01	1.74E-01	9.44E-02	bad-chisq
group_5762	8.72E-01	5.51E-03	6.10E-01	-8.95E-02	1.75E-01	2.98E-02	bad-chisq
group_5734	8.72E-01	5.51E-03	6.48E-01	-7.99E-02	1.75E-01	2.66E-02	bad-chisq
group_5502	8.72E-01	5.51E-03	6.85E-01	-7.08E-02	1.74E-01	2.37E-02	bad-chisq
group_5351	8.72E-01	1.30E-03	7.16E-01	6.81E-02	1.87E-01	2.12E-02	bad-chisq
group_5293	8.72E-01	1.30E-03	1.04E-01	2.83E-01	1.74E-01	9.44E-02	bad-chisq
group_5231	8.72E-01	1.30E-03	1.04E-01	2.83E-01	1.74E-01	9.44E-02	bad-chisq
group_5152	8.72E-01	5.51E-03	6.88E-01	-7.09E-02	1.77E-01	2.34E-02	bad-chisq
group_5149	8.72E-01	5.51E-03	7.15E-01	-6.36E-02	1.74E-01	2.13E-02	bad-chisq
group_4859	8.72E-01	5.51E-03	6.85E-01	-7.08E-02	1.74E-01	2.37E-02	bad-chisq
group_4711	8.72E-01	5.51E-03	7.04E-01	-6.61E-02	1.74E-01	2.22E-02	bad-chisq
group_4586	8.72E-01	5.51E-03	6.85E-01	-7.08E-02	1.74E-01	2.37E-02	bad-chisq
metL1	8.72E-01	1.96E-02	9.23E-02	-2.93E-01	1.73E-01	9.79E-02	
murA	8.72E-01	1.30E-03	7.16E-01	6.81E-02	1.87E-01	2.12E-02	bad-chisq
group_24374	8.69E-01	1.67E-02	3.23E-01	-1.51E-01	1.52E-01	5.76E-02	
group_21077	8.69E-01	4.67E-03	5.99E-01	6.71E-02	1.27E-01	3.07E-02	bad-chisq
group_21076	8.69E-01	4.67E-03	5.99E-01	6.71E-02	1.27E-01	3.07E-02	bad-chisq
group_18536	8.69E-01	1.67E-02	1.96E-01	1.11E-01	8.57E-02	7.53E-02	
yjdC	8.69E-01	4.67E-03	5.02E-01	1.04E-01	1.55E-01	3.91E-02	bad-chisq
group_17906	8.69E-01	5.04E-02	3.53E-02	-3.19E-01	1.51E-01	1.22E-01	
group_17895	8.69E-01	4.67E-03	7.29E-01	-5.55E-02	1.60E-01	2.02E-02	bad-chisq
group_17568	8.69E-01	1.09E-03	1.73E-01	2.18E-01	1.60E-01	7.92E-02	bad-chisq
group_17567	8.69E-01	1.09E-03	1.73E-01	2.18E-01	1.60E-01	7.92E-02	bad-chisq
group_17497	8.69E-01	5.04E-02	5.41E-01	-8.24E-02	1.35E-01	3.56E-02	
group_17302	8.69E-01	1.09E-03	5.67E-01	1.14E-01	1.98E-01	3.34E-02	bad-chisq
group_17293	8.69E-01	4.67E-03	7.99E-01	-3.94E-02	1.55E-01	1.48E-02	bad-chisq
group_17124	8.69E-01	5.04E-02	3.53E-02	-3.19E-01	1.51E-01	1.22E-01	
group_16822	8.69E-01	5.04E-02	6.34E-02	-2.86E-01	1.54E-01	1.08E-01	
group_16795	8.69E-01	4.67E-03	7.94E-01	-4.02E-02	1.54E-01	1.52E-02	bad-chisq
group_16772	8.69E-01	1.09E-03	5.68E-01	9.00E-02	1.57E-01	3.33E-02	bad-chisq
group_16625	8.69E-01	4.67E-03	7.99E-01	-3.94E-02	1.55E-01	1.48E-02	bad-chisq
group_16615	8.69E-01	1.09E-03	5.13E-01	1.03E-01	1.58E-01	3.81E-02	bad-chisq
group_15421	8.69E-01	1.09E-03	6.30E-01	7.67E-02	1.59E-01	2.81E-02	bad-chisq
group_15129	8.69E-01	1.09E-03	1.93E-02	3.59E-01	1.53E-01	1.36E-01	bad-chisq
group_14692	8.69E-01	1.09E-03	5.38E-01	9.60E-02	1.56E-01	3.58E-02	bad-chisq
group_14434	8.69E-01	1.09E-03	5.38E-01	9.60E-02	1.56E-01	3.58E-02	bad-chisq
pdeM	8.69E-01	4.67E-03	9.40E-01	-1.18E-02	1.57E-01	4.35E-03	bad-chisq
group_13667	8.69E-01	1.09E-03	6.59E-01	7.13E-02	1.61E-01	2.57E-02	bad-chisq
group_13183	8.69E-01	4.67E-03	7.29E-01	-5.55E-02	1.60E-01	2.02E-02	bad-chisq
group_13130	8.69E-01	1.09E-03	4.81E-01	1.09E-01	1.55E-01	4.10E-02	bad-chisq
iucC	8.69E-01	1.09E-03	4.20E-01	1.34E-01	1.66E-01	4.69E-02	bad-chisq
group_13078	8.69E-01	5.04E-02	7.79E-02	-2.68E-01	1.51E-01	1.02E-01	
group_12897	8.69E-01	1.67E-02	1.11E-01	-2.43E-01	1.52E-01	9.26E-02	
group_12809	8.69E-01	1.09E-03	1.46E-01	2.25E-01	1.54E-01	8.45E-02	bad-chisq
group_12643	8.69E-01	4.67E-03	4.92E-01	1.06E-01	1.54E-01	4.00E-02	bad-chisq
xylH	8.69E-01	1.67E-02	9.26E-01	-1.43E-02	1.54E-01	5.40E-03	
kstR2	8.69E-01	1.67E-02	9.44E-01	-1.06E-02	1.52E-01	4.07E-03	
group_12344	8.69E-01	5.04E-02	7.79E-02	-2.68E-01	1.51E-01	1.02E-01	
group_12107	8.69E-01	4.67E-03	8.59E-01	-2.76E-02	1.55E-01	1.04E-02	bad-chisq
cynX	8.69E-01	1.09E-03	1.46E-01	2.25E-01	1.54E-01	8.45E-02	bad-chisq
group_11970	8.69E-01	1.09E-03	4.30E-01	1.57E-01	1.98E-01	4.60E-02	bad-chisq
group_11801	8.69E-01	4.67E-03	4.92E-01	1.06E-01	1.54E-01	4.00E-02	bad-chisq
group_11800	8.69E-01	4.67E-03	8.20E-01	-3.52E-02	1.55E-01	1.32E-02	bad-chisq
group_11724	8.69E-01	1.67E-02	3.26E-01	-1.51E-01	1.54E-01	5.72E-02	
ubiT	8.69E-01	4.67E-03	5.48E-01	9.12E-02	1.52E-01	3.50E-02	bad-chisq
group_11634	8.69E-01	1.09E-03	5.16E-01	1.29E-01	1.98E-01	3.78E-02	bad-chisq
group_11568	8.69E-01	5.04E-02	3.86E-02	-3.13E-01	1.51E-01	1.20E-01	
group_11499	8.69E-01	1.67E-02	1.04E-01	-2.51E-01	1.54E-01	9.45E-02	
group_11415	8.69E-01	1.09E-03	5.31E-01	1.25E-01	1.99E-01	3.65E-02	bad-chisq
group_10475	8.69E-01	1.09E-03	6.71E-01	6.61E-02	1.55E-01	2.47E-02	bad-chisq
group_10394	8.69E-01	5.04E-02	3.53E-02	-3.19E-01	1.51E-01	1.22E-01	
group_10351	8.69E-01	1.09E-03	6.47E-01	7.13E-02	1.56E-01	2.67E-02	bad-chisq
rssB	8.69E-01	1.09E-03	5.16E-01	1.29E-01	1.98E-01	3.78E-02	bad-chisq
group_10129	8.69E-01	1.67E-02	4.87E-01	-1.06E-01	1.52E-01	4.05E-02	
fetA~~~ybbL	8.69E-01	1.09E-03	1.32E-01	2.42E-01	1.60E-01	8.76E-02	bad-chisq
group_9469	8.69E-01	1.09E-03	6.28E-01	7.55E-02	1.56E-01	2.82E-02	bad-chisq
group_9289	8.69E-01	5.04E-02	3.86E-02	-3.13E-01	1.51E-01	1.20E-01	
group_9242	8.69E-01	4.67E-03	2.79E-01	-2.33E-01	2.14E-01	6.30E-02	bad-chisq
group_8717	8.69E-01	1.09E-03	4.30E-01	1.57E-01	1.98E-01	4.60E-02	bad-chisq
group_8554	8.69E-01	4.67E-03	7.96E-01	-3.96E-02	1.53E-01	1.51E-02	bad-chisq
group_8449	8.69E-01	5.04E-02	3.53E-02	-3.19E-01	1.51E-01	1.22E-01	
group_8402	8.69E-01	1.09E-03	1.76E-01	2.09E-01	1.54E-01	7.88E-02	bad-chisq
group_8019	8.69E-01	4.67E-03	5.15E-01	-1.01E-01	1.55E-01	3.80E-02	bad-chisq
fetB	8.69E-01	1.09E-03	1.32E-01	2.42E-01	1.60E-01	8.76E-02	bad-chisq
group_7785	8.69E-01	1.67E-02	9.40E-01	-1.15E-02	1.52E-01	4.41E-03	
icdM	8.69E-01	1.09E-03	1.32E-01	2.42E-01	1.60E-01	8.76E-02	bad-chisq
group_7756	8.69E-01	1.67E-02	3.35E-01	-1.47E-01	1.52E-01	5.62E-02	
group_6584	8.69E-01	5.04E-02	3.86E-02	-3.13E-01	1.51E-01	1.20E-01	
group_5234	8.69E-01	1.09E-03	6.02E-01	8.07E-02	1.54E-01	3.04E-02	bad-chisq
group_20877	8.65E-01	1.43E-02	4.53E-01	-9.51E-02	1.26E-01	4.37E-02	
group_18873	8.65E-01	3.95E-03	9.08E-01	-1.62E-02	1.39E-01	6.77E-03	bad-chisq
group_18579	8.65E-01	3.95E-03	2.30E-01	1.72E-01	1.43E-01	6.99E-02	bad-chisq
group_18540	8.65E-01	4.35E-02	3.64E-01	7.54E-02	8.30E-02	5.28E-02	
group_18537	8.65E-01	4.35E-02	3.64E-01	7.54E-02	8.30E-02	5.28E-02	
group_18332	8.69E-01	1.67E-02	7.60E-01	2.77E-02	9.06E-02	1.78E-02	
group_18099	8.65E-01	3.95E-03	4.53E-01	-1.33E-01	1.77E-01	4.37E-02	bad-chisq
group_18098	8.65E-01	9.22E-04	4.76E-01	1.20E-01	1.69E-01	4.15E-02	bad-chisq
group_17779	8.65E-01	1.43E-02	3.72E-01	-1.27E-01	1.42E-01	5.20E-02	
group_16728	8.65E-01	3.95E-03	9.63E-01	-6.38E-03	1.38E-01	2.69E-03	bad-chisq
group_16675	8.65E-01	9.22E-04	5.60E-01	8.22E-02	1.41E-01	3.39E-02	bad-chisq
group_16584	8.62E-01	3.76E-02	5.86E-01	4.40E-02	8.07E-02	3.17E-02	
group_16526	8.65E-01	1.43E-02	4.00E-01	-1.17E-01	1.39E-01	4.91E-02	
group_16206	8.65E-01	3.95E-03	4.82E-01	9.79E-02	1.39E-01	4.09E-02	bad-chisq
group_15256	8.65E-01	1.43E-02	5.01E-01	-9.27E-02	1.38E-01	3.92E-02	
group_14096	8.65E-01	4.35E-02	1.38E-01	-2.03E-01	1.37E-01	8.62E-02	
group_14084	8.65E-01	1.43E-02	3.31E-01	-1.35E-01	1.39E-01	5.66E-02	
group_13904	8.65E-01	9.22E-04	4.88E-01	1.32E-01	1.90E-01	4.04E-02	bad-chisq
group_13897	8.65E-01	4.35E-02	1.31E-01	-2.10E-01	1.39E-01	8.78E-02	
group_13835	8.65E-01	3.95E-03	1.50E-01	2.01E-01	1.39E-01	8.37E-02	bad-chisq
group_13690	8.65E-01	4.35E-02	1.38E-01	-2.03E-01	1.37E-01	8.62E-02	
pcp	8.65E-01	9.22E-04	4.88E-01	1.32E-01	1.90E-01	4.04E-02	bad-chisq
sigK~~~araC	8.65E-01	4.35E-02	1.31E-01	-2.10E-01	1.39E-01	8.78E-02	
group_13346	8.65E-01	4.35E-02	1.31E-01	-2.10E-01	1.39E-01	8.78E-02	
group_12771	8.65E-01	4.35E-02	1.31E-01	-2.10E-01	1.39E-01	8.78E-02	
group_12688	8.65E-01	9.22E-04	4.88E-01	1.32E-01	1.90E-01	4.04E-02	bad-chisq
group_12678	8.65E-01	4.35E-02	1.31E-01	-2.10E-01	1.39E-01	8.78E-02	
group_12386	8.65E-01	3.95E-03	8.38E-01	-3.40E-02	1.67E-01	1.19E-02	bad-chisq
group_12343	8.65E-01	9.22E-04	5.45E-01	1.02E-01	1.68E-01	3.53E-02	bad-chisq
group_12268	8.65E-01	3.95E-03	8.48E-01	-2.70E-02	1.40E-01	1.12E-02	bad-chisq
group_12136	8.65E-01	9.22E-04	9.31E-02	2.55E-01	1.51E-01	9.76E-02	bad-chisq
group_12007	8.65E-01	1.43E-02	3.37E-01	-1.60E-01	1.67E-01	5.59E-02	
ytfF~~~rhaT~~~eamA	8.65E-01	4.35E-02	1.31E-01	-2.10E-01	1.39E-01	8.78E-02	
group_11833	8.65E-01	9.22E-04	5.65E-01	9.79E-02	1.70E-01	3.36E-02	bad-chisq
group_11812	8.65E-01	1.43E-02	9.87E-01	-2.19E-03	1.39E-01	9.20E-04	
group_11470	8.65E-01	9.22E-04	9.40E-02	2.45E-01	1.46E-01	9.74E-02	bad-chisq
group_11403	8.65E-01	4.35E-02	1.31E-01	-2.10E-01	1.39E-01	8.78E-02	
group_11389	8.65E-01	1.43E-02	1.48E-01	-2.08E-01	1.43E-01	8.42E-02	
group_11300	8.65E-01	4.35E-02	1.46E-01	-1.99E-01	1.37E-01	8.45E-02	
group_11262	8.65E-01	3.95E-03	9.60E-01	7.73E-03	1.53E-01	2.93E-03	bad-chisq
group_11041	8.65E-01	1.43E-02	3.37E-01	-1.60E-01	1.67E-01	5.59E-02	
group_10978	8.65E-01	4.35E-02	7.93E-02	-2.40E-01	1.36E-01	1.02E-01	
group_10919	8.65E-01	1.43E-02	3.37E-01	-1.60E-01	1.67E-01	5.59E-02	
group_10655	8.65E-01	9.22E-04	5.65E-01	9.79E-02	1.70E-01	3.36E-02	bad-chisq
group_10647	8.65E-01	1.43E-02	3.79E-01	-1.24E-01	1.41E-01	5.12E-02	
group_10515	8.65E-01	3.95E-03	4.42E-01	-1.37E-01	1.78E-01	4.48E-02	bad-chisq
group_10417	8.65E-01	9.22E-04	4.92E-01	1.18E-01	1.71E-01	4.00E-02	bad-chisq
yfbR	8.65E-01	1.43E-02	2.53E-01	-1.95E-01	1.70E-01	6.65E-02	
group_9969	8.65E-01	4.35E-02	1.31E-01	-2.10E-01	1.39E-01	8.78E-02	
group_9891	8.65E-01	1.43E-02	7.86E-01	-3.77E-02	1.38E-01	1.59E-02	
group_9286	8.65E-01	4.35E-02	9.69E-02	-2.28E-01	1.37E-01	9.65E-02	
group_9132	8.65E-01	1.43E-02	5.66E-02	-2.78E-01	1.45E-01	1.11E-01	
copR	8.65E-01	9.22E-04	4.92E-01	1.18E-01	1.71E-01	4.00E-02	bad-chisq
group_8353	8.65E-01	9.22E-04	5.49E-01	1.02E-01	1.70E-01	3.49E-02	bad-chisq
group_8101	8.65E-01	9.22E-04	5.53E-01	9.98E-02	1.68E-01	3.45E-02	bad-chisq
group_7725	8.65E-01	4.35E-02	1.31E-01	-2.10E-01	1.39E-01	8.78E-02	
group_7686	8.65E-01	3.95E-03	4.63E-01	1.02E-01	1.39E-01	4.27E-02	bad-chisq
lysR~~~hdfR	8.65E-01	9.22E-04	6.01E-01	7.92E-02	1.51E-01	3.05E-02	bad-chisq
lldD	8.65E-01	1.43E-02	1.48E-01	-2.08E-01	1.43E-01	8.42E-02	
group_20854	8.62E-01	3.76E-02	8.62E-01	1.73E-02	9.96E-02	1.01E-02	
recD	8.62E-01	1.22E-02	9.30E-01	-8.55E-03	9.70E-02	5.13E-03	
group_18818	8.62E-01	1.22E-02	4.45E-01	-9.86E-02	1.29E-01	4.45E-02	
group_18659	8.62E-01	1.22E-02	4.45E-01	-9.86E-02	1.29E-01	4.45E-02	
ygfF~~~fabG	8.62E-01	7.76E-04	5.41E-01	1.43E-01	2.33E-01	3.56E-02	bad-chisq
yxdL~~~lolD	8.62E-01	7.76E-04	5.41E-01	1.43E-01	2.33E-01	3.56E-02	bad-chisq
group_17066	8.62E-01	7.76E-04	1.64E-01	1.80E-01	1.29E-01	8.09E-02	bad-chisq
group_16878	8.55E-01	2.78E-02	9.25E-01	5.53E-03	5.84E-02	5.52E-03	
group_16595	8.62E-01	1.22E-02	4.65E-01	-1.08E-01	1.47E-01	4.25E-02	
group_16404	8.59E-01	2.83E-03	4.49E-02	2.22E-01	1.10E-01	1.16E-01	bad-chisq
group_16145	8.62E-01	7.76E-04	6.66E-02	2.82E-01	1.53E-01	1.07E-01	bad-chisq
group_15417	8.62E-01	1.22E-02	5.31E-01	-7.93E-02	1.26E-01	3.65E-02	
group_15402	8.62E-01	7.76E-04	5.17E-01	9.73E-02	1.50E-01	3.78E-02	bad-chisq
group_14872	8.62E-01	7.76E-04	5.41E-01	1.43E-01	2.33E-01	3.56E-02	bad-chisq
group_14670	8.62E-01	7.76E-04	5.41E-01	1.43E-01	2.33E-01	3.56E-02	bad-chisq
group_14376	8.62E-01	3.76E-02	5.94E-01	-6.74E-02	1.26E-01	3.10E-02	
group_14150	8.62E-01	3.35E-03	9.23E-01	-1.28E-02	1.33E-01	5.60E-03	bad-chisq
group_14093	8.62E-01	7.76E-04	3.82E-01	1.27E-01	1.45E-01	5.09E-02	bad-chisq
group_13775	8.62E-01	3.35E-03	9.23E-01	-1.28E-02	1.33E-01	5.60E-03	bad-chisq
group_13626	8.62E-01	3.35E-03	8.73E-01	-2.13E-02	1.33E-01	9.31E-03	bad-chisq
group_13590	8.62E-01	3.35E-03	5.18E-01	8.20E-02	1.27E-01	3.77E-02	bad-chisq
group_13320	8.62E-01	3.35E-03	9.44E-01	1.05E-02	1.48E-01	4.12E-03	bad-chisq
group_13313	8.62E-01	9.84E-02	2.69E-01	-1.40E-01	1.27E-01	6.44E-02	
group_13082	8.62E-01	1.22E-02	3.41E-01	-1.21E-01	1.27E-01	5.54E-02	
group_13063	8.62E-01	3.76E-02	1.94E-01	-1.65E-01	1.27E-01	7.55E-02	
group_13062	8.62E-01	2.20E-01	4.85E-03	-3.54E-01	1.25E-01	1.63E-01	
group_12636	8.62E-01	9.84E-02	2.69E-01	-1.40E-01	1.27E-01	6.44E-02	
group_12092	8.62E-01	1.22E-02	4.37E-01	1.01E-01	1.29E-01	4.52E-02	
group_11736	8.62E-01	7.76E-04	5.19E-01	9.71E-02	1.50E-01	3.76E-02	bad-chisq
group_11696	8.62E-01	7.76E-04	5.00E-01	9.51E-02	1.41E-01	3.92E-02	bad-chisq
yoaK	8.62E-01	1.22E-02	4.66E-01	-1.08E-01	1.47E-01	4.25E-02	
group_11520	8.62E-01	1.22E-02	3.31E-01	-1.24E-01	1.27E-01	5.66E-02	
group_11382	8.62E-01	1.22E-02	1.16E-01	-2.02E-01	1.28E-01	9.15E-02	
group_10710	8.62E-01	3.76E-02	1.97E-01	-1.64E-01	1.27E-01	7.51E-02	
group_10667	8.62E-01	7.76E-04	5.00E-01	9.51E-02	1.41E-01	3.92E-02	bad-chisq
group_10406	8.62E-01	7.76E-04	5.00E-01	9.51E-02	1.41E-01	3.92E-02	bad-chisq
group_10405	8.62E-01	7.76E-04	5.00E-01	9.51E-02	1.41E-01	3.92E-02	bad-chisq
group_10254	8.62E-01	3.35E-03	9.53E-01	-9.56E-03	1.62E-01	3.44E-03	bad-chisq
group_9939	8.62E-01	7.76E-04	3.82E-01	1.27E-01	1.45E-01	5.09E-02	bad-chisq
group_9907	8.62E-01	7.76E-04	5.99E-01	7.11E-02	1.35E-01	3.07E-02	bad-chisq
group_8965	8.65E-01	9.22E-04	5.52E-01	1.02E-01	1.71E-01	3.46E-02	bad-chisq
group_8859	8.62E-01	7.76E-04	5.00E-01	9.51E-02	1.41E-01	3.92E-02	bad-chisq
group_8710	8.62E-01	7.76E-04	3.82E-01	1.27E-01	1.45E-01	5.09E-02	bad-chisq
group_8333	8.62E-01	7.76E-04	5.11E-01	9.80E-02	1.49E-01	3.83E-02	bad-chisq
group_8219	8.62E-01	3.35E-03	9.53E-01	-9.56E-03	1.62E-01	3.44E-03	bad-chisq
group_7976	8.62E-01	7.76E-04	3.82E-01	1.27E-01	1.45E-01	5.09E-02	bad-chisq
group_7303	8.62E-01	3.35E-03	6.24E-01	-9.61E-02	1.96E-01	2.86E-02	bad-chisq
group_4749	8.62E-01	7.76E-04	3.82E-01	1.27E-01	1.45E-01	5.09E-02	bad-chisq
group_4661	8.62E-01	3.76E-02	2.53E-01	-1.45E-01	1.27E-01	6.65E-02	
group_4660	8.62E-01	3.76E-02	2.51E-01	-1.45E-01	1.26E-01	6.68E-02	
group_20825	8.52E-01	7.52E-03	5.03E-01	1.06E-01	1.58E-01	3.91E-02	
group_19165	8.59E-01	1.04E-02	6.61E-01	-4.93E-02	1.12E-01	2.55E-02	
group_18501	8.59E-01	2.83E-03	9.29E-01	-1.12E-02	1.25E-01	5.22E-03	bad-chisq
group_17061	8.52E-01	2.02E-03	3.58E-02	3.31E-01	1.57E-01	1.22E-01	bad-chisq
group_16263	8.59E-01	8.60E-02	3.36E-01	-1.14E-01	1.18E-01	5.60E-02	
group_15667	8.59E-01	2.83E-03	9.77E-01	3.39E-03	1.19E-01	1.66E-03	bad-chisq
group_15165	8.59E-01	6.53E-04	9.76E-02	2.18E-01	1.31E-01	9.63E-02	bad-chisq
group_14502	8.59E-01	2.83E-03	9.80E-01	3.40E-03	1.37E-01	1.44E-03	bad-chisq
motB~~~ompA	8.59E-01	3.24E-02	2.64E-01	-1.32E-01	1.18E-01	6.50E-02	
group_14119	8.59E-01	6.53E-04	9.74E-02	2.18E-01	1.31E-01	9.64E-02	bad-chisq
group_13741	8.59E-01	3.24E-02	2.05E-01	-1.70E-01	1.34E-01	7.37E-02	
group_13727	8.59E-01	6.53E-04	9.74E-02	2.18E-01	1.31E-01	9.64E-02	bad-chisq
group_13693	8.59E-01	3.24E-02	2.05E-01	-1.70E-01	1.34E-01	7.37E-02	
group_13608	8.59E-01	3.24E-02	2.05E-01	-1.70E-01	1.34E-01	7.37E-02	
group_13112	8.59E-01	6.53E-04	9.74E-02	2.18E-01	1.31E-01	9.64E-02	bad-chisq
group_13058	8.59E-01	6.53E-04	3.68E-01	1.19E-01	1.32E-01	5.24E-02	bad-chisq
group_12769	8.59E-01	8.60E-02	4.45E-02	-2.40E-01	1.19E-01	1.17E-01	
group_12679	8.59E-01	3.24E-02	6.74E-01	-5.00E-02	1.19E-01	2.45E-02	
group_12563	8.59E-01	1.04E-02	3.90E-01	1.02E-01	1.18E-01	5.01E-02	
group_12325	8.59E-01	3.24E-02	2.05E-01	-1.70E-01	1.34E-01	7.37E-02	
group_12162	8.59E-01	1.04E-02	7.14E-01	-4.32E-02	1.18E-01	2.13E-02	
cynR~~~lysR	8.59E-01	8.60E-02	9.30E-02	-1.99E-01	1.18E-01	9.76E-02	
group_11573	8.59E-01	3.24E-02	2.25E-01	-1.62E-01	1.33E-01	7.06E-02	
group_11151	8.59E-01	1.04E-02	7.14E-01	-4.32E-02	1.18E-01	2.13E-02	
nifQ	8.59E-01	2.83E-03	9.76E-01	3.97E-03	1.35E-01	1.72E-03	bad-chisq
dipZ	8.59E-01	3.24E-02	1.88E-01	-1.56E-01	1.18E-01	7.66E-02	
group_8995	8.59E-01	3.24E-02	7.21E-01	-4.24E-02	1.19E-01	2.08E-02	
yniC	8.59E-01	3.24E-02	2.22E-01	-1.45E-01	1.19E-01	7.10E-02	
group_8849	8.59E-01	6.53E-04	5.05E-01	8.64E-02	1.29E-01	3.88E-02	bad-chisq
group_8638	8.59E-01	2.83E-03	6.00E-01	-7.77E-02	1.48E-01	3.05E-02	bad-chisq
group_8573	8.59E-01	6.53E-04	5.69E-01	7.00E-02	1.23E-01	3.32E-02	bad-chisq
mlrC	8.59E-01	2.83E-03	9.32E-01	1.09E-02	1.28E-01	4.96E-03	bad-chisq
group_7745	8.59E-01	2.83E-03	9.86E-02	2.21E-01	1.33E-01	9.60E-02	bad-chisq
group_7618	8.59E-01	6.53E-04	3.20E-01	1.98E-01	1.98E-01	5.79E-02	bad-chisq
group_6338	8.59E-01	1.04E-02	6.73E-01	-5.03E-02	1.19E-01	2.46E-02	
group_5706	8.59E-01	6.53E-04	3.69E-01	1.21E-01	1.34E-01	5.24E-02	bad-chisq
group_5151	8.59E-01	2.83E-03	9.32E-01	1.09E-02	1.28E-01	4.96E-03	bad-chisq
group_19726	8.55E-01	5.49E-04	4.78E-01	9.24E-02	1.30E-01	4.13E-02	bad-chisq
group_19367	8.48E-01	5.75E-01	1.98E-01	-7.30E-02	5.66E-02	7.49E-02	
adaA~~~alkA~~~araC	8.48E-01	5.01E-01	2.97E-01	5.48E-02	5.25E-02	6.07E-02	
group_18423	8.55E-01	2.78E-02	5.46E-02	-2.19E-01	1.13E-01	1.12E-01	
group_18340	8.55E-01	2.78E-02	5.46E-02	-2.19E-01	1.13E-01	1.12E-01	
group_17825	8.55E-01	8.84E-03	3.03E-01	-1.31E-01	1.27E-01	6.00E-02	
group_17332	8.55E-01	5.49E-04	3.28E-01	1.65E-01	1.68E-01	5.69E-02	bad-chisq
group_17062	8.48E-01	1.70E-03	4.73E-02	2.80E-01	1.41E-01	1.15E-01	bad-chisq
group_15597	8.55E-01	2.78E-02	3.55E-01	-1.03E-01	1.11E-01	5.39E-02	
group_15131	8.55E-01	8.84E-03	7.28E-01	-4.31E-02	1.24E-01	2.03E-02	
group_14819	8.55E-01	8.84E-03	7.28E-01	-4.31E-02	1.24E-01	2.03E-02	
marR~~~mhqR	8.48E-01	8.92E-03	3.12E-01	5.74E-02	5.67E-02	5.89E-02	
group_14596	8.55E-01	8.84E-03	7.28E-01	-4.31E-02	1.24E-01	2.03E-02	
group_14318	8.55E-01	8.84E-03	7.28E-01	-4.31E-02	1.24E-01	2.03E-02	
group_14020	8.55E-01	8.84E-03	7.28E-01	-4.31E-02	1.24E-01	2.03E-02	
group_13456	8.55E-01	7.50E-02	8.91E-02	-2.12E-01	1.24E-01	9.88E-02	
group_13355	8.62E-01	7.76E-04	4.84E-01	9.25E-02	1.32E-01	4.08E-02	bad-chisq
group_13081	8.55E-01	2.39E-03	8.21E-01	-2.89E-02	1.28E-01	1.32E-02	bad-chisq
group_13030	8.55E-01	7.50E-02	8.82E-03	-2.93E-01	1.11E-01	1.52E-01	
group_12626	8.55E-01	2.39E-03	3.32E-01	1.11E-01	1.14E-01	5.64E-02	bad-chisq
group_12583	8.55E-01	7.50E-02	6.52E-01	-4.99E-02	1.10E-01	2.63E-02	
group_12512	8.55E-01	5.49E-04	6.13E-01	5.93E-02	1.17E-01	2.94E-02	bad-chisq
group_12382	8.55E-01	5.49E-04	1.16E-01	1.92E-01	1.22E-01	9.15E-02	bad-chisq
hmuU	8.55E-01	5.49E-04	1.12E-01	1.93E-01	1.21E-01	9.25E-02	bad-chisq
group_12317	8.55E-01	5.49E-04	3.50E-01	1.14E-01	1.22E-01	5.44E-02	bad-chisq
group_12161	8.55E-01	8.84E-03	7.28E-01	-4.31E-02	1.24E-01	2.03E-02	
yhaJ~~~lysR	8.55E-01	2.78E-02	7.37E-01	3.76E-02	1.12E-01	1.96E-02	
group_11827	8.55E-01	8.84E-03	6.61E-01	4.97E-02	1.13E-01	2.56E-02	
group_11777	8.55E-01	2.39E-03	2.29E-01	1.60E-01	1.33E-01	7.00E-02	bad-chisq
azu	8.55E-01	5.49E-04	1.12E-01	1.93E-01	1.21E-01	9.25E-02	bad-chisq
group_11385	8.55E-01	5.49E-04	1.06E-01	1.96E-01	1.21E-01	9.39E-02	bad-chisq
group_11150	8.55E-01	8.84E-03	7.28E-01	-4.31E-02	1.24E-01	2.03E-02	
group_10673	8.55E-01	5.49E-04	4.24E-01	9.65E-02	1.21E-01	4.66E-02	bad-chisq
group_10624	8.55E-01	5.49E-04	4.70E-01	9.18E-02	1.27E-01	4.20E-02	bad-chisq
group_10398	8.55E-01	7.50E-02	1.00E-01	-2.04E-01	1.23E-01	9.56E-02	
group_10099	8.55E-01	5.49E-04	1.12E-01	1.93E-01	1.21E-01	9.25E-02	bad-chisq
group_9970	8.55E-01	2.78E-02	3.67E-01	-1.08E-01	1.19E-01	5.26E-02	
group_9740	8.55E-01	2.39E-03	7.82E-01	3.67E-02	1.33E-01	1.61E-02	bad-chisq
group_9398	8.55E-01	8.84E-03	8.11E-01	2.68E-02	1.12E-01	1.39E-02	
group_8985	8.55E-01	2.78E-02	4.11E-01	-9.24E-02	1.12E-01	4.79E-02	
yhjE~~~abaF	8.55E-01	5.49E-04	4.24E-01	9.65E-02	1.21E-01	4.66E-02	bad-chisq
group_8755	8.55E-01	1.73E-01	4.76E-02	-2.20E-01	1.11E-01	1.15E-01	
group_8625	8.55E-01	2.39E-03	8.90E-01	1.63E-02	1.17E-01	8.08E-03	bad-chisq
group_8283	8.55E-01	2.39E-03	8.76E-01	1.87E-02	1.20E-01	9.08E-03	bad-chisq
group_7963	8.55E-01	5.49E-04	1.12E-01	1.93E-01	1.21E-01	9.25E-02	bad-chisq
group_7772	8.55E-01	2.39E-03	8.76E-01	1.87E-02	1.20E-01	9.08E-03	bad-chisq
group_7036	8.55E-01	8.84E-03	7.28E-01	-4.31E-02	1.24E-01	2.03E-02	
crcB	8.55E-01	5.49E-04	3.28E-01	1.64E-01	1.68E-01	5.69E-02	bad-chisq
group_20824	8.45E-01	1.76E-02	3.88E-01	1.12E-01	1.30E-01	5.03E-02	
tolC~~~bepC	8.45E-01	1.43E-03	8.61E-03	3.39E-01	1.28E-01	1.52E-01	bad-chisq
group_19857	8.45E-01	1.43E-03	8.61E-03	3.39E-01	1.28E-01	1.52E-01	bad-chisq
group_19854	8.52E-01	2.02E-03	4.67E-01	7.26E-02	9.97E-02	4.23E-02	bad-chisq
group_19814	8.52E-01	2.02E-03	1.99E-01	1.28E-01	9.93E-02	7.48E-02	bad-chisq
group_17868	8.52E-01	4.61E-04	3.89E-01	1.59E-01	1.84E-01	5.02E-02	bad-chisq
nolA~~~merR	8.52E-01	4.61E-04	1.62E-01	2.16E-01	1.54E-01	8.13E-02	bad-chisq
motA~~~pomA	8.52E-01	2.39E-02	8.22E-01	-2.36E-02	1.05E-01	1.31E-02	
tetR~~~kstR2~~~acrR~~~betI	8.45E-01	4.93E-02	6.29E-01	-2.78E-02	5.75E-02	2.81E-02	
group_13895	8.52E-01	2.39E-02	7.78E-02	-1.89E-01	1.07E-01	1.03E-01	
group_13632	8.52E-01	6.53E-02	4.57E-01	-7.86E-02	1.06E-01	4.33E-02	
group_13479	8.52E-01	7.52E-03	6.38E-01	5.06E-02	1.07E-01	2.74E-02	
group_13326	8.52E-01	4.61E-04	4.05E-01	1.06E-01	1.27E-01	4.85E-02	bad-chisq
group_13295	8.52E-01	7.52E-03	6.38E-01	5.06E-02	1.07E-01	2.74E-02	
fecI~~~sigM	8.52E-01	2.39E-02	4.62E-01	-7.69E-02	1.04E-01	4.28E-02	
group_13029	8.52E-01	2.39E-02	4.62E-01	-7.69E-02	1.04E-01	4.28E-02	
group_12834	8.52E-01	6.53E-02	4.57E-01	-7.86E-02	1.06E-01	4.33E-02	
group_12653	8.52E-01	4.61E-04	2.98E-01	1.37E-01	1.31E-01	6.05E-02	bad-chisq
group_12358	8.52E-01	6.53E-02	4.57E-01	-7.86E-02	1.06E-01	4.33E-02	
group_11772	8.52E-01	2.02E-03	8.02E-01	3.71E-02	1.48E-01	1.46E-02	bad-chisq
group_11631	8.52E-01	4.61E-04	3.02E-01	1.24E-01	1.20E-01	6.01E-02	bad-chisq
group_11443	8.52E-01	7.52E-03	6.51E-01	-5.31E-02	1.17E-01	2.64E-02	
group_10532	8.52E-01	2.02E-03	8.02E-01	3.71E-02	1.48E-01	1.46E-02	bad-chisq
group_10458	8.52E-01	4.61E-04	6.55E-01	5.43E-02	1.21E-01	2.60E-02	bad-chisq
group_10288	8.52E-01	6.53E-02	4.57E-01	-7.86E-02	1.06E-01	4.33E-02	
group_10051	8.52E-01	7.52E-03	6.51E-01	-5.31E-02	1.17E-01	2.64E-02	
nimR~~~araC	8.52E-01	2.02E-03	2.69E-01	1.63E-01	1.47E-01	6.43E-02	bad-chisq
group_9552	8.52E-01	7.52E-03	8.09E-01	-2.79E-02	1.16E-01	1.41E-02	
group_9247	8.52E-01	2.02E-03	2.69E-01	1.63E-01	1.47E-01	6.43E-02	bad-chisq
group_8556	8.52E-01	4.61E-04	6.55E-01	5.43E-02	1.21E-01	2.60E-02	bad-chisq
group_8230	8.52E-01	4.61E-04	1.33E-01	1.62E-01	1.08E-01	8.73E-02	bad-chisq
group_8106	8.52E-01	6.53E-02	4.57E-01	-7.86E-02	1.06E-01	4.33E-02	
group_7869	8.52E-01	7.52E-03	6.51E-01	-5.31E-02	1.17E-01	2.64E-02	
group_7539	8.52E-01	7.52E-03	8.73E-01	1.89E-02	1.18E-01	9.30E-03	
group_19856	8.42E-01	1.20E-03	1.20E-02	3.10E-01	1.23E-01	1.46E-01	bad-chisq
group_19566	8.42E-01	1.20E-03	1.20E-02	3.10E-01	1.23E-01	1.46E-01	bad-chisq
degU~~~citB~~~evgA	8.42E-01	1.20E-03	1.20E-02	3.10E-01	1.23E-01	1.46E-01	bad-chisq
group_16146	8.48E-01	1.70E-03	3.96E-01	1.11E-01	1.30E-01	4.94E-02	bad-chisq
group_13980	8.48E-01	5.67E-02	9.62E-01	-4.79E-03	1.01E-01	2.77E-03	
group_13774	8.48E-01	1.70E-03	9.70E-01	4.14E-03	1.09E-01	2.21E-03	bad-chisq
group_13448	8.48E-01	1.35E-01	2.58E-01	-1.14E-01	1.01E-01	6.58E-02	
group_12419	8.48E-01	5.67E-02	2.66E-02	-2.25E-01	1.01E-01	1.29E-01	
group_11819	8.48E-01	8.81E-01	2.04E-04	-3.76E-01	9.99E-02	2.14E-01	
group_11453	8.48E-01	3.87E-04	1.47E-01	1.91E-01	1.31E-01	8.43E-02	bad-chisq
group_11426	8.48E-01	1.35E-01	2.23E-01	-1.23E-01	1.01E-01	7.09E-02	
mdtK	8.48E-01	1.70E-03	4.73E-01	1.00E-01	1.40E-01	4.18E-02	bad-chisq
group_10603	8.48E-01	6.39E-03	1.86E-02	2.61E-01	1.10E-01	1.36E-01	
kdgR~~~iclR	8.48E-01	5.67E-02	9.61E-01	-4.90E-03	1.01E-01	2.83E-03	
group_10009	8.48E-01	6.39E-03	6.78E-01	-4.79E-02	1.15E-01	2.42E-02	
group_10000	8.48E-01	1.70E-03	9.42E-01	7.56E-03	1.03E-01	4.25E-03	bad-chisq
group_9936	8.48E-01	3.87E-04	1.62E-01	1.95E-01	1.39E-01	8.14E-02	bad-chisq
pfkB~~~rbsK	8.48E-01	6.39E-03	6.37E-01	4.70E-02	9.94E-02	2.75E-02	
group_8231	8.48E-01	1.70E-03	3.19E-01	1.02E-01	1.02E-01	5.80E-02	bad-chisq
group_7693	8.48E-01	3.87E-04	1.62E-01	1.95E-01	1.39E-01	8.14E-02	bad-chisq
group_4726	8.48E-01	3.87E-04	7.86E-02	2.10E-01	1.19E-01	1.02E-01	bad-chisq
group_21483	8.45E-01	4.93E-02	6.23E-01	-4.73E-02	9.62E-02	2.86E-02	
group_18407	8.45E-01	5.42E-03	1.67E-01	1.26E-01	9.10E-02	8.03E-02	
group_18004	8.48E-01	5.67E-02	5.62E-01	3.88E-02	6.68E-02	3.38E-02	
group_17304	8.45E-01	3.24E-04	1.05E-01	2.46E-01	1.51E-01	9.44E-02	bad-chisq
ybhI	8.45E-01	5.42E-03	6.62E-01	4.69E-02	1.07E-01	2.55E-02	
group_14370	8.45E-01	3.24E-04	1.28E-01	1.98E-01	1.29E-01	8.86E-02	bad-chisq
group_14289	8.45E-01	4.93E-02	9.83E-01	-2.02E-03	9.63E-02	1.22E-03	
group_13629	8.45E-01	1.76E-02	2.35E-01	-1.30E-01	1.09E-01	6.91E-02	
group_13604	8.45E-01	3.24E-04	3.37E-01	9.86E-02	1.02E-01	5.59E-02	bad-chisq
group_13449	8.45E-01	4.93E-02	5.59E-01	-6.04E-02	1.03E-01	3.41E-02	
group_13435	8.45E-01	1.76E-02	2.35E-01	-1.30E-01	1.09E-01	6.91E-02	
group_13067	8.45E-01	4.93E-02	6.23E-01	-4.73E-02	9.62E-02	2.86E-02	
yabI	8.45E-01	4.93E-02	1.20E-01	-1.50E-01	9.60E-02	9.05E-02	
fepD~~~hmuU	8.45E-01	1.76E-02	2.35E-01	-1.30E-01	1.09E-01	6.91E-02	
group_12048	8.45E-01	1.76E-02	2.35E-01	-1.30E-01	1.09E-01	6.91E-02	
group_11263	8.45E-01	1.43E-03	3.23E-01	1.10E-01	1.11E-01	5.76E-02	bad-chisq
group_11113	8.45E-01	4.57E-01	9.23E-05	-4.19E-01	1.06E-01	2.25E-01	
group_10260	8.45E-01	4.93E-02	6.23E-01	-4.73E-02	9.62E-02	2.86E-02	
group_8615	8.45E-01	4.93E-02	6.23E-01	-4.73E-02	9.62E-02	2.86E-02	
cptA	8.45E-01	1.43E-03	1.21E-02	3.24E-01	1.28E-01	1.45E-01	bad-chisq
group_8281	8.45E-01	4.93E-02	6.23E-01	-4.73E-02	9.62E-02	2.86E-02	
group_8234	8.45E-01	4.93E-02	6.23E-01	-4.73E-02	9.62E-02	2.86E-02	
group_6727	8.45E-01	4.93E-02	6.23E-01	-4.73E-02	9.62E-02	2.86E-02	
group_6517	8.45E-01	1.76E-02	9.06E-01	1.29E-02	1.09E-01	6.88E-03	
group_6352	8.45E-01	4.93E-02	6.23E-01	-4.73E-02	9.62E-02	2.86E-02	
group_5617	8.45E-01	4.93E-02	6.23E-01	-4.73E-02	9.62E-02	2.86E-02	
group_5591	8.45E-01	4.93E-02	6.23E-01	-4.73E-02	9.62E-02	2.86E-02	
group_4918	8.45E-01	1.43E-03	4.53E-01	9.56E-02	1.27E-01	4.37E-02	bad-chisq
group_4727	8.45E-01	3.24E-04	7.35E-02	2.29E-01	1.27E-01	1.04E-01	bad-chisq
group_16695	8.42E-01	2.71E-04	1.07E-01	1.63E-01	1.01E-01	9.37E-02	bad-chisq
group_16443	8.42E-01	1.20E-03	9.01E-01	-1.30E-02	1.05E-01	7.23E-03	bad-chisq
group_14767	8.42E-01	4.27E-02	5.26E-01	5.86E-02	9.22E-02	3.70E-02	
group_13786	8.42E-01	2.71E-04	1.81E-02	3.22E-01	1.35E-01	1.37E-01	bad-chisq
group_13086	8.42E-01	4.27E-02	4.75E-02	-2.13E-01	1.07E-01	1.15E-01	
group_12630	8.42E-01	1.20E-03	9.04E-01	1.34E-02	1.11E-01	7.02E-03	bad-chisq
group_12580	8.42E-01	2.71E-04	1.10E-01	2.19E-01	1.37E-01	9.30E-02	bad-chisq
holB	8.45E-01	1.43E-03	9.59E-01	5.03E-03	9.85E-02	2.98E-03	bad-chisq
group_12285	8.42E-01	1.51E-02	6.26E-01	-4.79E-02	9.81E-02	2.84E-02	
group_11900	8.42E-01	4.27E-02	7.04E-01	3.53E-02	9.29E-02	2.21E-02	
group_11766	8.42E-01	1.20E-03	8.00E-01	3.47E-02	1.37E-01	1.47E-02	bad-chisq
group_11527	8.42E-01	1.05E-01	7.25E-02	-1.64E-01	9.11E-02	1.04E-01	
group_10297	8.42E-01	1.20E-03	6.67E-01	4.98E-02	1.16E-01	2.51E-02	bad-chisq
group_9492	8.42E-01	1.51E-02	2.51E-01	-1.34E-01	1.16E-01	6.69E-02	
group_8635	8.42E-01	4.27E-02	6.77E-01	-3.85E-02	9.25E-02	2.42E-02	
group_8232	8.42E-01	4.27E-02	6.77E-01	-3.85E-02	9.25E-02	2.42E-02	
tmpT	8.42E-01	6.80E-01	2.28E-05	-4.28E-01	9.93E-02	2.43E-01	
group_20037	8.42E-01	4.59E-03	3.95E-01	7.94E-02	9.32E-02	4.96E-02	
group_19787	8.42E-01	4.59E-03	3.95E-01	7.94E-02	9.32E-02	4.96E-02	
group_19461	8.38E-01	3.89E-03	5.31E-01	5.78E-02	9.22E-02	3.65E-02	
group_19444	8.38E-01	3.89E-03	5.31E-01	5.78E-02	9.22E-02	3.65E-02	
group_15752	8.38E-01	1.01E-03	3.69E-01	9.64E-02	1.07E-01	5.23E-02	bad-chisq
group_14159	8.38E-01	2.26E-04	2.15E-02	2.94E-01	1.27E-01	1.33E-01	bad-chisq
group_14016	8.38E-01	2.26E-04	2.15E-02	2.94E-01	1.27E-01	1.33E-01	bad-chisq
trpI	8.38E-01	2.26E-04	2.14E-02	2.94E-01	1.27E-01	1.33E-01	bad-chisq
group_13089	8.38E-01	3.69E-02	6.57E-01	-4.38E-02	9.86E-02	2.58E-02	
group_12924	8.38E-01	1.29E-02	1.74E-01	-1.23E-01	9.02E-02	7.91E-02	
group_12833	8.38E-01	3.89E-03	8.47E-01	2.04E-02	1.06E-01	1.13E-02	
group_12125	8.38E-01	6.28E-01	1.27E-04	-3.72E-01	9.57E-02	2.21E-01	
group_11347	8.38E-01	1.01E-03	1.92E-01	1.19E-01	9.10E-02	7.60E-02	bad-chisq
group_11184	8.38E-01	1.29E-02	1.74E-01	-1.23E-01	9.02E-02	7.91E-02	
group_10504	8.42E-01	1.51E-02	1.01E-01	-1.95E-01	1.19E-01	9.54E-02	
group_10270	8.38E-01	1.29E-02	1.74E-01	-1.23E-01	9.02E-02	7.91E-02	
group_10259	8.38E-01	3.69E-02	7.53E-01	-2.80E-02	8.88E-02	1.83E-02	
group_9998	8.38E-01	3.89E-03	9.57E-01	5.88E-03	1.09E-01	3.14E-03	
group_9590	8.38E-01	1.29E-02	1.74E-01	-1.23E-01	9.02E-02	7.91E-02	
group_8250	8.38E-01	1.29E-02	1.74E-01	-1.23E-01	9.02E-02	7.91E-02	
ykgO	8.38E-01	1.29E-02	8.85E-01	-1.61E-02	1.11E-01	8.46E-03	
group_7905	8.38E-01	9.18E-02	4.91E-01	-6.13E-02	8.89E-02	4.01E-02	
cheR~~~wspC	8.35E-01	1.10E-02	4.44E-01	-7.10E-02	9.27E-02	4.46E-02	
group_16569	8.35E-01	8.49E-04	3.44E-01	1.42E-01	1.50E-01	5.51E-02	bad-chisq
group_16292	8.35E-01	8.04E-02	2.79E-01	-9.93E-02	9.15E-02	6.31E-02	
nimR~~~araC~~~rhaS	8.35E-01	8.04E-02	5.99E-01	-4.59E-02	8.72E-02	3.06E-02	
group_14348	8.35E-01	1.10E-02	2.15E-01	-1.08E-01	8.72E-02	7.21E-02	
group_14059	8.35E-01	1.10E-02	2.15E-01	-1.08E-01	8.72E-02	7.21E-02	
group_13635	8.35E-01	1.10E-02	2.15E-01	-1.08E-01	8.72E-02	7.21E-02	
group_13598	8.35E-01	1.89E-04	1.84E-01	1.51E-01	1.14E-01	7.73E-02	bad-chisq
group_13585	8.35E-01	1.89E-04	1.84E-01	1.51E-01	1.14E-01	7.73E-02	bad-chisq
group_13556	8.35E-01	1.10E-02	2.15E-01	-1.08E-01	8.72E-02	7.21E-02	
group_13401	8.35E-01	1.89E-04	3.71E-01	7.88E-02	8.79E-02	5.21E-02	bad-chisq
group_13048	8.35E-01	1.89E-04	1.84E-01	1.51E-01	1.14E-01	7.73E-02	bad-chisq
group_12862	8.35E-01	5.77E-01	2.47E-03	-2.81E-01	9.20E-02	1.75E-01	
group_12743	8.38E-01	2.26E-04	1.11E-01	1.98E-01	1.24E-01	9.26E-02	bad-chisq
group_12429	8.35E-01	8.49E-04	9.36E-01	8.47E-03	1.05E-01	4.68E-03	bad-chisq
argO~~~lysE	8.35E-01	5.77E-01	2.47E-03	-2.81E-01	9.20E-02	1.75E-01	
group_11829	8.35E-01	3.29E-03	6.47E-01	4.44E-02	9.68E-02	2.67E-02	
sapC	8.35E-01	1.89E-04	1.84E-01	1.51E-01	1.14E-01	7.73E-02	bad-chisq
fixK	8.35E-01	1.10E-02	4.16E-01	-7.73E-02	9.48E-02	4.74E-02	
group_10825	8.38E-01	2.26E-04	1.11E-01	1.98E-01	1.24E-01	9.26E-02	bad-chisq
group_10644	8.35E-01	3.29E-03	6.47E-01	4.44E-02	9.68E-02	2.67E-02	
group_10090	8.35E-01	8.49E-04	7.12E-01	4.11E-02	1.11E-01	2.15E-02	bad-chisq
group_9454	8.35E-01	3.29E-03	9.20E-01	8.75E-03	8.75E-02	5.83E-03	
group_9418	8.35E-01	5.77E-01	2.47E-03	-2.81E-01	9.20E-02	1.75E-01	
group_20102	8.35E-01	8.49E-04	2.47E-01	1.16E-01	1.00E-01	6.73E-02	bad-chisq
group_19723	8.32E-01	2.76E-02	2.32E-01	-1.05E-01	8.80E-02	6.96E-02	
group_19711	8.32E-01	2.76E-02	2.48E-01	-1.02E-01	8.82E-02	6.73E-02	
nepI~~~pbuE	8.32E-01	1.58E-04	1.53E-03	2.88E-01	8.99E-02	1.83E-01	bad-chisq
group_18254	8.32E-01	7.12E-04	4.32E-01	7.20E-02	9.15E-02	4.58E-02	bad-chisq
group_16368	8.32E-01	1.58E-04	1.54E-02	3.28E-01	1.34E-01	1.41E-01	bad-chisq
group_15637	8.28E-01	4.17E-02	6.18E-01	2.51E-02	5.04E-02	2.90E-02	
group_14950	8.32E-01	7.03E-02	6.97E-01	-3.27E-02	8.38E-02	2.27E-02	
group_12711	8.32E-01	9.39E-03	5.57E-01	6.49E-02	1.10E-01	3.42E-02	
group_12504	8.32E-01	9.39E-03	5.57E-01	6.49E-02	1.10E-01	3.42E-02	
group_12369	8.32E-01	9.39E-03	5.57E-01	6.49E-02	1.10E-01	3.42E-02	
group_11647	8.32E-01	9.39E-03	5.57E-01	6.49E-02	1.10E-01	3.42E-02	
group_11615	8.32E-01	7.03E-02	6.42E-01	-4.11E-02	8.84E-02	2.71E-02	
group_11076	8.32E-01	5.30E-01	4.25E-03	-2.56E-01	8.89E-02	1.65E-01	
group_10366	8.32E-01	7.03E-02	6.42E-01	-4.11E-02	8.84E-02	2.71E-02	
group_10348	8.28E-01	2.39E-10	5.02E-01	-4.42E-02	6.57E-02	3.91E-02	
group_9899	8.32E-01	1.58E-04	2.50E-01	1.51E-01	1.31E-01	6.69E-02	bad-chisq
group_8370	8.32E-01	9.39E-03	5.57E-01	6.49E-02	1.10E-01	3.42E-02	
lysR~~~gltC	8.32E-01	1.58E-04	2.80E-01	1.43E-01	1.32E-01	6.29E-02	bad-chisq
group_7977	8.32E-01	1.58E-04	5.42E-02	2.13E-01	1.10E-01	1.12E-01	bad-chisq
group_7762	8.32E-01	1.57E-01	9.48E-01	-5.46E-03	8.39E-02	3.79E-03	
group_5870	8.32E-01	9.39E-03	6.79E-01	-3.84E-02	9.27E-02	2.41E-02	
group_5280	8.32E-01	9.39E-03	5.57E-01	6.49E-02	1.10E-01	3.42E-02	
group_4885	8.32E-01	1.58E-04	2.80E-01	1.43E-01	1.32E-01	6.29E-02	bad-chisq
group_20254	8.22E-01	4.16E-04	1.97E-01	1.28E-01	9.92E-02	7.50E-02	bad-chisq
fabA	8.22E-01	4.16E-04	1.97E-01	1.28E-01	9.92E-02	7.50E-02	bad-chisq
group_20188	8.22E-01	4.16E-04	1.97E-01	1.28E-01	9.92E-02	7.50E-02	bad-chisq
group_20187	8.22E-01	4.16E-04	1.97E-01	1.28E-01	9.92E-02	7.50E-02	bad-chisq
group_20091	8.32E-01	7.12E-04	2.37E-01	1.13E-01	9.56E-02	6.89E-02	bad-chisq
group_19975	8.22E-01	4.16E-04	1.97E-01	1.28E-01	9.92E-02	7.50E-02	bad-chisq
group_19974	8.22E-01	4.16E-04	1.97E-01	1.28E-01	9.92E-02	7.50E-02	bad-chisq
group_19663	8.22E-01	4.16E-04	1.97E-01	1.28E-01	9.92E-02	7.50E-02	bad-chisq
group_19432	8.22E-01	4.16E-04	1.97E-01	1.28E-01	9.92E-02	7.50E-02	bad-chisq
group_19386	8.22E-01	4.16E-04	1.97E-01	1.28E-01	9.92E-02	7.50E-02	bad-chisq
group_16388	8.28E-01	1.31E-04	3.39E-02	2.07E-01	9.69E-02	1.23E-01	bad-chisq
group_13571	8.28E-01	5.96E-04	3.66E-01	9.72E-02	1.07E-01	5.27E-02	bad-chisq
group_13430	8.28E-01	2.34E-03	3.36E-01	7.83E-02	8.12E-02	5.60E-02	
hasA	8.28E-01	8.00E-03	9.74E-01	-2.97E-03	9.18E-02	1.88E-03	
shlB	8.28E-01	5.96E-04	3.66E-01	9.72E-02	1.07E-01	5.27E-02	bad-chisq
prsD	8.28E-01	8.00E-03	9.74E-01	-2.97E-03	9.18E-02	1.88E-03	
group_11798	8.25E-01	3.16E-06	4.10E-01	-4.40E-02	5.33E-02	4.80E-02	
tolC~~~hlyD	8.28E-01	8.00E-03	9.74E-01	-2.97E-03	9.18E-02	1.88E-03	
czcC~~~tolC	8.28E-01	8.00E-03	5.28E-01	6.67E-02	1.06E-01	3.67E-02	
melB~~~yhjE	8.32E-01	1.57E-01	1.45E-01	-1.21E-01	8.28E-02	8.47E-02	
group_9347	8.28E-01	2.34E-03	8.06E-01	2.09E-02	8.52E-02	1.43E-02	
group_5937	8.28E-01	1.31E-04	3.61E-01	8.11E-02	8.87E-02	5.32E-02	bad-chisq
group_19864	8.18E-01	3.47E-04	1.93E-01	1.25E-01	9.55E-02	7.58E-02	bad-chisq
group_19628	8.18E-01	3.47E-04	1.93E-01	1.25E-01	9.55E-02	7.58E-02	bad-chisq
group_19483	8.25E-01	5.35E-02	5.70E-01	-4.80E-02	8.44E-02	3.31E-02	
group_16629	8.25E-01	1.09E-04	1.23E-01	1.43E-01	9.25E-02	8.97E-02	bad-chisq
group_15753	8.22E-01	4.66E-02	5.51E-01	3.88E-02	6.49E-02	3.48E-02	
group_13966	8.25E-01	1.98E-03	3.24E-01	7.81E-02	7.90E-02	5.74E-02	
group_13609	8.25E-01	7.04E-01	8.81E-01	-1.22E-02	8.17E-02	8.70E-03	
group_12566	8.28E-01	8.00E-03	7.63E-01	-2.53E-02	8.38E-02	1.76E-02	
group_11075	8.25E-01	9.94E-01	1.71E-02	-2.00E-01	8.34E-02	1.38E-01	
group_10666	8.25E-01	1.98E-03	8.37E-01	-2.07E-02	1.00E-01	1.20E-02	
group_10396	8.25E-01	1.98E-03	8.37E-01	-2.07E-02	1.00E-01	1.20E-02	
group_9728	8.25E-01	2.04E-02	1.60E-01	-1.34E-01	9.52E-02	8.17E-02	
group_9659	8.25E-01	1.98E-03	8.37E-01	-2.07E-02	1.00E-01	1.20E-02	
group_8508	8.25E-01	1.98E-03	8.37E-01	-2.07E-02	1.00E-01	1.20E-02	
group_8452	8.25E-01	1.98E-03	8.37E-01	-2.07E-02	1.00E-01	1.20E-02	
group_8451	8.25E-01	1.98E-03	8.37E-01	-2.07E-02	1.00E-01	1.20E-02	
group_8047	8.25E-01	1.19E-01	3.26E-05	-3.40E-01	8.06E-02	2.39E-01	
group_5404	8.25E-01	1.98E-03	8.37E-01	-2.07E-02	1.00E-01	1.20E-02	
group_19863	8.15E-01	2.89E-04	6.43E-02	1.69E-01	9.11E-02	1.08E-01	bad-chisq
kdtA	8.15E-01	1.17E-03	3.98E-01	5.55E-02	6.56E-02	4.93E-02	
pgrR~~~lysR	8.22E-01	1.75E-02	3.96E-01	-6.83E-02	8.02E-02	4.95E-02	
group_16643	8.22E-01	4.16E-04	8.11E-01	-2.71E-02	1.13E-01	1.39E-02	bad-chisq
group_16454	8.18E-01	3.47E-04	5.58E-02	1.28E-01	6.67E-02	1.11E-01	bad-chisq
group_16450	8.22E-01	1.66E-03	6.28E-01	5.38E-02	1.11E-01	2.82E-02	
group_15813	8.15E-01	9.18E-02	5.18E-01	-3.15E-02	4.87E-02	3.76E-02	
proQ~~~proP	8.22E-01	4.16E-04	3.17E-01	7.94E-02	7.91E-02	5.83E-02	bad-chisq
group_13589	8.22E-01	1.08E-01	3.78E-02	-1.62E-01	7.76E-02	1.21E-01	
group_12645	8.22E-01	5.78E-03	8.04E-01	-2.13E-02	8.54E-02	1.45E-02	
group_12182	8.22E-01	2.22E-01	5.63E-02	-1.46E-01	7.60E-02	1.11E-01	
group_11841	8.22E-01	4.16E-04	6.51E-01	3.83E-02	8.45E-02	2.64E-02	bad-chisq
group_11493	8.22E-01	4.16E-04	3.64E-02	2.40E-01	1.14E-01	1.21E-01	bad-chisq
group_11185	8.22E-01	2.22E-01	5.63E-02	-1.46E-01	7.60E-02	1.11E-01	
group_11171	8.22E-01	1.66E-03	7.99E-01	1.99E-02	7.82E-02	1.48E-02	
group_8850	8.22E-01	1.66E-03	8.91E-01	-1.32E-02	9.65E-02	7.99E-03	
group_8371	8.22E-01	1.08E-01	4.96E-01	-6.56E-02	9.63E-02	3.96E-02	
group_20386	8.22E-01	5.78E-03	2.14E-01	1.07E-01	8.59E-02	7.23E-02	
group_18474	8.18E-01	3.47E-04	6.83E-01	6.76E-02	1.65E-01	2.38E-02	bad-chisq
group_13723	8.18E-01	4.05E-02	3.96E-02	-1.75E-01	8.47E-02	1.20E-01	
rpfG~~~luxR	8.18E-01	9.55E-02	1.29E-01	-1.15E-01	7.57E-02	8.82E-02	
group_13107	8.18E-01	4.05E-02	3.96E-02	-1.75E-01	8.47E-02	1.20E-01	
group_12772	8.18E-01	3.47E-04	5.72E-01	5.32E-02	9.41E-02	3.29E-02	bad-chisq
group_12725	8.18E-01	1.40E-03	5.65E-01	6.73E-02	1.17E-01	3.36E-02	
group_12457	8.18E-01	1.40E-03	5.65E-01	6.73E-02	1.17E-01	3.36E-02	
group_12266	8.18E-01	1.40E-03	5.65E-01	6.73E-02	1.17E-01	3.36E-02	
group_10943	8.18E-01	4.91E-03	4.51E-01	-5.76E-02	7.63E-02	4.39E-02	
group_19891	8.15E-01	1.77E-01	8.30E-01	1.61E-02	7.50E-02	1.25E-02	
group_19456	8.15E-01	5.55E-01	4.43E-01	3.96E-02	5.14E-02	4.47E-02	
wecB~~~bcsB	8.08E-01	2.00E-04	7.26E-02	2.01E-01	1.12E-01	1.04E-01	bad-chisq
group_19368	8.15E-01	1.29E-02	8.08E-01	1.91E-02	7.82E-02	1.42E-02	
group_18958	8.11E-01	9.84E-04	2.08E-01	1.20E-01	9.52E-02	7.32E-02	
group_17670	8.15E-01	1.29E-02	3.19E-01	-8.34E-02	8.35E-02	5.81E-02	
group_16552	8.15E-01	4.16E-03	3.93E-01	-8.00E-02	9.34E-02	4.98E-02	
group_11983	8.15E-01	2.89E-04	5.44E-01	5.52E-02	9.08E-02	3.54E-02	bad-chisq
group_11924	8.15E-01	1.17E-03	5.34E-01	6.94E-02	1.12E-01	3.62E-02	
group_11571	8.15E-01	1.17E-03	5.71E-01	6.25E-02	1.10E-01	3.30E-02	
group_10356	8.15E-01	1.17E-03	5.29E-01	6.90E-02	1.10E-01	3.67E-02	
qacR~~~tetR	8.15E-01	1.29E-02	4.37E-01	-7.85E-02	1.01E-01	4.53E-02	
group_10105	8.15E-01	5.55E-01	2.99E-04	-3.18E-01	8.70E-02	2.08E-01	
group_8408	8.15E-01	1.17E-03	5.29E-01	6.90E-02	1.10E-01	3.67E-02	
group_7970	8.15E-01	5.55E-01	2.37E-03	-2.49E-01	8.11E-02	1.76E-01	
pimD	8.15E-01	6.23E-05	2.54E-01	8.63E-02	7.55E-02	6.64E-02	bad-chisq
group_5328	8.15E-01	1.17E-03	5.29E-01	6.90E-02	1.10E-01	3.67E-02	
group_16547	8.05E-01	2.51E-03	7.39E-01	2.04E-02	6.13E-02	1.94E-02	
group_16264	8.15E-01	2.89E-04	2.40E-01	1.34E-01	1.14E-01	6.84E-02	bad-chisq
group_14657	8.11E-01	5.15E-05	7.03E-02	1.73E-01	9.52E-02	1.05E-01	bad-chisq
group_14304	8.15E-01	6.23E-05	4.28E-02	1.95E-01	9.59E-02	1.18E-01	bad-chisq
group_14004	8.15E-01	6.23E-05	4.28E-02	1.95E-01	9.59E-02	1.18E-01	bad-chisq
group_12724	8.11E-01	9.84E-04	5.50E-01	6.24E-02	1.04E-01	3.48E-02	
group_10355	8.11E-01	3.52E-03	9.32E-01	-8.89E-03	1.04E-01	4.99E-03	
group_10231	8.11E-01	9.84E-04	5.36E-01	6.46E-02	1.04E-01	3.61E-02	
group_8190	8.11E-01	9.84E-04	5.36E-01	6.46E-02	1.04E-01	3.61E-02	
nfrB	8.01E-01	5.75E-04	1.88E-01	1.32E-01	1.00E-01	7.66E-02	
group_13475	8.11E-01	5.15E-05	4.79E-02	1.83E-01	9.20E-02	1.15E-01	bad-chisq
group_11334	8.08E-01	8.24E-04	6.02E-01	3.89E-02	7.45E-02	3.04E-02	
group_8827	8.08E-01	6.46E-02	4.25E-01	-5.95E-02	7.45E-02	4.65E-02	
group_7089	8.08E-01	2.97E-03	4.76E-01	-6.46E-02	9.06E-02	4.15E-02	
group_17894	8.05E-01	6.89E-04	7.84E-01	2.70E-02	9.85E-02	1.60E-02	
group_14858	8.05E-01	3.51E-05	4.34E-02	1.93E-01	9.49E-02	1.17E-01	bad-chisq
ytxH	8.05E-01	8.03E-03	5.79E-01	3.93E-02	7.08E-02	3.23E-02	
group_5366	8.08E-01	8.24E-04	8.61E-01	1.94E-02	1.10E-01	1.02E-02	
group_16634	8.01E-01	2.89E-05	2.12E-01	9.58E-02	7.66E-02	7.26E-02	bad-chisq
group_16542	8.01E-01	3.91E-01	2.81E-03	-2.17E-01	7.19E-02	1.73E-01	
group_16398	8.01E-01	3.91E-01	2.81E-03	-2.17E-01	7.19E-02	1.73E-01	
group_16220	8.01E-01	2.89E-05	2.12E-01	9.58E-02	7.66E-02	7.26E-02	bad-chisq
cytR~~~lacI~~~purR	7.95E-01	3.99E-04	3.36E-01	6.11E-02	6.35E-02	5.60E-02	
group_13162	7.95E-01	3.23E-01	8.60E-01	8.57E-03	4.86E-02	1.03E-02	
group_13031	8.01E-01	1.38E-04	6.18E-01	5.03E-02	1.01E-01	2.90E-02	bad-chisq
group_12286	8.01E-01	1.38E-04	6.18E-01	5.03E-02	1.01E-01	2.90E-02	bad-chisq
group_10369	8.05E-01	6.89E-04	8.33E-01	2.20E-02	1.04E-01	1.23E-02	
group_9711	8.01E-01	6.84E-03	1.58E-01	-1.07E-01	7.60E-02	8.20E-02	
group_8419	8.05E-01	6.89E-04	8.33E-01	2.20E-02	1.04E-01	1.23E-02	
group_20336	8.01E-01	5.75E-04	6.18E-01	5.32E-02	1.06E-01	2.91E-02	
group_17123	7.98E-01	1.78E-03	6.27E-01	4.10E-02	8.43E-02	2.83E-02	
group_15227	8.01E-01	2.20E-01	2.36E-01	-7.08E-02	5.96E-02	6.90E-02	
group_12972	7.98E-01	5.82E-03	1.89E-01	-9.77E-02	7.42E-02	7.64E-02	
group_12229	7.98E-01	5.82E-03	1.89E-01	-9.77E-02	7.42E-02	7.64E-02	
group_11256	7.98E-01	5.82E-03	1.89E-01	-9.77E-02	7.42E-02	7.64E-02	
group_10230	7.98E-01	1.78E-03	8.71E-01	-1.44E-02	8.87E-02	9.46E-03	
group_18988	7.95E-01	3.99E-04	2.16E-01	1.15E-01	9.31E-02	7.19E-02	
group_18969	7.95E-01	3.99E-04	2.16E-01	1.15E-01	9.31E-02	7.19E-02	
group_18968	7.95E-01	3.99E-04	2.16E-01	1.15E-01	9.31E-02	7.19E-02	
group_18959	7.95E-01	3.99E-04	2.16E-01	1.15E-01	9.31E-02	7.19E-02	
fadK	7.91E-01	1.25E-03	4.50E-01	8.18E-02	1.08E-01	4.40E-02	
group_17169	7.91E-01	1.25E-03	4.50E-01	8.18E-02	1.08E-01	4.40E-02	
group_16470	7.91E-01	1.25E-03	4.50E-01	8.18E-02	1.08E-01	4.40E-02	
group_16273	7.95E-01	9.42E-05	1.95E-01	9.44E-02	7.26E-02	7.54E-02	bad-chisq
group_15789	7.98E-01	5.82E-03	3.57E-01	4.94E-02	5.35E-02	5.37E-02	
group_15788	7.98E-01	5.82E-03	3.57E-01	4.94E-02	5.35E-02	5.37E-02	
group_15746	7.98E-01	5.82E-03	3.57E-01	4.94E-02	5.35E-02	5.37E-02	
group_15745	7.98E-01	5.82E-03	3.57E-01	4.94E-02	5.35E-02	5.37E-02	
group_15694	7.98E-01	5.82E-03	3.57E-01	4.94E-02	5.35E-02	5.37E-02	
fliC	7.95E-01	9.42E-05	8.13E-01	3.50E-02	1.48E-01	1.38E-02	bad-chisq
group_11355	7.95E-01	1.49E-03	8.50E-01	1.42E-02	7.50E-02	1.10E-02	
group_9890	7.95E-01	1.49E-03	8.50E-01	1.42E-02	7.50E-02	1.10E-02	
group_8323	7.91E-01	3.32E-04	2.42E-01	1.46E-01	1.24E-01	6.81E-02	
group_7922	7.95E-01	1.49E-03	8.50E-01	1.42E-02	7.50E-02	1.10E-02	
lysR~~~argP	7.95E-01	1.49E-03	8.50E-01	1.42E-02	7.50E-02	1.10E-02	
dppC	7.95E-01	1.49E-03	8.50E-01	1.42E-02	7.50E-02	1.10E-02	
dppD	7.95E-01	1.49E-03	8.50E-01	1.42E-02	7.50E-02	1.10E-02	
group_19759	7.85E-01	8.17E-19	1.07E-01	-1.38E-01	8.54E-02	9.37E-02	
group_18936	7.91E-01	3.32E-04	2.19E-01	1.14E-01	9.24E-02	7.15E-02	
group_18933	7.91E-01	3.32E-04	2.25E-01	1.11E-01	9.13E-02	7.06E-02	
group_18475	7.91E-01	7.57E-02	9.03E-01	-8.27E-03	6.75E-02	7.13E-03	
group_15279	7.88E-01	6.40E-05	4.35E-02	2.53E-01	1.25E-01	1.17E-01	bad-chisq
group_14066	7.85E-01	3.08E-20	9.14E-01	1.27E-02	1.18E-01	6.26E-03	
group_13631	7.98E-01	1.78E-03	8.78E-01	-1.39E-02	9.02E-02	8.94E-03	
group_11828	7.91E-01	3.25E-02	6.80E-01	2.81E-02	6.82E-02	2.40E-02	
gsiA~~~ddpF	7.91E-01	1.25E-03	8.17E-01	1.70E-02	7.33E-02	1.35E-02	
group_20652	7.88E-01	2.81E-02	8.44E-01	-1.17E-02	5.94E-02	1.15E-02	
trpA	7.88E-01	6.40E-05	6.26E-01	4.72E-02	9.69E-02	2.84E-02	bad-chisq
group_13088	7.95E-01	4.94E-03	6.14E-01	-4.39E-02	8.68E-02	2.94E-02	
csbC	7.85E-01	5.27E-05	2.93E-02	3.20E-01	1.46E-01	1.26E-01	bad-chisq
group_18740	7.85E-01	5.27E-05	2.93E-02	3.20E-01	1.46E-01	1.26E-01	bad-chisq
group_18665	7.85E-01	5.27E-05	2.93E-02	3.20E-01	1.46E-01	1.26E-01	bad-chisq
group_18664	7.85E-01	5.27E-05	2.93E-02	3.20E-01	1.46E-01	1.26E-01	bad-chisq
group_18539	7.85E-01	5.27E-05	2.93E-02	3.20E-01	1.46E-01	1.26E-01	bad-chisq
holC	7.81E-01	5.99E-01	8.41E-01	-9.24E-03	4.60E-02	1.17E-02	
group_10035	7.81E-01	1.89E-04	3.13E-01	6.40E-02	6.33E-02	5.88E-02	
group_10001	7.85E-01	2.99E-03	6.49E-01	3.23E-02	7.08E-02	2.65E-02	
group_4663	7.81E-01	4.33E-05	6.04E-01	8.46E-02	1.63E-01	3.02E-02	bad-chisq
group_20869	7.78E-01	6.58E-03	6.31E-01	-2.94E-02	6.11E-02	2.80E-02	
group_20868	7.78E-01	6.58E-03	6.31E-01	-2.94E-02	6.11E-02	2.80E-02	
group_20867	7.78E-01	6.58E-03	6.31E-01	-2.94E-02	6.11E-02	2.80E-02	
group_20837	7.78E-01	6.58E-03	6.31E-01	-2.94E-02	6.11E-02	2.80E-02	
group_20836	7.78E-01	6.58E-03	6.31E-01	-2.94E-02	6.11E-02	2.80E-02	
cynS	7.78E-01	6.58E-03	6.31E-01	-2.94E-02	6.11E-02	2.80E-02	
group_17655	7.74E-01	5.10E-04	3.26E-01	8.62E-02	8.76E-02	5.72E-02	
group_16290	7.78E-01	1.94E-01	6.66E-01	-2.88E-02	6.65E-02	2.52E-02	
group_15536	7.81E-01	7.73E-03	9.21E-01	5.93E-03	6.00E-02	5.76E-03	
group_15130	7.78E-01	4.46E-02	6.34E-01	2.50E-02	5.24E-02	2.78E-02	
yiiM	7.74E-01	2.91E-05	7.40E-02	2.27E-01	1.27E-01	1.04E-01	bad-chisq
group_13712	7.81E-01	2.10E-02	6.28E-01	-3.04E-02	6.27E-02	2.82E-02	
group_12647	7.78E-01	1.57E-04	4.63E-01	6.66E-02	9.07E-02	4.27E-02	
group_12350	7.78E-01	7.15E-06	1.54E-01	1.77E-01	1.24E-01	8.30E-02	bad-chisq
group_12178	7.71E-01	2.85E-01	6.04E-01	2.34E-02	4.52E-02	3.02E-02	
group_11420	7.78E-01	7.15E-06	1.54E-01	1.77E-01	1.24E-01	8.30E-02	bad-chisq
group_11130	7.78E-01	7.15E-06	3.03E-02	1.77E-01	8.14E-02	1.26E-01	bad-chisq
group_10014	7.78E-01	7.15E-06	1.54E-01	1.77E-01	1.24E-01	8.30E-02	bad-chisq
group_7798	7.78E-01	7.15E-06	1.54E-01	1.77E-01	1.24E-01	8.30E-02	bad-chisq
group_7797	7.78E-01	7.15E-06	1.54E-01	1.77E-01	1.24E-01	8.30E-02	bad-chisq
group_4420	7.78E-01	7.15E-06	1.54E-01	1.77E-01	1.24E-01	8.30E-02	bad-chisq
algJ	7.71E-01	2.38E-05	7.22E-02	2.00E-01	1.11E-01	1.04E-01	bad-chisq
group_14133	7.74E-01	2.91E-05	2.76E-01	7.36E-02	6.75E-02	6.34E-02	bad-chisq
group_13247	7.74E-01	5.10E-04	5.08E-01	-8.79E-02	1.33E-01	3.86E-02	
group_11235	7.74E-01	1.79E-03	8.37E-01	-1.33E-02	6.45E-02	1.20E-02	
group_10970	7.74E-01	5.82E-06	8.49E-02	1.79E-01	1.04E-01	1.00E-01	bad-chisq
group_10709	7.81E-01	7.34E-04	5.46E-01	4.28E-02	7.08E-02	3.52E-02	
group_19394	7.64E-01	2.33E-01	5.97E-02	1.24E-01	6.58E-02	1.09E-01	
group_16619	7.71E-01	2.38E-05	5.05E-01	9.34E-02	1.40E-01	3.89E-02	bad-chisq
algJ~~~ftsQ	7.68E-01	1.94E-05	7.32E-02	1.98E-01	1.10E-01	1.04E-01	bad-chisq
group_15690	7.68E-01	1.94E-05	7.32E-02	1.98E-01	1.10E-01	1.04E-01	bad-chisq
group_15651	7.68E-01	1.94E-05	7.32E-02	1.98E-01	1.10E-01	1.04E-01	bad-chisq
group_15496	7.68E-01	1.94E-05	7.32E-02	1.98E-01	1.10E-01	1.04E-01	bad-chisq
group_15398	7.68E-01	1.94E-05	7.32E-02	1.98E-01	1.10E-01	1.04E-01	bad-chisq
group_11296	7.71E-01	2.38E-05	4.55E-01	1.07E-01	1.43E-01	4.35E-02	bad-chisq
group_10968	7.71E-01	4.73E-06	1.67E-01	1.50E-01	1.08E-01	8.05E-02	bad-chisq
group_10476	7.71E-01	1.07E-04	7.28E-01	2.61E-02	7.49E-02	2.03E-02	
group_9274	7.71E-01	4.73E-06	1.67E-01	1.50E-01	1.08E-01	8.05E-02	bad-chisq
group_8464	7.74E-01	1.29E-04	5.02E-01	4.88E-02	7.26E-02	3.91E-02	
group_17088	7.68E-01	3.52E-04	6.07E-01	-3.83E-02	7.44E-02	3.00E-02	
group_16447	7.68E-01	1.26E-03	6.82E-01	3.04E-02	7.42E-02	2.39E-02	
group_15945	7.61E-01	3.18E-21	1.63E-01	-1.80E-01	1.29E-01	8.11E-02	
group_7626	7.68E-01	1.94E-05	5.57E-01	5.47E-02	9.30E-02	3.43E-02	bad-chisq
group_19585	7.64E-01	1.58E-05	1.64E-01	1.47E-01	1.05E-01	8.09E-02	bad-chisq
group_16522	7.64E-01	1.06E-03	6.48E-01	3.31E-02	7.24E-02	2.66E-02	
group_14888	7.71E-01	1.50E-03	8.50E-01	-1.48E-02	7.81E-02	1.10E-02	
tet	7.64E-01	1.58E-05	2.34E-01	1.28E-01	1.08E-01	6.92E-02	bad-chisq
group_9706	7.64E-01	1.58E-05	1.17E-01	2.39E-01	1.52E-01	9.13E-02	bad-chisq
group_17017	7.61E-01	1.29E-05	2.64E-01	2.47E-01	2.21E-01	6.50E-02	bad-chisq
group_16568	7.61E-01	1.29E-05	2.64E-01	2.47E-01	2.21E-01	6.50E-02	bad-chisq
group_15475	7.61E-01	8.29E-01	7.23E-01	-1.67E-02	4.71E-02	2.06E-02	
group_11489	7.61E-01	2.42E-04	4.09E-01	-1.08E-01	1.31E-01	4.81E-02	
group_11084	7.61E-01	5.91E-05	6.31E-01	3.65E-02	7.59E-02	2.80E-02	
group_10752	7.64E-01	7.20E-05	3.86E-01	6.69E-02	7.71E-02	5.05E-02	
group_10198	7.61E-01	1.29E-05	2.64E-01	2.47E-01	2.21E-01	6.50E-02	bad-chisq
group_8119	7.61E-01	1.29E-05	2.64E-01	2.47E-01	2.21E-01	6.50E-02	bad-chisq
group_8021	7.61E-01	2.88E-03	1.45E-01	9.29E-02	6.36E-02	8.48E-02	
group_15199	7.58E-01	2.00E-04	2.95E-01	1.09E-01	1.04E-01	6.10E-02	
group_15063	7.58E-01	2.00E-04	2.95E-01	1.09E-01	1.04E-01	6.10E-02	
group_14918	7.58E-01	2.00E-04	2.95E-01	1.09E-01	1.04E-01	6.10E-02	
rspR~~~gntR	7.54E-01	2.55E-20	1.85E-02	-3.95E-01	1.67E-01	1.37E-01	
group_8950	7.61E-01	5.91E-05	1.82E-01	9.98E-02	7.46E-02	7.76E-02	
group_19899	7.58E-01	2.00E-04	4.47E-01	4.75E-02	6.24E-02	4.43E-02	
group_19888	7.58E-01	2.00E-04	4.47E-01	4.75E-02	6.24E-02	4.43E-02	
group_16326	7.54E-01	3.95E-05	8.32E-01	3.32E-02	1.56E-01	1.24E-02	
group_16272	7.54E-01	3.95E-05	8.32E-01	3.32E-02	1.56E-01	1.24E-02	
group_16140	7.54E-01	3.95E-05	8.32E-01	3.32E-02	1.56E-01	1.24E-02	
group_14727	7.54E-01	1.65E-04	9.84E-02	1.64E-01	9.90E-02	9.61E-02	
group_14525	7.51E-01	6.91E-20	3.94E-02	-3.07E-01	1.49E-01	1.20E-01	
group_14472	7.54E-01	1.65E-04	9.84E-02	1.64E-01	9.90E-02	9.61E-02	
yacA	7.54E-01	6.12E-03	7.91E-02	-1.27E-01	7.18E-02	1.02E-01	
group_20142	7.58E-01	7.19E-03	7.91E-01	-1.69E-02	6.35E-02	1.55E-02	
group_19973	7.54E-01	1.65E-04	4.29E-01	4.89E-02	6.17E-02	4.61E-02	
group_19972	7.54E-01	1.65E-04	3.02E-01	6.28E-02	6.07E-02	6.01E-02	
group_13887	7.51E-01	6.88E-06	2.85E-01	1.57E-01	1.47E-01	6.22E-02	bad-chisq
group_12313	7.51E-01	6.88E-06	2.45E-01	1.66E-01	1.43E-01	6.77E-02	bad-chisq
gltR	7.51E-01	1.72E-03	3.94E-01	-9.13E-02	1.07E-01	4.97E-02	
norB	7.41E-01	5.54E-20	4.68E-02	-2.89E-01	1.45E-01	1.15E-01	
group_19618	7.47E-01	5.56E-06	1.47E-01	1.58E-01	1.09E-01	8.43E-02	bad-chisq
group_18758	7.41E-01	1.18E-18	4.80E-01	-1.05E-01	1.48E-01	4.12E-02	
ytfE	7.41E-01	1.18E-18	4.77E-01	-1.03E-01	1.45E-01	4.14E-02	
group_11374	7.47E-01	4.23E-04	4.00E-01	-1.08E-01	1.28E-01	4.90E-02	
group_8118	7.47E-01	5.56E-06	1.84E-01	2.32E-01	1.74E-01	7.72E-02	bad-chisq
group_4956	7.47E-01	5.56E-06	1.84E-01	2.32E-01	1.74E-01	7.72E-02	bad-chisq
groL	7.47E-01	5.56E-06	1.84E-01	2.32E-01	1.74E-01	7.72E-02	bad-chisq
group_19071	7.37E-01	2.63E-06	2.68E-01	-5.78E-02	5.21E-02	6.45E-02	
group_17109	7.44E-01	2.14E-05	7.10E-02	2.15E-01	1.18E-01	1.05E-01	
group_15579	7.44E-01	2.14E-05	1.96E-01	1.40E-01	1.08E-01	7.52E-02	
group_9929	7.44E-01	4.49E-06	2.08E-01	1.93E-01	1.53E-01	7.33E-02	bad-chisq
group_9429	7.47E-01	2.63E-05	2.37E-01	8.75E-02	7.38E-02	6.89E-02	
bioC	7.41E-01	3.61E-06	4.39E-02	2.64E-01	1.30E-01	1.17E-01	bad-chisq
group_6684	7.41E-01	7.49E-05	2.71E-01	6.73E-02	6.11E-02	6.41E-02	
group_6163	7.41E-01	1.01E-03	3.25E-01	-1.10E-01	1.12E-01	5.72E-02	
group_19763	7.37E-01	1.41E-05	2.72E-01	1.36E-01	1.24E-01	6.40E-02	
group_16992	7.37E-01	9.61E-02	2.43E-02	-1.43E-01	6.34E-02	1.31E-01	
group_9641	7.37E-01	2.50E-03	2.94E-01	7.69E-02	7.31E-02	6.12E-02	
group_20653	7.37E-01	6.13E-05	4.29E-01	5.60E-02	7.07E-02	4.60E-02	
group_20633	7.34E-01	1.14E-05	7.57E-02	2.52E-01	1.41E-01	1.03E-01	
group_13739	7.34E-01	1.14E-05	1.71E-01	2.15E-01	1.56E-01	7.97E-02	
group_13134	7.34E-01	1.14E-05	1.71E-01	2.15E-01	1.56E-01	7.97E-02	
group_12402	7.34E-01	1.14E-05	1.71E-01	2.15E-01	1.56E-01	7.97E-02	
catB	7.34E-01	2.33E-06	1.39E-01	2.16E-01	1.46E-01	8.60E-02	bad-chisq
tuf~~~tufA	7.37E-01	7.45E-01	1.89E-01	-5.84E-02	4.44E-02	7.64E-02	
nirK	7.24E-01	4.90E-18	6.66E-02	-2.47E-01	1.34E-01	1.07E-01	
group_20640	7.24E-01	4.90E-18	6.66E-02	-2.47E-01	1.34E-01	1.07E-01	
group_20634	7.31E-01	4.08E-05	2.76E-01	1.42E-01	1.30E-01	6.35E-02	
group_19725	7.31E-01	1.87E-06	4.32E-02	2.84E-01	1.40E-01	1.17E-01	bad-chisq
group_19713	7.27E-01	4.70E-03	8.57E-01	-1.01E-02	5.57E-02	1.05E-02	
group_19478	7.31E-01	9.20E-06	1.41E-01	1.30E-01	8.80E-02	8.56E-02	
group_14826	7.31E-01	1.87E-06	3.09E-02	3.09E-01	1.42E-01	1.25E-01	bad-chisq
group_11504	7.31E-01	4.08E-05	5.16E-01	9.17E-02	1.41E-01	3.79E-02	
group_10414	7.31E-01	9.20E-06	3.03E-02	3.05E-01	1.40E-01	1.26E-01	
group_9663	7.31E-01	1.63E-04	7.91E-01	-2.70E-02	1.01E-01	1.55E-02	
group_8744	7.31E-01	5.84E-04	7.33E-01	-2.34E-02	6.84E-02	1.99E-02	
group_8478	7.31E-01	9.20E-06	3.03E-02	3.05E-01	1.40E-01	1.26E-01	
dctP	7.31E-01	5.84E-04	7.33E-01	-2.34E-02	6.84E-02	1.99E-02	
group_20631	7.27E-01	1.34E-04	6.12E-01	6.13E-02	1.21E-01	2.96E-02	
group_19948	7.27E-01	7.41E-06	1.87E-01	1.69E-01	1.28E-01	7.68E-02	
group_19283	7.27E-01	7.41E-06	2.00E-01	1.65E-01	1.28E-01	7.46E-02	
group_16630	7.27E-01	7.41E-06	1.80E-01	1.74E-01	1.29E-01	7.81E-02	
group_13532	7.27E-01	7.41E-06	3.11E-01	1.37E-01	1.35E-01	5.90E-02	
group_11699	7.27E-01	3.32E-05	1.47E-01	1.88E-01	1.29E-01	8.44E-02	
group_11569	7.27E-01	3.32E-05	1.47E-01	1.88E-01	1.29E-01	8.44E-02	
group_10228	7.27E-01	3.32E-05	1.47E-01	1.88E-01	1.29E-01	8.44E-02	
group_10136	7.27E-01	4.85E-04	7.92E-01	-1.77E-02	6.71E-02	1.54E-02	
ppk2	7.27E-01	3.32E-05	4.87E-01	8.96E-02	1.29E-01	4.05E-02	
group_19563	7.24E-01	5.97E-06	1.93E-01	1.46E-01	1.12E-01	7.57E-02	
nadA	7.24E-01	1.10E-04	8.75E-01	1.88E-02	1.20E-01	9.15E-03	
group_8020	7.24E-01	1.33E-03	3.68E-01	-5.93E-02	6.57E-02	5.24E-02	
group_18874	7.21E-01	2.18E-05	2.10E-01	1.34E-01	1.06E-01	7.30E-02	
group_17025	7.27E-01	4.70E-03	7.88E-01	-1.53E-02	5.69E-02	1.56E-02	
group_13591	7.21E-01	9.48E-07	6.11E-02	1.95E-01	1.04E-01	1.09E-01	bad-chisq
group_13159	7.24E-01	3.98E-03	1.45E-01	-9.27E-02	6.34E-02	8.48E-02	
group_12938	7.21E-01	2.18E-05	8.96E-01	-1.60E-02	1.22E-01	7.63E-03	
group_20987	7.10E-01	1.76E-15	7.59E-01	-3.81E-02	1.24E-01	1.79E-02	
group_17608	7.17E-01	1.76E-05	9.02E-01	1.14E-02	9.20E-02	7.21E-03	
group_17580	7.17E-01	2.74E-04	6.07E-01	-5.51E-02	1.07E-01	3.00E-02	
group_11913	7.17E-01	7.32E-05	7.95E-01	2.75E-02	1.06E-01	1.51E-02	
group_8184	7.17E-01	3.84E-06	3.91E-01	7.73E-02	9.01E-02	4.99E-02	
group_4819	7.17E-01	1.98E-02	9.24E-02	-1.06E-01	6.28E-02	9.78E-02	
group_20970	7.07E-01	2.57E-16	1.43E-01	-1.94E-01	1.32E-01	8.51E-02	
group_17905	7.14E-01	7.74E-04	7.61E-01	-3.09E-02	1.01E-01	1.77E-02	
group_16424	7.14E-01	3.07E-06	1.08E-01	1.84E-01	1.14E-01	9.35E-02	
group_14382	7.21E-01	8.96E-05	8.26E-01	1.30E-02	5.91E-02	1.28E-02	
group_13286	7.14E-01	5.97E-07	1.50E-01	1.40E-01	9.67E-02	8.38E-02	bad-chisq
group_12648	7.17E-01	9.29E-04	6.06E-01	-3.39E-02	6.57E-02	3.00E-02	
group_10415	7.14E-01	1.42E-05	4.28E-02	2.08E-01	1.02E-01	1.18E-01	
group_1908	7.14E-01	7.74E-04	9.68E-01	-2.51E-03	6.25E-02	2.34E-03	
group_20086	7.07E-01	4.87E-03	6.16E-01	-2.78E-02	5.54E-02	2.92E-02	
group_19838	7.07E-01	4.87E-03	6.16E-01	-2.78E-02	5.54E-02	2.92E-02	
group_11824	7.07E-01	3.59E-15	3.61E-01	-1.09E-01	1.20E-01	5.32E-02	
group_20327	7.04E-01	4.13E-03	6.21E-01	-2.71E-02	5.46E-02	2.88E-02	
group_20326	7.04E-01	4.13E-03	6.21E-01	-2.71E-02	5.46E-02	2.88E-02	
group_19735	7.04E-01	4.13E-03	6.50E-01	-2.50E-02	5.51E-02	2.65E-02	
rhaT~~~eamA~~~yedA	7.07E-01	3.59E-15	6.38E-01	-6.45E-02	1.37E-01	2.74E-02	
group_10696	7.07E-01	3.73E-07	1.54E-02	3.05E-01	1.25E-01	1.40E-01	bad-chisq
nosD	6.97E-01	2.23E-15	1.53E-01	-1.85E-01	1.30E-01	8.30E-02	
nosZ	6.97E-01	2.23E-15	1.53E-01	-1.85E-01	1.30E-01	8.30E-02	
ccmA~~~nosF~~~drrA	6.97E-01	2.23E-15	1.53E-01	-1.85E-01	1.30E-01	8.30E-02	
nosR	6.97E-01	2.23E-15	1.53E-01	-1.85E-01	1.30E-01	8.30E-02	
copZ~~~nosL	6.97E-01	2.23E-15	1.53E-01	-1.85E-01	1.30E-01	8.30E-02	
group_20638	6.97E-01	2.23E-15	5.36E-02	-2.74E-01	1.41E-01	1.12E-01	
group_15695	7.07E-01	2.31E-01	9.38E-01	3.45E-03	4.42E-02	4.54E-03	
group_10671	7.07E-01	6.51E-02	1.45E-02	-1.52E-01	6.19E-02	1.42E-01	
nosY	6.94E-01	3.30E-16	1.69E-02	-2.87E-01	1.20E-01	1.38E-01	
group_19604	7.04E-01	1.55E-06	1.12E-01	1.63E-01	1.02E-01	9.25E-02	
group_13686	7.00E-01	2.31E-07	6.46E-02	1.70E-01	9.16E-02	1.07E-01	bad-chisq
group_11532	7.00E-01	9.35E-03	1.96E-01	-7.87E-02	6.07E-02	7.53E-02	
group_9828	7.04E-01	1.15E-01	2.82E-03	-1.83E-01	6.07E-02	1.73E-01	
group_7498	7.04E-01	5.74E-02	1.69E-02	-1.47E-01	6.11E-02	1.39E-01	
group_12681	6.97E-01	9.09E-02	1.51E-02	-1.47E-01	6.00E-02	1.41E-01	
ycxB	6.97E-01	4.43E-02	7.55E-02	-1.07E-01	6.03E-02	1.03E-01	
group_6206	7.00E-01	5.05E-02	2.29E-02	-1.38E-01	6.04E-02	1.32E-01	
group_11688	6.94E-01	2.48E-04	5.31E-01	3.52E-02	5.61E-02	3.65E-02	
group_19898	6.94E-01	1.68E-05	4.70E-01	4.38E-02	6.06E-02	4.21E-02	
group_7773	6.94E-01	4.31E-01	3.79E-01	-4.40E-02	5.00E-02	5.12E-02	
group_15851	6.87E-01	1.90E-13	9.96E-01	-4.43E-04	9.65E-02	2.67E-04	
phlB	6.84E-01	3.50E-13	2.44E-01	-1.42E-01	1.22E-01	6.78E-02	
hisJ~~~yhdW	6.84E-01	3.50E-13	9.69E-02	-2.26E-01	1.36E-01	9.65E-02	
group_20776	6.84E-01	3.50E-13	9.69E-02	-2.26E-01	1.36E-01	9.65E-02	
wspC~~~cheR	6.84E-01	3.19E-14	1.68E-02	-2.75E-01	1.14E-01	1.39E-01	
group_12782	6.87E-01	2.39E-06	2.34E-01	7.10E-02	5.95E-02	6.93E-02	
group_11997	6.87E-01	2.39E-06	2.34E-01	7.10E-02	5.95E-02	6.93E-02	
group_11476	6.80E-01	2.93E-07	2.22E-01	9.55E-02	7.79E-02	7.11E-02	
group_10909	6.87E-01	2.39E-06	2.34E-01	7.10E-02	5.95E-02	6.93E-02	
group_20969	6.73E-01	2.03E-13	1.59E-01	-1.83E-01	1.29E-01	8.20E-02	
group_20639	6.70E-01	3.66E-13	3.96E-01	-7.94E-02	9.35E-02	4.94E-02	
ybgD~~~lpfA~~~stdA	6.77E-01	5.52E-06	7.17E-01	2.72E-02	7.48E-02	2.11E-02	
group_13944	6.84E-01	8.67E-06	3.53E-01	5.44E-02	5.86E-02	5.40E-02	
group_13797	6.84E-01	8.67E-06	3.53E-01	5.44E-02	5.86E-02	5.40E-02	
group_13408	6.84E-01	8.67E-06	3.53E-01	5.44E-02	5.86E-02	5.40E-02	
group_13201	6.84E-01	8.67E-06	3.53E-01	5.44E-02	5.86E-02	5.40E-02	
group_12493	6.84E-01	8.67E-06	3.53E-01	5.44E-02	5.86E-02	5.40E-02	
prfH~~~rtcB	6.77E-01	5.52E-06	5.92E-01	3.12E-02	5.82E-02	3.12E-02	
group_20733	6.73E-01	2.02E-12	2.08E-01	-1.57E-01	1.25E-01	7.33E-02	
syrM~~~lysR	6.73E-01	9.28E-07	1.28E-01	9.09E-02	5.95E-02	8.86E-02	
group_10799	6.73E-01	2.02E-12	5.43E-01	-7.97E-02	1.31E-01	3.54E-02	
group_18749	6.77E-01	1.18E-06	4.63E-01	5.57E-02	7.58E-02	4.27E-02	
group_17324	6.70E-01	3.55E-12	3.56E-01	-1.13E-01	1.23E-01	5.37E-02	
group_17322	6.70E-01	3.55E-12	3.56E-01	-1.13E-01	1.23E-01	5.37E-02	
group_17321	6.70E-01	3.55E-12	3.56E-01	-1.13E-01	1.23E-01	5.37E-02	
group_16260	6.70E-01	7.07E-04	3.98E-01	5.85E-02	6.91E-02	4.93E-02	
group_15642	6.70E-01	3.55E-12	3.63E-01	-1.12E-01	1.22E-01	5.30E-02	
group_15571	6.70E-01	3.55E-12	3.63E-01	-1.12E-01	1.22E-01	5.30E-02	
group_15486	6.70E-01	3.55E-12	3.63E-01	-1.12E-01	1.22E-01	5.30E-02	
group_15383	6.70E-01	3.55E-12	3.63E-01	-1.12E-01	1.22E-01	5.30E-02	
group_15255	6.70E-01	3.55E-12	3.63E-01	-1.12E-01	1.22E-01	5.30E-02	
nikE~~~nikD~~~dppD	6.70E-01	3.55E-12	3.63E-01	-1.12E-01	1.22E-01	5.30E-02	
group_14531	6.70E-01	3.12E-11	2.02E-02	-3.93E-01	1.68E-01	1.35E-01	
group_14239	6.70E-01	3.12E-11	2.02E-02	-3.93E-01	1.68E-01	1.35E-01	
metN	6.70E-01	3.55E-12	3.56E-01	-1.13E-01	1.23E-01	5.37E-02	
group_12079	6.70E-01	3.55E-12	3.56E-01	-1.13E-01	1.23E-01	5.37E-02	
group_11475	6.70E-01	3.12E-11	8.22E-03	-3.57E-01	1.34E-01	1.53E-01	
group_11034	6.70E-01	3.55E-12	3.56E-01	-1.13E-01	1.23E-01	5.37E-02	
group_15657	6.70E-01	1.44E-02	2.70E-01	4.70E-02	4.25E-02	6.43E-02	
sfnC~~~hsaA	6.67E-01	6.14E-12	3.52E-01	-1.15E-01	1.24E-01	5.42E-02	
group_9528	6.67E-01	5.24E-11	5.20E-02	-2.90E-01	1.49E-01	1.13E-01	
group_8644	6.67E-01	5.24E-11	5.20E-02	-2.90E-01	1.49E-01	1.13E-01	
group_8642	6.67E-01	5.24E-11	5.20E-02	-2.90E-01	1.49E-01	1.13E-01	
yhdW	6.67E-01	5.24E-11	5.20E-02	-2.90E-01	1.49E-01	1.13E-01	
group_20596	6.67E-01	1.77E-03	4.56E-01	-4.43E-02	5.93E-02	4.34E-02	
group_19599	6.63E-01	1.05E-11	6.48E-03	-5.36E-01	1.96E-01	1.58E-01	
clcA	6.63E-01	1.05E-11	6.48E-03	-5.36E-01	1.96E-01	1.58E-01	
sutR~~~pezA	6.63E-01	1.48E-03	5.09E-01	-3.95E-02	5.97E-02	3.85E-02	
ccmF~~~dsbE~~~ccmG	6.60E-01	3.52E-03	1.16E-01	-9.56E-02	6.06E-02	9.15E-02	
group_20308	6.60E-01	3.52E-03	1.16E-01	-9.56E-02	6.06E-02	9.15E-02	
ccmD~~~ccmC	6.60E-01	3.52E-03	1.16E-01	-9.56E-02	6.06E-02	9.15E-02	
group_18629	6.60E-01	1.78E-11	3.05E-02	-3.61E-01	1.66E-01	1.26E-01	
lysR~~~gcvA	6.60E-01	1.78E-11	8.01E-01	-3.00E-02	1.19E-01	1.47E-02	
group_20488	6.57E-01	2.97E-03	1.29E-01	-9.14E-02	6.01E-02	8.82E-02	
group_14367	6.60E-01	3.14E-05	9.61E-01	2.75E-03	5.66E-02	2.83E-03	
group_18906	6.53E-01	4.93E-11	5.37E-01	-9.90E-02	1.60E-01	3.60E-02	
torA	6.50E-01	2.10E-03	1.54E-01	-8.39E-02	5.87E-02	8.28E-02	
group_19417	6.46E-01	7.15E-02	5.06E-01	2.68E-02	4.02E-02	3.87E-02	
group_18734	6.50E-01	8.08E-11	1.34E-01	-1.90E-01	1.27E-01	8.72E-02	
group_14752	6.50E-01	8.08E-11	1.45E-01	-2.17E-01	1.49E-01	8.49E-02	
group_14500	6.50E-01	8.08E-11	1.45E-01	-2.17E-01	1.49E-01	8.49E-02	
group_14221	6.50E-01	8.08E-11	1.45E-01	-2.17E-01	1.49E-01	8.49E-02	
group_13874	6.50E-01	8.08E-11	1.45E-01	-2.17E-01	1.49E-01	8.49E-02	
group_13310	6.50E-01	8.08E-11	1.45E-01	-2.17E-01	1.49E-01	8.49E-02	
group_13059	6.50E-01	9.90E-12	1.73E-02	-3.29E-01	1.37E-01	1.38E-01	
group_12738	6.50E-01	6.56E-02	2.91E-02	-1.14E-01	5.19E-02	1.27E-01	
group_12632	6.50E-01	8.08E-11	1.45E-01	-2.17E-01	1.49E-01	8.49E-02	
group_11815	6.50E-01	8.08E-11	1.45E-01	-2.17E-01	1.49E-01	8.49E-02	
group_10557	6.50E-01	8.08E-11	1.36E-01	-2.20E-01	1.47E-01	8.67E-02	
group_10318	6.50E-01	8.08E-11	5.27E-01	-6.25E-02	9.87E-02	3.69E-02	
group_6583	6.50E-01	2.10E-03	2.05E-01	-6.18E-02	4.86E-02	7.38E-02	
group_21086	6.43E-01	2.11E-10	8.76E-01	-2.29E-02	1.46E-01	9.12E-03	
group_20849	6.46E-01	1.65E-11	2.21E-01	-1.52E-01	1.24E-01	7.12E-02	
group_20821	6.46E-01	1.31E-10	8.57E-01	-2.17E-02	1.21E-01	1.05E-02	
group_20524	6.43E-01	2.11E-10	8.51E-01	-2.69E-02	1.43E-01	1.10E-02	
group_20360	6.43E-01	2.11E-10	8.51E-01	-2.69E-02	1.43E-01	1.10E-02	
group_20358	6.43E-01	2.11E-10	8.76E-01	-2.29E-02	1.46E-01	9.12E-03	
group_17056	6.46E-01	1.25E-07	3.71E-01	5.27E-02	5.88E-02	5.21E-02	
group_11232	6.46E-01	1.31E-10	1.39E-01	-2.11E-01	1.43E-01	8.60E-02	
torC	6.43E-01	4.06E-03	2.16E-01	-7.05E-02	5.69E-02	7.20E-02	
group_19579	6.43E-01	2.11E-10	5.45E-02	-3.21E-01	1.66E-01	1.12E-01	
group_13907	6.50E-01	6.01E-10	3.57E-01	-9.75E-02	1.06E-01	5.36E-02	
group_11353	6.43E-01	2.73E-11	2.38E-02	-2.90E-01	1.28E-01	1.31E-01	
group_10678	6.43E-01	2.73E-11	2.38E-02	-2.90E-01	1.28E-01	1.31E-01	
group_9888	6.43E-01	2.73E-11	2.38E-02	-2.90E-01	1.28E-01	1.31E-01	
group_9887	6.43E-01	2.73E-11	2.38E-02	-2.90E-01	1.28E-01	1.31E-01	
group_8060	6.43E-01	2.73E-11	2.38E-02	-2.90E-01	1.28E-01	1.31E-01	
group_7625	6.43E-01	2.73E-11	2.38E-02	-2.90E-01	1.28E-01	1.31E-01	
group_7624	6.43E-01	2.73E-11	2.38E-02	-2.90E-01	1.28E-01	1.31E-01	
caiA	6.43E-01	2.73E-11	2.38E-02	-2.90E-01	1.28E-01	1.31E-01	
group_19684	6.40E-01	2.07E-02	3.98E-02	-1.15E-01	5.58E-02	1.19E-01	
group_16240	6.40E-01	3.36E-10	1.71E-01	-2.06E-01	1.50E-01	7.97E-02	
group_13213	6.33E-01	1.16E-10	8.58E-01	-3.49E-02	1.95E-01	1.04E-02	
group_8868	6.40E-01	4.46E-11	3.86E-02	-2.53E-01	1.22E-01	1.20E-01	
group_5575	6.40E-01	3.36E-10	3.12E-01	-1.37E-01	1.35E-01	5.89E-02	
group_5454	6.40E-01	3.36E-10	3.12E-01	-1.37E-01	1.35E-01	5.89E-02	
group_4941	6.40E-01	4.46E-11	3.83E-02	-2.86E-01	1.37E-01	1.20E-01	
group_18184	6.36E-01	5.31E-10	3.64E-01	-1.62E-01	1.79E-01	5.28E-02	
group_17962	6.36E-01	5.31E-10	3.64E-01	-1.62E-01	1.79E-01	5.28E-02	
group_17961	6.36E-01	5.31E-10	3.64E-01	-1.62E-01	1.79E-01	5.28E-02	
group_17641	6.36E-01	5.31E-10	3.64E-01	-1.62E-01	1.79E-01	5.28E-02	
group_16642	6.36E-01	5.31E-10	3.30E-01	-1.74E-01	1.78E-01	5.67E-02	
group_16417	6.36E-01	5.31E-10	3.64E-01	-1.62E-01	1.79E-01	5.28E-02	
group_16411	6.36E-01	5.31E-10	3.30E-01	-1.74E-01	1.78E-01	5.67E-02	
group_15751	6.36E-01	5.31E-10	3.64E-01	-1.62E-01	1.79E-01	5.28E-02	
group_15701	6.36E-01	5.31E-10	3.64E-01	-1.62E-01	1.79E-01	5.28E-02	
group_15666	6.36E-01	5.31E-10	3.64E-01	-1.62E-01	1.79E-01	5.28E-02	
gspK	6.36E-01	5.31E-10	3.64E-01	-1.62E-01	1.79E-01	5.28E-02	
gspG	6.36E-01	5.31E-10	3.64E-01	-1.62E-01	1.79E-01	5.28E-02	
group_13628	6.46E-01	1.80E-04	4.61E-01	-4.34E-02	5.89E-02	4.29E-02	
group_12280	6.36E-01	5.31E-10	3.62E-01	-1.64E-01	1.80E-01	5.30E-02	
group_8867	6.36E-01	5.31E-10	2.61E-01	-1.53E-01	1.36E-01	6.55E-02	
gspH	6.36E-01	5.31E-10	3.64E-01	-1.62E-01	1.79E-01	5.28E-02	
group_19664	6.33E-01	8.32E-10	1.58E-01	-2.12E-01	1.50E-01	8.20E-02	
ccoN~~~ccoN1	6.36E-01	9.33E-01	3.28E-01	4.04E-02	4.12E-02	5.70E-02	
insH	6.33E-01	8.32E-10	4.80E-01	-1.13E-01	1.59E-01	4.12E-02	
group_17220	6.33E-01	8.32E-10	4.89E-01	-1.08E-01	1.56E-01	4.03E-02	
group_16221	6.33E-01	1.48E-11	1.74E-03	-3.89E-01	1.23E-01	1.81E-01	
group_13707	6.33E-01	6.40E-03	1.02E-01	-9.50E-02	5.79E-02	9.51E-02	
group_13599	6.33E-01	8.32E-10	4.26E-01	-1.25E-01	1.57E-01	4.64E-02	
group_13052	6.33E-01	8.32E-10	4.26E-01	-1.25E-01	1.57E-01	4.64E-02	
group_13051	6.33E-01	8.32E-10	4.26E-01	-1.25E-01	1.57E-01	4.64E-02	
group_5965	6.33E-01	1.16E-10	2.80E-02	-2.75E-01	1.24E-01	1.27E-01	
group_20645	6.30E-01	1.29E-09	6.19E-01	-6.19E-02	1.24E-01	2.90E-02	
group_20176	6.30E-01	1.29E-09	7.12E-01	2.93E-02	7.94E-02	2.15E-02	
group_20175	6.30E-01	1.29E-09	7.12E-01	2.93E-02	7.94E-02	2.15E-02	
group_19718	6.30E-01	1.29E-09	2.36E-01	-1.69E-01	1.42E-01	6.90E-02	
rfbF	6.26E-01	5.76E-04	4.69E-01	3.69E-02	5.10E-02	4.22E-02	
group_18840	6.26E-01	3.89E-11	3.43E-01	-5.80E-02	6.11E-02	5.52E-02	
pulJ	6.30E-01	1.29E-09	5.81E-01	-7.84E-02	1.42E-01	3.22E-02	
group_18245	6.30E-01	1.29E-09	1.90E-01	-1.67E-01	1.27E-01	7.63E-02	
rfaZ	6.23E-01	4.55E-10	8.25E-01	3.94E-02	1.78E-01	1.29E-02	
group_17684	6.30E-01	1.29E-09	1.90E-01	-1.67E-01	1.27E-01	7.63E-02	
group_17683	6.30E-01	1.29E-09	1.90E-01	-1.67E-01	1.27E-01	7.63E-02	
group_16814	6.30E-01	1.29E-09	1.90E-01	-1.67E-01	1.27E-01	7.63E-02	
group_15156	6.30E-01	1.29E-09	1.90E-01	-1.67E-01	1.27E-01	7.63E-02	
group_14381	6.30E-01	1.29E-09	1.90E-01	-1.67E-01	1.27E-01	7.63E-02	
group_14102	6.30E-01	1.29E-09	1.90E-01	-1.67E-01	1.27E-01	7.63E-02	
group_13705	6.30E-01	1.29E-09	1.90E-01	-1.67E-01	1.27E-01	7.63E-02	
group_13077	6.30E-01	1.29E-09	2.30E-01	-1.52E-01	1.26E-01	6.99E-02	
group_13073	6.30E-01	1.29E-09	1.90E-01	-1.67E-01	1.27E-01	7.63E-02	
group_10871	6.30E-01	5.44E-03	5.59E-01	-2.99E-02	5.11E-02	3.41E-02	
group_18415	6.26E-01	1.99E-09	2.48E-01	-1.39E-01	1.20E-01	6.73E-02	
group_18044	6.26E-01	1.99E-09	2.50E-01	-1.36E-01	1.18E-01	6.70E-02	
group_17918	6.26E-01	5.76E-04	3.91E-01	-4.94E-02	5.76E-02	4.99E-02	
group_17402	6.26E-01	1.99E-09	2.60E-01	-1.38E-01	1.22E-01	6.55E-02	
group_17052	6.26E-01	1.99E-09	3.47E-01	-1.10E-01	1.16E-01	5.48E-02	
group_16831	6.26E-01	1.99E-09	2.48E-01	-1.39E-01	1.20E-01	6.73E-02	
group_14850	6.26E-01	1.99E-09	2.48E-01	-1.39E-01	1.20E-01	6.73E-02	
group_14646	6.26E-01	1.99E-09	2.48E-01	-1.39E-01	1.20E-01	6.73E-02	
group_14121	6.26E-01	1.99E-09	6.34E-01	-6.26E-02	1.31E-01	2.77E-02	
group_13622	6.26E-01	1.99E-09	2.48E-01	-1.39E-01	1.20E-01	6.73E-02	
group_13050	6.26E-01	1.99E-09	5.92E-01	-8.50E-02	1.58E-01	3.12E-02	
group_12655	6.26E-01	1.99E-09	5.92E-01	-8.50E-02	1.58E-01	3.12E-02	
group_12310	6.26E-01	1.99E-09	5.92E-01	-8.50E-02	1.58E-01	3.12E-02	
group_11418	6.26E-01	1.99E-09	3.06E-01	-1.20E-01	1.17E-01	5.96E-02	
group_11373	6.26E-01	1.99E-09	5.92E-01	-8.50E-02	1.58E-01	3.12E-02	
group_9921	6.26E-01	1.99E-09	5.92E-01	-8.50E-02	1.58E-01	3.12E-02	
group_8689	6.26E-01	1.99E-09	6.34E-01	-7.56E-02	1.58E-01	2.78E-02	
group_7671	6.26E-01	1.99E-09	5.92E-01	-8.50E-02	1.58E-01	3.12E-02	
group_3776	6.26E-01	1.99E-09	5.92E-01	-8.50E-02	1.58E-01	3.12E-02	
group_18053	6.23E-01	4.55E-10	1.86E-01	-1.79E-01	1.35E-01	7.70E-02	
tarH~~~tar	6.23E-01	4.48E-01	9.38E-01	-3.38E-03	4.35E-02	4.53E-03	
group_15594	6.23E-01	4.55E-10	1.98E-01	-1.60E-01	1.24E-01	7.49E-02	
group_10002	6.23E-01	3.89E-03	5.52E-01	-3.21E-02	5.39E-02	3.46E-02	
group_5592	6.23E-01	3.03E-09	7.00E-01	-5.86E-02	1.52E-01	2.24E-02	
group_4996	6.23E-01	3.03E-09	7.00E-01	-5.86E-02	1.52E-01	2.24E-02	
group_20305	6.20E-01	4.59E-09	6.28E-01	3.57E-02	7.37E-02	2.82E-02	
group_19190	6.20E-01	7.06E-10	1.08E-01	-1.13E-01	6.99E-02	9.34E-02	
gspC	6.20E-01	4.59E-09	7.31E-01	-4.10E-02	1.19E-01	2.00E-02	
gspL~~~pulL	6.20E-01	4.59E-09	7.43E-01	-3.84E-02	1.17E-01	1.91E-02	
rclR~~~araC	6.20E-01	4.59E-09	8.47E-01	-2.53E-02	1.31E-01	1.13E-02	
group_15313	6.20E-01	4.59E-09	8.47E-01	-2.53E-02	1.31E-01	1.13E-02	
group_18209	6.16E-01	6.90E-09	3.25E-01	-1.11E-01	1.13E-01	5.73E-02	
fet4	6.16E-01	6.90E-09	4.43E-01	-7.71E-02	1.00E-01	4.47E-02	
group_13039	6.13E-01	1.03E-08	8.26E-01	-2.63E-02	1.19E-01	1.28E-02	
group_20189	6.06E-01	1.22E-07	9.12E-01	-1.06E-02	9.63E-02	6.43E-03	
ybjT~~~nmrA	6.06E-01	1.22E-07	9.12E-01	-1.06E-02	9.63E-02	6.43E-03	
ohrB~~~osmC	6.06E-01	1.22E-07	9.12E-01	-1.06E-02	9.63E-02	6.43E-03	
group_19866	6.06E-01	1.22E-07	9.12E-01	-1.06E-02	9.63E-02	6.43E-03	
ykvA	6.06E-01	2.24E-08	4.14E-01	-7.30E-02	8.91E-02	4.76E-02	
rpoE~~~sigJ	6.06E-01	1.22E-07	9.12E-01	-1.06E-02	9.63E-02	6.43E-03	
group_19469	6.06E-01	1.22E-07	9.12E-01	-1.06E-02	9.63E-02	6.43E-03	
group_19152	6.13E-01	4.60E-08	1.66E-03	1.62E-01	5.09E-02	1.82E-01	
group_17057	6.09E-01	1.52E-08	7.86E-01	-4.64E-02	1.71E-01	1.58E-02	
group_16150	6.09E-01	4.31E-07	6.65E-01	3.82E-02	8.82E-02	2.52E-02	
group_5117	6.09E-01	1.26E-02	1.37E-02	-1.35E-01	5.43E-02	1.43E-01	
group_20057	6.03E-01	8.86E-10	2.71E-01	-1.08E-01	9.76E-02	6.41E-02	
group_19635	6.03E-01	1.74E-07	9.15E-01	-1.02E-02	9.55E-02	6.22E-03	
tatB	6.09E-01	5.15E-03	1.66E-01	5.67E-02	4.08E-02	8.06E-02	
group_11507	6.06E-01	5.81E-10	7.45E-02	-1.61E-01	9.00E-02	1.04E-01	
group_18839	5.99E-01	1.34E-09	4.60E-01	-4.37E-02	5.90E-02	4.30E-02	
group_18202	5.99E-01	8.33E-09	8.31E-01	3.26E-02	1.52E-01	1.25E-02	
group_12879	6.06E-01	5.81E-10	2.16E-01	-1.21E-01	9.77E-02	7.20E-02	
group_12407	6.03E-01	5.63E-09	2.27E-01	-1.05E-01	8.65E-02	7.03E-02	
yfcG	6.09E-01	1.52E-08	5.86E-01	-5.23E-02	9.59E-02	3.17E-02	
group_11514	6.03E-01	5.63E-09	2.27E-01	-1.05E-01	8.65E-02	7.03E-02	
group_11455	6.03E-01	5.63E-09	4.65E-01	-6.80E-02	9.29E-02	4.26E-02	
group_20389	5.99E-01	4.74E-08	6.68E-01	3.34E-02	7.79E-02	2.50E-02	
group_19646	5.99E-01	1.34E-09	2.82E-01	-1.03E-01	9.55E-02	6.26E-02	
group_18757	5.96E-01	2.02E-09	4.66E-01	-4.25E-02	5.81E-02	4.25E-02	
group_16125	5.99E-01	8.13E-06	7.37E-02	1.05E-01	5.85E-02	1.04E-01	
group_13137	5.99E-01	8.33E-09	2.46E-01	-9.94E-02	8.55E-02	6.75E-02	
group_11883	5.96E-01	1.23E-08	7.68E-01	3.63E-02	1.23E-01	1.72E-02	
group_8761	5.99E-01	3.73E-13	5.73E-04	-3.28E-01	9.41E-02	1.99E-01	
group_19639	5.96E-01	2.02E-09	2.87E-01	-1.01E-01	9.48E-02	6.20E-02	
ydfH	5.93E-01	7.34E-05	9.30E-01	5.04E-03	5.71E-02	5.14E-03	
group_14693	5.93E-01	7.34E-05	9.30E-01	5.04E-03	5.71E-02	5.14E-03	
group_10024	6.03E-01	1.97E-08	2.85E-01	5.74E-02	5.36E-02	6.22E-02	
group_19512	5.93E-01	3.01E-09	2.81E-02	-2.85E-01	1.29E-01	1.27E-01	
cysJ	5.89E-01	7.03E-10	7.16E-01	-3.76E-02	1.03E-01	2.12E-02	
apbE	5.89E-01	7.03E-10	7.16E-01	-3.76E-02	1.03E-01	2.12E-02	
group_19076	5.89E-01	7.03E-10	7.16E-01	-3.76E-02	1.03E-01	2.12E-02	
group_19075	5.89E-01	7.03E-10	7.16E-01	-3.76E-02	1.03E-01	2.12E-02	
group_19069	5.89E-01	7.03E-10	7.16E-01	-3.76E-02	1.03E-01	2.12E-02	
group_18747	5.86E-01	6.58E-09	2.57E-01	-1.73E-01	1.53E-01	6.60E-02	
group_18675	5.86E-01	6.58E-09	2.57E-01	-1.73E-01	1.53E-01	6.60E-02	
group_18552	5.86E-01	6.58E-09	2.57E-01	-1.73E-01	1.53E-01	6.60E-02	
group_18551	5.86E-01	6.58E-09	2.57E-01	-1.73E-01	1.53E-01	6.60E-02	
ycaC	5.93E-01	9.76E-08	8.37E-01	2.46E-02	1.19E-01	1.20E-02	
group_13259	5.93E-01	1.37E-02	1.92E-01	5.81E-02	4.45E-02	7.59E-02	
group_12357	5.99E-01	7.87E-03	2.28E-01	5.64E-02	4.66E-02	7.02E-02	
group_6361	5.96E-01	2.02E-09	2.10E-01	-9.81E-02	7.80E-02	7.30E-02	
group_21032	5.89E-01	1.79E-13	1.79E-02	-1.80E-01	7.58E-02	1.37E-01	
group_21020	5.89E-01	1.79E-13	1.79E-02	-1.80E-01	7.58E-02	1.37E-01	
group_21019	5.89E-01	1.79E-13	1.79E-02	-1.80E-01	7.58E-02	1.37E-01	
group_21001	5.89E-01	1.79E-13	1.79E-02	-1.80E-01	7.58E-02	1.37E-01	
group_21000	5.89E-01	1.79E-13	1.79E-02	-1.80E-01	7.58E-02	1.37E-01	
ccmB~~~ccmA	5.89E-01	1.79E-13	1.79E-02	-1.80E-01	7.58E-02	1.37E-01	
group_20980	5.89E-01	1.79E-13	1.79E-02	-1.80E-01	7.58E-02	1.37E-01	
group_20958	5.89E-01	1.79E-13	1.79E-02	-1.80E-01	7.58E-02	1.37E-01	
group_20950	5.89E-01	1.79E-13	1.79E-02	-1.80E-01	7.58E-02	1.37E-01	
group_18782	5.86E-01	3.75E-08	7.53E-01	-6.72E-02	2.13E-01	1.83E-02	
group_17761	5.89E-01	1.39E-07	9.54E-01	6.00E-03	1.05E-01	3.34E-03	
group_16245	5.89E-01	4.47E-09	4.14E-02	-1.99E-01	9.73E-02	1.18E-01	
group_15777	5.86E-01	5.17E-04	7.12E-01	-2.05E-02	5.53E-02	2.15E-02	
group_15734	5.86E-01	1.63E-04	8.87E-01	-7.92E-03	5.58E-02	8.27E-03	
group_12968	5.96E-01	6.16E-08	3.78E-01	5.28E-02	5.98E-02	5.13E-02	
tcyB	5.86E-01	1.96E-07	4.42E-01	7.64E-02	9.92E-02	4.48E-02	
group_20693	5.79E-01	7.65E-08	8.15E-01	2.98E-02	1.27E-01	1.37E-02	
urtE~~~tcyN	5.82E-01	1.31E-04	9.23E-01	-5.39E-03	5.56E-02	5.65E-03	
group_10050	5.86E-01	6.58E-09	1.35E-01	-1.41E-01	9.39E-02	8.69E-02	
group_10013	5.86E-01	1.96E-07	4.42E-01	7.64E-02	9.92E-02	4.48E-02	
group_9360	5.86E-01	1.96E-07	4.42E-01	7.64E-02	9.92E-02	4.48E-02	
group_7790	5.86E-01	1.96E-07	4.42E-01	7.64E-02	9.92E-02	4.48E-02	
glnH	5.86E-01	1.96E-07	4.42E-01	7.64E-02	9.92E-02	4.48E-02	
group_6689	5.86E-01	1.96E-07	4.42E-01	7.64E-02	9.92E-02	4.48E-02	
group_4399	5.86E-01	1.96E-07	4.42E-01	7.64E-02	9.92E-02	4.48E-02	
group_18598	5.82E-01	2.75E-07	7.96E-01	2.83E-02	1.09E-01	1.51E-02	
group_18469	5.82E-01	2.75E-07	7.96E-01	2.83E-02	1.09E-01	1.51E-02	
group_18465	5.82E-01	2.75E-07	7.96E-01	2.83E-02	1.09E-01	1.51E-02	
group_18461	5.82E-01	2.75E-07	7.96E-01	2.83E-02	1.09E-01	1.51E-02	
group_18460	5.82E-01	2.75E-07	7.96E-01	2.83E-02	1.09E-01	1.51E-02	
group_18317	5.82E-01	2.75E-07	7.96E-01	2.83E-02	1.09E-01	1.51E-02	
group_18316	5.82E-01	2.75E-07	7.96E-01	2.83E-02	1.09E-01	1.51E-02	
group_18127	5.82E-01	2.75E-07	7.96E-01	2.83E-02	1.09E-01	1.51E-02	
group_17869	5.82E-01	2.75E-07	7.96E-01	2.83E-02	1.09E-01	1.51E-02	
group_16147	5.82E-01	3.42E-03	5.65E-02	-1.01E-01	5.25E-02	1.11E-01	
group_8152	5.82E-01	5.37E-08	5.63E-01	-6.94E-02	1.20E-01	3.37E-02	
group_20054	5.79E-01	1.36E-01	1.70E-02	-1.15E-01	4.81E-02	1.38E-01	
group_16256	5.82E-01	2.75E-07	4.79E-01	6.39E-02	9.02E-02	4.12E-02	
ccmG~~~dsbE	5.76E-01	1.24E-12	4.35E-02	-1.45E-01	7.16E-02	1.17E-01	
group_20927	5.76E-01	1.24E-12	4.35E-02	-1.45E-01	7.16E-02	1.17E-01	
group_18144	5.76E-01	1.08E-07	8.30E-01	1.61E-02	7.49E-02	1.25E-02	
group_12375	5.79E-01	1.06E-04	8.91E-01	7.35E-03	5.38E-02	7.97E-03	
group_10663	5.79E-01	3.96E-07	6.22E-01	2.60E-02	5.27E-02	2.87E-02	
cdhR~~~rhaS	5.79E-01	2.34E-09	1.69E-01	-8.81E-02	6.39E-02	8.00E-02	
group_18553	5.79E-01	7.65E-08	6.22E-01	-3.59E-02	7.26E-02	2.87E-02	
group_18421	5.79E-01	7.65E-08	6.22E-01	-3.59E-02	7.26E-02	2.87E-02	
group_17979	5.76E-01	1.08E-07	4.22E-01	-8.42E-02	1.05E-01	4.68E-02	
group_17978	5.76E-01	1.08E-07	4.22E-01	-8.42E-02	1.05E-01	4.68E-02	
fepB	5.76E-01	1.08E-07	4.22E-01	-8.42E-02	1.05E-01	4.68E-02	
group_17252	5.76E-01	1.08E-07	4.22E-01	-8.42E-02	1.05E-01	4.68E-02	
group_17229	5.76E-01	1.08E-07	4.22E-01	-8.42E-02	1.05E-01	4.68E-02	
group_16527	5.76E-01	1.08E-07	4.22E-01	-8.42E-02	1.05E-01	4.68E-02	
group_20907	5.69E-01	3.11E-12	4.51E-02	-1.44E-01	7.16E-02	1.16E-01	
group_18677	5.76E-01	1.08E-07	6.61E-01	-3.14E-02	7.13E-02	2.56E-02	
group_18249	5.76E-01	1.08E-07	6.43E-01	-3.29E-02	7.10E-02	2.70E-02	
group_18131	5.72E-01	7.35E-07	6.72E-01	4.00E-02	9.42E-02	2.47E-02	
group_18128	5.72E-01	7.35E-07	6.72E-01	4.00E-02	9.42E-02	2.47E-02	
yscX	5.76E-01	1.08E-07	6.43E-01	-3.29E-02	7.10E-02	2.70E-02	
sycN	5.76E-01	1.08E-07	6.43E-01	-3.29E-02	7.10E-02	2.70E-02	
group_17767	5.76E-01	1.08E-07	6.43E-01	-3.29E-02	7.10E-02	2.70E-02	
group_17612	5.69E-01	2.13E-07	7.82E-01	-5.43E-02	1.96E-01	1.61E-02	
msuE	5.69E-01	2.13E-07	7.82E-01	-5.43E-02	1.96E-01	1.61E-02	
group_16554	5.69E-01	2.13E-07	7.82E-01	-5.43E-02	1.96E-01	1.61E-02	
group_16295	5.69E-01	2.13E-07	7.82E-01	-5.43E-02	1.96E-01	1.61E-02	
group_14577	5.76E-01	1.08E-07	6.43E-01	-3.29E-02	7.10E-02	2.70E-02	
group_13985	5.76E-01	1.08E-07	6.43E-01	-3.29E-02	7.10E-02	2.70E-02	
sctT	5.76E-01	1.08E-07	6.43E-01	-3.29E-02	7.10E-02	2.70E-02	
sctN	5.76E-01	1.08E-07	6.43E-01	-3.29E-02	7.10E-02	2.70E-02	
group_12843	5.76E-01	1.08E-07	6.43E-01	-3.29E-02	7.10E-02	2.70E-02	
group_12842	5.76E-01	1.08E-07	6.43E-01	-3.29E-02	7.10E-02	2.70E-02	
sctR	5.76E-01	1.08E-07	6.43E-01	-3.29E-02	7.10E-02	2.70E-02	
group_12077	5.76E-01	1.08E-07	6.43E-01	-3.29E-02	7.10E-02	2.70E-02	
group_11033	5.76E-01	1.08E-07	6.43E-01	-3.29E-02	7.10E-02	2.70E-02	
group_6075	5.69E-01	1.20E-09	4.69E-03	-2.31E-01	8.10E-02	1.64E-01	
ccoO	5.72E-01	6.82E-01	2.39E-01	-5.09E-02	4.31E-02	6.86E-02	
group_14992	5.72E-01	1.52E-07	6.99E-01	-2.69E-02	6.94E-02	2.26E-02	
group_14806	5.72E-01	1.52E-07	6.99E-01	-2.69E-02	6.94E-02	2.26E-02	
sctI	5.72E-01	1.52E-07	7.10E-01	-2.60E-02	6.99E-02	2.17E-02	
group_14578	5.72E-01	1.52E-07	6.99E-01	-2.69E-02	6.94E-02	2.26E-02	
cesT~~~sctU	5.72E-01	1.52E-07	6.99E-01	-2.69E-02	6.94E-02	2.26E-02	
sctK	5.72E-01	1.52E-07	6.61E-01	-3.07E-02	6.99E-02	2.56E-02	
group_13986	5.72E-01	1.52E-07	6.99E-01	-2.69E-02	6.94E-02	2.26E-02	
group_13584	5.69E-01	1.01E-06	2.54E-01	1.05E-01	9.22E-02	6.63E-02	
group_11371	5.76E-01	8.50E-05	6.27E-01	-2.67E-02	5.50E-02	2.83E-02	
group_10888	5.76E-01	8.50E-05	6.27E-01	-2.67E-02	5.50E-02	2.83E-02	
group_10643	5.66E-01	1.06E-08	1.31E-01	-1.11E-01	7.34E-02	8.78E-02	
rutC~~~ridA	5.76E-01	8.50E-05	6.27E-01	-2.67E-02	5.50E-02	2.83E-02	
group_9218	5.76E-01	8.50E-05	6.27E-01	-2.67E-02	5.50E-02	2.83E-02	
hpaI	5.76E-01	8.50E-05	6.27E-01	-2.67E-02	5.50E-02	2.83E-02	
group_9162	5.76E-01	8.50E-05	6.27E-01	-2.67E-02	5.50E-02	2.83E-02	
group_7665	5.76E-01	8.50E-05	6.27E-01	-2.67E-02	5.50E-02	2.83E-02	
hpaH	5.76E-01	8.50E-05	6.27E-01	-2.67E-02	5.50E-02	2.83E-02	
group_19442	5.62E-01	1.87E-06	3.24E-01	-1.14E-01	1.16E-01	5.74E-02	
group_14253	5.62E-01	8.99E-06	4.45E-01	4.05E-02	5.29E-02	4.45E-02	
group_21055	5.56E-01	1.62E-07	3.65E-01	-1.06E-01	1.17E-01	5.28E-02	
group_17613	5.59E-01	5.65E-07	8.12E-01	-4.18E-02	1.75E-01	1.39E-02	
group_15186	5.62E-01	1.82E-08	2.27E-02	1.25E-01	5.48E-02	1.32E-01	
group_13377	5.59E-01	2.62E-03	2.18E-01	-5.89E-02	4.78E-02	7.17E-02	
group_13019	5.62E-01	1.87E-06	2.40E-01	1.01E-01	8.62E-02	6.83E-02	
group_10457	5.62E-01	1.87E-06	2.43E-01	1.04E-01	8.88E-02	6.79E-02	
group_20002	5.56E-01	7.73E-07	1.95E-01	-1.74E-01	1.34E-01	7.55E-02	
group_17055	5.59E-01	2.52E-06	1.92E-01	1.31E-01	1.00E-01	7.60E-02	
group_15171	5.56E-01	5.49E-09	1.24E-01	-1.02E-01	6.59E-02	8.95E-02	
degS	5.59E-01	2.52E-06	3.82E-01	6.37E-02	7.28E-02	5.09E-02	
nreC	5.59E-01	2.52E-06	3.82E-01	6.37E-02	7.28E-02	5.09E-02	
group_11730	5.59E-01	2.52E-06	2.32E-01	1.03E-01	8.61E-02	6.95E-02	
mdtP~~~tolC	5.59E-01	2.52E-06	2.32E-01	1.03E-01	8.61E-02	6.95E-02	
group_8403	5.66E-01	4.27E-09	8.17E-02	1.12E-01	6.40E-02	1.01E-01	
group_16827	5.52E-01	1.19E-09	1.05E-01	1.06E-01	6.52E-02	9.42E-02	
dmlR~~~lysR	5.56E-01	3.39E-06	2.51E-01	9.63E-02	8.37E-02	6.68E-02	
group_9990	5.56E-01	3.39E-06	2.25E-01	1.01E-01	8.34E-02	7.05E-02	
group_9976	5.59E-01	5.65E-07	6.18E-01	-3.71E-02	7.44E-02	2.90E-02	
amiE	5.49E-01	6.18E-08	6.51E-01	-3.28E-02	7.25E-02	2.63E-02	
group_18030	5.49E-01	6.18E-08	6.51E-01	-3.28E-02	7.25E-02	2.63E-02	
group_18029	5.49E-01	6.18E-08	6.51E-01	-3.28E-02	7.25E-02	2.63E-02	
group_17743	5.49E-01	6.18E-08	6.51E-01	-3.28E-02	7.25E-02	2.63E-02	
norD	5.49E-01	6.18E-08	6.51E-01	-3.28E-02	7.25E-02	2.63E-02	
group_17742	5.49E-01	6.18E-08	6.51E-01	-3.28E-02	7.25E-02	2.63E-02	
group_17415	5.49E-01	6.18E-08	6.51E-01	-3.28E-02	7.25E-02	2.63E-02	
group_17374	5.49E-01	6.18E-08	6.51E-01	-3.28E-02	7.25E-02	2.63E-02	
group_17372	5.49E-01	6.18E-08	6.51E-01	-3.28E-02	7.25E-02	2.63E-02	
group_16842	5.49E-01	6.18E-08	6.51E-01	-3.28E-02	7.25E-02	2.63E-02	
group_20168	5.42E-01	2.58E-06	7.73E-01	3.02E-02	1.04E-01	1.68E-02	
group_19708	5.45E-01	8.63E-08	6.99E-01	-2.41E-02	6.23E-02	2.25E-02	
group_19675	5.45E-01	8.63E-08	6.99E-01	-2.41E-02	6.23E-02	2.25E-02	
group_19596	5.45E-01	3.86E-05	8.52E-01	-1.05E-02	5.64E-02	1.09E-02	
group_18545	5.45E-01	1.92E-06	4.81E-01	-8.91E-02	1.26E-01	4.11E-02	
group_14435	5.42E-01	7.97E-06	8.20E-01	1.25E-02	5.52E-02	1.32E-02	
group_19410	5.39E-01	3.44E-06	9.88E-01	2.21E-03	1.46E-01	8.80E-04	
group_16265	5.45E-01	7.98E-06	1.37E-01	1.45E-01	9.73E-02	8.64E-02	
group_14521	5.52E-01	2.24E-07	7.06E-01	-2.80E-02	7.40E-02	2.20E-02	
group_8218	5.52E-01	7.23E-09	1.51E-01	8.60E-02	5.98E-02	8.35E-02	
group_5068	5.52E-01	7.23E-09	1.51E-01	8.60E-02	5.98E-02	8.35E-02	
group_14057	5.42E-01	2.58E-06	7.68E-01	2.22E-02	7.51E-02	1.72E-02	
group_9138	5.45E-01	4.25E-04	3.98E-01	-4.14E-02	4.89E-02	4.92E-02	
group_15044	5.42E-01	1.61E-08	5.07E-02	1.05E-01	5.35E-02	1.14E-01	
group_14236	5.45E-01	4.25E-07	8.11E-01	-1.71E-02	7.12E-02	1.39E-02	
group_10102	5.35E-01	1.07E-06	2.10E-02	-3.28E-01	1.41E-01	1.34E-01	
group_14674	5.42E-01	8.38E-12	3.81E-03	1.51E-01	5.18E-02	1.67E-01	
group_8192	5.32E-01	6.04E-06	3.90E-01	-1.28E-01	1.48E-01	5.01E-02	
relE2	5.32E-01	6.04E-06	8.82E-01	1.05E-02	7.12E-02	8.63E-03	
galU	5.32E-01	6.04E-06	3.90E-01	-1.28E-01	1.48E-01	5.01E-02	
group_19435	5.35E-01	3.03E-01	4.45E-01	-3.53E-02	4.62E-02	4.45E-02	
group_18315	5.29E-01	7.96E-06	9.18E-01	1.15E-02	1.12E-01	5.98E-03	
group_15411	5.29E-01	1.08E-10	3.99E-02	1.29E-01	6.27E-02	1.19E-01	
group_11711	5.29E-01	7.96E-06	3.67E-01	-1.32E-01	1.47E-01	5.26E-02	
group_10748	5.29E-01	7.96E-06	3.67E-01	-1.32E-01	1.47E-01	5.26E-02	
group_9991	5.29E-01	3.03E-05	6.79E-01	-5.77E-02	1.40E-01	2.41E-02	
group_11660	5.35E-01	1.43E-09	1.72E-01	8.11E-02	5.91E-02	7.95E-02	
group_10352	5.35E-01	1.43E-09	1.72E-01	8.11E-02	5.91E-02	7.95E-02	
group_7534	5.32E-01	1.54E-10	9.69E-02	9.58E-02	5.75E-02	9.65E-02	
marR~~~mprA	5.25E-01	2.56E-06	7.90E-01	1.86E-02	7.00E-02	1.55E-02	
group_16546	5.29E-01	1.46E-04	3.48E-01	-5.25E-02	5.59E-02	5.46E-02	
group_16397	5.25E-01	5.79E-07	6.94E-01	-2.70E-02	6.86E-02	2.29E-02	
group_14139	5.32E-01	2.14E-11	7.72E-03	1.37E-01	5.12E-02	1.54E-01	
group_8756	5.22E-01	1.36E-05	5.50E-01	-8.20E-02	1.37E-01	3.49E-02	
group_21833	5.19E-01	1.77E-05	7.57E-01	-7.76E-02	2.51E-01	1.80E-02	
group_12959	5.19E-01	1.77E-05	7.57E-01	-7.76E-02	2.51E-01	1.80E-02	
group_12217	5.19E-01	1.77E-05	7.57E-01	-7.76E-02	2.51E-01	1.80E-02	
apaH	5.19E-01	1.77E-05	6.62E-01	-5.88E-02	1.35E-01	2.54E-02	
group_7919	5.19E-01	1.77E-05	7.57E-01	-7.76E-02	2.51E-01	1.80E-02	
group_7395	5.19E-01	1.77E-05	7.57E-01	-7.76E-02	2.51E-01	1.80E-02	
group_6804	5.19E-01	1.77E-05	7.57E-01	-7.76E-02	2.51E-01	1.80E-02	
group_6125	5.19E-01	1.77E-05	7.57E-01	-7.76E-02	2.51E-01	1.80E-02	
group_4995	5.19E-01	1.77E-05	7.57E-01	-7.76E-02	2.51E-01	1.80E-02	
fcbT1	5.19E-01	1.77E-05	7.57E-01	-7.76E-02	2.51E-01	1.80E-02	
group_16364	5.15E-01	2.29E-05	9.68E-01	7.95E-03	1.98E-01	2.34E-03	
group_16308	5.15E-01	1.40E-06	7.55E-01	-2.11E-02	6.73E-02	1.82E-02	
group_13084	5.25E-01	3.86E-01	1.97E-01	-5.96E-02	4.61E-02	7.51E-02	
cerR	5.15E-01	2.29E-05	8.75E-01	-3.09E-02	1.96E-01	9.19E-03	
group_9545	5.15E-01	2.29E-05	8.75E-01	-3.09E-02	1.96E-01	9.19E-03	
group_8199	5.15E-01	2.29E-05	9.33E-01	-1.64E-02	1.96E-01	4.86E-03	
group_8191	5.15E-01	2.29E-05	9.33E-01	-1.64E-02	1.96E-01	4.86E-03	
lysE	5.15E-01	5.91E-06	6.20E-02	-3.97E-01	2.12E-01	1.08E-01	
group_7628	5.15E-01	2.29E-05	8.75E-01	-3.09E-02	1.96E-01	9.19E-03	
group_6972	5.15E-01	2.29E-05	8.91E-01	-2.69E-02	1.97E-01	7.96E-03	
group_6107	5.15E-01	2.29E-05	9.56E-01	-1.09E-02	1.97E-01	3.22E-03	
group_5043	5.15E-01	2.29E-05	9.33E-01	-1.64E-02	1.96E-01	4.86E-03	
group_16380	5.12E-01	7.74E-06	2.28E-01	-2.01E-01	1.67E-01	7.01E-02	
group_12228	5.15E-01	6.16E-08	1.74E-01	-9.41E-02	6.91E-02	7.90E-02	
group_12227	5.15E-01	1.95E-04	2.42E-01	-6.63E-02	5.65E-02	6.81E-02	
glpE~~~arsR	5.15E-01	1.40E-06	8.04E-01	-1.68E-02	6.78E-02	1.45E-02	
group_11831	5.12E-01	2.95E-05	9.68E-01	6.69E-03	1.67E-01	2.32E-03	
group_10648	5.12E-01	2.95E-05	9.68E-01	6.69E-03	1.67E-01	2.32E-03	
group_9870	5.12E-01	7.74E-06	2.28E-01	-2.01E-01	1.67E-01	7.01E-02	
group_9432	5.12E-01	2.95E-05	9.48E-01	1.10E-02	1.70E-01	3.79E-03	
yfiZ	5.15E-01	2.29E-05	9.33E-01	-1.64E-02	1.96E-01	4.86E-03	
group_7794	5.12E-01	2.95E-05	9.48E-01	1.10E-02	1.70E-01	3.79E-03	
cmpC	5.12E-01	2.95E-05	9.81E-01	3.98E-03	1.67E-01	1.39E-03	
group_7627	5.12E-01	2.95E-05	9.81E-01	-3.96E-03	1.67E-01	1.38E-03	
group_6958	5.12E-01	2.95E-05	9.72E-01	5.90E-03	1.67E-01	2.05E-03	
group_13726	5.15E-01	5.91E-06	9.74E-01	2.19E-03	6.71E-02	1.90E-03	
group_12872	5.08E-01	3.78E-05	8.55E-01	4.01E-02	2.20E-01	1.06E-02	
group_12800	5.08E-01	3.78E-05	8.55E-01	4.01E-02	2.20E-01	1.06E-02	
group_12018	5.08E-01	3.78E-05	8.55E-01	4.01E-02	2.20E-01	1.06E-02	
group_11526	5.08E-01	1.01E-05	3.21E-01	-1.54E-01	1.55E-01	5.78E-02	
group_11266	5.08E-01	3.78E-05	8.55E-01	4.01E-02	2.20E-01	1.06E-02	
group_11152	5.08E-01	3.78E-05	8.55E-01	4.01E-02	2.20E-01	1.06E-02	
group_11103	5.08E-01	3.78E-05	8.55E-01	4.01E-02	2.20E-01	1.06E-02	
group_10094	5.08E-01	3.78E-05	8.55E-01	4.01E-02	2.20E-01	1.06E-02	
group_9975	5.08E-01	3.78E-05	7.28E-01	4.58E-02	1.32E-01	2.03E-02	
group_9914	5.08E-01	3.78E-05	8.55E-01	4.01E-02	2.20E-01	1.06E-02	
blaOXA~~~blaOXA114g	5.08E-01	3.78E-05	8.55E-01	4.01E-02	2.20E-01	1.06E-02	
group_9767	5.08E-01	3.78E-05	8.65E-01	2.68E-02	1.57E-01	9.93E-03	
fdx	5.08E-01	3.78E-05	8.55E-01	4.01E-02	2.20E-01	1.06E-02	
group_7957	5.08E-01	3.78E-05	8.55E-01	4.01E-02	2.20E-01	1.06E-02	
group_7727	5.08E-01	3.78E-05	7.28E-01	4.58E-02	1.32E-01	2.03E-02	
group_7559	5.08E-01	3.78E-05	8.55E-01	4.01E-02	2.20E-01	1.06E-02	
group_7541	5.08E-01	3.78E-05	8.55E-01	4.01E-02	2.20E-01	1.06E-02	
group_6040	5.08E-01	3.78E-05	8.68E-01	2.49E-02	1.50E-01	9.66E-03	
group_5155	5.08E-01	3.78E-05	8.20E-01	3.38E-02	1.48E-01	1.33E-02	
group_4721	5.08E-01	3.78E-05	8.55E-01	4.01E-02	2.20E-01	1.06E-02	
group_19482	5.08E-01	1.45E-12	1.61E-02	1.41E-01	5.82E-02	1.40E-01	
group_19255	5.05E-01	1.31E-05	4.06E-01	-1.17E-01	1.41E-01	4.83E-02	
group_19212	5.05E-01	1.31E-05	4.06E-01	-1.17E-01	1.41E-01	4.83E-02	
group_19141	5.05E-01	3.28E-06	5.84E-01	-3.96E-02	7.23E-02	3.19E-02	
group_17431	5.05E-01	3.28E-06	1.27E-01	-1.78E-01	1.16E-01	8.88E-02	
group_16288	5.05E-01	4.84E-05	5.77E-01	8.03E-02	1.44E-01	3.25E-02	
group_15008	5.08E-01	5.60E-07	6.96E-01	-2.51E-02	6.41E-02	2.28E-02	
group_12119	5.05E-01	4.84E-05	7.77E-01	5.47E-02	1.93E-01	1.65E-02	
group_10276	5.12E-01	3.08E-06	9.58E-01	-2.88E-03	5.47E-02	3.06E-03	
fhuC	5.05E-01	1.31E-05	4.05E-01	-1.17E-01	1.40E-01	4.85E-02	
group_9860	5.05E-01	1.31E-05	4.05E-01	-1.17E-01	1.40E-01	4.85E-02	
group_9553	5.05E-01	4.84E-05	7.77E-01	5.47E-02	1.93E-01	1.65E-02	
group_9451	5.05E-01	4.84E-05	7.78E-01	5.11E-02	1.81E-01	1.64E-02	
group_9450	5.05E-01	4.84E-05	7.78E-01	5.11E-02	1.81E-01	1.64E-02	
group_8342	5.05E-01	4.84E-05	5.66E-01	1.14E-01	1.99E-01	3.35E-02	
irtA	5.05E-01	1.31E-05	4.05E-01	-1.17E-01	1.40E-01	4.85E-02	
group_7793	5.05E-01	4.84E-05	7.68E-01	5.33E-02	1.80E-01	1.72E-02	
group_7558	5.05E-01	1.31E-05	4.05E-01	-1.17E-01	1.40E-01	4.85E-02	
group_7544	5.05E-01	1.31E-05	4.05E-01	-1.17E-01	1.40E-01	4.85E-02	
group_6854	5.05E-01	4.84E-05	7.78E-01	5.11E-02	1.81E-01	1.64E-02	
group_5261	5.05E-01	4.84E-05	7.68E-01	5.33E-02	1.80E-01	1.72E-02	
group_5237	5.05E-01	4.84E-05	5.66E-01	1.14E-01	1.99E-01	3.35E-02	
group_4857	5.05E-01	1.31E-05	4.05E-01	-1.17E-01	1.40E-01	4.85E-02	
group_3827	5.05E-01	4.84E-05	6.27E-01	5.94E-02	1.22E-01	2.83E-02	
lysR~~~hdfR~~~cmpR	5.08E-01	9.56E-06	8.76E-01	1.25E-02	8.03E-02	9.06E-03	
group_19683	5.02E-01	4.31E-06	1.28E-01	-1.41E-01	9.25E-02	8.84E-02	
group_18150	5.02E-01	1.00E-06	2.09E-02	-2.06E-01	8.89E-02	1.34E-01	
group_16805	5.02E-01	1.70E-05	4.20E-01	-1.27E-01	1.57E-01	4.69E-02	
group_13755	5.12E-01	2.16E-12	5.41E-03	1.43E-01	5.11E-02	1.61E-01	
group_12163	5.02E-01	6.16E-05	7.29E-01	5.44E-02	1.57E-01	2.02E-02	
group_10590	5.02E-01	6.16E-05	6.23E-01	8.09E-02	1.65E-01	2.86E-02	
group_9684	5.02E-01	6.16E-05	6.41E-01	7.94E-02	1.70E-01	2.72E-02	
group_8543	5.02E-01	6.16E-05	7.21E-01	6.05E-02	1.69E-01	2.08E-02	
group_8349	5.02E-01	6.16E-05	7.24E-01	4.50E-02	1.28E-01	2.05E-02	
group_7839	5.02E-01	6.16E-05	7.21E-01	6.05E-02	1.69E-01	2.08E-02	
group_7706	5.02E-01	6.16E-05	7.18E-01	6.13E-02	1.70E-01	2.10E-02	
feuC	5.02E-01	1.70E-05	5.52E-01	-7.66E-02	1.29E-01	3.46E-02	
yraN	5.02E-01	6.16E-05	7.15E-01	4.60E-02	1.26E-01	2.12E-02	
group_6536	5.02E-01	6.16E-05	7.08E-01	6.18E-02	1.65E-01	2.18E-02	
group_3212	5.02E-01	6.16E-05	6.62E-01	6.88E-02	1.57E-01	2.54E-02	
feuB	5.02E-01	1.70E-05	5.52E-01	-7.66E-02	1.29E-01	3.46E-02	
group_22645	4.98E-01	2.19E-05	5.17E-01	-9.66E-02	1.49E-01	3.77E-02	
group_21824	4.98E-01	1.08E-08	1.73E-03	-2.92E-01	9.24E-02	1.81E-01	
yajR	5.05E-01	7.36E-06	8.76E-01	1.25E-02	7.99E-02	9.08E-03	
group_18066	4.98E-01	2.92E-07	7.94E-01	-1.50E-02	5.76E-02	1.52E-02	
group_18065	4.98E-01	2.92E-07	7.94E-01	-1.50E-02	5.76E-02	1.52E-02	
group_16786	4.98E-01	2.19E-05	5.10E-01	-9.66E-02	1.46E-01	3.84E-02	
group_14218	4.98E-01	2.19E-05	4.49E-01	-9.40E-02	1.24E-01	4.41E-02	
group_13871	4.98E-01	2.19E-05	4.49E-01	-9.40E-02	1.24E-01	4.41E-02	
group_13680	4.98E-01	2.19E-05	4.49E-01	-9.40E-02	1.24E-01	4.41E-02	
group_12431	4.98E-01	7.81E-05	8.09E-01	1.96E-02	8.09E-02	1.41E-02	
group_11589	4.98E-01	7.81E-05	8.09E-01	1.96E-02	8.09E-02	1.41E-02	
group_11562	4.98E-01	7.81E-05	5.61E-01	8.29E-02	1.43E-01	3.38E-02	
group_10938	4.98E-01	2.19E-05	4.49E-01	-1.14E-01	1.50E-01	4.41E-02	
group_10882	4.98E-01	7.81E-05	4.38E-01	1.25E-01	1.61E-01	4.52E-02	
group_10221	4.98E-01	7.81E-05	5.61E-01	8.29E-02	1.43E-01	3.38E-02	
group_10044	4.98E-01	7.81E-05	5.02E-01	1.08E-01	1.60E-01	3.91E-02	
group_9219	4.98E-01	2.19E-05	4.49E-01	-1.14E-01	1.50E-01	4.41E-02	
group_8009	4.98E-01	5.64E-06	6.13E-01	-3.07E-02	6.05E-02	2.95E-02	
group_7680	4.98E-01	2.19E-05	4.49E-01	-1.14E-01	1.50E-01	4.41E-02	
group_6989	4.98E-01	2.19E-05	5.17E-01	-9.66E-02	1.49E-01	3.77E-02	
group_6973	4.98E-01	7.81E-05	7.65E-01	3.52E-02	1.17E-01	1.74E-02	
group_6500	4.98E-01	2.19E-05	4.49E-01	-1.14E-01	1.50E-01	4.41E-02	
group_4342	4.98E-01	7.81E-05	7.06E-01	5.38E-02	1.42E-01	2.20E-02	
group_22697	4.95E-01	9.87E-05	4.97E-01	1.37E-01	2.01E-01	3.96E-02	
group_21878	4.95E-01	2.81E-05	7.05E-01	-5.86E-02	1.55E-01	2.21E-02	
group_18260	4.95E-01	3.93E-07	8.24E-01	-1.27E-02	5.71E-02	1.30E-02	
group_17790	4.95E-01	8.00E-08	5.60E-01	-3.30E-02	5.65E-02	3.40E-02	
group_13830	4.95E-01	7.36E-06	6.44E-01	-2.77E-02	5.98E-02	2.69E-02	
group_13237	4.95E-01	7.36E-06	6.44E-01	-2.77E-02	5.98E-02	2.69E-02	
group_12908	5.02E-01	2.57E-04	5.12E-02	-1.25E-01	6.36E-02	1.13E-01	
group_12537	4.95E-01	7.36E-06	6.44E-01	-2.77E-02	5.98E-02	2.69E-02	
group_11784	4.95E-01	2.81E-05	6.40E-01	-6.40E-02	1.37E-01	2.73E-02	
group_11497	4.95E-01	7.36E-06	6.44E-01	-2.77E-02	5.98E-02	2.69E-02	
group_9535	4.95E-01	9.87E-05	4.97E-01	1.37E-01	2.01E-01	3.96E-02	
group_8081	5.02E-01	2.83E-10	2.37E-01	6.25E-02	5.27E-02	6.89E-02	
group_8046	4.95E-01	9.87E-05	4.05E-01	1.16E-01	1.40E-01	4.85E-02	
group_7660	4.95E-01	2.81E-05	6.01E-01	-7.15E-02	1.37E-01	3.05E-02	
group_7542	4.95E-01	2.81E-05	6.01E-01	-7.15E-02	1.37E-01	3.05E-02	
group_7004	4.95E-01	9.87E-05	4.97E-01	1.37E-01	2.01E-01	3.96E-02	
group_3102	4.95E-01	2.81E-05	6.01E-01	-7.15E-02	1.37E-01	3.05E-02	
fixH	4.95E-01	9.50E-01	4.81E-01	2.93E-02	4.16E-02	4.10E-02	
ccoP	4.98E-01	3.16E-01	1.12E-01	-6.40E-02	4.01E-02	9.25E-02	
aph3	4.92E-01	1.24E-04	4.77E-01	1.21E-01	1.70E-01	4.14E-02	
group_7831	4.92E-01	1.24E-04	4.77E-01	1.21E-01	1.70E-01	4.14E-02	
group_5843	4.92E-01	1.24E-04	4.77E-01	1.21E-01	1.70E-01	4.14E-02	
group_3656	4.92E-01	9.56E-06	1.07E-01	-1.99E-01	1.23E-01	9.37E-02	
group_24209	4.88E-01	1.56E-04	7.48E-01	3.91E-02	1.22E-01	1.87E-02	
group_20801	4.95E-01	1.31E-05	8.60E-01	-1.42E-02	8.05E-02	1.03E-02	
mfpA	4.95E-01	3.19E-04	2.84E-01	6.84E-02	6.37E-02	6.23E-02	
group_11318	4.98E-01	6.16E-05	2.84E-01	-6.09E-02	5.67E-02	6.24E-02	
ccoN	4.95E-01	1.58E-01	6.04E-01	-2.07E-02	4.00E-02	3.02E-02	
group_8697	4.88E-01	1.56E-04	4.87E-01	1.05E-01	1.51E-01	4.05E-02	
group_7814	4.88E-01	1.56E-04	4.60E-01	1.11E-01	1.51E-01	4.30E-02	
group_5986	4.88E-01	4.58E-05	6.86E-01	-7.90E-02	1.96E-01	2.35E-02	
group_4964	4.88E-01	1.56E-04	4.60E-01	1.11E-01	1.51E-01	4.30E-02	
acdA	4.88E-01	1.56E-04	4.87E-01	1.05E-01	1.51E-01	4.05E-02	
group_3947	4.88E-01	4.58E-05	6.86E-01	-7.90E-02	1.96E-01	2.35E-02	
group_3704	4.88E-01	1.56E-04	4.60E-01	1.11E-01	1.51E-01	4.30E-02	
group_3507	4.88E-01	4.58E-05	6.86E-01	-7.90E-02	1.96E-01	2.35E-02	
group_2696	4.88E-01	1.56E-04	4.60E-01	1.11E-01	1.51E-01	4.30E-02	
group_16797	4.85E-01	5.81E-05	9.27E-01	-9.94E-03	1.09E-01	5.31E-03	
group_16423	4.85E-01	3.92E-08	1.31E-03	-3.12E-01	9.62E-02	1.86E-01	
group_16334	4.85E-01	3.92E-08	1.31E-03	-3.12E-01	9.62E-02	1.86E-01	
group_16137	4.85E-01	1.95E-04	3.26E-01	1.45E-01	1.47E-01	5.72E-02	
group_16113	4.85E-01	1.95E-04	3.26E-01	1.45E-01	1.47E-01	5.72E-02	
group_13930	4.85E-01	1.95E-04	3.63E-01	1.25E-01	1.37E-01	5.30E-02	
group_12166	4.85E-01	1.95E-04	4.65E-01	9.14E-02	1.25E-01	4.25E-02	
group_11413	4.95E-01	1.77E-06	6.36E-01	-2.81E-02	5.93E-02	2.75E-02	
group_10544	4.85E-01	1.95E-04	3.63E-01	1.25E-01	1.37E-01	5.30E-02	
group_10291	4.88E-01	1.56E-04	3.57E-01	5.61E-02	6.09E-02	5.36E-02	
group_10182	4.85E-01	1.95E-04	4.52E-01	1.03E-01	1.36E-01	4.38E-02	
group_10080	4.85E-01	1.95E-04	4.52E-01	1.03E-01	1.36E-01	4.38E-02	
ygfJ~~~mobA	4.85E-01	1.59E-05	3.23E-01	-9.46E-02	9.55E-02	5.75E-02	
ccoS	4.85E-01	5.81E-05	8.94E-01	-1.35E-02	1.01E-01	7.79E-03	
group_7631	4.85E-01	1.95E-04	3.63E-01	1.25E-01	1.37E-01	5.30E-02	
group_7116	4.85E-01	5.81E-05	8.34E-01	-3.53E-02	1.68E-01	1.22E-02	
group_6012	4.85E-01	1.95E-04	4.49E-01	1.04E-01	1.37E-01	4.41E-02	
group_5613	4.85E-01	5.81E-05	8.22E-01	-3.79E-02	1.68E-01	1.31E-02	
group_3565	4.85E-01	1.95E-04	3.63E-01	1.25E-01	1.37E-01	5.30E-02	
group_20101	4.81E-01	1.24E-06	1.29E-01	-8.80E-02	5.78E-02	8.83E-02	
group_12659	4.92E-01	3.89E-09	1.91E-01	7.91E-02	6.03E-02	7.61E-02	
group_11401	4.81E-01	2.43E-04	4.24E-01	8.31E-02	1.04E-01	4.66E-02	
group_9755	4.81E-01	2.43E-04	2.38E-01	1.64E-01	1.39E-01	6.87E-02	
group_9456	4.81E-01	2.43E-04	4.89E-01	7.61E-02	1.10E-01	4.03E-02	
shlB~~~fhaC~~~tpsB	4.85E-01	1.40E-06	5.70E-01	-3.55E-02	6.25E-02	3.31E-02	
group_5827	4.81E-01	2.43E-04	3.47E-01	1.20E-01	1.27E-01	5.48E-02	
group_20762	4.85E-01	1.95E-04	2.23E-01	7.58E-02	6.20E-02	7.09E-02	
group_20718	4.85E-01	1.95E-04	2.23E-01	7.58E-02	6.20E-02	7.09E-02	
group_20717	4.85E-01	1.95E-04	2.23E-01	7.58E-02	6.20E-02	7.09E-02	
group_20716	4.85E-01	1.95E-04	2.23E-01	7.58E-02	6.20E-02	7.09E-02	
group_8297	4.81E-01	7.35E-05	5.99E-01	3.17E-02	6.02E-02	3.06E-02	
group_20100	4.75E-01	4.80E-07	1.22E-01	-9.12E-02	5.88E-02	9.00E-02	
group_15504	4.78E-01	9.36E-10	2.55E-01	6.69E-02	5.86E-02	6.62E-02	
dld	4.78E-01	8.44E-13	8.30E-05	-2.31E-01	5.79E-02	2.26E-01	
group_13205	4.78E-01	3.01E-04	2.55E-01	1.14E-01	1.00E-01	6.63E-02	
group_11635	4.78E-01	3.01E-04	2.56E-01	1.14E-01	1.00E-01	6.61E-02	
group_10319	4.78E-01	3.01E-04	2.56E-01	1.14E-01	1.00E-01	6.61E-02	
group_20810	4.78E-01	3.01E-04	2.05E-01	7.71E-02	6.06E-02	7.38E-02	
group_20763	4.78E-01	3.01E-04	2.17E-01	7.48E-02	6.05E-02	7.18E-02	
group_16804	4.75E-01	1.16E-04	5.72E-01	3.45E-02	6.10E-02	3.29E-02	
group_13802	4.75E-01	3.73E-04	2.44E-01	1.13E-01	9.70E-02	6.78E-02	
group_11581	4.71E-01	1.46E-04	9.67E-01	-4.41E-03	1.05E-01	2.44E-03	
group_11367	4.71E-01	4.50E-09	3.16E-02	-1.41E-01	6.54E-02	1.25E-01	
cdiA	4.75E-01	5.79E-07	4.91E-01	-4.28E-02	6.21E-02	4.01E-02	
group_9911	4.71E-01	4.50E-09	3.16E-02	-1.41E-01	6.54E-02	1.25E-01	
group_9910	4.71E-01	4.50E-09	3.16E-02	-1.41E-01	6.54E-02	1.25E-01	
group_8354	4.75E-01	3.73E-04	2.46E-01	1.12E-01	9.62E-02	6.75E-02	
group_7800	4.78E-01	3.01E-04	4.06E-01	8.45E-02	1.02E-01	4.84E-02	
group_7649	4.71E-01	4.50E-09	3.16E-02	-1.41E-01	6.54E-02	1.25E-01	
group_6420	4.71E-01	1.46E-04	7.85E-01	3.19E-02	1.17E-01	1.59E-02	
maiA	4.75E-01	3.73E-04	2.46E-01	1.12E-01	9.62E-02	6.75E-02	
group_5257	4.75E-01	1.16E-04	8.39E-01	1.97E-02	9.65E-02	1.19E-02	
group_4685	4.71E-01	1.46E-04	7.70E-01	3.41E-02	1.17E-01	1.70E-02	
group_4527	4.71E-01	1.46E-04	7.70E-01	3.41E-02	1.17E-01	1.70E-02	
mdtC	4.71E-01	4.59E-04	4.38E-01	7.55E-02	9.73E-02	4.51E-02	
group_3487	4.75E-01	1.16E-04	8.39E-01	1.97E-02	9.65E-02	1.19E-02	
group_3427	4.71E-01	1.46E-04	7.70E-01	3.41E-02	1.17E-01	1.70E-02	
group_3413	4.71E-01	1.46E-04	7.70E-01	3.41E-02	1.17E-01	1.70E-02	
group_3257	4.71E-01	1.46E-04	7.70E-01	3.41E-02	1.17E-01	1.70E-02	
group_20469	4.78E-01	1.41E-10	7.45E-02	8.98E-02	5.02E-02	1.04E-01	
group_16809	4.68E-01	1.46E-05	5.58E-01	-6.23E-02	1.06E-01	3.41E-02	
group_16126	4.75E-01	2.29E-08	1.04E-01	8.58E-02	5.26E-02	9.46E-02	
ygiT	4.75E-01	9.87E-08	3.83E-01	-5.50E-02	6.29E-02	5.08E-02	
megL	4.68E-01	1.82E-04	8.50E-01	1.85E-02	9.78E-02	1.10E-02	
group_5161	4.68E-01	1.82E-04	8.50E-01	1.85E-02	9.78E-02	1.10E-02	
arsH	4.68E-01	1.82E-04	8.08E-01	2.87E-02	1.18E-01	1.41E-02	
group_20637	4.68E-01	8.34E-05	9.11E-01	1.31E-02	1.18E-01	6.48E-03	
group_19218	4.75E-01	1.62E-12	1.27E-02	1.29E-01	5.14E-02	1.44E-01	
group_11467	4.71E-01	4.27E-07	9.00E-01	-8.73E-03	6.91E-02	7.35E-03	
group_9902	4.71E-01	8.63E-12	2.20E-01	7.43E-02	6.05E-02	7.13E-02	
hcpC	4.65E-01	6.91E-04	3.00E-01	1.01E-01	9.76E-02	6.04E-02	
group_6770	4.65E-01	2.26E-04	9.67E-01	4.79E-03	1.15E-01	2.43E-03	
group_4402	4.65E-01	2.26E-04	7.15E-01	4.08E-02	1.12E-01	2.12E-02	
group_3877	4.68E-01	1.82E-04	8.65E-01	1.91E-02	1.12E-01	9.88E-03	
group_21116	4.65E-01	4.50E-08	5.10E-01	3.41E-02	5.16E-02	3.84E-02	
group_20957	4.61E-01	6.41E-08	6.26E-02	-1.40E-01	7.50E-02	1.08E-01	
group_19443	4.61E-01	8.53E-05	8.23E-01	-1.98E-02	8.84E-02	1.30E-02	
group_16592	4.71E-01	4.27E-07	9.74E-01	-2.68E-03	8.08E-02	1.93E-03	
group_12314	4.65E-01	4.50E-08	9.49E-01	3.70E-03	5.82E-02	3.70E-03	
group_4983	4.65E-01	6.91E-04	1.33E-01	1.65E-01	1.09E-01	8.73E-02	
group_4847	4.65E-01	6.78E-05	7.74E-01	-3.27E-02	1.13E-01	1.68E-02	
ehuA~~~artM~~~glnQ	4.65E-01	2.29E-07	3.30E-02	2.47E-01	1.15E-01	1.24E-01	
group_15104	4.65E-01	2.29E-07	3.30E-02	2.47E-01	1.15E-01	1.24E-01	
hisJ~~~fliY	4.65E-01	2.29E-07	3.30E-02	2.47E-01	1.15E-01	1.24E-01	
group_14791	4.65E-01	2.29E-07	3.30E-02	2.47E-01	1.15E-01	1.24E-01	
group_14549	4.65E-01	2.29E-07	3.30E-02	2.47E-01	1.15E-01	1.24E-01	
group_12497	4.61E-01	8.44E-04	1.96E-01	1.15E-01	8.85E-02	7.53E-02	
group_11244	4.58E-01	7.97E-06	5.80E-02	-1.84E-01	9.65E-02	1.10E-01	
group_16285	4.51E-01	1.66E-04	5.01E-01	-6.49E-02	9.64E-02	3.92E-02	
gspD	4.51E-01	1.51E-03	1.87E-01	9.54E-02	7.21E-02	7.68E-02	
group_10792	4.58E-01	3.45E-04	7.57E-01	-2.25E-02	7.25E-02	1.81E-02	
group_9548	4.51E-01	1.66E-04	5.01E-01	-6.49E-02	9.64E-02	3.92E-02	
group_7966	4.51E-01	1.66E-04	5.01E-01	-6.49E-02	9.64E-02	3.92E-02	
group_20915	4.51E-01	6.03E-06	5.69E-01	7.79E-02	1.37E-01	3.32E-02	
group_20664	4.55E-01	3.05E-05	3.22E-01	-1.42E-01	1.43E-01	5.77E-02	
group_20663	4.55E-01	3.05E-05	3.22E-01	-1.42E-01	1.43E-01	5.77E-02	
mglA	4.55E-01	3.05E-05	3.22E-01	-1.42E-01	1.43E-01	5.77E-02	
group_14711	4.51E-01	1.74E-11	3.73E-04	-1.95E-01	5.43E-02	2.05E-01	
group_14457	4.51E-01	1.74E-11	3.73E-04	-1.95E-01	5.43E-02	2.05E-01	
group_14184	4.51E-01	1.74E-11	3.73E-04	-1.95E-01	5.43E-02	2.05E-01	
group_13828	4.51E-01	1.74E-11	3.73E-04	-1.95E-01	5.43E-02	2.05E-01	
group_13234	4.51E-01	1.74E-11	3.73E-04	-1.95E-01	5.43E-02	2.05E-01	
group_12532	4.51E-01	1.74E-11	3.73E-04	-1.95E-01	5.43E-02	2.05E-01	
group_11680	4.51E-01	1.74E-11	3.73E-04	-1.95E-01	5.43E-02	2.05E-01	
group_9957	4.48E-01	9.75E-07	4.93E-02	-1.71E-01	8.64E-02	1.14E-01	
group_8537	4.48E-01	6.38E-04	8.83E-01	1.04E-02	7.11E-02	8.54E-03	
group_8439	4.51E-01	1.74E-11	3.73E-04	-1.95E-01	5.43E-02	2.05E-01	
group_19409	4.51E-01	1.43E-06	1.94E-01	2.13E-01	1.63E-01	7.57E-02	
group_10384	4.48E-01	2.48E-11	4.73E-04	-1.91E-01	5.39E-02	2.02E-01	
group_9855	4.44E-01	2.75E-07	9.37E-03	-2.11E-01	8.06E-02	1.51E-01	
group_7523	4.44E-01	2.75E-07	9.37E-03	-2.11E-01	8.06E-02	1.51E-01	
fecI	4.44E-01	2.75E-07	9.37E-03	-2.11E-01	8.06E-02	1.51E-01	
group_20112	4.48E-01	1.05E-06	9.78E-01	3.58E-03	1.29E-01	1.62E-03	
group_16767	4.38E-01	3.12E-09	1.73E-02	-1.25E-01	5.23E-02	1.38E-01	
xylB	4.44E-01	1.73E-04	1.06E-01	-1.86E-01	1.14E-01	9.40E-02	
group_19881	4.44E-01	7.73E-07	9.04E-01	1.44E-02	1.20E-01	7.02E-03	
yngG~~~leuA	4.41E-01	1.04E-05	8.85E-01	-1.78E-02	1.23E-01	8.44E-03	
group_18517	4.41E-01	1.04E-05	8.85E-01	-1.78E-02	1.23E-01	8.44E-03	
group_18515	4.41E-01	1.04E-05	8.85E-01	-1.78E-02	1.23E-01	8.44E-03	
benM~~~lysR~~~argP	4.41E-01	1.04E-05	8.85E-01	-1.78E-02	1.23E-01	8.44E-03	
group_18035	4.44E-01	7.73E-07	7.73E-01	6.17E-02	2.14E-01	1.68E-02	
group_5769	4.38E-01	4.80E-07	1.76E-02	-1.70E-01	7.12E-02	1.38E-01	
group_12668	4.41E-01	1.16E-07	5.53E-01	-4.76E-02	8.01E-02	3.46E-02	
group_11855	4.41E-01	1.16E-07	5.53E-01	-4.76E-02	8.01E-02	3.46E-02	
group_10698	4.41E-01	1.16E-07	5.53E-01	-4.76E-02	8.01E-02	3.46E-02	
group_8886	4.41E-01	1.16E-07	5.53E-01	-4.76E-02	8.01E-02	3.46E-02	
group_8885	4.41E-01	1.16E-07	5.53E-01	-4.76E-02	8.01E-02	3.46E-02	
group_8595	4.41E-01	1.16E-07	5.53E-01	-4.76E-02	8.01E-02	3.46E-02	
group_8515	4.41E-01	1.16E-07	5.53E-01	-4.76E-02	8.01E-02	3.46E-02	
group_7921	4.38E-01	8.99E-06	2.95E-02	-2.06E-01	9.43E-02	1.26E-01	
group_7767	4.34E-01	4.74E-04	8.23E-01	1.80E-02	8.03E-02	1.30E-02	
group_7701	4.41E-01	1.16E-07	5.53E-01	-4.76E-02	8.01E-02	3.46E-02	
group_7240	4.38E-01	8.99E-06	2.95E-02	-2.06E-01	9.43E-02	1.26E-01	
group_6000	4.41E-01	1.16E-07	5.53E-01	-4.76E-02	8.01E-02	3.46E-02	
group_5999	4.41E-01	1.16E-07	5.53E-01	-4.76E-02	8.01E-02	3.46E-02	
caiD	4.41E-01	1.16E-07	5.53E-01	-4.76E-02	8.01E-02	3.46E-02	
group_5066	4.34E-01	1.49E-04	5.43E-01	-6.78E-02	1.11E-01	3.54E-02	
group_4680	4.38E-01	8.99E-06	2.95E-02	-2.06E-01	9.43E-02	1.26E-01	
group_838	4.38E-01	8.99E-06	2.95E-02	-2.06E-01	9.43E-02	1.26E-01	
group_13335	4.38E-01	4.10E-07	3.70E-01	-6.96E-02	7.75E-02	5.22E-02	
group_10172	4.38E-01	1.53E-08	8.95E-01	-7.39E-03	5.57E-02	7.71E-03	
group_4318	4.34E-01	1.49E-04	6.60E-01	-4.46E-02	1.01E-01	2.56E-02	
group_18329	4.34E-01	1.38E-06	9.13E-01	-1.27E-02	1.16E-01	6.37E-03	
group_18328	4.34E-01	1.38E-06	9.13E-01	-1.27E-02	1.16E-01	6.37E-03	
group_14958	4.34E-01	2.97E-07	4.53E-01	-4.61E-02	6.14E-02	4.37E-02	
group_14957	4.34E-01	2.97E-07	4.53E-01	-4.61E-02	6.14E-02	4.37E-02	
group_7302	4.34E-01	1.77E-09	2.95E-01	7.21E-02	6.88E-02	6.09E-02	
group_15289	4.31E-01	2.13E-07	1.50E-01	2.26E-01	1.56E-01	8.38E-02	
group_14780	4.31E-01	2.13E-07	4.77E-01	-4.39E-02	6.16E-02	4.15E-02	
group_14052	4.28E-01	6.80E-05	3.22E-01	-8.08E-02	8.15E-02	5.76E-02	
group_13138	4.34E-01	1.49E-04	9.89E-01	-7.99E-04	5.59E-02	8.32E-04	
group_9419	4.31E-01	1.67E-03	4.48E-01	6.22E-02	8.17E-02	4.42E-02	
group_9156	4.28E-01	6.80E-05	3.22E-01	-8.08E-02	8.15E-02	5.76E-02	
group_7817	4.31E-01	1.67E-03	4.48E-01	6.22E-02	8.17E-02	4.42E-02	
group_6394	4.28E-01	6.80E-05	3.22E-01	-8.08E-02	8.15E-02	5.76E-02	
group_6393	4.28E-01	6.80E-05	3.22E-01	-8.08E-02	8.15E-02	5.76E-02	
group_5137	4.28E-01	1.94E-10	1.59E-03	-1.76E-01	5.53E-02	1.83E-01	
group_4508	4.31E-01	1.67E-03	4.48E-01	6.22E-02	8.17E-02	4.42E-02	
group_19896	4.21E-01	1.04E-03	6.03E-01	2.88E-02	5.54E-02	3.03E-02	
hmoA	4.24E-01	2.02E-08	1.71E-01	1.24E-01	9.06E-02	7.97E-02	
group_7095	4.28E-01	3.26E-06	1.11E-01	-8.70E-02	5.44E-02	9.27E-02	
group_18257	4.24E-01	5.33E-07	9.98E-01	-2.90E-04	1.00E-01	1.69E-04	
bluF	4.24E-01	2.02E-08	8.85E-01	9.21E-03	6.37E-02	8.41E-03	
group_12438	4.18E-01	3.28E-11	5.63E-01	3.74E-02	6.47E-02	3.37E-02	
group_12218	4.21E-01	2.98E-05	2.70E-01	-7.63E-02	6.90E-02	6.42E-02	
group_9634	4.18E-01	3.28E-11	5.63E-01	3.74E-02	6.47E-02	3.37E-02	
group_7818	4.24E-01	2.40E-03	4.00E-01	6.51E-02	7.72E-02	4.90E-02	
group_6399	4.18E-01	5.19E-07	9.14E-03	-2.05E-01	7.82E-02	1.51E-01	
group_4043	4.18E-01	3.75E-05	1.59E-01	-9.99E-02	7.07E-02	8.20E-02	
mepA~~~norM	4.21E-01	3.46E-04	1.68E-01	7.98E-02	5.77E-02	8.02E-02	
group_16168	4.21E-01	3.46E-04	7.34E-01	2.32E-02	6.81E-02	1.98E-02	
group_14845	4.21E-01	1.77E-06	9.05E-01	1.48E-02	1.25E-01	6.92E-03	
group_9946	4.14E-01	6.78E-07	8.86E-02	-8.91E-02	5.21E-02	9.90E-02	
group_5359	4.21E-01	3.84E-07	2.51E-01	-8.91E-02	7.76E-02	6.68E-02	
hsrA~~~rspA	4.21E-01	7.65E-08	8.32E-01	-2.49E-02	1.18E-01	1.23E-02	
group_16989	4.21E-01	8.31E-15	7.28E-02	1.01E-01	5.59E-02	1.04E-01	
nudL	4.14E-01	4.70E-05	3.34E-01	-6.69E-02	6.91E-02	5.62E-02	
group_12696	4.14E-01	5.17E-04	7.77E-01	1.92E-02	6.78E-02	1.65E-02	
group_11892	4.14E-01	5.17E-04	7.77E-01	1.92E-02	6.78E-02	1.65E-02	
group_10053	4.11E-01	1.17E-02	7.14E-02	1.31E-01	7.23E-02	1.05E-01	
group_9393	4.21E-01	3.60E-10	2.59E-01	1.10E-01	9.76E-02	6.57E-02	
group_7871	4.11E-01	1.17E-02	7.14E-02	1.31E-01	7.23E-02	1.05E-01	
group_4598	4.11E-01	1.17E-02	7.14E-02	1.31E-01	7.23E-02	1.05E-01	
group_10750	4.11E-01	6.30E-04	7.39E-01	2.23E-02	6.68E-02	1.94E-02	
group_7235	4.07E-01	5.00E-06	3.78E-01	-4.88E-02	5.53E-02	5.13E-02	
group_17891	4.07E-01	2.47E-04	7.34E-01	-2.17E-02	6.37E-02	1.98E-02	
group_7271	4.01E-01	3.09E-03	5.81E-01	3.94E-02	7.14E-02	3.21E-02	
group_17916	3.97E-01	2.46E-06	1.22E-01	-9.55E-02	6.16E-02	8.98E-02	
group_17832	4.04E-01	1.62E-06	6.13E-01	-5.98E-02	1.18E-01	2.95E-02	
group_15739	3.97E-01	3.68E-03	4.15E-01	4.48E-02	5.49E-02	4.75E-02	
yvaA	3.97E-01	3.68E-03	4.15E-01	4.48E-02	5.49E-02	4.75E-02	
group_12109	4.01E-01	1.34E-09	8.22E-01	1.39E-02	6.19E-02	1.31E-02	
group_1127	4.07E-01	1.37E-02	7.17E-02	1.32E-01	7.32E-02	1.05E-01	
group_10076	4.04E-01	9.13E-05	6.25E-01	-2.84E-02	5.81E-02	2.85E-02	
piuB	4.01E-01	2.47E-07	1.55E-01	-1.22E-01	8.55E-02	8.27E-02	
group_13436	4.01E-01	2.47E-07	1.55E-01	-1.22E-01	8.55E-02	8.27E-02	
group_12050	4.01E-01	4.74E-08	6.18E-01	-4.28E-02	8.58E-02	2.90E-02	
group_10586	3.94E-01	1.31E-05	5.64E-01	-2.98E-02	5.16E-02	3.36E-02	
group_21083	3.91E-01	2.13E-04	6.75E-01	-2.73E-02	6.51E-02	2.44E-02	
group_10604	3.91E-01	2.13E-04	6.75E-01	-2.73E-02	6.51E-02	2.44E-02	
group_8383	3.97E-01	8.86E-10	9.80E-01	-1.45E-03	5.79E-02	1.46E-03	
mazG	3.97E-01	3.27E-08	1.71E-01	-9.57E-02	6.98E-02	7.96E-02	
group_19816	3.94E-01	1.31E-05	9.93E-01	-4.80E-04	5.23E-02	5.34E-04	
group_18764	3.94E-01	3.77E-09	1.86E-01	2.14E-01	1.62E-01	7.69E-02	
group_16004	3.94E-01	3.77E-09	7.61E-01	5.90E-02	1.94E-01	1.77E-02	
group_12823	3.94E-01	1.22E-07	7.83E-01	-2.21E-02	8.03E-02	1.60E-02	
group_16071	3.91E-01	5.21E-11	5.82E-02	9.91E-02	5.21E-02	1.10E-01	
group_13836	3.87E-01	2.08E-05	5.26E-01	-3.76E-02	5.92E-02	3.69E-02	
group_12430	3.91E-01	2.51E-09	8.72E-01	-1.74E-02	1.08E-01	9.42E-03	
group_10153	3.80E-01	4.24E-02	4.56E-02	1.35E-01	6.73E-02	1.16E-01	
group_6138	3.84E-01	3.19E-04	4.28E-01	-5.70E-02	7.18E-02	4.61E-02	
group_20446	3.84E-01	2.13E-07	2.88E-01	-5.64E-02	5.29E-02	6.18E-02	
group_19514	3.80E-01	1.97E-02	1.22E-01	1.11E-01	7.17E-02	9.00E-02	
group_10849	3.80E-01	3.90E-04	7.82E-01	-1.73E-02	6.28E-02	1.61E-02	
group_8008	3.87E-01	3.77E-16	7.94E-03	1.62E-01	6.08E-02	1.54E-01	
group_6725	3.77E-01	1.45E-04	3.46E-01	-7.00E-02	7.42E-02	5.48E-02	
group_4926	3.80E-01	3.90E-04	4.29E-01	-5.82E-02	7.36E-02	4.60E-02	
group_3618	3.87E-01	3.77E-16	7.94E-03	1.62E-01	6.08E-02	1.54E-01	
group_3521	3.77E-01	6.49E-01	2.71E-01	5.45E-02	4.94E-02	6.41E-02	
group_19228	3.74E-01	4.61E-03	8.19E-01	1.30E-02	5.66E-02	1.33E-02	
group_16895	3.84E-01	1.09E-09	1.93E-01	1.90E-01	1.45E-01	7.58E-02	
group_16632	3.84E-01	9.81E-04	9.07E-01	-6.93E-03	5.91E-02	6.82E-03	
group_9670	3.77E-01	1.45E-04	8.14E-01	-1.22E-02	5.19E-02	1.37E-02	
group_11601	3.74E-01	4.61E-03	5.76E-01	3.47E-02	6.20E-02	3.25E-02	
group_10908	3.80E-01	4.59E-09	5.48E-01	8.88E-02	1.48E-01	3.50E-02	
group_9158	3.80E-01	7.06E-10	8.16E-01	-3.23E-02	1.38E-01	1.36E-02	
group_9100	3.74E-01	5.76E-04	8.81E-01	-9.20E-03	6.16E-02	8.70E-03	
fecA~~~fcuA	3.70E-01	6.98E-04	4.63E-01	-5.57E-02	7.58E-02	4.28E-02	
group_18544	3.74E-01	4.61E-03	8.61E-01	1.10E-02	6.30E-02	1.02E-02	
group_13363	3.77E-01	7.81E-12	2.23E-01	6.68E-02	5.47E-02	7.09E-02	
group_13040	3.70E-01	5.44E-03	1.85E-01	7.72E-02	5.81E-02	7.72E-02	
group_13035	3.77E-01	7.81E-12	2.23E-01	6.68E-02	5.47E-02	7.09E-02	
group_13034	3.77E-01	7.81E-12	2.23E-01	6.68E-02	5.47E-02	7.09E-02	
group_12804	3.77E-01	7.81E-12	2.23E-01	6.68E-02	5.47E-02	7.09E-02	
group_12717	3.77E-01	7.81E-12	2.23E-01	6.68E-02	5.47E-02	7.09E-02	
group_12300	3.70E-01	5.44E-03	1.85E-01	7.72E-02	5.81E-02	7.72E-02	
group_12289	3.77E-01	7.81E-12	2.23E-01	6.68E-02	5.47E-02	7.09E-02	
group_12023	3.77E-01	7.81E-12	2.23E-01	6.68E-02	5.47E-02	7.09E-02	
group_11915	3.77E-01	7.81E-12	2.23E-01	6.68E-02	5.47E-02	7.09E-02	
group_10787	3.77E-01	7.81E-12	2.23E-01	6.68E-02	5.47E-02	7.09E-02	
group_7952	3.70E-01	6.98E-04	6.73E-01	-2.69E-02	6.37E-02	2.46E-02	
group_21118	3.74E-01	5.41E-14	8.98E-03	1.60E-01	6.10E-02	1.51E-01	
group_20784	3.67E-01	7.83E-05	4.23E-01	-4.46E-02	5.55E-02	4.67E-02	
group_20783	3.67E-01	7.83E-05	4.23E-01	-4.46E-02	5.55E-02	4.67E-02	
group_20738	3.67E-01	7.83E-05	4.23E-01	-4.46E-02	5.55E-02	4.67E-02	
group_20598	3.74E-01	1.99E-09	7.07E-01	-5.68E-02	1.51E-01	2.19E-02	
lysR~~~hdfR~~~cysL	3.74E-01	1.99E-09	7.07E-01	-5.68E-02	1.51E-01	2.19E-02	
phoX	3.70E-01	8.24E-09	2.71E-01	1.23E-01	1.12E-01	6.41E-02	
bhuA	3.74E-01	1.99E-09	4.51E-01	-5.14E-02	6.81E-02	4.39E-02	
group_13813	3.74E-01	1.99E-09	4.96E-01	8.88E-02	1.30E-01	3.97E-02	
mdtB~~~mdtA	3.74E-01	1.99E-09	4.96E-01	8.88E-02	1.30E-01	3.97E-02	
group_12502	3.74E-01	1.99E-09	4.96E-01	8.88E-02	1.30E-01	3.97E-02	
group_19343	3.67E-01	1.77E-07	8.48E-02	-9.74E-02	5.63E-02	1.00E-01	
tPR	3.67E-01	5.44E-09	7.96E-01	2.55E-02	9.88E-02	1.50E-02	
group_17766	3.67E-01	2.69E-04	8.64E-01	1.01E-02	5.91E-02	9.96E-03	
group_16233	3.70E-01	6.32E-05	8.65E-01	9.27E-03	5.46E-02	9.88E-03	
group_14393	3.70E-01	2.41E-11	1.05E-01	1.79E-01	1.10E-01	9.44E-02	
group_13214	3.70E-01	1.29E-09	4.67E-01	8.78E-02	1.21E-01	4.23E-02	
group_13208	3.70E-01	1.85E-10	9.96E-01	-7.51E-04	1.68E-01	2.60E-04	
group_11226	3.67E-01	1.16E-10	1.51E-01	2.21E-01	1.54E-01	8.35E-02	
group_4764	3.60E-01	3.43E-03	7.95E-01	-1.72E-02	6.62E-02	1.51E-02	
ybgC~~~fadM	3.57E-01	3.21E-12	1.85E-01	1.02E-01	7.68E-02	7.71E-02	
group_19385	3.57E-01	3.21E-12	1.85E-01	1.02E-01	7.68E-02	7.71E-02	
group_13129	3.64E-01	2.89E-03	9.58E-01	3.03E-03	5.75E-02	3.07E-03	
group_12096	3.64E-01	4.72E-18	9.49E-04	1.80E-01	5.39E-02	1.91E-01	
group_10109	3.64E-01	2.90E-06	3.15E-01	4.62E-02	4.59E-02	5.85E-02	
group_10025	3.67E-01	8.32E-10	2.61E-01	-7.39E-02	6.56E-02	6.54E-02	
group_4340	3.60E-01	8.80E-03	4.69E-01	4.55E-02	6.27E-02	4.22E-02	
group_20513	3.57E-01	2.11E-10	2.59E-02	3.96E-01	1.77E-01	1.29E-01	
fixC	3.54E-01	1.89E-12	7.48E-02	1.33E-01	7.45E-02	1.04E-01	
group_19511	3.64E-01	1.22E-07	7.36E-01	1.95E-02	5.76E-02	1.97E-02	
group_18889	3.60E-01	8.80E-03	8.11E-01	1.59E-02	6.63E-02	1.39E-02	
group_18831	3.60E-01	8.80E-03	8.11E-01	1.59E-02	6.63E-02	1.39E-02	
group_18756	3.64E-01	1.22E-07	4.18E-01	-9.27E-02	1.14E-01	4.72E-02	
nodU	3.60E-01	8.80E-03	8.11E-01	1.59E-02	6.63E-02	1.39E-02	
group_18746	3.60E-01	8.80E-03	8.11E-01	1.59E-02	6.63E-02	1.39E-02	
group_18745	3.60E-01	8.80E-03	8.11E-01	1.59E-02	6.63E-02	1.39E-02	
group_18672	3.60E-01	8.80E-03	8.11E-01	1.59E-02	6.63E-02	1.39E-02	
bshA	3.60E-01	8.80E-03	8.11E-01	1.59E-02	6.63E-02	1.39E-02	
group_18671	3.60E-01	8.80E-03	8.11E-01	1.59E-02	6.63E-02	1.39E-02	
group_18543	3.60E-01	8.80E-03	8.11E-01	1.59E-02	6.63E-02	1.39E-02	
group_16557	3.60E-01	2.41E-18	5.43E-04	1.91E-01	5.47E-02	2.00E-01	
group_16363	3.64E-01	5.31E-10	9.91E-01	-9.44E-04	8.23E-02	6.68E-04	
group_12590	3.64E-01	7.23E-11	3.80E-01	1.53E-01	1.74E-01	5.11E-02	
group_12353	3.64E-01	7.23E-11	6.86E-01	1.01E-01	2.49E-01	2.36E-02	
group_11895	3.64E-01	7.23E-11	6.86E-01	1.01E-01	2.49E-01	2.36E-02	
group_11682	3.64E-01	7.23E-11	6.86E-01	1.01E-01	2.49E-01	2.36E-02	
group_11422	3.64E-01	7.23E-11	6.86E-01	1.01E-01	2.49E-01	2.36E-02	
group_10020	3.64E-01	7.23E-11	6.86E-01	1.01E-01	2.49E-01	2.36E-02	
group_9373	3.54E-01	5.05E-05	7.98E-02	-1.31E-01	7.46E-02	1.02E-01	
group_7906	3.64E-01	3.56E-09	6.06E-01	-5.83E-02	1.13E-01	3.00E-02	
group_7821	3.64E-01	5.31E-10	2.74E-01	-7.20E-02	6.57E-02	6.37E-02	
group_7809	3.64E-01	7.23E-11	6.86E-01	1.01E-01	2.49E-01	2.36E-02	
group_7522	3.64E-01	5.31E-10	4.28E-01	-1.38E-01	1.74E-01	4.62E-02	
group_5300	3.64E-01	7.23E-11	6.86E-01	1.01E-01	2.49E-01	2.36E-02	
rclR	3.64E-01	7.23E-11	6.86E-01	1.01E-01	2.49E-01	2.36E-02	
group_19537	3.57E-01	2.11E-10	6.98E-01	-2.79E-02	7.20E-02	2.26E-02	
group_18830	3.57E-01	1.03E-02	7.66E-01	1.94E-02	6.51E-02	1.73E-02	
hupH~~~dcg1	3.57E-01	2.11E-10	2.90E-01	1.36E-01	1.28E-01	6.16E-02	
xerD~~~xerC	3.54E-01	4.79E-03	9.21E-01	5.20E-03	5.21E-02	5.81E-03	
group_13593	3.60E-01	3.36E-10	9.92E-01	-1.37E-03	1.35E-01	5.88E-04	
group_13516	3.60E-01	4.46E-11	7.16E-01	7.19E-02	1.98E-01	2.12E-02	
group_12417	3.57E-01	1.47E-04	6.44E-01	-2.78E-02	6.00E-02	2.69E-02	
group_11640	3.60E-01	1.45E-08	1.26E-01	-1.95E-01	1.27E-01	8.89E-02	
mobA	3.60E-01	3.36E-10	6.21E-01	-9.61E-02	1.94E-01	2.88E-02	
group_10929	3.54E-01	5.80E-02	7.79E-02	1.12E-01	6.35E-02	1.02E-01	
coxI~~~xdhC~~~paoD	3.60E-01	4.46E-11	1.12E-01	3.08E-01	1.93E-01	9.25E-02	
group_10026	3.60E-01	2.31E-09	3.52E-01	-5.88E-02	6.30E-02	5.42E-02	
group_9875	3.60E-01	3.36E-10	6.28E-01	-9.41E-02	1.94E-01	2.82E-02	
group_9683	3.60E-01	3.36E-10	9.68E-01	3.31E-03	8.16E-02	2.36E-03	
group_9206	3.54E-01	5.80E-02	7.79E-02	1.12E-01	6.35E-02	1.02E-01	
group_8269	3.54E-01	2.21E-08	8.17E-04	-1.99E-01	5.90E-02	1.93E-01	
group_5789	3.60E-01	1.22E-03	9.53E-01	-3.49E-03	5.94E-02	3.41E-03	
group_21117	3.54E-01	1.31E-10	9.60E-01	2.90E-03	5.76E-02	2.93E-03	
group_18829	3.54E-01	1.20E-02	7.49E-01	2.07E-02	6.45E-02	1.86E-02	
gsiD~~~dppC	3.54E-01	1.31E-10	2.76E-01	1.43E-01	1.31E-01	6.34E-02	
group_15338	3.54E-01	1.31E-10	2.76E-01	1.43E-01	1.31E-01	6.34E-02	
group_15203	3.54E-01	1.31E-10	2.76E-01	1.43E-01	1.31E-01	6.34E-02	
group_15202	3.54E-01	1.31E-10	2.76E-01	1.43E-01	1.31E-01	6.34E-02	
group_15068	3.54E-01	1.31E-10	2.76E-01	1.43E-01	1.31E-01	6.34E-02	
group_14922	3.54E-01	1.31E-10	2.76E-01	1.43E-01	1.31E-01	6.34E-02	
gntR~~~rspR	3.54E-01	1.31E-10	2.76E-01	1.43E-01	1.31E-01	6.34E-02	
group_12708	3.57E-01	1.49E-09	2.76E-01	-1.80E-01	1.65E-01	6.34E-02	
group_11600	3.54E-01	9.51E-10	6.13E-01	4.22E-02	8.35E-02	2.94E-02	
group_11473	3.57E-01	1.49E-09	2.76E-01	-1.80E-01	1.65E-01	6.34E-02	
yybR	3.57E-01	2.11E-10	7.79E-01	5.04E-02	1.79E-01	1.63E-02	
group_10597	3.57E-01	2.11E-10	5.01E-01	1.11E-01	1.65E-01	3.92E-02	
group_10407	3.57E-01	2.73E-11	1.41E-02	4.04E-01	1.63E-01	1.42E-01	
group_9989	3.57E-01	2.11E-10	7.79E-01	5.04E-02	1.79E-01	1.63E-02	
group_9874	3.57E-01	2.73E-11	1.36E-01	2.47E-01	1.65E-01	8.68E-02	
kdgR	3.57E-01	2.11E-10	8.64E-01	2.39E-02	1.39E-01	1.00E-02	
group_8908	3.57E-01	1.49E-09	2.76E-01	-1.80E-01	1.65E-01	6.34E-02	
group_8781	3.57E-01	1.49E-09	2.76E-01	-1.80E-01	1.65E-01	6.34E-02	
group_8780	3.57E-01	1.49E-09	2.76E-01	-1.80E-01	1.65E-01	6.34E-02	
group_6023	3.57E-01	2.11E-10	8.17E-01	-3.94E-02	1.70E-01	1.35E-02	
group_5791	3.57E-01	1.49E-09	2.76E-01	-1.80E-01	1.65E-01	6.34E-02	
hsaB	3.57E-01	1.49E-09	2.76E-01	-1.80E-01	1.65E-01	6.34E-02	
group_20699	3.54E-01	6.27E-09	7.02E-01	-4.18E-02	1.09E-01	2.23E-02	
group_20698	3.54E-01	6.27E-09	7.02E-01	-4.18E-02	1.09E-01	2.23E-02	
group_20614	3.54E-01	6.27E-09	7.02E-01	-4.18E-02	1.09E-01	2.23E-02	
group_20540	3.54E-01	6.27E-09	7.02E-01	-4.18E-02	1.09E-01	2.23E-02	
occR~~~lysR	3.54E-01	6.27E-09	7.02E-01	-4.18E-02	1.09E-01	2.23E-02	
group_20539	3.54E-01	6.27E-09	7.02E-01	-4.18E-02	1.09E-01	2.23E-02	
group_20482	3.54E-01	6.27E-09	7.02E-01	-4.18E-02	1.09E-01	2.23E-02	
btuD~~~oppF	3.54E-01	6.27E-09	7.02E-01	-4.18E-02	1.09E-01	2.23E-02	
lsrF	3.50E-01	1.39E-02	8.86E-02	1.08E-01	6.34E-02	9.90E-02	
nagR~~~mngR	3.50E-01	5.65E-03	1.86E-01	8.47E-02	6.39E-02	7.69E-02	
group_18362	3.50E-01	4.67E-18	1.17E-03	1.79E-01	5.47E-02	1.88E-01	
virB10~~~trbI	3.50E-01	4.67E-18	1.17E-03	1.79E-01	5.47E-02	1.88E-01	
group_17946	3.50E-01	4.67E-18	1.17E-03	1.79E-01	5.47E-02	1.88E-01	
group_17945	3.50E-01	4.67E-18	1.17E-03	1.79E-01	5.47E-02	1.88E-01	
group_14410	3.54E-01	1.88E-14	9.15E-02	1.03E-01	6.06E-02	9.81E-02	
group_13812	3.54E-01	1.31E-10	5.48E-01	-4.09E-02	6.80E-02	3.50E-02	
group_13215	3.54E-01	1.31E-10	5.48E-01	-4.09E-02	6.80E-02	3.50E-02	
group_13080	3.54E-01	6.27E-09	1.13E-01	-2.32E-01	1.46E-01	9.21E-02	
group_11982	3.54E-01	1.31E-10	7.95E-01	3.31E-02	1.28E-01	1.51E-02	
group_10878	3.54E-01	1.31E-10	7.95E-01	3.31E-02	1.28E-01	1.51E-02	
group_10392	3.50E-01	1.39E-02	6.36E-01	3.27E-02	6.90E-02	2.76E-02	
group_6029	3.54E-01	9.51E-10	3.49E-01	-1.39E-01	1.48E-01	5.45E-02	
group_20613	3.50E-01	4.07E-09	7.51E-01	3.29E-02	1.04E-01	1.85E-02	
group_19131	3.50E-01	8.08E-11	5.76E-01	4.49E-02	8.02E-02	3.26E-02	
group_18500	3.47E-01	6.64E-03	1.90E-01	8.33E-02	6.34E-02	7.63E-02	
group_18499	3.47E-01	6.64E-03	1.90E-01	8.33E-02	6.34E-02	7.63E-02	
group_13075	3.50E-01	2.51E-08	4.64E-02	-2.66E-01	1.33E-01	1.16E-01	
cysP	3.50E-01	8.08E-11	9.86E-01	-2.68E-03	1.57E-01	9.91E-04	
group_20538	3.47E-01	1.66E-08	9.16E-01	-1.05E-02	9.92E-02	6.14E-03	
group_19216	3.47E-01	2.33E-18	1.39E-02	1.64E-01	6.61E-02	1.43E-01	
group_18628	3.43E-01	7.79E-03	1.88E-01	8.39E-02	6.36E-02	7.66E-02	
rbsC~~~araH	3.43E-01	7.79E-03	1.88E-01	8.39E-02	6.36E-02	7.66E-02	
corA~~~zntB	3.47E-01	3.76E-10	8.64E-01	-2.21E-02	1.29E-01	1.00E-02	
group_13703	3.43E-01	2.53E-05	1.66E-01	-7.47E-02	5.39E-02	8.05E-02	
group_13701	3.43E-01	2.53E-05	1.66E-01	-7.47E-02	5.39E-02	8.05E-02	
group_13619	3.43E-01	2.53E-05	1.66E-01	-7.47E-02	5.39E-02	8.05E-02	
group_13071	3.43E-01	2.53E-05	1.66E-01	-7.47E-02	5.39E-02	8.05E-02	
group_12770	3.43E-01	1.03E-03	8.35E-01	-1.14E-02	5.50E-02	1.21E-02	
group_12340	3.47E-01	1.66E-08	3.03E-01	-1.28E-01	1.24E-01	5.99E-02	
group_12126	3.47E-01	4.93E-11	7.32E-01	-4.69E-02	1.37E-01	1.99E-02	
group_11424	3.47E-01	2.62E-09	1.95E-01	-1.63E-01	1.26E-01	7.55E-02	
group_11416	3.47E-01	1.66E-08	3.03E-01	-1.28E-01	1.24E-01	5.99E-02	
todT	3.47E-01	2.62E-09	1.95E-01	-1.63E-01	1.26E-01	7.55E-02	
group_10069	3.47E-01	2.62E-09	1.95E-01	-1.63E-01	1.26E-01	7.55E-02	
group_10029	3.47E-01	2.62E-09	1.95E-01	-1.63E-01	1.26E-01	7.55E-02	
group_8729	3.47E-01	2.62E-09	1.95E-01	-1.63E-01	1.26E-01	7.55E-02	
rbsA	3.40E-01	9.12E-03	1.92E-01	8.17E-02	6.24E-02	7.60E-02	
group_18627	3.40E-01	9.12E-03	1.78E-01	8.51E-02	6.31E-02	7.83E-02	
group_15282	3.43E-01	2.33E-10	7.65E-01	3.60E-02	1.20E-01	1.74E-02	
mntP	3.43E-01	3.45E-12	1.28E-01	2.15E-01	1.41E-01	8.86E-02	
group_12861	3.43E-01	2.33E-10	4.07E-01	-1.04E-01	1.26E-01	4.83E-02	
group_12222	3.43E-01	3.64E-13	2.02E-01	9.61E-02	7.52E-02	7.42E-02	
group_12006	3.43E-01	2.33E-10	5.13E-01	-8.14E-02	1.24E-01	3.81E-02	
group_11637	3.43E-01	3.45E-12	4.51E-01	1.47E-01	1.95E-01	4.39E-02	
group_11317	3.40E-01	2.29E-05	9.37E-01	-4.27E-03	5.39E-02	4.62E-03	
group_10918	3.43E-01	2.33E-10	5.13E-01	-8.14E-02	1.24E-01	3.81E-02	
group_10883	3.43E-01	3.45E-12	4.51E-01	1.47E-01	1.95E-01	4.39E-02	
group_9198	3.43E-01	2.33E-10	5.13E-01	-8.14E-02	1.24E-01	3.81E-02	
group_9014	3.33E-01	6.14E-12	5.58E-01	-4.22E-02	7.19E-02	3.41E-02	
group_5401	3.43E-01	2.33E-10	5.13E-01	-8.14E-02	1.24E-01	3.81E-02	
group_16660	3.40E-01	8.74E-18	6.04E-03	1.61E-01	5.80E-02	1.59E-01	
group_14100	3.40E-01	2.00E-12	8.21E-02	3.20E-01	1.83E-01	1.01E-01	
group_13461	3.40E-01	8.74E-18	6.04E-03	1.61E-01	5.80E-02	1.59E-01	
group_12649	3.30E-01	2.12E-03	4.02E-01	-5.11E-02	6.09E-02	4.88E-02	
group_12437	3.40E-01	2.00E-12	8.21E-02	3.20E-01	1.83E-01	1.01E-01	
group_11973	3.40E-01	1.91E-14	1.07E-01	1.21E-01	7.45E-02	9.38E-02	
group_11823	3.40E-01	1.24E-03	9.54E-01	3.70E-03	6.45E-02	3.34E-03	
group_11542	3.40E-01	2.00E-12	8.21E-02	3.20E-01	1.83E-01	1.01E-01	
group_11059	3.40E-01	8.74E-18	6.04E-03	1.61E-01	5.80E-02	1.59E-01	
group_10861	3.30E-01	3.43E-14	1.78E-01	1.04E-01	7.73E-02	7.83E-02	
group_10751	3.40E-01	1.24E-03	9.54E-01	3.70E-03	6.45E-02	3.34E-03	
group_10195	3.40E-01	2.00E-12	8.21E-02	3.20E-01	1.83E-01	1.01E-01	
prsK	3.40E-01	2.00E-12	8.21E-02	3.20E-01	1.83E-01	1.01E-01	
cysW	3.40E-01	1.78E-11	7.79E-01	3.48E-02	1.24E-01	1.64E-02	
cysT	3.40E-01	1.78E-11	7.79E-01	3.48E-02	1.24E-01	1.64E-02	
wbbJ	3.33E-01	6.14E-12	2.32E-01	1.26E-01	1.06E-01	6.96E-02	
gsiA~~~ddpF~~~dppD	3.33E-01	5.24E-11	4.68E-01	8.76E-02	1.20E-01	4.23E-02	
group_13620	3.33E-01	4.84E-05	2.09E-01	-6.65E-02	5.28E-02	7.31E-02	
group_12853	3.37E-01	4.31E-18	3.98E-03	1.71E-01	5.89E-02	1.67E-01	
group_12459	3.37E-01	6.58E-10	5.07E-01	-8.26E-02	1.24E-01	3.86E-02	
group_12095	3.37E-01	4.31E-18	3.98E-03	1.71E-01	5.89E-02	1.67E-01	
group_11156	3.30E-01	7.07E-04	2.49E-01	-7.54E-02	6.53E-02	6.71E-02	
group_10169	3.37E-01	1.15E-12	7.35E-01	4.06E-02	1.20E-01	1.97E-02	
group_9420	3.33E-01	4.91E-03	9.42E-01	-4.65E-03	6.34E-02	4.27E-03	
group_1164	3.27E-01	7.37E-05	9.55E-02	-1.13E-01	6.73E-02	9.69E-02	
group_19843	3.30E-01	3.12E-11	8.45E-01	1.14E-02	5.82E-02	1.14E-02	
group_17948	3.30E-01	3.05E-21	5.95E-05	2.39E-01	5.86E-02	2.31E-01	
group_17947	3.30E-01	3.05E-21	5.95E-05	2.39E-01	5.86E-02	2.31E-01	
group_16236	3.33E-01	5.24E-11	6.58E-01	-6.03E-02	1.36E-01	2.58E-02	
group_11710	3.33E-01	5.24E-11	8.63E-01	2.46E-02	1.42E-01	1.00E-02	
axcR~~~ampR~~~lysR	3.33E-01	3.34E-22	7.30E-05	2.53E-01	6.29E-02	2.28E-01	
blaAXC~~~blaAXC1	3.33E-01	3.34E-22	7.30E-05	2.53E-01	6.29E-02	2.28E-01	
group_18174	3.27E-01	1.34E-21	4.45E-05	2.42E-01	5.85E-02	2.35E-01	
trbD~~~trbE~~~traM	3.27E-01	1.34E-21	3.77E-05	2.48E-01	5.94E-02	2.37E-01	
group_17914	3.27E-01	7.37E-05	4.57E-01	-4.83E-02	6.49E-02	4.33E-02	
group_17631	3.27E-01	2.65E-20	2.20E-04	2.17E-01	5.79E-02	2.13E-01	
group_17590	3.27E-01	7.37E-05	4.57E-01	-4.83E-02	6.49E-02	4.33E-02	
group_17210	3.27E-01	2.65E-20	2.20E-04	2.17E-01	5.79E-02	2.13E-01	
group_10592	3.30E-01	3.55E-12	1.55E-01	1.93E-01	1.35E-01	8.27E-02	
group_9996	3.30E-01	3.55E-12	1.55E-01	1.93E-01	1.35E-01	8.27E-02	
group_8766	3.30E-01	3.55E-12	1.55E-01	1.93E-01	1.35E-01	8.27E-02	
group_8574	3.30E-01	3.29E-02	1.18E-01	8.32E-02	5.31E-02	9.09E-02	
aaeB	3.30E-01	3.55E-12	1.55E-01	1.93E-01	1.35E-01	8.27E-02	
group_22199	3.20E-01	3.54E-03	6.18E-01	-3.29E-02	6.60E-02	2.90E-02	
group_19127	3.27E-01	4.71E-08	7.23E-01	2.40E-02	6.76E-02	2.07E-02	
group_17915	3.23E-01	9.08E-05	4.79E-01	-4.53E-02	6.39E-02	4.13E-02	
group_11521	3.27E-01	1.84E-14	1.62E-01	1.01E-01	7.18E-02	8.14E-02	
group_10843	3.20E-01	6.92E-06	3.09E-02	-1.13E-01	5.20E-02	1.25E-01	
group_10160	3.27E-01	1.84E-14	1.62E-01	1.01E-01	7.18E-02	8.14E-02	
group_9216	3.27E-01	1.84E-11	7.09E-01	4.61E-02	1.23E-01	2.18E-02	
group_8206	3.20E-01	9.83E-02	1.89E-01	8.12E-02	6.17E-02	7.64E-02	
group_8059	3.27E-01	1.84E-14	1.62E-01	1.01E-01	7.18E-02	8.14E-02	
group_7943	3.20E-01	9.31E-03	4.01E-01	4.77E-02	5.66E-02	4.90E-02	
group_7886	3.20E-01	3.54E-03	6.18E-01	-3.29E-02	6.60E-02	2.90E-02	
dasR	3.20E-01	6.92E-06	3.09E-02	-1.13E-01	5.20E-02	1.25E-01	
group_4620	3.20E-01	3.54E-03	6.18E-01	-3.29E-02	6.60E-02	2.90E-02	
group_4619	3.20E-01	3.54E-03	6.18E-01	-3.29E-02	6.60E-02	2.90E-02	
group_368	3.20E-01	3.54E-03	6.18E-01	-3.29E-02	6.60E-02	2.90E-02	
group_11894	3.23E-01	1.11E-13	4.19E-01	8.70E-02	1.08E-01	4.71E-02	
group_10762	3.23E-01	1.11E-13	5.61E-01	6.86E-02	1.18E-01	3.39E-02	
group_10326	3.16E-01	8.67E-06	3.37E-02	-1.11E-01	5.22E-02	1.23E-01	
group_8356	3.16E-01	8.67E-06	3.27E-02	-1.11E-01	5.20E-02	1.24E-01	
group_7566	3.16E-01	1.47E-03	3.20E-01	-6.58E-02	6.60E-02	5.79E-02	
group_20900	3.13E-01	1.23E-01	3.89E-01	5.02E-02	5.81E-02	5.02E-02	
group_19985	3.20E-01	6.37E-13	8.49E-01	1.24E-02	6.46E-02	1.11E-02	
spo0J~~~parB	3.20E-01	6.37E-13	8.49E-01	1.24E-02	6.46E-02	1.11E-02	
group_19129	3.13E-01	2.96E-02	3.65E-01	4.68E-02	5.16E-02	5.28E-02	
group_17108	3.20E-01	4.25E-10	2.00E-01	-1.38E-01	1.07E-01	7.46E-02	
group_12886	3.13E-01	2.96E-02	7.43E-01	1.83E-02	5.58E-02	1.91E-02	
group_12467	3.20E-01	5.99E-14	3.08E-01	8.32E-02	8.14E-02	5.94E-02	
group_12418	3.20E-01	6.37E-13	1.76E-01	1.58E-01	1.17E-01	7.87E-02	
group_11579	3.20E-01	5.99E-14	3.08E-01	8.32E-02	8.14E-02	5.94E-02	
group_10567	3.20E-01	5.36E-11	8.21E-01	-2.31E-02	1.02E-01	1.32E-02	
pbsX	3.16E-01	2.63E-15	9.92E-02	1.04E-01	6.31E-02	9.59E-02	
group_17241	3.13E-01	1.53E-10	3.83E-01	-5.21E-02	5.96E-02	5.08E-02	
intA~~~fimB	3.16E-01	1.97E-16	1.10E-01	1.03E-01	6.41E-02	9.28E-02	
group_13742	3.16E-01	5.57E-02	9.60E-02	9.67E-02	5.79E-02	9.68E-02	
group_11332	3.10E-01	7.15E-02	1.85E-01	8.67E-02	6.54E-02	7.70E-02	
group_8706	3.16E-01	1.37E-04	5.66E-01	-2.81E-02	4.89E-02	3.34E-02	
group_20114	3.10E-01	7.15E-02	3.79E-01	5.57E-02	6.32E-02	5.12E-02	
group_14021	3.13E-01	1.95E-12	7.72E-01	3.14E-02	1.08E-01	1.69E-02	
group_10761	3.13E-01	1.68E-14	5.20E-02	2.46E-01	1.26E-01	1.13E-01	
group_19178	3.10E-01	1.02E-13	1.78E-01	1.28E-01	9.45E-02	7.84E-02	
group_19053	3.06E-01	4.43E-15	5.62E-01	4.20E-02	7.24E-02	3.38E-02	
group_18154	3.06E-01	2.48E-04	5.54E-01	-3.80E-02	6.41E-02	3.45E-02	
group_10296	3.10E-01	1.02E-13	7.57E-01	2.20E-02	7.11E-02	1.80E-02	
group_8352	3.10E-01	3.39E-02	7.09E-01	2.16E-02	5.78E-02	2.17E-02	
group_21114	3.06E-01	1.70E-02	6.71E-01	2.67E-02	6.28E-02	2.47E-02	
group_20582	3.06E-01	5.85E-12	8.88E-01	9.56E-03	6.76E-02	8.23E-03	
group_19885	3.00E-01	2.28E-02	5.89E-01	2.88E-02	5.32E-02	3.15E-02	
group_15502	3.03E-01	2.80E-14	9.55E-02	2.38E-01	1.43E-01	9.69E-02	
group_11693	3.06E-01	5.38E-14	3.42E-01	1.03E-01	1.08E-01	5.54E-02	
group_10982	3.06E-01	8.07E-02	1.85E-01	7.95E-02	5.99E-02	7.71E-02	
group_10400	3.06E-01	5.38E-14	3.42E-01	1.03E-01	1.08E-01	5.54E-02	
lysR~~~cmpR	3.06E-01	8.07E-02	1.85E-01	7.95E-02	5.99E-02	7.71E-02	
aaeX	3.06E-01	3.14E-09	7.77E-01	2.65E-02	9.36E-02	1.65E-02	
group_8456	3.06E-01	5.38E-14	3.42E-01	1.03E-01	1.08E-01	5.54E-02	
group_8455	3.06E-01	5.38E-14	3.42E-01	1.03E-01	1.08E-01	5.54E-02	
group_5408	3.06E-01	5.38E-14	3.42E-01	1.03E-01	1.08E-01	5.54E-02	
group_20029	3.03E-01	1.97E-02	6.69E-01	2.70E-02	6.31E-02	2.49E-02	
group_19845	3.03E-01	1.97E-02	6.69E-01	2.70E-02	6.31E-02	2.49E-02	
group_19647	3.03E-01	1.97E-02	6.69E-01	2.70E-02	6.31E-02	2.49E-02	
group_19577	3.03E-01	1.97E-02	6.69E-01	2.70E-02	6.31E-02	2.49E-02	
group_18173	3.03E-01	6.74E-23	5.43E-05	2.68E-01	6.54E-02	2.32E-01	
group_17348	3.00E-01	1.72E-11	5.00E-01	-4.24E-02	6.27E-02	3.93E-02	
group_10668	3.03E-01	4.74E-06	2.44E-02	-1.49E-01	6.60E-02	1.31E-01	
group_10040	3.03E-01	2.80E-14	2.26E-01	1.20E-01	9.89E-02	7.05E-02	
group_8944	3.03E-01	1.97E-02	5.10E-01	3.77E-02	5.72E-02	3.84E-02	
group_7714	2.96E-01	1.42E-03	8.99E-01	-7.34E-03	5.76E-02	7.42E-03	
group_4954	2.93E-01	3.94E-05	7.92E-02	-1.17E-01	6.65E-02	1.02E-01	
group_11251	3.00E-01	1.43E-14	6.86E-01	-3.21E-02	7.95E-02	2.35E-02	
group_9137	2.93E-01	3.01E-02	7.01E-01	2.01E-02	5.23E-02	2.24E-02	
group_20510	2.96E-01	5.36E-16	2.87E-01	1.10E-01	1.04E-01	6.20E-02	
group_20509	2.96E-01	5.36E-16	2.87E-01	1.10E-01	1.04E-01	6.20E-02	
group_18193	2.93E-01	9.23E-06	1.81E-01	-9.42E-02	7.02E-02	7.79E-02	
group_18192	2.93E-01	9.23E-06	1.81E-01	-9.42E-02	7.02E-02	7.79E-02	
group_17969	2.93E-01	9.23E-06	1.81E-01	-9.42E-02	7.02E-02	7.79E-02	
group_17652	2.93E-01	9.23E-06	1.81E-01	-9.42E-02	7.02E-02	7.79E-02	
group_17233	2.93E-01	9.23E-06	1.81E-01	-9.42E-02	7.02E-02	7.79E-02	
group_17232	2.93E-01	9.23E-06	1.81E-01	-9.42E-02	7.02E-02	7.79E-02	
group_16459	2.93E-01	9.23E-06	1.81E-01	-9.42E-02	7.02E-02	7.79E-02	
group_11946	2.93E-01	1.27E-02	8.83E-01	-8.37E-03	5.68E-02	8.58E-03	
group_10877	2.96E-01	5.28E-06	6.83E-01	-2.98E-02	7.29E-02	2.38E-02	
group_4565	2.86E-01	3.07E-06	5.68E-03	-1.78E-01	6.40E-02	1.60E-01	
rskA	2.90E-01	5.73E-03	8.87E-01	-8.22E-03	5.77E-02	8.30E-03	
group_17632	2.90E-01	1.21E-16	7.25E-02	1.17E-01	6.50E-02	1.04E-01	
group_16316	2.93E-01	3.59E-15	8.38E-01	1.51E-02	7.35E-02	1.19E-02	
group_13507	2.90E-01	2.45E-06	1.85E-02	-1.52E-01	6.41E-02	1.37E-01	
group_12817	2.93E-01	3.59E-15	8.79E-01	2.11E-02	1.38E-01	8.89E-03	
group_9414	2.86E-01	1.42E-05	3.21E-02	-1.36E-01	6.30E-02	1.24E-01	
narL	2.83E-01	4.52E-02	5.01E-01	4.05E-02	6.01E-02	3.92E-02	
group_7815	2.86E-01	6.73E-03	9.24E-01	-5.53E-03	5.77E-02	5.58E-03	
group_6801	2.86E-01	1.42E-05	3.21E-02	-1.36E-01	6.30E-02	1.24E-01	
group_5883	2.83E-01	4.52E-02	5.01E-01	4.05E-02	6.01E-02	3.92E-02	
group_5711	2.83E-01	4.52E-02	5.01E-01	4.05E-02	6.01E-02	3.92E-02	
group_5434	2.83E-01	4.52E-02	5.01E-01	4.05E-02	6.01E-02	3.92E-02	
group_5295	2.83E-01	4.52E-02	5.01E-01	4.05E-02	6.01E-02	3.92E-02	
sigK	2.86E-01	6.73E-03	9.24E-01	-5.53E-03	5.77E-02	5.58E-03	
group_3634	2.83E-01	4.52E-02	5.01E-01	4.05E-02	6.01E-02	3.92E-02	
group_3598	2.83E-01	3.84E-06	6.78E-03	-1.74E-01	6.39E-02	1.57E-01	
group_3001	2.83E-01	9.29E-04	5.12E-01	-3.73E-02	5.68E-02	3.82E-02	
group_21111	2.86E-01	3.07E-06	1.12E-02	-1.41E-01	5.52E-02	1.47E-01	
group_19560	2.90E-01	2.72E-13	8.34E-01	1.33E-02	6.36E-02	1.22E-02	
group_19430	2.90E-01	2.30E-14	6.36E-01	3.42E-02	7.22E-02	2.75E-02	
group_16606	2.79E-01	5.15E-02	5.06E-01	3.99E-02	5.98E-02	3.87E-02	
group_12917	2.86E-01	3.32E-18	1.55E-01	1.15E-01	8.10E-02	8.26E-02	
group_11999	2.86E-01	3.96E-02	5.01E-01	3.78E-02	5.61E-02	3.92E-02	
group_11029	2.86E-01	1.42E-05	2.40E-01	-7.93E-02	6.73E-02	6.84E-02	
group_9368	2.86E-01	1.42E-05	2.40E-01	-7.93E-02	6.73E-02	6.84E-02	
group_6708	2.86E-01	1.42E-05	2.40E-01	-7.93E-02	6.73E-02	6.84E-02	
group_4712	2.83E-01	1.98E-02	5.52E-01	3.19E-02	5.37E-02	3.46E-02	
aroA	2.79E-01	5.15E-02	5.06E-01	3.99E-02	5.98E-02	3.87E-02	
group_3630	2.83E-01	7.89E-03	9.42E-01	-4.20E-03	5.78E-02	4.23E-03	
group_19326	2.86E-01	5.97E-05	2.81E-01	-6.67E-02	6.18E-02	6.28E-02	
group_14308	2.86E-01	1.40E-13	9.06E-01	1.09E-02	9.19E-02	6.92E-03	
group_14243	2.86E-01	1.40E-13	9.06E-01	1.09E-02	9.19E-02	6.92E-03	
nanT	2.86E-01	1.40E-13	9.06E-01	1.09E-02	9.19E-02	6.92E-03	
group_13911	2.86E-01	1.40E-13	9.06E-01	1.09E-02	9.19E-02	6.92E-03	
group_19696	2.83E-01	3.97E-16	2.43E-01	1.20E-01	1.02E-01	6.79E-02	
group_17349	2.83E-01	8.19E-13	5.79E-01	-3.68E-02	6.63E-02	3.23E-02	
group_12215	2.76E-01	1.08E-02	9.50E-01	-3.55E-03	5.67E-02	3.64E-03	
group_11352	2.83E-01	1.45E-18	1.28E-02	2.67E-01	1.07E-01	1.44E-01	
group_9508	2.79E-01	1.97E-01	1.23E-01	1.00E-01	6.47E-02	8.97E-02	
group_7531	2.83E-01	1.76E-05	5.19E-02	-1.22E-01	6.24E-02	1.13E-01	
group_19602	2.69E-01	1.46E-02	8.17E-01	1.17E-02	5.06E-02	1.35E-02	
group_17265	2.79E-01	4.26E-13	6.47E-01	-3.11E-02	6.77E-02	2.67E-02	
group_17260	2.79E-01	2.71E-15	7.33E-01	-2.68E-02	7.87E-02	1.98E-02	
group_15371	2.73E-01	4.85E-04	5.05E-01	-3.42E-02	5.12E-02	3.88E-02	
group_12381	2.76E-01	1.18E-01	2.36E-01	6.97E-02	5.87E-02	6.90E-02	
group_11471	2.73E-01	8.51E-15	8.93E-01	-1.08E-02	8.05E-02	7.84E-03	
group_10101	2.73E-01	8.51E-15	8.93E-01	-1.08E-02	8.05E-02	7.84E-03	
group_7801	2.79E-01	1.84E-16	2.37E-01	1.23E-01	1.04E-01	6.88E-02	
group_7713	2.79E-01	1.84E-16	2.37E-01	1.23E-01	1.04E-01	6.88E-02	
group_6925	2.79E-01	1.84E-16	2.37E-01	1.23E-01	1.04E-01	6.88E-02	
group_19812	2.76E-01	2.18E-13	7.60E-01	-2.13E-02	6.95E-02	1.78E-02	
group_16435	2.73E-01	4.85E-04	4.94E-01	-3.51E-02	5.13E-02	3.98E-02	
group_15478	2.69E-01	5.84E-04	5.33E-01	-3.20E-02	5.12E-02	3.63E-02	
group_15243	2.69E-01	5.84E-04	5.42E-01	-3.13E-02	5.13E-02	3.55E-02	
group_15113	2.69E-01	5.84E-04	5.42E-01	-3.13E-02	5.13E-02	3.55E-02	
group_11483	2.73E-01	6.66E-02	6.34E-01	2.80E-02	5.89E-02	2.77E-02	
group_19821	2.73E-01	1.09E-13	6.98E-01	2.62E-02	6.75E-02	2.26E-02	
group_16178	2.73E-01	4.78E-21	9.71E-05	3.80E-01	9.61E-02	2.24E-01	
ssuE	2.69E-01	4.03E-15	1.69E-01	1.41E-01	1.02E-01	8.00E-02	
group_19300	2.66E-01	5.00E-05	2.15E-01	-6.74E-02	5.42E-02	7.22E-02	
group_19213	2.63E-01	8.55E-16	5.60E-01	4.14E-02	7.09E-02	3.40E-02	
group_17035	2.66E-01	7.03E-04	4.73E-01	-3.71E-02	5.15E-02	4.18E-02	
group_14314	2.69E-01	7.01E-12	9.66E-01	2.73E-03	6.44E-02	2.47E-03	
group_8248	2.69E-01	8.73E-19	1.08E-01	1.37E-01	8.51E-02	9.36E-02	
group_19783	2.53E-01	2.50E-01	1.57E-01	7.81E-02	5.51E-02	8.23E-02	
group_16881	2.66E-01	1.98E-04	2.87E-01	-5.47E-02	5.12E-02	6.20E-02	
group_16681	2.66E-01	1.98E-04	2.87E-01	-5.47E-02	5.12E-02	6.20E-02	
group_16179	2.66E-01	1.65E-20	9.18E-04	3.07E-01	9.16E-02	1.91E-01	
group_16156	2.59E-01	2.04E-01	1.32E-01	8.83E-02	5.84E-02	8.76E-02	
group_16143	2.59E-01	2.04E-01	1.32E-01	8.83E-02	5.84E-02	8.76E-02	
group_15564	2.63E-01	8.43E-04	5.31E-01	-3.23E-02	5.16E-02	3.65E-02	
group_14575	2.63E-01	6.13E-05	1.70E-01	-9.91E-02	7.21E-02	7.98E-02	
group_13991	2.66E-01	1.20E-16	5.90E-01	4.30E-02	7.98E-02	3.14E-02	
group_13312	2.63E-01	2.89E-18	6.27E-02	2.60E-01	1.39E-01	1.08E-01	
ccoG~~~fixG	2.63E-01	1.96E-02	9.92E-01	4.98E-04	5.16E-02	5.62E-04	
group_12076	2.63E-01	6.13E-05	1.70E-01	-9.91E-02	7.21E-02	7.98E-02	
group_11468	2.63E-01	1.84E-01	1.79E-01	7.93E-02	5.89E-02	7.81E-02	
group_7696	2.56E-01	3.74E-03	6.52E-01	-2.75E-02	6.08E-02	2.63E-02	
group_20451	2.59E-01	3.82E-16	4.73E-01	5.69E-02	7.91E-02	4.18E-02	
group_18170	2.63E-01	2.89E-18	3.38E-01	8.75E-02	9.11E-02	5.58E-02	
group_17943	2.63E-01	5.25E-17	6.73E-01	3.59E-02	8.51E-02	2.46E-02	
group_17295	2.63E-01	1.42E-19	3.58E-02	1.66E-01	7.89E-02	1.22E-01	
group_16734	2.59E-01	1.01E-03	5.24E-01	-3.30E-02	5.18E-02	3.71E-02	
group_16733	2.59E-01	1.01E-03	5.24E-01	-3.30E-02	5.18E-02	3.71E-02	
group_11998	2.59E-01	1.08E-01	2.61E-01	6.62E-02	5.87E-02	6.55E-02	
group_10910	2.59E-01	1.08E-01	2.61E-01	6.62E-02	5.87E-02	6.55E-02	
group_3737	2.59E-01	5.21E-02	8.47E-01	1.28E-02	6.61E-02	1.13E-02	
group_22966	2.59E-01	2.33E-21	4.45E-02	2.04E-01	1.01E-01	1.17E-01	
group_19415	2.46E-01	1.65E-04	6.24E-01	-3.01E-02	6.14E-02	2.85E-02	
group_17036	2.56E-01	3.51E-04	2.74E-01	-5.69E-02	5.19E-02	6.37E-02	
group_16778	2.59E-01	5.81E-15	9.29E-01	-6.50E-03	7.31E-02	5.18E-03	
group_12914	2.59E-01	2.33E-21	4.45E-02	2.04E-01	1.01E-01	1.17E-01	
group_12172	2.59E-01	2.33E-21	4.45E-02	2.04E-01	1.01E-01	1.17E-01	
group_11170	2.59E-01	2.33E-21	4.45E-02	2.04E-01	1.01E-01	1.17E-01	
group_10622	2.59E-01	2.24E-17	8.89E-01	1.68E-02	1.21E-01	8.11E-03	
group_9608	2.59E-01	2.33E-21	4.45E-02	2.04E-01	1.01E-01	1.17E-01	
group_9571	2.59E-01	2.33E-21	4.45E-02	2.04E-01	1.01E-01	1.17E-01	
group_9462	2.59E-01	5.21E-02	5.68E-01	3.39E-02	5.93E-02	3.32E-02	
group_8943	2.59E-01	5.21E-02	5.68E-01	3.39E-02	5.93E-02	3.32E-02	
group_7117	2.59E-01	2.33E-21	4.45E-02	2.04E-01	1.01E-01	1.17E-01	
group_7070	2.59E-01	2.33E-21	4.45E-02	2.04E-01	1.01E-01	1.17E-01	
group_7069	2.59E-01	2.33E-21	4.45E-02	2.04E-01	1.01E-01	1.17E-01	
group_6759	2.59E-01	2.33E-21	4.45E-02	2.04E-01	1.01E-01	1.17E-01	
group_6096	2.59E-01	5.21E-02	5.68E-01	3.39E-02	5.93E-02	3.32E-02	
epsC	2.59E-01	5.21E-02	5.68E-01	3.39E-02	5.93E-02	3.32E-02	
group_3749	2.59E-01	2.24E-17	8.15E-01	2.04E-02	8.71E-02	1.37E-02	
group_19967	2.49E-01	5.20E-03	8.98E-01	8.19E-03	6.37E-02	7.48E-03	
group_17034	2.53E-01	4.23E-04	2.66E-01	-5.71E-02	5.12E-02	6.48E-02	
group_16219	2.56E-01	3.83E-01	4.80E-02	1.20E-01	6.03E-02	1.15E-01	
group_15134	2.56E-01	2.11E-20	1.31E-01	1.46E-01	9.66E-02	8.78E-02	
group_15011	2.56E-01	2.11E-20	1.31E-01	1.46E-01	9.66E-02	8.78E-02	
group_14822	2.56E-01	2.11E-20	1.31E-01	1.46E-01	9.66E-02	8.78E-02	
group_14602	2.56E-01	2.11E-20	1.31E-01	1.46E-01	9.66E-02	8.78E-02	
group_14320	2.56E-01	2.11E-20	1.31E-01	1.46E-01	9.66E-02	8.78E-02	
group_14027	2.56E-01	2.11E-20	1.31E-01	1.46E-01	9.66E-02	8.78E-02	
group_13670	2.53E-01	3.01E-02	7.55E-01	-1.94E-02	6.20E-02	1.82E-02	
group_13517	2.56E-01	2.11E-20	1.31E-01	1.46E-01	9.66E-02	8.78E-02	
group_13484	2.49E-01	4.53E-01	6.06E-02	1.14E-01	6.05E-02	1.09E-01	
group_11566	2.53E-01	3.01E-02	7.55E-01	-1.94E-02	6.20E-02	1.82E-02	
group_11358	2.56E-01	4.70E-19	1.74E-01	1.31E-01	9.60E-02	7.91E-02	
shlB~~~hlyB	2.56E-01	4.70E-19	2.45E-01	9.60E-02	8.24E-02	6.77E-02	
group_11319	2.56E-01	2.65E-15	7.99E-01	1.97E-02	7.73E-02	1.49E-02	
group_10717	2.56E-01	2.26E-01	9.14E-02	9.78E-02	5.77E-02	9.81E-02	
group_10513	2.56E-01	9.36E-18	7.67E-01	2.61E-02	8.82E-02	1.72E-02	
group_9835	2.56E-01	2.65E-15	7.99E-01	1.97E-02	7.73E-02	1.49E-02	
group_9572	2.56E-01	2.11E-20	1.32E-01	1.46E-01	9.66E-02	8.77E-02	
group_9392	2.56E-01	2.11E-20	1.46E-01	1.43E-01	9.84E-02	8.45E-02	
group_9200	2.53E-01	3.01E-02	7.55E-01	-1.94E-02	6.20E-02	1.82E-02	
group_8631	2.56E-01	9.36E-18	7.67E-01	2.61E-02	8.82E-02	1.72E-02	
group_7645	2.53E-01	3.01E-02	7.55E-01	-1.94E-02	6.20E-02	1.82E-02	
group_5612	2.56E-01	9.36E-18	7.67E-01	2.61E-02	8.82E-02	1.72E-02	
group_5465	2.53E-01	3.01E-02	7.55E-01	-1.94E-02	6.20E-02	1.82E-02	
arfA	2.49E-01	4.53E-01	6.06E-02	1.14E-01	6.05E-02	1.09E-01	
group_4398	2.53E-01	3.01E-02	7.55E-01	-1.94E-02	6.20E-02	1.82E-02	
group_3052	2.49E-01	4.53E-01	6.06E-02	1.14E-01	6.05E-02	1.09E-01	
group_19844	2.53E-01	1.83E-19	2.02E-01	1.51E-01	1.18E-01	7.42E-02	
group_17189	2.53E-01	1.19E-15	7.61E-01	2.53E-02	8.29E-02	1.78E-02	
group_16078	2.53E-01	1.83E-19	2.50E-01	1.49E-01	1.29E-01	6.69E-02	
group_14841	2.53E-01	1.76E-14	7.16E-01	-2.66E-02	7.31E-02	2.12E-02	
group_13662	2.53E-01	1.19E-15	9.52E-01	4.54E-03	7.48E-02	3.53E-03	
group_13582	2.53E-01	1.19E-15	9.86E-01	1.27E-03	7.47E-02	9.90E-04	
group_13434	2.46E-01	3.95E-05	1.41E-01	-8.14E-02	5.51E-02	8.57E-02	
group_12290	2.53E-01	1.83E-19	1.26E-01	1.25E-01	8.12E-02	8.90E-02	
group_10364	2.53E-01	7.12E-17	9.49E-01	-5.47E-03	8.51E-02	3.74E-03	
group_10017	2.53E-01	7.12E-17	9.49E-01	-5.47E-03	8.51E-02	3.74E-03	
group_9917	2.53E-01	7.12E-17	9.49E-01	-5.47E-03	8.51E-02	3.74E-03	
group_8512	2.53E-01	1.19E-15	4.10E-01	-8.88E-02	1.08E-01	4.80E-02	
group_8417	2.53E-01	7.12E-17	9.49E-01	-5.47E-03	8.51E-02	3.74E-03	
group_7802	2.53E-01	7.12E-17	9.49E-01	-5.47E-03	8.51E-02	3.74E-03	
group_7667	2.53E-01	7.12E-17	9.49E-01	-5.47E-03	8.51E-02	3.74E-03	
group_7502	2.53E-01	1.19E-15	7.53E-01	2.46E-02	7.81E-02	1.83E-02	
group_5347	2.53E-01	7.12E-17	9.49E-01	-5.47E-03	8.51E-02	3.74E-03	
group_4974	2.53E-01	7.12E-17	8.55E-01	1.58E-02	8.59E-02	1.07E-02	
group_4807	2.49E-01	3.23E-05	4.47E-02	-1.25E-01	6.19E-02	1.17E-01	
group_4432	2.53E-01	7.12E-17	9.49E-01	-5.47E-03	8.51E-02	3.74E-03	
group_3764	2.53E-01	7.12E-17	9.49E-01	-5.47E-03	8.51E-02	3.74E-03	
group_20812	2.49E-01	3.46E-02	2.03E-01	8.47E-02	6.65E-02	7.40E-02	
group_20811	2.49E-01	3.46E-02	2.03E-01	8.47E-02	6.65E-02	7.40E-02	
group_20764	2.49E-01	3.46E-02	2.03E-01	8.47E-02	6.65E-02	7.40E-02	
group_20019	2.49E-01	1.52E-01	2.57E-01	6.20E-02	5.46E-02	6.60E-02	
group_20017	2.49E-01	1.52E-01	2.57E-01	6.20E-02	5.46E-02	6.60E-02	
group_16677	2.49E-01	5.19E-16	9.62E-01	3.75E-03	7.84E-02	2.79E-03	
group_16609	2.49E-01	5.19E-16	8.73E-01	-1.48E-02	9.25E-02	9.29E-03	
group_12509	2.49E-01	2.81E-21	1.13E-02	2.23E-01	8.74E-02	1.47E-01	
group_11654	2.49E-01	2.81E-21	1.13E-02	2.23E-01	8.74E-02	1.47E-01	
group_10548	2.49E-01	2.97E-17	3.16E-01	8.19E-02	8.16E-02	5.83E-02	
group_10343	2.49E-01	2.81E-21	1.13E-02	2.23E-01	8.74E-02	1.47E-01	
group_10023	2.49E-01	2.81E-21	1.13E-02	2.23E-01	8.74E-02	1.47E-01	
trbK~~~eexN	2.49E-01	2.81E-21	1.13E-02	2.23E-01	8.74E-02	1.47E-01	
group_9794	2.49E-01	2.81E-21	1.13E-02	2.23E-01	8.74E-02	1.47E-01	
group_8384	2.49E-01	2.81E-21	1.13E-02	2.23E-01	8.74E-02	1.47E-01	
group_8270	2.49E-01	2.81E-21	1.13E-02	2.23E-01	8.74E-02	1.47E-01	
group_8187	2.49E-01	1.72E-03	8.15E-01	-1.37E-02	5.86E-02	1.36E-02	
group_7820	2.49E-01	2.81E-21	1.13E-02	2.23E-01	8.74E-02	1.47E-01	
group_7567	2.49E-01	2.81E-21	1.13E-02	2.23E-01	8.74E-02	1.47E-01	
group_7482	2.46E-01	1.70E-01	1.93E-01	7.99E-02	6.13E-02	7.57E-02	
group_7455	2.49E-01	2.81E-21	1.13E-02	2.23E-01	8.74E-02	1.47E-01	
group_5303	2.49E-01	2.81E-21	1.13E-02	2.23E-01	8.74E-02	1.47E-01	
group_5302	2.49E-01	2.81E-21	1.13E-02	2.23E-01	8.74E-02	1.47E-01	
group_5140	2.49E-01	2.81E-21	1.13E-02	2.23E-01	8.74E-02	1.47E-01	
group_5032	2.49E-01	1.72E-03	8.15E-01	-1.37E-02	5.86E-02	1.36E-02	
tar	2.49E-01	6.91E-20	7.78E-01	2.75E-02	9.75E-02	1.64E-02	
group_3654	2.49E-01	2.81E-21	1.13E-02	2.23E-01	8.74E-02	1.47E-01	
group_3282	2.49E-01	2.81E-21	1.13E-02	2.23E-01	8.74E-02	1.47E-01	
group_19957	2.46E-01	5.88E-19	5.06E-01	6.46E-02	9.69E-02	3.88E-02	
group_19926	2.46E-01	2.21E-16	8.12E-01	1.87E-02	7.84E-02	1.39E-02	
group_19308	2.46E-01	5.88E-19	5.06E-01	6.46E-02	9.69E-02	3.88E-02	
group_19257	2.46E-01	2.21E-16	8.21E-01	1.88E-02	8.29E-02	1.32E-02	
group_19146	2.46E-01	3.61E-15	8.97E-01	-1.04E-02	7.99E-02	7.56E-03	
group_16244	2.46E-01	2.05E-03	7.78E-01	-1.84E-02	6.53E-02	1.64E-02	
group_16130	2.46E-01	2.05E-03	7.78E-01	-1.84E-02	6.53E-02	1.64E-02	
group_13886	2.46E-01	9.83E-22	1.04E-02	3.77E-01	1.46E-01	1.49E-01	
group_13858	2.46E-01	2.21E-16	3.26E-01	1.17E-01	1.19E-01	5.72E-02	
group_13416	2.46E-01	5.88E-19	8.25E-01	2.14E-02	9.68E-02	1.29E-02	
group_13014	2.46E-01	2.21E-16	8.15E-01	1.86E-02	7.93E-02	1.36E-02	
group_12974	2.42E-01	1.05E-05	2.83E-03	-1.98E-01	6.57E-02	1.73E-01	bad-chisq
group_12625	2.42E-01	1.89E-01	2.02E-01	7.75E-02	6.06E-02	7.43E-02	
group_12367	2.42E-01	9.23E-17	8.80E-01	1.22E-02	8.06E-02	8.80E-03	
group_12093	2.46E-01	8.64E-02	5.83E-01	3.29E-02	5.99E-02	3.19E-02	
group_11980	2.46E-01	2.21E-16	6.94E-01	3.73E-02	9.46E-02	2.29E-02	
group_10100	2.46E-01	2.55E-20	3.18E-01	1.83E-01	1.83E-01	5.82E-02	
group_9365	2.46E-01	9.83E-22	4.54E-04	4.26E-01	1.20E-01	2.02E-01	
group_5442	2.39E-01	2.51E-06	3.48E-03	-1.70E-01	5.79E-02	1.69E-01	bad-chisq
group_20004	2.42E-01	1.89E-01	2.29E-01	6.62E-02	5.49E-02	7.01E-02	
group_19704	2.42E-01	2.22E-19	3.57E-01	9.58E-02	1.04E-01	5.36E-02	
group_19379	2.42E-01	4.80E-18	3.37E-01	7.69E-02	8.00E-02	5.59E-02	
group_19309	2.39E-01	2.42E-04	2.09E-01	-6.92E-02	5.50E-02	7.30E-02	
group_18227	2.42E-01	4.80E-18	4.89E-01	6.24E-02	8.99E-02	4.03E-02	
group_17565	2.42E-01	9.13E-21	7.18E-02	2.99E-01	1.65E-01	1.05E-01	
group_16072	2.42E-01	2.22E-19	7.74E-01	4.69E-02	1.63E-01	1.68E-02	
group_13704	2.42E-01	2.22E-19	3.89E-01	9.65E-02	1.12E-01	5.01E-02	
group_13623	2.42E-01	2.22E-19	3.89E-01	9.65E-02	1.12E-01	5.01E-02	
group_13621	2.42E-01	2.22E-19	3.89E-01	9.65E-02	1.12E-01	5.01E-02	
group_13495	2.42E-01	9.23E-17	8.71E-01	-1.55E-02	9.54E-02	9.48E-03	
group_13074	2.42E-01	2.22E-19	3.89E-01	9.65E-02	1.12E-01	5.01E-02	
group_13072	2.42E-01	2.22E-19	3.89E-01	9.65E-02	1.12E-01	5.01E-02	
group_12754	2.42E-01	1.09E-23	4.02E-03	2.65E-01	9.15E-02	1.66E-01	
group_12456	2.42E-01	9.13E-21	1.61E-01	3.12E-01	2.22E-01	8.15E-02	
group_12337	2.42E-01	2.22E-19	3.89E-01	9.65E-02	1.12E-01	5.01E-02	
group_12284	2.36E-01	2.92E-04	3.06E-01	-5.70E-02	5.56E-02	5.96E-02	
group_12277	2.42E-01	9.23E-17	7.86E-01	2.21E-02	8.16E-02	1.58E-02	
group_11567	2.42E-01	9.13E-21	1.61E-01	3.12E-01	2.22E-01	8.15E-02	
group_10379	2.42E-01	9.13E-21	8.01E-02	2.31E-01	1.31E-01	1.02E-01	
group_8725	2.39E-01	8.82E-04	4.38E-01	-4.91E-02	6.33E-02	4.52E-02	
intA	2.42E-01	4.80E-18	2.48E-01	9.89E-02	8.55E-02	6.72E-02	
group_7112	2.42E-01	9.13E-21	1.61E-01	3.12E-01	2.22E-01	8.15E-02	
group_5352	2.42E-01	9.13E-21	1.61E-01	3.12E-01	2.22E-01	8.15E-02	
group_4877	2.42E-01	9.13E-21	1.61E-01	3.12E-01	2.22E-01	8.15E-02	
group_20337	2.39E-01	1.10E-22	2.05E-02	2.70E-01	1.16E-01	1.34E-01	
group_20335	2.39E-01	1.10E-22	2.05E-02	2.70E-01	1.16E-01	1.34E-01	
group_19956	2.39E-01	1.85E-18	7.45E-01	3.10E-02	9.51E-02	1.89E-02	
group_19276	2.39E-01	8.14E-20	1.77E-01	1.18E-01	8.70E-02	7.86E-02	
group_19256	2.39E-01	1.85E-18	3.00E-01	8.36E-02	8.05E-02	6.03E-02	
group_19030	2.26E-01	8.68E-02	8.22E-01	1.33E-02	5.89E-02	1.31E-02	
group_17995	2.39E-01	1.85E-18	5.59E-01	5.38E-02	9.19E-02	3.41E-02	
group_16349	2.32E-01	1.26E-03	4.05E-01	-4.94E-02	5.93E-02	4.85E-02	
group_14945	2.36E-01	1.58E-05	7.19E-02	-2.77E-01	1.53E-01	1.05E-01	bad-chisq
group_13706	2.39E-01	8.14E-20	3.30E-01	1.09E-01	1.11E-01	5.67E-02	
group_10891	2.32E-01	1.26E-03	6.77E-01	-2.68E-02	6.43E-02	2.42E-02	
group_9832	2.39E-01	3.75E-17	5.88E-01	4.65E-02	8.58E-02	3.15E-02	
group_9172	2.32E-01	1.26E-03	6.77E-01	-2.68E-02	6.43E-02	2.42E-02	
group_9169	2.32E-01	1.26E-03	6.77E-01	-2.68E-02	6.43E-02	2.42E-02	
torD	2.39E-01	8.14E-20	6.95E-01	7.13E-02	1.82E-01	2.29E-02	
group_6819	2.39E-01	3.18E-21	3.18E-02	4.09E-01	1.90E-01	1.25E-01	
group_6416	2.32E-01	1.26E-03	6.77E-01	-2.68E-02	6.43E-02	2.42E-02	
group_4544	2.39E-01	3.18E-21	2.12E-01	1.95E-01	1.56E-01	7.27E-02	
group_4521	2.36E-01	5.92E-02	6.16E-01	2.69E-02	5.35E-02	2.92E-02	
group_20683	2.36E-01	6.97E-19	3.02E-01	9.89E-02	9.57E-02	6.01E-02	
group_18010	2.36E-01	6.97E-19	4.61E-01	7.20E-02	9.76E-02	4.29E-02	
group_16230	2.36E-01	2.90E-20	1.68E-01	2.17E-01	1.57E-01	8.01E-02	
group_14803	2.32E-01	1.26E-03	3.88E-01	-4.56E-02	5.28E-02	5.03E-02	
group_13511	2.36E-01	7.06E-14	3.09E-01	6.64E-02	6.51E-02	5.93E-02	
group_12819	2.36E-01	1.07E-21	1.17E-03	2.92E-01	8.92E-02	1.87E-01	
group_11968	2.29E-01	2.85E-01	2.68E-01	5.91E-02	5.32E-02	6.45E-02	
group_11456	2.36E-01	2.90E-20	5.89E-01	8.91E-02	1.65E-01	3.15E-02	
group_11125	2.36E-01	2.90E-20	5.89E-01	8.91E-02	1.65E-01	3.15E-02	
group_9958	2.36E-01	2.90E-20	1.66E-01	2.18E-01	1.57E-01	8.05E-02	
group_9896	2.36E-01	1.49E-17	3.04E-01	-1.33E-01	1.29E-01	5.98E-02	
group_9757	2.32E-01	1.26E-03	8.99E-01	-7.51E-03	5.90E-02	7.42E-03	
group_9217	2.36E-01	2.90E-20	5.89E-01	8.91E-02	1.65E-01	3.15E-02	
group_8522	2.36E-01	1.24E-01	4.95E-01	4.15E-02	6.08E-02	3.97E-02	
group_7731	2.36E-01	2.90E-20	1.67E-01	2.18E-01	1.57E-01	8.04E-02	
group_7637	2.36E-01	6.97E-19	7.60E-01	-4.83E-02	1.58E-01	1.78E-02	
group_6558	2.36E-01	2.90E-20	1.67E-01	2.18E-01	1.57E-01	8.04E-02	
group_4573	2.32E-01	1.15E-02	4.77E-01	-3.76E-02	5.28E-02	4.15E-02	
group_4281	2.36E-01	2.90E-20	5.89E-01	8.91E-02	1.65E-01	3.15E-02	
group_4203	2.36E-01	6.97E-19	7.60E-01	-4.82E-02	1.58E-01	1.78E-02	
group_4140	2.36E-01	2.90E-20	1.67E-01	2.18E-01	1.57E-01	8.04E-02	
group_3739	2.36E-01	2.90E-20	5.89E-01	8.91E-02	1.65E-01	3.15E-02	
group_3667	2.36E-01	2.90E-20	5.89E-01	8.91E-02	1.65E-01	3.15E-02	
group_3612	2.36E-01	6.97E-19	7.60E-01	-4.83E-02	1.58E-01	1.78E-02	
group_3371	2.36E-01	6.97E-19	7.60E-01	-4.82E-02	1.58E-01	1.78E-02	
group_3346	2.36E-01	2.90E-20	5.89E-01	8.91E-02	1.65E-01	3.15E-02	
gsiD	2.36E-01	2.90E-20	5.89E-01	8.91E-02	1.65E-01	3.15E-02	
group_19986	2.32E-01	3.51E-22	1.66E-02	2.94E-01	1.22E-01	1.39E-01	
group_19189	2.32E-01	2.55E-19	3.31E-01	9.83E-02	1.01E-01	5.66E-02	
group_17105	2.32E-01	2.55E-19	6.40E-01	5.19E-02	1.11E-01	2.73E-02	
group_15401	2.29E-01	1.50E-03	6.07E-01	-2.79E-02	5.42E-02	3.00E-02	
group_10868	2.32E-01	3.51E-22	7.17E-02	2.48E-01	1.37E-01	1.05E-01	
group_9428	2.32E-01	5.73E-18	7.16E-01	3.63E-02	9.98E-02	2.12E-02	
group_8793	2.32E-01	2.58E-01	2.10E-01	6.90E-02	5.49E-02	7.30E-02	
group_8174	2.32E-01	5.73E-18	7.16E-01	3.63E-02	9.98E-02	2.12E-02	
group_6987	2.32E-01	1.00E-20	2.45E-01	1.86E-01	1.59E-01	6.76E-02	
group_6821	2.32E-01	5.73E-18	7.16E-01	3.63E-02	9.98E-02	2.12E-02	
group_5015	2.32E-01	5.73E-18	7.16E-01	3.63E-02	9.98E-02	2.12E-02	
spoVK	2.32E-01	5.73E-18	7.16E-01	3.63E-02	9.98E-02	2.12E-02	
group_20296	2.29E-01	1.07E-04	1.67E-01	-8.29E-02	5.99E-02	8.04E-02	
group_20294	2.29E-01	1.07E-04	1.67E-01	-8.29E-02	5.99E-02	8.04E-02	
group_20220	2.29E-01	1.07E-04	1.67E-01	-8.29E-02	5.99E-02	8.04E-02	
group_20044	2.29E-01	1.07E-04	1.67E-01	-8.29E-02	5.99E-02	8.04E-02	
group_19842	2.29E-01	2.85E-01	1.77E-01	7.55E-02	5.58E-02	7.85E-02	
group_19609	2.29E-01	3.36E-21	4.05E-01	1.01E-01	1.21E-01	4.85E-02	
group_15162	2.29E-01	1.11E-22	3.00E-02	3.04E-01	1.39E-01	1.26E-01	
group_10146	2.29E-01	9.86E-01	7.65E-03	1.51E-01	5.63E-02	1.54E-01	
group_7764	2.29E-01	3.36E-21	2.06E-01	1.54E-01	1.21E-01	7.36E-02	
group_4312	2.29E-01	3.36E-21	2.06E-01	1.54E-01	1.21E-01	7.36E-02	
group_4252	2.29E-01	9.02E-20	3.05E-01	9.84E-02	9.58E-02	5.97E-02	
group_1761	2.29E-01	9.02E-20	3.05E-01	9.84E-02	9.58E-02	5.97E-02	
group_29520	2.26E-01	1.09E-21	8.55E-03	2.75E-01	1.04E-01	1.52E-01	
group_29519	2.26E-01	1.09E-21	8.55E-03	2.75E-01	1.04E-01	1.52E-01	
group_22967	2.26E-01	1.09E-21	3.24E-01	1.49E-01	1.51E-01	5.75E-02	
group_21796	2.26E-01	3.10E-20	4.75E-01	8.14E-02	1.14E-01	4.16E-02	
group_20838	2.22E-01	6.58E-03	9.29E-01	-4.82E-03	5.42E-02	5.17E-03	
group_20478	2.26E-01	1.29E-04	1.65E-01	-8.39E-02	6.02E-02	8.08E-02	
group_19473	2.26E-01	3.10E-20	7.36E-01	4.40E-02	1.30E-01	1.97E-02	
group_19192	2.26E-01	1.09E-21	2.56E-02	2.39E-01	1.06E-01	1.30E-01	
group_17967	2.15E-01	8.79E-04	6.12E-01	-3.26E-02	6.42E-02	2.96E-02	
group_17776	2.15E-01	8.79E-04	6.12E-01	-3.26E-02	6.42E-02	2.96E-02	
group_17775	2.15E-01	8.79E-04	6.12E-01	-3.26E-02	6.42E-02	2.96E-02	
group_17419	2.15E-01	8.79E-04	6.12E-01	-3.26E-02	6.42E-02	2.96E-02	
mdtN	2.26E-01	1.74E-01	1.69E-01	8.53E-02	6.19E-02	7.99E-02	
mdtO	2.26E-01	1.74E-01	1.69E-01	8.53E-02	6.19E-02	7.99E-02	
group_16576	2.26E-01	1.74E-01	1.69E-01	8.53E-02	6.19E-02	7.99E-02	
group_15560	2.19E-01	7.34E-04	4.44E-01	-4.32E-02	5.63E-02	4.46E-02	
group_12543	2.26E-01	1.09E-21	7.05E-02	2.12E-01	1.17E-01	1.05E-01	
group_12108	2.26E-01	1.74E-01	4.54E-01	4.47E-02	5.96E-02	4.36E-02	
group_11386	2.26E-01	1.09E-21	1.41E-01	2.10E-01	1.42E-01	8.57E-02	
group_11344	2.19E-01	7.34E-04	3.42E-01	-5.34E-02	5.61E-02	5.54E-02	
group_10610	2.26E-01	3.14E-01	1.67E-01	7.74E-02	5.58E-02	8.04E-02	
group_9941	2.26E-01	1.09E-21	1.41E-01	2.10E-01	1.42E-01	8.57E-02	
group_8785	2.26E-01	3.14E-01	1.49E-01	8.01E-02	5.53E-02	8.39E-02	
group_19608	2.22E-01	3.41E-22	1.84E-01	1.89E-01	1.42E-01	7.72E-02	
group_19380	2.22E-01	2.74E-19	5.07E-01	6.57E-02	9.88E-02	3.87E-02	
group_19240	2.22E-01	3.45E-01	1.43E-01	8.29E-02	5.64E-02	8.52E-02	
group_17650	2.15E-01	8.79E-04	6.12E-01	-3.26E-02	6.42E-02	2.96E-02	
group_16612	2.22E-01	6.12E-04	2.51E-01	-6.16E-02	5.36E-02	6.68E-02	
group_16163	2.22E-01	1.03E-20	2.87E-01	1.36E-01	1.27E-01	6.19E-02	
group_13488	2.15E-01	9.06E-03	2.95E-01	-5.30E-02	5.05E-02	6.10E-02	
group_12410	2.12E-01	1.40E-01	8.16E-01	1.40E-02	6.02E-02	1.36E-02	
group_10872	2.22E-01	6.58E-03	7.02E-01	-2.23E-02	5.83E-02	2.23E-02	
group_10246	2.22E-01	9.06E-01	3.77E-03	1.85E-01	6.34E-02	1.68E-01	
group_9993	2.22E-01	3.55E-05	1.09E-02	-1.89E-01	7.36E-02	1.47E-01	bad-chisq
group_9121	2.22E-01	3.41E-22	7.16E-02	2.71E-01	1.50E-01	1.05E-01	
group_8086	2.22E-01	3.41E-22	2.27E-01	1.67E-01	1.38E-01	7.04E-02	
group_7325	2.15E-01	8.79E-04	3.95E-01	-5.37E-02	6.31E-02	4.95E-02	
group_4210	2.22E-01	3.41E-22	1.21E-01	2.03E-01	1.31E-01	9.01E-02	
group_3242	2.22E-01	3.41E-22	1.21E-01	2.03E-01	1.31E-01	9.01E-02	
group_22085	2.19E-01	2.83E-24	3.72E-03	5.91E-01	2.02E-01	1.68E-01	
group_21574	2.19E-01	1.03E-22	5.42E-02	2.76E-01	1.43E-01	1.12E-01	
group_21393	2.19E-01	1.03E-22	2.19E-01	1.97E-01	1.60E-01	7.15E-02	
group_17207	2.19E-01	1.03E-22	2.19E-01	1.91E-01	1.55E-01	7.15E-02	
group_16351	2.19E-01	3.78E-01	1.51E-01	8.13E-02	5.65E-02	8.34E-02	
group_11378	2.19E-01	3.31E-21	8.45E-02	2.13E-01	1.23E-01	1.00E-01	
group_10598	2.12E-01	3.54E-03	5.33E-01	-3.54E-02	5.68E-02	3.63E-02	
group_7997	2.19E-01	1.03E-22	5.42E-02	2.76E-01	1.43E-01	1.12E-01	
group_7803	2.19E-01	2.83E-24	3.72E-03	5.91E-01	2.02E-01	1.68E-01	
group_7549	2.19E-01	2.83E-24	3.72E-03	5.91E-01	2.02E-01	1.68E-01	
group_7102	2.19E-01	1.03E-22	8.21E-02	2.45E-01	1.40E-01	1.01E-01	
group_6866	2.19E-01	2.83E-24	3.72E-03	5.91E-01	2.02E-01	1.68E-01	
group_6405	2.19E-01	1.03E-22	8.21E-02	2.45E-01	1.40E-01	1.01E-01	
group_5363	2.19E-01	2.83E-24	3.72E-03	5.91E-01	2.02E-01	1.68E-01	
group_4772	2.19E-01	1.03E-22	5.42E-02	2.76E-01	1.43E-01	1.12E-01	
group_4612	2.19E-01	1.03E-22	5.42E-02	2.76E-01	1.43E-01	1.12E-01	
tadE	2.19E-01	2.83E-24	3.72E-03	5.91E-01	2.02E-01	1.68E-01	
group_4335	2.19E-01	2.83E-24	3.72E-03	5.91E-01	2.02E-01	1.68E-01	
group_4327	2.19E-01	9.35E-20	7.59E-01	-4.00E-02	1.30E-01	1.79E-02	
group_4298	2.19E-01	2.83E-24	3.72E-03	5.91E-01	2.02E-01	1.68E-01	
group_4164	2.19E-01	2.83E-24	3.72E-03	5.91E-01	2.02E-01	1.68E-01	
group_4135	2.19E-01	2.83E-24	3.72E-03	5.91E-01	2.02E-01	1.68E-01	
group_4006	2.19E-01	1.03E-22	5.42E-02	2.76E-01	1.43E-01	1.12E-01	
group_3798	2.19E-01	2.83E-24	3.72E-03	5.91E-01	2.02E-01	1.68E-01	
ybhO~~~clsB	2.19E-01	2.83E-24	3.72E-03	5.91E-01	2.02E-01	1.68E-01	
group_3199	2.19E-01	2.83E-24	3.72E-03	5.91E-01	2.02E-01	1.68E-01	
group_3198	2.19E-01	2.83E-24	3.72E-03	5.91E-01	2.02E-01	1.68E-01	
group_3147	2.19E-01	2.83E-24	3.72E-03	5.91E-01	2.02E-01	1.68E-01	
group_3075	2.19E-01	2.83E-24	3.72E-03	5.91E-01	2.02E-01	1.68E-01	
group_2213	2.19E-01	2.83E-24	3.72E-03	5.91E-01	2.02E-01	1.68E-01	
group_1510	2.19E-01	1.03E-22	5.42E-02	2.76E-01	1.43E-01	1.12E-01	
group_957	2.19E-01	2.83E-24	3.72E-03	5.91E-01	2.02E-01	1.68E-01	
group_291	2.19E-01	1.03E-22	5.42E-02	2.76E-01	1.43E-01	1.12E-01	
group_23103	2.15E-01	3.00E-23	8.59E-02	2.95E-01	1.71E-01	9.98E-02	
group_22907	2.15E-01	3.00E-23	8.59E-02	2.95E-01	1.71E-01	9.98E-02	
group_22798	2.15E-01	1.02E-21	9.54E-02	2.10E-01	1.25E-01	9.70E-02	
group_22589	2.15E-01	3.00E-23	8.59E-02	2.95E-01	1.71E-01	9.98E-02	
group_22483	2.15E-01	3.00E-23	8.59E-02	2.95E-01	1.71E-01	9.98E-02	
group_22455	2.15E-01	3.00E-23	8.59E-02	2.95E-01	1.71E-01	9.98E-02	
group_22322	2.15E-01	3.00E-23	8.57E-02	2.96E-01	1.71E-01	9.99E-02	
group_22321	2.15E-01	3.00E-23	8.59E-02	2.95E-01	1.71E-01	9.98E-02	
group_22003	2.15E-01	3.00E-23	8.59E-02	2.95E-01	1.71E-01	9.98E-02	
group_21982	2.12E-01	3.05E-22	3.47E-02	2.69E-01	1.27E-01	1.23E-01	
group_21960	2.15E-01	3.00E-23	8.59E-02	2.95E-01	1.71E-01	9.98E-02	
group_21856	2.15E-01	1.02E-21	9.54E-02	2.10E-01	1.25E-01	9.70E-02	
group_21360	2.15E-01	3.00E-23	8.59E-02	2.95E-01	1.71E-01	9.98E-02	
group_20778	2.15E-01	8.79E-04	3.15E-01	-5.87E-02	5.83E-02	5.85E-02	
group_20731	2.15E-01	8.79E-04	3.15E-01	-5.87E-02	5.83E-02	5.85E-02	
group_20730	2.15E-01	8.79E-04	3.15E-01	-5.87E-02	5.83E-02	5.85E-02	
group_20322	2.15E-01	3.00E-23	4.00E-02	3.14E-01	1.52E-01	1.19E-01	
group_20297	2.15E-01	3.00E-23	5.61E-02	2.91E-01	1.52E-01	1.11E-01	
group_20052	2.15E-01	3.00E-23	5.61E-02	2.91E-01	1.52E-01	1.11E-01	
group_17204	2.15E-01	1.02E-21	9.54E-02	2.10E-01	1.25E-01	9.70E-02	
group_16844	2.09E-01	1.25E-03	4.69E-01	-4.14E-02	5.70E-02	4.22E-02	
cyaE~~~bepC	2.15E-01	2.39E-01	1.31E-01	9.27E-02	6.12E-02	8.78E-02	
group_16558	2.15E-01	3.08E-20	3.27E-01	1.09E-01	1.11E-01	5.71E-02	
group_16422	2.15E-01	3.00E-23	8.59E-02	2.95E-01	1.71E-01	9.98E-02	
group_16370	2.15E-01	1.02E-21	9.54E-02	2.10E-01	1.25E-01	9.70E-02	
group_16293	2.15E-01	3.00E-23	3.23E-02	3.35E-01	1.56E-01	1.24E-01	
group_15389	2.15E-01	3.00E-23	8.59E-02	2.95E-01	1.71E-01	9.98E-02	
group_12680	2.15E-01	3.00E-23	8.59E-02	2.95E-01	1.71E-01	9.98E-02	
group_12339	2.15E-01	1.60E-12	6.86E-01	2.87E-02	7.10E-02	2.35E-02	
group_12250	2.15E-01	3.08E-20	3.27E-01	1.09E-01	1.11E-01	5.71E-02	
group_11290	2.09E-01	4.19E-03	2.52E-01	-6.55E-02	5.70E-02	6.67E-02	
group_11100	2.12E-01	3.05E-22	3.47E-02	2.69E-01	1.27E-01	1.23E-01	
group_11099	2.12E-01	3.05E-22	3.47E-02	2.69E-01	1.27E-01	1.23E-01	
group_10942	2.15E-01	3.08E-20	1.32E-01	1.48E-01	9.79E-02	8.77E-02	
group_10616	2.15E-01	4.13E-01	1.35E-01	8.43E-02	5.63E-02	8.68E-02	
group_9778	2.15E-01	1.02E-21	9.54E-02	2.10E-01	1.25E-01	9.70E-02	
group_9600	2.15E-01	3.00E-23	4.30E-02	3.10E-01	1.52E-01	1.18E-01	
group_9569	2.15E-01	4.13E-01	1.35E-01	8.43E-02	5.63E-02	8.68E-02	
group_9447	2.12E-01	3.05E-22	3.47E-02	2.69E-01	1.27E-01	1.23E-01	
group_9446	2.12E-01	3.05E-22	3.47E-02	2.69E-01	1.27E-01	1.23E-01	
group_9338	2.15E-01	3.00E-23	9.15E-02	3.12E-01	1.84E-01	9.81E-02	
group_9015	2.15E-01	3.00E-23	8.59E-02	2.95E-01	1.71E-01	9.98E-02	
group_8792	2.15E-01	4.13E-01	1.35E-01	8.43E-02	5.63E-02	8.68E-02	
group_8720	2.15E-01	3.00E-23	8.59E-02	2.95E-01	1.71E-01	9.98E-02	
group_7835	2.15E-01	1.02E-21	9.54E-02	2.10E-01	1.25E-01	9.70E-02	
group_7811	2.15E-01	3.00E-23	8.59E-02	2.95E-01	1.71E-01	9.98E-02	
group_7758	2.15E-01	1.02E-21	2.81E-01	1.50E-01	1.39E-01	6.27E-02	
group_7743	2.15E-01	3.00E-23	8.59E-02	2.95E-01	1.71E-01	9.98E-02	
group_6947	2.15E-01	3.00E-23	8.59E-02	2.95E-01	1.71E-01	9.98E-02	
group_6847	2.12E-01	3.05E-22	3.47E-02	2.69E-01	1.27E-01	1.23E-01	
group_6846	2.12E-01	3.05E-22	3.47E-02	2.69E-01	1.27E-01	1.23E-01	
group_5997	2.15E-01	3.00E-23	8.59E-02	2.95E-01	1.71E-01	9.98E-02	
group_5949	2.15E-01	3.00E-23	8.59E-02	2.95E-01	1.71E-01	9.98E-02	
group_5378	2.15E-01	3.00E-23	8.59E-02	2.95E-01	1.71E-01	9.98E-02	
group_4538	2.15E-01	3.00E-23	8.59E-02	2.95E-01	1.71E-01	9.98E-02	
group_4493	2.15E-01	7.72E-25	3.24E-04	6.13E-01	1.68E-01	2.07E-01	
group_4490	2.15E-01	3.00E-23	8.59E-02	2.95E-01	1.71E-01	9.98E-02	
ymfN	2.15E-01	1.02E-21	9.54E-02	2.10E-01	1.25E-01	9.70E-02	
group_4436	2.15E-01	3.00E-23	8.59E-02	2.95E-01	1.71E-01	9.98E-02	
group_4428	2.15E-01	3.00E-23	8.59E-02	2.95E-01	1.71E-01	9.98E-02	
group_4403	2.15E-01	3.00E-23	8.59E-02	2.95E-01	1.71E-01	9.98E-02	
group_4400	2.15E-01	3.00E-23	8.59E-02	2.95E-01	1.71E-01	9.98E-02	
group_4333	2.15E-01	3.00E-23	8.59E-02	2.95E-01	1.71E-01	9.98E-02	
mscS	2.15E-01	3.00E-23	8.59E-02	2.95E-01	1.71E-01	9.98E-02	
group_4117	2.15E-01	1.02E-21	9.54E-02	2.10E-01	1.25E-01	9.70E-02	
group_4079	2.15E-01	3.00E-23	8.59E-02	2.95E-01	1.71E-01	9.98E-02	
group_4064	2.15E-01	1.02E-21	9.54E-02	2.10E-01	1.25E-01	9.70E-02	
group_4034	2.15E-01	3.00E-23	8.59E-02	2.95E-01	1.71E-01	9.98E-02	
ufaA1	2.15E-01	3.00E-23	8.59E-02	2.95E-01	1.71E-01	9.98E-02	
group_3985	2.15E-01	3.00E-23	8.59E-02	2.95E-01	1.71E-01	9.98E-02	
group_3971	2.15E-01	1.02E-21	9.54E-02	2.10E-01	1.25E-01	9.70E-02	
group_3970	2.15E-01	1.02E-21	9.54E-02	2.10E-01	1.25E-01	9.70E-02	
arsC	2.15E-01	3.00E-23	8.59E-02	2.95E-01	1.71E-01	9.98E-02	
group_3869	2.15E-01	1.02E-21	9.54E-02	2.10E-01	1.25E-01	9.70E-02	
group_3788	2.15E-01	3.00E-23	8.59E-02	2.95E-01	1.71E-01	9.98E-02	
group_3729	2.15E-01	3.00E-23	8.59E-02	2.95E-01	1.71E-01	9.98E-02	
group_3509	2.15E-01	3.00E-23	8.59E-02	2.95E-01	1.71E-01	9.98E-02	
group_3502	2.15E-01	3.00E-23	8.59E-02	2.95E-01	1.71E-01	9.98E-02	
group_3459	2.15E-01	1.02E-21	9.54E-02	2.10E-01	1.25E-01	9.70E-02	
group_3376	2.15E-01	3.00E-23	8.59E-02	2.95E-01	1.71E-01	9.98E-02	
group_3201	2.15E-01	3.00E-23	8.60E-02	2.95E-01	1.71E-01	9.98E-02	
group_3195	2.15E-01	3.00E-23	8.59E-02	2.95E-01	1.71E-01	9.98E-02	
group_3194	2.15E-01	3.00E-23	8.59E-02	2.95E-01	1.71E-01	9.98E-02	
group_2169	2.15E-01	1.02E-21	9.54E-02	2.10E-01	1.25E-01	9.70E-02	
group_1467	2.15E-01	3.00E-23	8.59E-02	2.95E-01	1.71E-01	9.98E-02	
group_1369	2.15E-01	1.02E-21	9.54E-02	2.10E-01	1.25E-01	9.70E-02	
group_24769	2.12E-01	8.38E-24	1.40E-02	4.27E-01	1.73E-01	1.42E-01	
group_24768	2.12E-01	8.38E-24	1.40E-02	4.27E-01	1.73E-01	1.42E-01	
group_24179	2.12E-01	8.38E-24	1.40E-02	4.27E-01	1.73E-01	1.42E-01	
group_24142	2.12E-01	8.38E-24	1.40E-02	4.27E-01	1.73E-01	1.42E-01	
group_23981	2.12E-01	8.38E-24	1.40E-02	4.27E-01	1.73E-01	1.42E-01	
group_23785	2.12E-01	3.05E-22	3.74E-01	1.35E-01	1.52E-01	5.17E-02	
group_23548	2.12E-01	8.38E-24	1.15E-02	3.82E-01	1.50E-01	1.46E-01	
group_23388	2.12E-01	3.05E-22	3.74E-01	1.35E-01	1.52E-01	5.17E-02	
group_23173	2.12E-01	3.05E-22	3.74E-01	1.35E-01	1.52E-01	5.17E-02	
group_22045	2.12E-01	8.38E-24	1.40E-02	4.27E-01	1.73E-01	1.42E-01	
group_21695	2.12E-01	8.38E-24	1.17E-02	3.82E-01	1.50E-01	1.46E-01	
group_21392	2.12E-01	8.38E-24	1.40E-02	4.27E-01	1.73E-01	1.42E-01	
group_20048	2.12E-01	3.05E-22	2.47E-01	1.60E-01	1.38E-01	6.73E-02	
group_20047	2.12E-01	3.05E-22	2.47E-01	1.60E-01	1.38E-01	6.73E-02	
group_19621	2.12E-01	3.05E-22	2.47E-01	1.60E-01	1.38E-01	6.73E-02	
group_17474	2.12E-01	3.05E-22	2.47E-01	1.60E-01	1.38E-01	6.73E-02	
group_17473	2.12E-01	3.05E-22	2.47E-01	1.60E-01	1.38E-01	6.73E-02	
group_16950	2.12E-01	3.05E-22	2.47E-01	1.60E-01	1.38E-01	6.73E-02	
group_15538	2.12E-01	8.38E-24	1.40E-02	4.27E-01	1.73E-01	1.42E-01	
hexR	2.12E-01	3.05E-22	3.74E-01	1.35E-01	1.52E-01	5.17E-02	
group_15233	2.12E-01	8.38E-24	1.40E-02	4.27E-01	1.73E-01	1.42E-01	
group_13382	2.12E-01	8.38E-24	1.40E-02	4.27E-01	1.73E-01	1.42E-01	
group_13380	2.12E-01	3.05E-22	3.74E-01	1.35E-01	1.52E-01	5.17E-02	
group_13379	2.12E-01	8.38E-24	1.15E-02	3.82E-01	1.50E-01	1.46E-01	
group_11463	2.12E-01	8.38E-24	1.40E-02	4.27E-01	1.73E-01	1.42E-01	
group_10846	2.12E-01	3.05E-22	3.74E-01	1.35E-01	1.52E-01	5.17E-02	
group_10566	2.12E-01	3.05E-22	3.74E-01	1.35E-01	1.52E-01	5.17E-02	
group_9999	2.12E-01	8.38E-24	1.40E-02	4.27E-01	1.73E-01	1.42E-01	
group_9901	2.12E-01	8.38E-24	1.40E-02	4.27E-01	1.73E-01	1.42E-01	
group_9789	2.12E-01	8.38E-24	1.40E-02	4.27E-01	1.73E-01	1.42E-01	
group_9306	2.12E-01	8.38E-24	1.40E-02	4.27E-01	1.73E-01	1.42E-01	
group_8440	2.12E-01	3.05E-22	3.74E-01	1.35E-01	1.52E-01	5.17E-02	
group_7920	2.12E-01	8.38E-24	1.15E-02	3.82E-01	1.50E-01	1.46E-01	
group_7806	2.12E-01	3.05E-22	3.74E-01	1.35E-01	1.52E-01	5.17E-02	
group_7657	2.12E-01	3.05E-22	3.74E-01	1.35E-01	1.52E-01	5.17E-02	
ftrA	2.12E-01	3.05E-22	3.74E-01	1.35E-01	1.52E-01	5.17E-02	
group_7127	2.12E-01	3.05E-22	3.74E-01	1.35E-01	1.52E-01	5.17E-02	
group_7100	2.12E-01	3.05E-22	3.74E-01	1.35E-01	1.52E-01	5.17E-02	
group_7031	2.12E-01	8.38E-24	1.40E-02	4.27E-01	1.73E-01	1.42E-01	
group_7022	2.12E-01	3.05E-22	6.87E-02	2.31E-01	1.26E-01	1.06E-01	
group_6540	2.12E-01	3.05E-22	3.74E-01	1.35E-01	1.52E-01	5.17E-02	
group_6470	2.12E-01	8.38E-24	1.40E-02	4.27E-01	1.73E-01	1.42E-01	
group_6363	2.12E-01	8.38E-24	1.17E-02	3.82E-01	1.50E-01	1.46E-01	
group_6322	2.12E-01	9.79E-21	2.80E-01	1.27E-01	1.18E-01	6.28E-02	
group_6115	2.12E-01	8.38E-24	1.17E-02	3.82E-01	1.50E-01	1.46E-01	
group_6080	2.12E-01	8.38E-24	1.17E-02	3.81E-01	1.50E-01	1.46E-01	
group_5921	2.12E-01	8.38E-24	1.15E-02	3.82E-01	1.50E-01	1.46E-01	
group_4959	2.12E-01	8.38E-24	1.40E-02	4.27E-01	1.73E-01	1.42E-01	
group_4506	2.12E-01	3.05E-22	3.74E-01	1.35E-01	1.52E-01	5.17E-02	
group_4503	2.12E-01	8.38E-24	5.74E-03	3.80E-01	1.37E-01	1.60E-01	
group_4440	2.12E-01	8.38E-24	5.74E-03	3.80E-01	1.37E-01	1.60E-01	
group_4418	2.12E-01	8.38E-24	1.40E-02	4.27E-01	1.73E-01	1.42E-01	
group_4323	2.12E-01	8.38E-24	1.40E-02	4.27E-01	1.73E-01	1.42E-01	
group_4310	2.12E-01	8.38E-24	1.40E-02	4.27E-01	1.73E-01	1.42E-01	
group_4241	2.12E-01	8.38E-24	1.40E-02	4.27E-01	1.73E-01	1.42E-01	
group_4139	2.12E-01	8.38E-24	1.15E-02	3.82E-01	1.50E-01	1.46E-01	
group_4050	2.12E-01	8.38E-24	1.40E-02	4.27E-01	1.73E-01	1.42E-01	
group_3996	2.12E-01	8.38E-24	1.40E-02	4.27E-01	1.73E-01	1.42E-01	
group_3933	2.12E-01	8.38E-24	1.40E-02	4.27E-01	1.73E-01	1.42E-01	
group_3854	2.12E-01	8.38E-24	1.40E-02	4.27E-01	1.73E-01	1.42E-01	
group_3848	2.12E-01	8.38E-24	1.40E-02	4.27E-01	1.73E-01	1.42E-01	
group_3843	2.12E-01	8.38E-24	1.40E-02	4.27E-01	1.73E-01	1.42E-01	
group_3830	2.12E-01	8.38E-24	1.66E-02	3.83E-01	1.59E-01	1.39E-01	
group_3810	2.12E-01	8.38E-24	1.40E-02	4.27E-01	1.73E-01	1.42E-01	
group_3724	2.12E-01	3.05E-22	3.74E-01	1.35E-01	1.52E-01	5.17E-02	
group_3659	2.12E-01	3.05E-22	3.73E-01	1.35E-01	1.52E-01	5.18E-02	
group_3616	2.12E-01	8.38E-24	1.15E-02	3.82E-01	1.50E-01	1.46E-01	
group_3466	2.12E-01	8.38E-24	1.40E-02	4.27E-01	1.73E-01	1.42E-01	
group_3326	2.12E-01	3.05E-22	1.23E-01	1.85E-01	1.20E-01	8.96E-02	
group_3268	2.12E-01	8.38E-24	1.40E-02	4.27E-01	1.73E-01	1.42E-01	
group_3248	2.12E-01	8.38E-24	1.40E-02	4.27E-01	1.73E-01	1.42E-01	
group_3204	2.12E-01	8.38E-24	1.40E-02	4.27E-01	1.73E-01	1.42E-01	
group_3061	2.12E-01	9.79E-21	2.84E-01	1.26E-01	1.18E-01	6.24E-02	
xamI	2.12E-01	8.38E-24	1.40E-02	4.27E-01	1.73E-01	1.42E-01	
group_2461	2.12E-01	8.38E-24	1.40E-02	4.27E-01	1.73E-01	1.42E-01	
group_2350	2.12E-01	8.38E-24	1.40E-02	4.27E-01	1.73E-01	1.42E-01	
group_1397	2.12E-01	8.38E-24	1.40E-02	4.27E-01	1.73E-01	1.42E-01	
group_1158	2.12E-01	8.38E-24	1.40E-02	4.27E-01	1.73E-01	1.42E-01	
group_897	2.12E-01	8.38E-24	1.40E-02	4.27E-01	1.73E-01	1.42E-01	
group_746	2.12E-01	8.38E-24	1.40E-02	4.27E-01	1.73E-01	1.42E-01	
group_254	2.12E-01	8.38E-24	1.40E-02	4.27E-01	1.73E-01	1.42E-01	
group_24019	2.09E-01	8.76E-23	1.28E-01	2.34E-01	1.53E-01	8.86E-02	
group_22934	2.09E-01	3.25E-02	5.24E-01	-4.30E-02	6.75E-02	3.71E-02	
group_22695	2.09E-01	3.25E-02	5.24E-01	-4.30E-02	6.75E-02	3.71E-02	
group_21892	2.09E-01	3.25E-02	5.24E-01	-4.30E-02	6.75E-02	3.71E-02	
group_21310	2.09E-01	8.76E-23	1.28E-01	2.34E-01	1.53E-01	8.86E-02	
group_20533	2.09E-01	8.76E-23	1.28E-01	2.34E-01	1.53E-01	8.86E-02	
allR	2.09E-01	8.76E-23	1.28E-01	2.34E-01	1.53E-01	8.86E-02	
group_17644	2.05E-01	1.44E-02	9.44E-01	-4.05E-03	5.71E-02	4.13E-03	
group_17227	2.05E-01	1.44E-02	9.44E-01	-4.05E-03	5.71E-02	4.13E-03	
group_16439	2.05E-01	1.44E-02	9.44E-01	-4.05E-03	5.71E-02	4.13E-03	
group_16355	2.02E-01	1.68E-02	8.31E-01	1.24E-02	5.83E-02	1.24E-02	
group_11788	2.09E-01	8.76E-23	2.76E-02	2.48E-01	1.12E-01	1.28E-01	
group_10293	2.09E-01	8.76E-23	1.28E-01	2.34E-01	1.53E-01	8.86E-02	
group_10138	2.09E-01	2.38E-18	1.12E-01	1.57E-01	9.85E-02	9.24E-02	
group_9884	2.09E-01	3.25E-02	5.24E-01	-4.30E-02	6.75E-02	3.71E-02	
group_9474	2.09E-01	3.00E-21	9.00E-01	1.81E-02	1.44E-01	7.32E-03	
group_8896	2.09E-01	4.91E-01	1.07E-01	9.37E-02	5.79E-02	9.38E-02	
group_8724	2.09E-01	4.91E-01	1.07E-01	9.37E-02	5.79E-02	9.38E-02	
group_8699	2.09E-01	4.91E-01	1.07E-01	9.37E-02	5.79E-02	9.38E-02	
group_8598	1.99E-01	2.11E-03	2.45E-01	-7.19E-02	6.16E-02	6.77E-02	
group_8153	2.09E-01	4.91E-01	1.07E-01	9.37E-02	5.79E-02	9.38E-02	
group_7194	2.09E-01	8.76E-23	1.28E-01	2.34E-01	1.53E-01	8.86E-02	
group_7144	2.09E-01	8.76E-23	1.28E-01	2.34E-01	1.53E-01	8.86E-02	
group_7030	2.09E-01	8.76E-23	1.28E-01	2.34E-01	1.53E-01	8.86E-02	
group_6845	2.09E-01	8.76E-23	1.28E-01	2.34E-01	1.53E-01	8.86E-02	
group_6101	2.09E-01	3.00E-21	9.00E-01	1.81E-02	1.44E-01	7.32E-03	
group_6100	2.09E-01	3.00E-21	9.00E-01	1.81E-02	1.44E-01	7.32E-03	
group_6013	2.09E-01	4.91E-01	1.07E-01	9.37E-02	5.79E-02	9.38E-02	
group_6001	1.99E-01	2.11E-03	2.45E-01	-7.19E-02	6.16E-02	6.77E-02	
group_5724	2.09E-01	4.91E-01	1.07E-01	9.37E-02	5.79E-02	9.38E-02	
group_4414	2.02E-01	5.82E-03	7.56E-01	-2.09E-02	6.71E-02	1.81E-02	
group_4396	2.09E-01	3.25E-02	5.24E-01	-4.30E-02	6.75E-02	3.71E-02	
gatC	2.09E-01	8.76E-23	1.28E-01	2.34E-01	1.53E-01	8.86E-02	
group_4368	2.09E-01	8.76E-23	1.28E-01	2.34E-01	1.53E-01	8.86E-02	
group_4286	2.09E-01	8.76E-23	1.28E-01	2.34E-01	1.53E-01	8.86E-02	
group_4081	2.09E-01	3.25E-02	5.24E-01	-4.30E-02	6.75E-02	3.71E-02	
group_3977	2.09E-01	3.25E-02	5.24E-01	-4.30E-02	6.75E-02	3.71E-02	
group_3975	2.09E-01	3.00E-21	9.00E-01	1.81E-02	1.44E-01	7.31E-03	
group_3523	2.09E-01	8.76E-23	1.28E-01	2.34E-01	1.53E-01	8.85E-02	
group_3477	2.09E-01	8.76E-23	1.28E-01	2.34E-01	1.53E-01	8.86E-02	
group_3403	2.09E-01	8.76E-23	1.28E-01	2.34E-01	1.53E-01	8.86E-02	
group_3349	2.09E-01	8.76E-23	1.28E-01	2.34E-01	1.53E-01	8.86E-02	
group_3154	2.09E-01	2.25E-24	1.34E-03	4.39E-01	1.36E-01	1.85E-01	
group_3117	2.09E-01	8.76E-23	1.28E-01	2.34E-01	1.53E-01	8.86E-02	
group_3097	2.09E-01	8.76E-23	1.28E-01	2.34E-01	1.53E-01	8.85E-02	
group_3044	2.09E-01	8.76E-23	1.28E-01	2.34E-01	1.53E-01	8.86E-02	
group_2118	2.09E-01	8.76E-23	1.28E-01	2.34E-01	1.53E-01	8.86E-02	
group_1252	2.09E-01	8.76E-23	1.28E-01	2.34E-01	1.53E-01	8.86E-02	
group_165	2.09E-01	8.76E-23	1.28E-01	2.34E-01	1.53E-01	8.86E-02	
group_23730	2.05E-01	8.83E-22	2.88E-01	1.36E-01	1.27E-01	6.19E-02	
group_23547	2.05E-01	2.41E-23	2.13E-02	3.20E-01	1.38E-01	1.34E-01	
group_23512	2.05E-01	2.41E-23	2.13E-02	3.20E-01	1.38E-01	1.34E-01	
group_23318	2.05E-01	2.41E-23	2.13E-02	3.20E-01	1.38E-01	1.34E-01	
group_23050	2.05E-01	2.41E-23	2.13E-02	3.20E-01	1.38E-01	1.34E-01	
group_22769	2.05E-01	2.41E-23	2.13E-02	3.20E-01	1.38E-01	1.34E-01	
group_22731	2.05E-01	2.41E-23	2.13E-02	3.20E-01	1.38E-01	1.34E-01	
group_22214	2.05E-01	2.41E-23	2.11E-02	3.20E-01	1.38E-01	1.34E-01	
group_21855	2.05E-01	2.41E-23	2.13E-02	3.20E-01	1.38E-01	1.34E-01	
group_21642	2.05E-01	2.41E-23	2.13E-02	3.20E-01	1.38E-01	1.34E-01	
group_21429	2.05E-01	2.41E-23	2.11E-02	3.20E-01	1.38E-01	1.34E-01	
group_21035	2.05E-01	2.41E-23	2.13E-02	3.20E-01	1.38E-01	1.34E-01	
group_18715	2.05E-01	2.41E-23	2.13E-02	3.20E-01	1.38E-01	1.34E-01	
group_18520	2.05E-01	2.41E-23	2.13E-02	3.20E-01	1.38E-01	1.34E-01	
group_17963	2.02E-01	1.68E-02	9.44E-01	-3.97E-03	5.67E-02	4.08E-03	
group_17645	2.02E-01	1.68E-02	9.44E-01	-3.97E-03	5.67E-02	4.08E-03	
group_17183	2.05E-01	8.83E-22	4.20E-01	1.13E-01	1.39E-01	4.70E-02	
group_16918	2.05E-01	8.83E-22	1.72E-01	1.68E-01	1.23E-01	7.94E-02	
group_16815	2.05E-01	2.41E-23	2.13E-02	3.20E-01	1.38E-01	1.34E-01	
group_15965	2.05E-01	2.41E-23	2.13E-02	3.20E-01	1.38E-01	1.34E-01	
group_14892	2.05E-01	2.41E-23	2.13E-02	3.20E-01	1.38E-01	1.34E-01	
group_14842	2.02E-01	1.68E-02	8.34E-01	1.20E-02	5.74E-02	1.22E-02	
group_14636	2.02E-01	1.68E-02	8.34E-01	1.20E-02	5.74E-02	1.22E-02	
group_14389	2.05E-01	2.41E-23	2.13E-02	3.20E-01	1.38E-01	1.34E-01	
group_14365	2.02E-01	1.68E-02	8.34E-01	1.20E-02	5.74E-02	1.22E-02	
group_14273	2.05E-01	2.41E-23	2.13E-02	3.20E-01	1.38E-01	1.34E-01	
acaB	2.02E-01	1.68E-02	8.34E-01	1.20E-02	5.74E-02	1.22E-02	
hchA	2.05E-01	2.41E-23	2.13E-02	3.20E-01	1.38E-01	1.34E-01	
group_12362	2.05E-01	2.83E-20	1.85E-02	1.96E-01	8.26E-02	1.37E-01	
group_12299	2.05E-01	9.15E-01	4.98E-02	1.24E-01	6.27E-02	1.14E-01	
group_11863	2.05E-01	5.34E-01	1.03E-01	9.48E-02	5.79E-02	9.49E-02	
group_11676	2.05E-01	2.41E-23	2.11E-02	3.20E-01	1.38E-01	1.34E-01	
group_11613	2.05E-01	5.34E-01	1.03E-01	9.48E-02	5.79E-02	9.49E-02	
group_11250	2.05E-01	2.41E-23	1.51E-02	3.09E-01	1.26E-01	1.41E-01	
group_11247	2.05E-01	2.41E-23	2.13E-02	3.20E-01	1.38E-01	1.34E-01	
group_11134	2.05E-01	5.34E-01	1.03E-01	9.48E-02	5.79E-02	9.49E-02	
group_11133	2.05E-01	5.34E-01	1.03E-01	9.48E-02	5.79E-02	9.49E-02	
group_11132	2.05E-01	5.34E-01	1.03E-01	9.48E-02	5.79E-02	9.49E-02	
group_10707	2.05E-01	5.34E-01	1.03E-01	9.48E-02	5.79E-02	9.49E-02	
group_10284	2.05E-01	5.34E-01	1.03E-01	9.48E-02	5.79E-02	9.49E-02	
group_10283	2.05E-01	5.34E-01	1.03E-01	9.48E-02	5.79E-02	9.49E-02	
group_9519	2.05E-01	5.34E-01	1.03E-01	9.48E-02	5.79E-02	9.49E-02	
group_9518	2.05E-01	5.34E-01	1.03E-01	9.48E-02	5.79E-02	9.49E-02	
group_9517	2.05E-01	5.34E-01	1.03E-01	9.48E-02	5.79E-02	9.49E-02	
folE2	2.05E-01	2.41E-23	2.13E-02	3.20E-01	1.38E-01	1.34E-01	
group_9124	2.05E-01	2.41E-23	2.13E-02	3.20E-01	1.38E-01	1.34E-01	
group_8277	2.05E-01	5.34E-01	1.03E-01	9.48E-02	5.79E-02	9.49E-02	
group_8018	2.05E-01	8.09E-15	7.10E-01	2.74E-02	7.37E-02	2.17E-02	
group_7450	2.05E-01	3.23E-01	1.65E-01	8.08E-02	5.80E-02	8.08E-02	
group_6970	2.05E-01	5.34E-01	1.03E-01	9.48E-02	5.79E-02	9.49E-02	
group_6966	2.05E-01	2.41E-23	2.13E-02	3.20E-01	1.38E-01	1.34E-01	
group_6938	2.05E-01	2.41E-23	1.60E-02	3.17E-01	1.31E-01	1.40E-01	
group_6611	2.05E-01	2.41E-23	2.13E-02	3.20E-01	1.38E-01	1.34E-01	
group_6409	2.05E-01	2.41E-23	2.13E-02	3.20E-01	1.38E-01	1.34E-01	
group_5556	2.05E-01	2.41E-23	2.13E-02	3.20E-01	1.38E-01	1.34E-01	
cobW	2.05E-01	2.41E-23	2.13E-02	3.20E-01	1.38E-01	1.34E-01	
group_4637	2.05E-01	2.41E-23	2.13E-02	3.20E-01	1.38E-01	1.34E-01	
zigA	2.05E-01	2.41E-23	2.13E-02	3.20E-01	1.38E-01	1.34E-01	
group_4397	2.05E-01	2.41E-23	2.13E-02	3.20E-01	1.38E-01	1.34E-01	
group_4280	2.05E-01	2.41E-23	2.13E-02	3.20E-01	1.38E-01	1.34E-01	
group_4221	2.05E-01	2.41E-23	2.11E-02	3.20E-01	1.38E-01	1.34E-01	
group_3898	2.05E-01	2.41E-23	2.13E-02	3.20E-01	1.38E-01	1.34E-01	
group_3837	2.05E-01	2.41E-23	2.13E-02	3.20E-01	1.38E-01	1.34E-01	
group_3829	2.05E-01	2.41E-23	2.13E-02	3.20E-01	1.38E-01	1.34E-01	
group_3828	2.05E-01	2.41E-23	2.13E-02	3.20E-01	1.38E-01	1.34E-01	
group_3758	2.05E-01	2.41E-23	2.11E-02	3.20E-01	1.38E-01	1.34E-01	
group_3579	2.05E-01	2.41E-23	2.11E-02	3.20E-01	1.38E-01	1.34E-01	
group_3314	2.05E-01	2.41E-23	2.13E-02	3.20E-01	1.38E-01	1.34E-01	
group_3299	2.05E-01	8.83E-22	4.20E-01	1.12E-01	1.39E-01	4.69E-02	
cysS	2.05E-01	2.41E-23	2.13E-02	3.20E-01	1.38E-01	1.34E-01	
group_3232	2.05E-01	8.83E-22	4.20E-01	1.12E-01	1.39E-01	4.69E-02	
group_2380	2.05E-01	2.41E-23	2.13E-02	3.20E-01	1.38E-01	1.34E-01	
group_2310	2.05E-01	2.41E-23	2.13E-02	3.20E-01	1.38E-01	1.34E-01	
group_2144	2.05E-01	2.41E-23	2.13E-02	3.20E-01	1.38E-01	1.34E-01	
group_1584	2.05E-01	2.41E-23	2.13E-02	3.20E-01	1.38E-01	1.34E-01	
group_1571	2.05E-01	2.41E-23	2.13E-02	3.20E-01	1.38E-01	1.34E-01	
group_1531	2.05E-01	2.41E-23	2.13E-02	3.20E-01	1.38E-01	1.34E-01	
group_1368	2.05E-01	2.41E-23	2.13E-02	3.20E-01	1.38E-01	1.34E-01	
group_1282	2.05E-01	2.41E-23	2.13E-02	3.20E-01	1.38E-01	1.34E-01	
group_1115	2.05E-01	2.41E-23	2.13E-02	3.20E-01	1.38E-01	1.34E-01	
yidD	2.05E-01	2.41E-23	2.13E-02	3.20E-01	1.38E-01	1.34E-01	
group_592	2.05E-01	2.41E-23	2.11E-02	3.21E-01	1.38E-01	1.34E-01	
group_532	2.05E-01	2.41E-23	2.13E-02	3.20E-01	1.38E-01	1.34E-01	
group_481	2.05E-01	2.41E-23	2.11E-02	3.20E-01	1.38E-01	1.34E-01	
group_73	2.05E-01	2.41E-23	2.13E-02	3.20E-01	1.38E-01	1.34E-01	
group_23462	1.99E-01	1.95E-02	8.31E-01	1.24E-02	5.82E-02	1.24E-02	
group_22648	1.99E-01	1.95E-02	8.31E-01	1.24E-02	5.82E-02	1.24E-02	
group_22647	2.02E-01	1.68E-02	8.32E-01	1.23E-02	5.80E-02	1.24E-02	
group_21715	1.99E-01	1.95E-02	8.31E-01	1.24E-02	5.82E-02	1.24E-02	
group_20445	2.02E-01	1.78E-03	5.21E-01	-3.53E-02	5.48E-02	3.74E-02	
group_16975	1.95E-01	2.27E-02	7.53E-01	1.86E-02	5.90E-02	1.83E-02	
group_14126	1.92E-01	9.42E-03	4.75E-01	-4.30E-02	6.02E-02	4.16E-02	
group_12593	2.02E-01	2.49E-22	1.10E-01	2.06E-01	1.28E-01	9.29E-02	
group_11955	2.02E-01	1.97E-01	1.77E-01	1.07E-01	7.92E-02	7.86E-02	
group_10818	1.95E-01	2.44E-01	3.73E-01	5.34E-02	5.98E-02	5.19E-02	
group_10430	2.02E-01	2.49E-22	1.10E-01	2.06E-01	1.28E-01	9.29E-02	
group_7824	2.02E-01	5.78E-01	8.26E-02	1.03E-01	5.92E-02	1.01E-01	
group_5260	2.02E-01	8.50E-01	1.40E-02	1.39E-01	5.64E-02	1.42E-01	
group_4475	2.02E-01	2.49E-22	1.10E-01	2.06E-01	1.28E-01	9.29E-02	
group_4451	2.02E-01	2.49E-22	1.10E-01	2.06E-01	1.28E-01	9.29E-02	
group_4336	2.02E-01	6.35E-24	2.77E-03	3.83E-01	1.27E-01	1.73E-01	
group_3602	1.95E-01	1.25E-01	9.28E-01	-5.44E-03	6.03E-02	5.25E-03	
group_3205	2.02E-01	6.35E-24	2.77E-03	3.83E-01	1.27E-01	1.73E-01	
group_2142	2.02E-01	2.49E-22	1.12E-01	2.05E-01	1.28E-01	9.25E-02	
cadA	1.99E-01	1.95E-02	8.31E-01	1.24E-02	5.82E-02	1.24E-02	
group_215	2.02E-01	2.49E-22	1.10E-01	2.06E-01	1.28E-01	9.29E-02	
group_24934	1.99E-01	2.49E-21	3.25E-01	1.19E-01	1.20E-01	5.73E-02	
group_23191	1.99E-01	1.60E-24	3.13E-04	4.30E-01	1.18E-01	2.08E-01	
group_18409	1.95E-01	1.66E-04	4.46E-01	-1.20E-01	1.58E-01	4.44E-02	bad-chisq
group_16280	1.99E-01	6.25E-01	6.77E-02	1.09E-01	5.93E-02	1.06E-01	
group_15773	1.92E-01	2.63E-02	5.39E-01	3.46E-02	5.62E-02	3.58E-02	
group_11510	1.99E-01	1.19E-15	7.41E-01	2.99E-02	9.03E-02	1.93E-02	
group_10549	1.99E-01	2.11E-03	4.66E-01	-4.18E-02	5.72E-02	4.25E-02	
group_10027	1.99E-01	6.25E-01	6.97E-02	1.08E-01	5.94E-02	1.05E-01	
group_7918	1.99E-01	2.25E-18	2.30E-01	-1.36E-01	1.13E-01	6.99E-02	
group_7305	1.99E-01	8.01E-20	9.92E-01	1.15E-03	1.13E-01	5.91E-04	
group_4464	1.95E-01	9.61E-01	2.92E-02	1.49E-01	6.78E-02	1.27E-01	
group_24770	1.95E-01	2.39E-20	6.41E-01	5.32E-02	1.14E-01	2.71E-02	
group_20626	1.92E-01	8.24E-04	2.64E-01	-6.30E-02	5.63E-02	6.51E-02	
group_20625	1.92E-01	8.24E-04	2.64E-01	-6.30E-02	5.63E-02	6.51E-02	
group_17177	1.95E-01	2.54E-07	4.64E-01	4.04E-02	5.51E-02	4.27E-02	
group_17145	1.89E-01	3.52E-03	5.14E-01	-4.18E-02	6.40E-02	3.80E-02	
group_16465	1.92E-01	6.82E-21	2.31E-02	2.16E-01	9.48E-02	1.32E-01	
group_13664	1.95E-01	2.27E-02	8.33E-01	1.21E-02	5.74E-02	1.23E-02	
group_12356	1.95E-01	6.74E-01	6.14E-02	1.12E-01	5.96E-02	1.09E-01	
group_11423	1.95E-01	6.74E-01	6.14E-02	1.12E-01	5.96E-02	1.09E-01	
osmE	1.89E-01	2.41E-04	6.63E-01	-6.94E-02	1.59E-01	2.54E-02	bad-chisq
group_22871	1.92E-01	2.63E-02	7.86E-01	1.60E-02	5.87E-02	1.59E-02	
cap7	1.92E-01	2.63E-02	7.86E-01	1.60E-02	5.87E-02	1.59E-02	
nucC	1.92E-01	2.63E-02	7.86E-01	1.60E-02	5.87E-02	1.59E-02	
group_17409	1.89E-01	1.58E-01	8.52E-02	1.13E-01	6.53E-02	1.00E-01	
group_17408	1.89E-01	1.58E-01	8.52E-02	1.13E-01	6.53E-02	1.00E-01	
group_16826	1.89E-01	1.58E-01	8.52E-02	1.13E-01	6.53E-02	1.00E-01	
group_16669	1.92E-01	8.24E-04	3.69E-01	-5.94E-02	6.60E-02	5.23E-02	
group_14571	1.89E-01	1.10E-02	7.43E-01	-1.88E-02	5.71E-02	1.91E-02	
group_14288	1.89E-01	1.10E-02	7.24E-01	-2.01E-02	5.68E-02	2.06E-02	
cdnD	1.92E-01	2.63E-02	7.86E-01	1.60E-02	5.87E-02	1.59E-02	
group_7419	1.92E-01	6.82E-21	3.99E-02	1.95E-01	9.44E-02	1.19E-01	
cap6	1.92E-01	2.63E-02	7.86E-01	1.60E-02	5.87E-02	1.59E-02	
group_3818	1.92E-01	2.63E-02	7.86E-01	1.60E-02	5.87E-02	1.59E-02	
cap8	1.92E-01	2.63E-02	7.86E-01	1.60E-02	5.87E-02	1.59E-02	
group_3012	1.92E-01	2.21E-19	5.91E-01	5.41E-02	1.01E-01	3.13E-02	
group_19488	1.89E-01	2.41E-04	2.93E-01	-1.06E-01	1.01E-01	6.12E-02	bad-chisq
group_19378	1.89E-01	2.41E-04	2.93E-01	-1.06E-01	1.01E-01	6.12E-02	bad-chisq
group_19361	1.89E-01	2.41E-04	2.93E-01	-1.06E-01	1.01E-01	6.12E-02	bad-chisq
group_19314	1.82E-01	1.51E-02	9.67E-01	-2.53E-03	6.06E-02	2.44E-03	
group_16521	1.85E-01	1.69E-17	1.33E-01	1.18E-01	7.79E-02	8.74E-02	
group_15247	1.85E-01	1.77E-01	6.94E-02	1.20E-01	6.58E-02	1.06E-01	
sicA	1.85E-01	1.77E-01	6.94E-02	1.20E-01	6.58E-02	1.06E-01	
group_14991	1.85E-01	1.77E-01	6.94E-02	1.20E-01	6.58E-02	1.06E-01	
group_14843	1.89E-01	1.10E-02	9.39E-01	-4.37E-03	5.74E-02	4.43E-03	
group_11677	1.89E-01	9.84E-04	1.39E-01	-9.78E-02	6.60E-02	8.60E-02	
group_11159	1.85E-01	2.89E-04	1.02E-01	-2.12E-01	1.29E-01	9.51E-02	bad-chisq
group_8233	1.89E-01	2.41E-04	1.02E-01	-1.21E-01	7.38E-02	9.50E-02	bad-chisq
group_15635	1.78E-01	5.78E-03	9.07E-01	-6.79E-03	5.83E-02	6.79E-03	
group_14637	1.85E-01	1.29E-02	9.40E-01	-4.37E-03	5.77E-02	4.41E-03	
group_14544	1.85E-01	4.84E-22	1.72E-02	2.38E-01	9.92E-02	1.38E-01	
group_14368	1.85E-01	1.29E-02	9.40E-01	-4.37E-03	5.77E-02	4.41E-03	
dsbA~~~dsbC	1.85E-01	1.29E-02	9.40E-01	-4.37E-03	5.77E-02	4.41E-03	
group_7971	1.85E-01	3.51E-02	7.50E-01	1.89E-02	5.93E-02	1.86E-02	
group_6473	1.85E-01	3.51E-02	4.69E-01	5.42E-02	7.47E-02	4.22E-02	
group_4802	1.82E-01	9.55E-02	9.32E-01	5.46E-03	6.41E-02	4.96E-03	
group_4740	1.85E-01	3.51E-02	7.50E-01	1.89E-02	5.93E-02	1.86E-02	
group_4301	1.85E-01	3.51E-02	7.07E-01	2.23E-02	5.94E-02	2.19E-02	
group_20283	1.82E-01	8.90E-01	4.21E-02	1.24E-01	6.08E-02	1.18E-01	
group_19197	1.82E-01	4.05E-02	6.01E-01	3.54E-02	6.76E-02	3.05E-02	
group_17331	1.82E-01	4.91E-03	3.62E-01	-5.32E-02	5.83E-02	5.31E-02	
group_17266	1.75E-01	6.81E-03	7.14E-01	-2.41E-02	6.56E-02	2.13E-02	
group_16855	1.75E-01	6.81E-03	7.14E-01	-2.41E-02	6.56E-02	2.13E-02	
group_15368	1.75E-01	6.81E-03	5.97E-01	-3.23E-02	6.11E-02	3.08E-02	
group_15239	1.75E-01	6.81E-03	5.97E-01	-3.23E-02	6.11E-02	3.08E-02	
group_13555	1.82E-01	4.91E-03	7.24E-01	-3.00E-02	8.50E-02	2.05E-02	
group_9201	1.82E-01	4.05E-02	4.56E-01	5.52E-02	7.39E-02	4.34E-02	
group_34	1.82E-01	1.72E-19	2.84E-01	1.00E-01	9.31E-02	6.24E-02	
group_21696	1.78E-01	4.75E-20	1.42E-01	1.38E-01	9.37E-02	8.55E-02	
group_19504	1.72E-01	6.14E-02	4.86E-01	3.99E-02	5.72E-02	4.06E-02	
group_19481	1.78E-01	6.52E-01	1.91E-01	7.81E-02	5.95E-02	7.62E-02	
group_15281	1.78E-01	5.78E-03	6.18E-01	-2.90E-02	5.80E-02	2.91E-02	
group_15148	1.78E-01	5.78E-03	6.18E-01	-2.90E-02	5.80E-02	2.91E-02	
group_14378	1.78E-01	1.66E-03	5.25E-02	-1.61E-01	8.26E-02	1.13E-01	
espB~~~sctB	1.78E-01	1.66E-03	5.25E-02	-1.61E-01	8.26E-02	1.13E-01	
group_14098	1.78E-01	1.66E-03	5.25E-02	-1.61E-01	8.26E-02	1.13E-01	
group_13816	1.78E-01	1.66E-03	5.25E-02	-1.61E-01	8.26E-02	1.13E-01	
group_13695	1.78E-01	1.66E-03	5.25E-02	-1.61E-01	8.26E-02	1.13E-01	
group_13612	1.78E-01	1.66E-03	5.25E-02	-1.61E-01	8.26E-02	1.13E-01	
group_13218	1.78E-01	1.66E-03	5.25E-02	-1.61E-01	8.26E-02	1.13E-01	
group_12508	1.78E-01	1.66E-03	5.25E-02	-1.61E-01	8.26E-02	1.13E-01	
group_10317	1.78E-01	1.75E-02	8.20E-01	1.56E-02	6.83E-02	1.33E-02	
group_3494	1.78E-01	1.57E-18	6.45E-01	4.34E-02	9.40E-02	2.69E-02	
group_22814	1.75E-01	6.81E-03	5.27E-01	-3.89E-02	6.14E-02	3.69E-02	
group_21481	1.75E-01	6.81E-03	5.27E-01	-3.89E-02	6.14E-02	3.69E-02	
group_20285	1.75E-01	9.94E-01	3.39E-02	1.33E-01	6.23E-02	1.23E-01	
group_19227	1.75E-01	2.04E-02	5.51E-01	4.84E-02	8.10E-02	3.48E-02	
group_19151	1.75E-01	1.98E-03	4.29E-01	-5.31E-02	6.71E-02	4.60E-02	
group_4635	1.68E-01	2.76E-02	9.82E-01	-1.50E-03	6.64E-02	1.32E-03	
group_20968	1.72E-01	5.96E-04	4.34E-01	-1.27E-01	1.62E-01	4.56E-02	bad-chisq
group_20967	1.72E-01	5.96E-04	4.34E-01	-1.27E-01	1.62E-01	4.56E-02	bad-chisq
group_20966	1.72E-01	5.96E-04	4.34E-01	-1.27E-01	1.62E-01	4.56E-02	bad-chisq
group_19914	1.72E-01	6.14E-02	5.92E-01	3.71E-02	6.91E-02	3.12E-02	
group_16267	1.72E-01	2.34E-03	4.36E-01	-5.33E-02	6.84E-02	4.54E-02	
sseD~~~sctB	1.68E-01	3.07E-01	7.79E-02	1.18E-01	6.67E-02	1.02E-01	
group_11976	1.72E-01	8.00E-03	9.64E-01	-3.27E-03	7.18E-02	2.65E-03	
sigE	1.72E-01	8.00E-03	9.64E-01	-3.27E-03	7.18E-02	2.65E-03	
group_10863	1.72E-01	8.00E-03	9.64E-01	-3.27E-03	7.18E-02	2.65E-03	
group_10193	1.72E-01	2.34E-03	4.36E-01	-5.33E-02	6.84E-02	4.54E-02	
group_9934	1.72E-01	6.14E-02	7.81E-01	2.44E-02	8.74E-02	1.62E-02	
group_9625	1.68E-01	9.39E-03	5.27E-01	-4.09E-02	6.45E-02	3.69E-02	
group_9376	1.72E-01	2.34E-03	4.36E-01	-5.33E-02	6.84E-02	4.54E-02	
group_9130	1.72E-01	2.34E-03	4.36E-01	-5.33E-02	6.84E-02	4.54E-02	
group_9039	1.72E-01	2.34E-03	4.36E-01	-5.33E-02	6.84E-02	4.54E-02	
group_7812	1.68E-01	7.03E-02	7.05E-01	2.65E-02	6.98E-02	2.21E-02	
group_7084	1.72E-01	2.34E-03	4.36E-01	-5.33E-02	6.84E-02	4.54E-02	
group_6798	1.72E-01	2.34E-03	4.36E-01	-5.33E-02	6.84E-02	4.54E-02	
group_6318	1.72E-01	2.34E-03	4.36E-01	-5.33E-02	6.84E-02	4.54E-02	
group_4408	1.72E-01	2.34E-03	4.36E-01	-5.33E-02	6.84E-02	4.54E-02	
group_4372	1.72E-01	2.34E-03	4.36E-01	-5.33E-02	6.84E-02	4.54E-02	
pseB	1.72E-01	2.34E-03	4.36E-01	-5.33E-02	6.84E-02	4.54E-02	
group_4247	1.72E-01	2.34E-03	4.36E-01	-5.33E-02	6.84E-02	4.54E-02	
group_3746	1.72E-01	2.34E-03	4.36E-01	-5.33E-02	6.84E-02	4.54E-02	
group_3712	1.72E-01	2.34E-03	4.36E-01	-5.33E-02	6.84E-02	4.54E-02	
group_3711	1.72E-01	2.34E-03	4.36E-01	-5.33E-02	6.84E-02	4.54E-02	
group_3554	1.72E-01	2.34E-03	4.36E-01	-5.33E-02	6.84E-02	4.54E-02	
pseG	1.72E-01	2.34E-03	4.36E-01	-5.33E-02	6.84E-02	4.54E-02	
group_3526	1.72E-01	2.34E-03	4.36E-01	-5.33E-02	6.84E-02	4.54E-02	
group_3503	1.72E-01	2.34E-03	4.36E-01	-5.33E-02	6.84E-02	4.54E-02	
group_3473	1.72E-01	2.34E-03	4.36E-01	-5.33E-02	6.84E-02	4.54E-02	
group_3416	1.72E-01	2.34E-03	4.36E-01	-5.33E-02	6.84E-02	4.54E-02	
group_3372	1.72E-01	2.34E-03	4.36E-01	-5.33E-02	6.84E-02	4.54E-02	
rffA	1.72E-01	2.34E-03	4.36E-01	-5.33E-02	6.84E-02	4.54E-02	
group_3318	1.72E-01	2.34E-03	4.36E-01	-5.33E-02	6.84E-02	4.54E-02	
group_3310	1.72E-01	2.34E-03	4.36E-01	-5.33E-02	6.84E-02	4.54E-02	
pseC	1.72E-01	2.34E-03	4.36E-01	-5.33E-02	6.84E-02	4.54E-02	
group_3275	1.72E-01	2.34E-03	4.36E-01	-5.33E-02	6.84E-02	4.54E-02	
group_2960	1.72E-01	2.34E-03	4.36E-01	-5.33E-02	6.84E-02	4.54E-02	
group_2028	1.72E-01	2.34E-03	4.36E-01	-5.33E-02	6.84E-02	4.54E-02	
group_1205	1.72E-01	2.34E-03	4.36E-01	-5.33E-02	6.84E-02	4.54E-02	
group_16122	1.68E-01	1.80E-01	8.05E-01	-1.29E-02	5.22E-02	1.44E-02	
group_15558	1.68E-01	7.12E-04	1.86E-01	-7.22E-02	5.45E-02	7.69E-02	bad-chisq
group_10057	1.68E-01	3.50E-17	3.41E-02	1.46E-01	6.88E-02	1.23E-01	
group_4322	1.68E-01	7.03E-02	7.46E-01	-1.86E-02	5.72E-02	1.89E-02	
group_22386	1.65E-01	1.89E-04	5.52E-02	-1.35E-01	6.99E-02	1.11E-01	bad-chisq
group_18879	1.65E-01	3.29E-03	7.97E-01	-3.72E-02	1.44E-01	1.50E-02	
group_16410	1.62E-01	1.01E-03	2.25E-02	-3.21E-01	1.40E-01	1.32E-01	bad-chisq
group_13306	1.65E-01	3.29E-03	3.52E-01	-5.71E-02	6.12E-02	5.42E-02	
group_3653	1.65E-01	8.04E-02	8.24E-01	-1.27E-02	5.73E-02	1.29E-02	
group_24079	1.62E-01	3.89E-03	3.03E-01	-7.23E-02	7.01E-02	6.00E-02	
group_22889	1.58E-01	1.51E-02	4.47E-01	-5.34E-02	7.02E-02	4.43E-02	
group_17667	1.52E-01	5.01E-01	5.42E-02	1.18E-01	6.11E-02	1.12E-01	
group_17666	1.52E-01	5.01E-01	5.42E-02	1.18E-01	6.11E-02	1.12E-01	
group_17247	1.52E-01	5.01E-01	5.42E-02	1.18E-01	6.11E-02	1.12E-01	
mobC	1.52E-01	5.01E-01	5.42E-02	1.18E-01	6.11E-02	1.12E-01	
group_16938	1.62E-01	2.26E-04	1.09E-01	-1.25E-01	7.78E-02	9.32E-02	bad-chisq
group_16517	1.52E-01	5.01E-01	5.42E-02	1.18E-01	6.11E-02	1.12E-01	
group_12201	1.55E-01	1.19E-01	3.21E-01	6.13E-02	6.17E-02	5.78E-02	
group_10856	1.58E-01	1.51E-02	4.47E-01	-5.34E-02	7.02E-02	4.43E-02	
group_10290	1.58E-01	1.20E-03	3.84E-02	-2.69E-01	1.29E-01	1.20E-01	bad-chisq
group_8290	1.58E-01	1.20E-03	3.84E-02	-2.69E-01	1.29E-01	1.20E-01	bad-chisq
group_7248	1.62E-01	3.89E-03	3.03E-01	-7.23E-02	7.01E-02	6.00E-02	
group_3430	1.58E-01	1.51E-02	4.47E-01	-5.34E-02	7.02E-02	4.43E-02	
group_3417	1.58E-01	4.59E-03	4.76E-01	-4.72E-02	6.61E-02	4.15E-02	
group_3313	1.58E-01	1.51E-02	4.47E-01	-5.34E-02	7.02E-02	4.43E-02	
group_3312	1.58E-01	1.51E-02	4.47E-01	-5.34E-02	7.02E-02	4.43E-02	
group_3233	1.58E-01	4.59E-03	4.76E-01	-4.72E-02	6.61E-02	4.15E-02	
ecsC	1.62E-01	3.89E-03	4.47E-01	-5.09E-02	6.69E-02	4.43E-02	
group_1247	1.58E-01	4.59E-03	4.76E-01	-4.72E-02	6.61E-02	4.15E-02	
group_20754	1.58E-01	4.59E-03	2.96E-01	-6.45E-02	6.15E-02	6.09E-02	
group_17373	1.58E-01	2.71E-04	1.14E-01	-1.22E-01	7.68E-02	9.19E-02	bad-chisq
group_16843	1.58E-01	2.71E-04	1.14E-01	-1.22E-01	7.68E-02	9.19E-02	bad-chisq
group_16418	1.52E-01	1.35E-01	3.22E-01	6.11E-02	6.15E-02	5.77E-02	
group_15453	1.52E-01	1.70E-03	5.90E-01	-6.06E-02	1.13E-01	3.14E-02	bad-chisq
group_13282	1.55E-01	1.19E-01	3.21E-01	6.13E-02	6.17E-02	5.78E-02	
group_12934	1.58E-01	6.80E-01	3.17E-01	6.55E-02	6.53E-02	5.83E-02	
group_12621	1.58E-01	4.59E-03	4.55E-01	-4.89E-02	6.53E-02	4.35E-02	
group_12193	1.58E-01	6.80E-01	3.17E-01	6.55E-02	6.53E-02	5.83E-02	
group_11945	1.58E-01	4.59E-03	5.98E-01	-5.57E-02	1.05E-01	3.07E-02	
phd	1.58E-01	4.59E-03	4.55E-01	-4.89E-02	6.53E-02	4.35E-02	
group_11787	1.58E-01	6.80E-01	3.17E-01	6.55E-02	6.53E-02	5.83E-02	
group_11198	1.58E-01	6.80E-01	3.17E-01	6.55E-02	6.53E-02	5.83E-02	
group_11197	1.58E-01	6.80E-01	3.17E-01	6.55E-02	6.53E-02	5.83E-02	
group_10547	1.58E-01	6.80E-01	3.17E-01	6.55E-02	6.53E-02	5.83E-02	
ribX	1.58E-01	6.80E-01	3.17E-01	6.55E-02	6.53E-02	5.83E-02	
group_10435	1.55E-01	1.19E-01	3.21E-01	6.13E-02	6.17E-02	5.78E-02	
group_9610	1.58E-01	6.80E-01	3.17E-01	6.55E-02	6.53E-02	5.83E-02	
group_9609	1.58E-01	6.80E-01	3.17E-01	6.55E-02	6.53E-02	5.83E-02	
tauB	1.58E-01	6.80E-01	3.17E-01	6.55E-02	6.53E-02	5.83E-02	
group_7742	1.55E-01	4.93E-02	7.22E-01	2.38E-02	6.67E-02	2.07E-02	
group_7120	1.58E-01	6.80E-01	3.17E-01	6.55E-02	6.53E-02	5.83E-02	
group_4219	1.55E-01	4.93E-02	7.22E-01	2.38E-02	6.67E-02	2.07E-02	
group_3942	1.58E-01	3.63E-22	2.24E-04	3.02E-01	8.09E-02	2.13E-01	
merT	1.52E-01	1.35E-01	3.22E-01	6.11E-02	6.15E-02	5.77E-02	
group_23573	1.55E-01	6.33E-01	2.21E-02	1.52E-01	6.60E-02	1.33E-01	
group_23389	1.52E-01	1.35E-01	3.22E-01	6.11E-02	6.15E-02	5.77E-02	
group_21662	1.52E-01	1.35E-01	3.22E-01	6.11E-02	6.15E-02	5.77E-02	
group_21395	1.55E-01	6.33E-01	2.21E-02	1.52E-01	6.60E-02	1.33E-01	
group_19835	1.52E-01	5.67E-02	7.22E-01	2.37E-02	6.65E-02	2.07E-02	
group_18865	1.52E-01	1.70E-03	1.02E-01	-2.20E-01	1.34E-01	9.51E-02	bad-chisq
allR~~~iclR	1.52E-01	1.70E-03	1.02E-01	-2.20E-01	1.34E-01	9.51E-02	bad-chisq
group_18794	1.52E-01	1.70E-03	1.02E-01	-2.20E-01	1.34E-01	9.51E-02	bad-chisq
group_18793	1.52E-01	1.70E-03	1.02E-01	-2.20E-01	1.34E-01	9.51E-02	bad-chisq
group_18710	1.52E-01	1.70E-03	1.02E-01	-2.20E-01	1.34E-01	9.51E-02	bad-chisq
group_17440	1.45E-01	1.73E-01	3.86E-01	5.75E-02	6.63E-02	5.05E-02	
group_16889	1.45E-01	1.73E-01	3.86E-01	5.75E-02	6.63E-02	5.05E-02	
group_16463	1.45E-01	7.50E-02	6.73E-01	2.66E-02	6.28E-02	2.46E-02	
group_16105	1.52E-01	3.87E-04	8.54E-03	-1.84E-01	6.95E-02	1.52E-01	bad-chisq
group_15968	1.52E-01	1.35E-01	3.22E-01	6.11E-02	6.15E-02	5.77E-02	
copD	1.52E-01	5.67E-02	7.22E-01	2.37E-02	6.65E-02	2.07E-02	
copC	1.52E-01	5.67E-02	7.22E-01	2.37E-02	6.65E-02	2.07E-02	
sufI	1.52E-01	5.67E-02	7.22E-01	2.37E-02	6.65E-02	2.07E-02	
group_4919	1.52E-01	1.35E-01	3.22E-01	6.11E-02	6.15E-02	5.77E-02	
group_4815	1.52E-01	5.67E-02	7.22E-01	2.37E-02	6.65E-02	2.07E-02	
yHS	1.52E-01	5.67E-02	7.22E-01	2.37E-02	6.65E-02	2.07E-02	
group_3946	1.55E-01	6.33E-01	2.21E-02	1.52E-01	6.60E-02	1.33E-01	
group_3555	1.55E-01	1.43E-03	2.44E-01	-8.14E-02	6.98E-02	6.78E-02	bad-chisq
merA	1.52E-01	1.35E-01	3.22E-01	6.11E-02	6.15E-02	5.77E-02	
group_1762	1.52E-01	1.35E-01	3.22E-01	6.11E-02	6.15E-02	5.77E-02	
group_20457	1.48E-01	7.52E-03	6.00E-01	-3.21E-02	6.12E-02	3.05E-02	
group_19730	1.52E-01	6.39E-03	5.13E-02	-3.05E-01	1.56E-01	1.13E-01	
group_18199	1.52E-01	1.70E-03	3.49E-02	-3.13E-01	1.48E-01	1.22E-01	bad-chisq
group_11068	1.41E-01	1.96E-01	3.29E-01	6.16E-02	6.30E-02	5.68E-02	
group_9259	1.52E-01	7.94E-01	2.06E-01	8.47E-02	6.68E-02	7.36E-02	
group_8716	1.48E-01	7.52E-03	6.27E-01	-2.98E-02	6.13E-02	2.83E-02	
group_4218	1.52E-01	5.75E-01	1.75E-02	1.58E-01	6.60E-02	1.38E-01	
group_22323	1.48E-01	8.18E-01	5.90E-02	1.20E-01	6.32E-02	1.10E-01	
group_19840	1.48E-01	5.49E-01	2.91E-01	6.91E-02	6.53E-02	6.15E-02	
group_19455	1.38E-01	7.11E-01	4.64E-02	1.28E-01	6.39E-02	1.16E-01	
group_18618	1.45E-01	2.39E-03	1.88E-01	-1.58E-01	1.20E-01	7.66E-02	bad-chisq
group_15669	1.48E-01	2.02E-03	3.18E-01	-8.06E-02	8.06E-02	5.81E-02	bad-chisq
group_15668	1.48E-01	2.02E-03	3.18E-01	-8.06E-02	8.06E-02	5.81E-02	bad-chisq
group_15596	1.48E-01	2.02E-03	3.18E-01	-8.06E-02	8.06E-02	5.81E-02	bad-chisq
group_14311	1.45E-01	2.78E-02	5.79E-01	-3.40E-02	6.12E-02	3.23E-02	
group_12970	1.48E-01	2.39E-02	9.14E-01	-8.09E-03	7.50E-02	6.28E-03	
group_11856	1.48E-01	2.02E-03	1.64E-02	-3.94E-01	1.63E-01	1.39E-01	bad-chisq
group_10699	1.48E-01	2.02E-03	1.64E-02	-3.94E-01	1.63E-01	1.39E-01	bad-chisq
group_10215	1.48E-01	2.02E-03	1.64E-02	-3.94E-01	1.63E-01	1.39E-01	bad-chisq
group_9302	1.48E-01	2.02E-03	1.64E-02	-3.94E-01	1.63E-01	1.39E-01	bad-chisq
group_8887	1.48E-01	2.02E-03	1.64E-02	-3.94E-01	1.63E-01	1.39E-01	bad-chisq
group_8156	1.48E-01	2.02E-03	1.64E-02	-3.94E-01	1.63E-01	1.39E-01	bad-chisq
group_6654	1.48E-01	6.53E-02	7.21E-01	2.39E-02	6.68E-02	2.08E-02	
group_4990	1.48E-01	2.02E-03	1.64E-02	-3.94E-01	1.63E-01	1.39E-01	bad-chisq
group_3010	1.45E-01	8.58E-09	3.10E-01	-7.24E-02	7.12E-02	5.91E-02	
copK	1.45E-01	7.50E-02	6.68E-01	2.84E-02	6.63E-02	2.50E-02	
group_21460	1.45E-01	2.39E-03	2.26E-02	-4.15E-01	1.81E-01	1.32E-01	bad-chisq
group_20593	1.41E-01	6.53E-04	1.24E-01	-9.33E-02	6.04E-02	8.95E-02	bad-chisq
group_20099	1.31E-01	1.09E-03	1.32E-01	-9.27E-02	6.14E-02	8.76E-02	bad-chisq
group_20098	1.31E-01	1.09E-03	1.32E-01	-9.27E-02	6.14E-02	8.76E-02	bad-chisq
group_19736	1.31E-01	1.09E-03	1.32E-01	-9.27E-02	6.14E-02	8.76E-02	bad-chisq
group_19236	1.45E-01	2.39E-03	2.26E-02	-4.15E-01	1.81E-01	1.32E-01	bad-chisq
group_18652	1.31E-01	1.09E-03	1.32E-01	-9.27E-02	6.14E-02	8.76E-02	bad-chisq
group_18523	1.31E-01	1.09E-03	1.32E-01	-9.27E-02	6.14E-02	8.76E-02	bad-chisq
group_18001	1.31E-01	1.09E-03	1.32E-01	-9.27E-02	6.14E-02	8.76E-02	bad-chisq
group_17777	1.41E-01	9.80E-01	3.18E-01	6.32E-02	6.31E-02	5.82E-02	
topB~~~yrdD	1.31E-01	1.09E-03	1.32E-01	-9.27E-02	6.14E-02	8.76E-02	bad-chisq
group_17581	1.45E-01	2.39E-03	2.26E-02	-4.15E-01	1.81E-01	1.32E-01	bad-chisq
group_17291	1.31E-01	1.09E-03	1.32E-01	-9.27E-02	6.14E-02	8.76E-02	bad-chisq
group_17290	1.31E-01	1.09E-03	1.32E-01	-9.27E-02	6.14E-02	8.76E-02	bad-chisq
group_16621	1.31E-01	1.09E-03	1.32E-01	-9.27E-02	6.14E-02	8.76E-02	bad-chisq
group_15957	1.45E-01	2.39E-03	2.26E-02	-4.15E-01	1.81E-01	1.32E-01	bad-chisq
group_15228	1.45E-01	2.39E-03	2.26E-02	-4.15E-01	1.81E-01	1.32E-01	bad-chisq
group_15098	1.45E-01	2.39E-03	2.26E-02	-4.15E-01	1.81E-01	1.32E-01	bad-chisq
group_14963	1.45E-01	2.39E-03	2.26E-02	-4.15E-01	1.81E-01	1.32E-01	bad-chisq
ecfG	1.45E-01	2.39E-03	2.26E-02	-4.15E-01	1.81E-01	1.32E-01	bad-chisq
group_14259	1.45E-01	2.39E-03	2.26E-02	-4.15E-01	1.81E-01	1.32E-01	bad-chisq
group_14248	1.45E-01	2.39E-03	2.26E-02	-4.15E-01	1.81E-01	1.32E-01	bad-chisq
group_13940	1.45E-01	2.39E-03	2.26E-02	-4.15E-01	1.81E-01	1.32E-01	bad-chisq
group_13933	1.45E-01	2.39E-03	2.26E-02	-4.15E-01	1.81E-01	1.32E-01	bad-chisq
group_13921	1.45E-01	2.39E-03	2.26E-02	-4.15E-01	1.81E-01	1.32E-01	bad-chisq
group_13502	1.41E-01	3.24E-02	9.71E-01	2.62E-03	7.28E-02	2.09E-03	
group_13402	1.45E-01	2.39E-03	2.26E-02	-4.15E-01	1.81E-01	1.32E-01	bad-chisq
group_13391	1.45E-01	2.39E-03	2.26E-02	-4.15E-01	1.81E-01	1.32E-01	bad-chisq
group_13372	1.45E-01	2.39E-03	2.26E-02	-4.15E-01	1.81E-01	1.32E-01	bad-chisq
cpaB	1.45E-01	2.39E-03	2.26E-02	-4.15E-01	1.81E-01	1.32E-01	bad-chisq
group_13245	1.45E-01	2.39E-03	2.26E-02	-4.15E-01	1.81E-01	1.32E-01	bad-chisq
group_12996	1.31E-01	1.09E-03	1.32E-01	-9.27E-02	6.14E-02	8.76E-02	bad-chisq
group_12902	1.41E-01	3.24E-02	9.71E-01	2.62E-03	7.28E-02	2.09E-03	
group_12749	1.45E-01	2.39E-03	2.26E-02	-4.15E-01	1.81E-01	1.32E-01	bad-chisq
group_12732	1.45E-01	2.39E-03	2.26E-02	-4.15E-01	1.81E-01	1.32E-01	bad-chisq
group_12664	1.45E-01	2.39E-03	2.26E-02	-4.15E-01	1.81E-01	1.32E-01	bad-chisq
group_12570	1.45E-01	2.39E-03	2.26E-02	-4.15E-01	1.81E-01	1.32E-01	bad-chisq
group_12558	1.45E-01	2.39E-03	2.26E-02	-4.15E-01	1.81E-01	1.32E-01	bad-chisq
group_12542	1.45E-01	2.39E-03	2.26E-02	-4.15E-01	1.81E-01	1.32E-01	bad-chisq
yhdN	1.45E-01	2.39E-03	2.26E-02	-4.15E-01	1.81E-01	1.32E-01	bad-chisq
group_12261	1.31E-01	1.09E-03	1.32E-01	-9.27E-02	6.14E-02	8.76E-02	bad-chisq
group_12260	1.31E-01	1.09E-03	1.32E-01	-9.27E-02	6.14E-02	8.76E-02	bad-chisq
comR	1.41E-01	3.24E-02	9.71E-01	2.62E-03	7.28E-02	2.09E-03	
group_11984	1.45E-01	2.39E-03	2.26E-02	-4.15E-01	1.81E-01	1.32E-01	bad-chisq
group_11936	1.45E-01	2.39E-03	2.26E-02	-4.15E-01	1.81E-01	1.32E-01	bad-chisq
group_11692	1.45E-01	2.39E-03	2.26E-02	-4.15E-01	1.81E-01	1.32E-01	bad-chisq
group_11439	1.45E-01	2.39E-03	2.26E-02	-4.15E-01	1.81E-01	1.32E-01	bad-chisq
group_11285	1.31E-01	1.09E-03	1.32E-01	-9.27E-02	6.14E-02	8.76E-02	bad-chisq
group_11284	1.31E-01	1.09E-03	1.32E-01	-9.27E-02	6.14E-02	8.76E-02	bad-chisq
group_11035	1.45E-01	2.39E-03	2.26E-02	-4.15E-01	1.81E-01	1.32E-01	bad-chisq
group_11019	1.45E-01	2.39E-03	2.26E-02	-4.15E-01	1.81E-01	1.32E-01	bad-chisq
group_10952	1.45E-01	2.39E-03	2.26E-02	-4.15E-01	1.81E-01	1.32E-01	bad-chisq
cpsB	1.45E-01	2.39E-03	2.26E-02	-4.15E-01	1.81E-01	1.32E-01	bad-chisq
group_10917	1.45E-01	2.39E-03	2.26E-02	-4.15E-01	1.81E-01	1.32E-01	bad-chisq
group_10880	1.45E-01	2.39E-03	2.26E-02	-4.15E-01	1.81E-01	1.32E-01	bad-chisq
blaOXA455~~~blaOXA~~~blaOXA457	1.45E-01	2.39E-03	2.26E-02	-4.15E-01	1.81E-01	1.32E-01	bad-chisq
group_10682	1.45E-01	2.39E-03	2.26E-02	-4.15E-01	1.81E-01	1.32E-01	bad-chisq
group_10337	1.45E-01	2.39E-03	2.26E-02	-4.15E-01	1.81E-01	1.32E-01	bad-chisq
group_10301	1.45E-01	2.39E-03	2.26E-02	-4.15E-01	1.81E-01	1.32E-01	bad-chisq
group_10178	1.45E-01	2.39E-03	2.26E-02	-4.15E-01	1.81E-01	1.32E-01	bad-chisq
group_10177	1.45E-01	2.39E-03	2.26E-02	-4.15E-01	1.81E-01	1.32E-01	bad-chisq
group_10088	1.45E-01	2.39E-03	2.26E-02	-4.15E-01	1.81E-01	1.32E-01	bad-chisq
group_9775	1.31E-01	1.09E-03	1.32E-01	-9.27E-02	6.14E-02	8.76E-02	bad-chisq
group_9731	1.45E-01	2.39E-03	2.26E-02	-4.15E-01	1.81E-01	1.32E-01	bad-chisq
algI	1.45E-01	2.39E-03	2.26E-02	-4.15E-01	1.81E-01	1.32E-01	bad-chisq
bcsZ	1.45E-01	2.39E-03	2.26E-02	-4.15E-01	1.81E-01	1.32E-01	bad-chisq
group_9241	1.45E-01	2.39E-03	2.26E-02	-4.15E-01	1.81E-01	1.32E-01	bad-chisq
group_9240	1.45E-01	2.39E-03	2.26E-02	-4.15E-01	1.81E-01	1.32E-01	bad-chisq
group_9208	1.45E-01	2.39E-03	2.26E-02	-4.15E-01	1.81E-01	1.32E-01	bad-chisq
group_9196	1.45E-01	2.39E-03	2.26E-02	-4.15E-01	1.81E-01	1.32E-01	bad-chisq
group_9154	1.45E-01	2.39E-03	2.26E-02	-4.15E-01	1.81E-01	1.32E-01	bad-chisq
group_9045	1.45E-01	2.39E-03	2.26E-02	-4.15E-01	1.81E-01	1.32E-01	bad-chisq
group_8437	1.45E-01	2.39E-03	2.26E-02	-4.15E-01	1.81E-01	1.32E-01	bad-chisq
group_8436	1.45E-01	2.39E-03	2.26E-02	-4.15E-01	1.81E-01	1.32E-01	bad-chisq
group_8368	1.45E-01	2.39E-03	2.26E-02	-4.15E-01	1.81E-01	1.32E-01	bad-chisq
group_8090	1.45E-01	2.39E-03	2.26E-02	-4.15E-01	1.81E-01	1.32E-01	bad-chisq
group_7988	1.45E-01	2.39E-03	2.26E-02	-4.15E-01	1.81E-01	1.32E-01	bad-chisq
bcsQ	1.45E-01	2.39E-03	2.26E-02	-4.15E-01	1.81E-01	1.32E-01	bad-chisq
bcsB	1.45E-01	2.39E-03	2.26E-02	-4.15E-01	1.81E-01	1.32E-01	bad-chisq
group_7333	1.45E-01	2.39E-03	2.26E-02	-4.15E-01	1.81E-01	1.32E-01	bad-chisq
group_7065	1.45E-01	2.39E-03	2.26E-02	-4.15E-01	1.81E-01	1.32E-01	bad-chisq
algF	1.45E-01	2.39E-03	2.26E-02	-4.15E-01	1.81E-01	1.32E-01	bad-chisq
bcsC	1.45E-01	2.39E-03	2.26E-02	-4.15E-01	1.81E-01	1.32E-01	bad-chisq
group_6527	1.45E-01	2.39E-03	2.26E-02	-4.15E-01	1.81E-01	1.32E-01	bad-chisq
group_6526	1.45E-01	2.39E-03	2.26E-02	-4.15E-01	1.81E-01	1.32E-01	bad-chisq
aroM	1.45E-01	2.39E-03	2.26E-02	-4.15E-01	1.81E-01	1.32E-01	bad-chisq
blaI	1.45E-01	2.39E-03	2.26E-02	-4.15E-01	1.81E-01	1.32E-01	bad-chisq
group_5727	1.45E-01	2.39E-03	2.26E-02	-4.15E-01	1.81E-01	1.32E-01	bad-chisq
group_5381	1.45E-01	2.39E-03	2.26E-02	-4.15E-01	1.81E-01	1.32E-01	bad-chisq
group_5279	1.45E-01	2.39E-03	2.26E-02	-4.15E-01	1.81E-01	1.32E-01	bad-chisq
bcsA	1.45E-01	2.39E-03	2.26E-02	-4.15E-01	1.81E-01	1.32E-01	bad-chisq
group_20707	1.38E-01	1.22E-02	4.03E-01	-5.30E-02	6.32E-02	4.87E-02	
group_20182	1.41E-01	9.80E-01	7.48E-02	1.16E-01	6.52E-02	1.04E-01	
group_19521	1.41E-01	6.91E-01	5.78E-02	1.24E-01	6.51E-02	1.10E-01	
group_18651	1.28E-01	1.30E-03	1.50E-01	-8.97E-02	6.21E-02	8.37E-02	bad-chisq
group_18402	1.41E-01	2.83E-03	5.36E-02	-3.07E-01	1.59E-01	1.12E-01	bad-chisq
group_18045	1.41E-01	1.04E-02	2.93E-01	-1.55E-01	1.47E-01	6.12E-02	
group_17763	1.41E-01	1.04E-02	2.93E-01	-1.55E-01	1.47E-01	6.12E-02	
group_17762	1.41E-01	1.04E-02	2.93E-01	-1.55E-01	1.47E-01	6.12E-02	
group_17325	1.41E-01	1.04E-02	3.59E-01	-6.62E-02	7.21E-02	5.34E-02	
group_17320	1.41E-01	1.04E-02	3.59E-01	-6.62E-02	7.21E-02	5.34E-02	
group_17192	1.41E-01	1.04E-02	3.59E-01	-6.62E-02	7.21E-02	5.34E-02	
group_17191	1.41E-01	1.04E-02	3.59E-01	-6.62E-02	7.21E-02	5.34E-02	
group_16659	1.41E-01	1.04E-02	3.59E-01	-6.62E-02	7.21E-02	5.34E-02	
group_16327	1.41E-01	1.04E-02	3.59E-01	-6.62E-02	7.21E-02	5.34E-02	
group_15728	1.35E-01	2.48E-01	2.08E-01	7.98E-02	6.33E-02	7.32E-02	
group_15076	1.41E-01	1.04E-02	3.59E-01	-6.62E-02	7.21E-02	5.34E-02	
group_14941	1.41E-01	1.04E-02	3.59E-01	-6.62E-02	7.21E-02	5.34E-02	
group_14934	1.41E-01	1.04E-02	3.59E-01	-6.62E-02	7.21E-02	5.34E-02	
group_14760	1.41E-01	1.04E-02	3.59E-01	-6.62E-02	7.21E-02	5.34E-02	
group_14746	1.41E-01	1.04E-02	3.59E-01	-6.62E-02	7.21E-02	5.34E-02	
group_14506	1.41E-01	1.04E-02	3.59E-01	-6.62E-02	7.21E-02	5.34E-02	
wbpG	1.41E-01	1.04E-02	3.59E-01	-6.62E-02	7.21E-02	5.34E-02	
group_14226	1.41E-01	1.04E-02	3.59E-01	-6.62E-02	7.21E-02	5.34E-02	
group_14215	1.41E-01	1.04E-02	3.59E-01	-6.62E-02	7.21E-02	5.34E-02	
group_13882	1.41E-01	1.04E-02	3.59E-01	-6.62E-02	7.21E-02	5.34E-02	
group_13865	1.41E-01	1.04E-02	3.59E-01	-6.62E-02	7.21E-02	5.34E-02	
group_13454	1.41E-01	1.04E-02	3.59E-01	-6.62E-02	7.21E-02	5.34E-02	
group_13322	1.41E-01	1.04E-02	3.59E-01	-6.62E-02	7.21E-02	5.34E-02	
group_13292	1.41E-01	1.04E-02	3.59E-01	-6.62E-02	7.21E-02	5.34E-02	
group_12774	1.41E-01	2.83E-03	5.48E-02	-3.30E-01	1.71E-01	1.12E-01	bad-chisq
group_12651	1.41E-01	1.04E-02	3.59E-01	-6.62E-02	7.21E-02	5.34E-02	
group_12618	1.41E-01	1.04E-02	3.59E-01	-6.62E-02	7.21E-02	5.34E-02	
group_12072	1.41E-01	2.83E-03	4.71E-02	-3.26E-01	1.63E-01	1.15E-01	bad-chisq
group_11832	1.41E-01	1.04E-02	3.59E-01	-6.62E-02	7.21E-02	5.34E-02	
wblI	1.41E-01	1.04E-02	3.59E-01	-6.62E-02	7.21E-02	5.34E-02	
group_11331	1.41E-01	1.04E-02	3.59E-01	-6.62E-02	7.21E-02	5.34E-02	
group_10649	1.41E-01	1.04E-02	3.59E-01	-6.62E-02	7.21E-02	5.34E-02	
group_10582	1.41E-01	1.04E-02	3.59E-01	-6.62E-02	7.21E-02	5.34E-02	
bcsP~~~bcsR	1.41E-01	2.83E-03	4.98E-02	-3.14E-01	1.60E-01	1.14E-01	bad-chisq
group_9060	1.41E-01	1.04E-02	3.59E-01	-6.62E-02	7.21E-02	5.34E-02	
group_9031	1.41E-01	2.83E-03	5.42E-02	-3.25E-01	1.68E-01	1.12E-01	bad-chisq
rfbA	1.41E-01	1.04E-02	3.59E-01	-6.62E-02	7.21E-02	5.34E-02	
group_8831	1.41E-01	1.04E-02	3.59E-01	-6.62E-02	7.21E-02	5.34E-02	
group_8157	1.41E-01	2.83E-03	6.91E-02	-2.45E-01	1.34E-01	1.06E-01	bad-chisq
group_7477	1.41E-01	1.04E-02	3.59E-01	-6.62E-02	7.21E-02	5.34E-02	
arnF~~~eamA	1.41E-01	1.04E-02	3.59E-01	-6.62E-02	7.21E-02	5.34E-02	
mcbR	1.41E-01	2.83E-03	5.42E-02	-3.25E-01	1.68E-01	1.12E-01	bad-chisq
group_5876	1.41E-01	1.04E-02	3.59E-01	-6.62E-02	7.21E-02	5.34E-02	
group_5875	1.41E-01	1.04E-02	3.59E-01	-6.62E-02	7.21E-02	5.34E-02	
group_4991	1.41E-01	2.83E-03	6.91E-02	-2.45E-01	1.34E-01	1.06E-01	bad-chisq
group_20235	1.38E-01	3.28E-21	5.37E-05	3.09E-01	7.53E-02	2.32E-01	
group_19484	1.38E-01	9.55E-01	1.13E-01	1.00E-01	6.32E-02	9.21E-02	
group_18217	1.25E-01	1.53E-03	1.29E-01	-9.62E-02	6.32E-02	8.83E-02	bad-chisq
group_17582	1.38E-01	3.35E-03	6.19E-02	-2.72E-01	1.45E-01	1.08E-01	bad-chisq
hlyD~~~aaeA	1.38E-01	1.22E-02	7.26E-01	-5.57E-02	1.59E-01	2.04E-02	
group_17393	1.38E-01	1.22E-02	8.12E-01	-3.32E-02	1.39E-01	1.39E-02	
group_17366	1.38E-01	1.22E-02	8.12E-01	-3.32E-02	1.39E-01	1.39E-02	
group_17059	1.38E-01	1.22E-02	8.12E-01	-3.32E-02	1.39E-01	1.39E-02	
group_17018	1.38E-01	1.22E-02	3.53E-01	-1.26E-01	1.35E-01	5.41E-02	
group_16823	1.38E-01	1.22E-02	3.54E-01	-1.27E-01	1.37E-01	5.40E-02	
group_14909	1.38E-01	7.11E-01	2.15E-01	7.75E-02	6.24E-02	7.21E-02	
group_14880	1.35E-01	3.95E-03	4.55E-01	-7.49E-02	1.00E-01	4.35E-02	bad-chisq
group_14830	1.35E-01	3.95E-03	4.55E-01	-7.49E-02	1.00E-01	4.35E-02	bad-chisq
group_14813	1.38E-01	7.11E-01	2.15E-01	7.75E-02	6.24E-02	7.21E-02	
group_14716	1.38E-01	7.11E-01	2.15E-01	7.75E-02	6.24E-02	7.21E-02	
group_14715	1.38E-01	7.11E-01	2.15E-01	7.75E-02	6.24E-02	7.21E-02	
group_14682	1.35E-01	3.95E-03	4.55E-01	-7.49E-02	1.00E-01	4.35E-02	bad-chisq
group_14400	1.28E-01	1.96E-02	3.84E-01	-6.62E-02	7.60E-02	5.07E-02	
group_14101	1.35E-01	1.43E-02	1.46E-01	-1.13E-01	7.76E-02	8.45E-02	
group_14077	1.38E-01	7.11E-01	2.15E-01	7.75E-02	6.24E-02	7.21E-02	
group_13661	1.38E-01	7.11E-01	2.15E-01	7.75E-02	6.24E-02	7.21E-02	
group_12981	1.38E-01	7.11E-01	2.15E-01	7.75E-02	6.24E-02	7.21E-02	
group_11144	1.38E-01	6.29E-01	6.10E-02	1.23E-01	6.56E-02	1.09E-01	
group_10247	1.38E-01	3.76E-02	6.93E-01	-2.64E-02	6.66E-02	2.30E-02	
group_9994	1.35E-01	2.48E-01	5.07E-01	3.89E-02	5.85E-02	3.87E-02	
group_9573	1.38E-01	3.35E-03	7.21E-02	-1.16E-01	6.44E-02	1.05E-01	bad-chisq
rutD	1.38E-01	3.35E-03	6.96E-02	-2.81E-01	1.55E-01	1.05E-01	bad-chisq
group_6591	1.38E-01	3.35E-03	6.96E-02	-2.81E-01	1.55E-01	1.05E-01	bad-chisq
group_22750	1.35E-01	1.43E-02	4.08E-01	-5.40E-02	6.52E-02	4.82E-02	
group_20274	1.31E-01	4.67E-03	1.55E-01	-9.02E-02	6.32E-02	8.28E-02	bad-chisq
group_19538	1.31E-01	4.67E-03	4.15E-01	-8.15E-02	9.98E-02	4.75E-02	bad-chisq
group_19460	1.35E-01	1.43E-02	4.34E-01	-5.01E-02	6.40E-02	4.56E-02	
group_19431	1.28E-01	1.30E-03	6.36E-02	-1.34E-01	7.19E-02	1.08E-01	bad-chisq
group_18688	1.35E-01	1.43E-02	4.08E-01	-5.40E-02	6.52E-02	4.82E-02	
group_18687	1.35E-01	1.43E-02	4.08E-01	-5.40E-02	6.52E-02	4.82E-02	
group_18571	1.35E-01	1.43E-02	4.08E-01	-5.40E-02	6.52E-02	4.82E-02	
group_18570	1.35E-01	1.43E-02	4.08E-01	-5.40E-02	6.52E-02	4.82E-02	
group_18435	1.35E-01	1.43E-02	4.08E-01	-5.40E-02	6.52E-02	4.82E-02	
group_18434	1.35E-01	1.43E-02	4.08E-01	-5.40E-02	6.52E-02	4.82E-02	
group_18277	1.35E-01	1.43E-02	4.08E-01	-5.40E-02	6.52E-02	4.82E-02	
group_18276	1.35E-01	1.43E-02	4.08E-01	-5.40E-02	6.52E-02	4.82E-02	
group_18167	1.35E-01	4.69E-01	4.67E-01	4.56E-02	6.26E-02	4.24E-02	
group_18089	1.35E-01	1.43E-02	4.08E-01	-5.40E-02	6.52E-02	4.82E-02	
group_18088	1.35E-01	1.43E-02	4.08E-01	-5.40E-02	6.52E-02	4.82E-02	
group_17816	1.35E-01	1.43E-02	4.08E-01	-5.40E-02	6.52E-02	4.82E-02	
group_17815	1.35E-01	1.43E-02	4.08E-01	-5.40E-02	6.52E-02	4.82E-02	
group_17479	1.35E-01	1.43E-02	4.08E-01	-5.40E-02	6.52E-02	4.82E-02	
group_17478	1.35E-01	1.43E-02	4.08E-01	-5.40E-02	6.52E-02	4.82E-02	
group_16957	1.35E-01	1.43E-02	4.08E-01	-5.40E-02	6.52E-02	4.82E-02	
group_16956	1.35E-01	1.43E-02	4.08E-01	-5.40E-02	6.52E-02	4.82E-02	
psiE~~~psiGI	1.21E-01	1.81E-03	1.51E-01	-9.40E-02	6.53E-02	8.35E-02	bad-chisq
group_16241	1.35E-01	1.43E-02	4.08E-01	-5.40E-02	6.52E-02	4.82E-02	
group_15613	1.35E-01	7.70E-01	1.34E-01	9.35E-02	6.22E-02	8.71E-02	
group_15527	1.35E-01	7.70E-01	1.34E-01	9.35E-02	6.22E-02	8.71E-02	
group_15330	1.35E-01	4.69E-01	4.83E-01	4.43E-02	6.32E-02	4.08E-02	
group_15196	1.35E-01	7.70E-01	1.93E-01	8.20E-02	6.28E-02	7.57E-02	
group_14908	1.35E-01	7.70E-01	1.93E-01	8.20E-02	6.28E-02	7.57E-02	
group_13855	1.35E-01	3.95E-03	1.28E-01	-2.51E-01	1.64E-01	8.84E-02	bad-chisq
group_13559	1.35E-01	3.95E-03	2.03E-01	-2.25E-01	1.76E-01	7.41E-02	bad-chisq
group_13170	1.35E-01	3.95E-03	1.13E-01	-2.19E-01	1.38E-01	9.21E-02	bad-chisq
group_12977	1.35E-01	3.95E-03	2.03E-01	-2.25E-01	1.76E-01	7.41E-02	bad-chisq
group_12899	1.35E-01	1.43E-02	4.08E-01	-5.40E-02	6.52E-02	4.82E-02	
group_12844	1.35E-01	1.43E-02	4.51E-01	-5.62E-02	7.44E-02	4.39E-02	
group_12151	1.35E-01	1.43E-02	4.08E-01	-5.40E-02	6.52E-02	4.82E-02	
group_11242	1.35E-01	3.95E-03	1.37E-01	-2.24E-01	1.50E-01	8.65E-02	bad-chisq
group_11241	1.35E-01	1.51E-01	1.36E-03	2.06E-01	6.38E-02	1.85E-01	
mmdA	1.35E-01	1.43E-02	4.08E-01	-5.40E-02	6.52E-02	4.82E-02	
pccA	1.35E-01	1.43E-02	4.08E-01	-5.40E-02	6.52E-02	4.82E-02	
ibpA	1.21E-01	1.81E-03	1.60E-01	-9.04E-02	6.41E-02	8.18E-02	bad-chisq
group_9371	1.35E-01	1.43E-02	4.51E-01	-5.62E-02	7.44E-02	4.39E-02	
group_8505	1.35E-01	4.35E-02	8.67E-01	-1.13E-02	6.74E-02	9.78E-03	
group_7013	1.35E-01	1.43E-02	4.08E-01	-5.40E-02	6.52E-02	4.82E-02	
group_7012	1.35E-01	1.43E-02	4.08E-01	-5.40E-02	6.52E-02	4.82E-02	
group_5455	1.35E-01	4.35E-02	8.67E-01	-1.13E-02	6.74E-02	9.78E-03	
group_3431	1.35E-01	5.68E-01	2.81E-02	1.50E-01	6.82E-02	1.27E-01	
group_24020	1.28E-01	5.51E-03	5.14E-01	-9.91E-02	1.51E-01	3.80E-02	bad-chisq
group_20797	1.31E-01	1.28E-01	6.09E-01	3.37E-02	6.58E-02	2.98E-02	
group_20383	1.28E-01	5.68E-01	6.40E-01	2.96E-02	6.33E-02	2.73E-02	
group_19515	1.18E-01	2.14E-03	1.72E-01	-9.04E-02	6.61E-02	7.94E-02	bad-chisq
group_19241	1.31E-01	5.04E-02	9.18E-01	-6.90E-03	6.70E-02	5.99E-03	
group_18617	1.28E-01	5.51E-03	2.91E-01	-1.38E-01	1.30E-01	6.15E-02	bad-chisq
group_18422	1.25E-01	6.49E-03	2.98E-01	-7.29E-02	7.00E-02	6.05E-02	bad-chisq
group_18392	1.18E-01	2.14E-03	1.50E-01	-9.18E-02	6.36E-02	8.38E-02	bad-chisq
group_18391	1.18E-01	2.14E-03	1.50E-01	-9.18E-02	6.36E-02	8.38E-02	bad-chisq
group_16932	1.31E-01	4.67E-03	1.74E-01	-2.28E-01	1.68E-01	7.91E-02	bad-chisq
group_16142	1.31E-01	5.17E-01	6.65E-01	-2.58E-02	5.94E-02	2.52E-02	
group_15442	1.31E-01	8.32E-01	1.26E-01	9.52E-02	6.20E-02	8.91E-02	
group_13460	1.31E-01	4.67E-03	2.76E-01	-1.70E-01	1.56E-01	6.35E-02	bad-chisq
group_13123	1.31E-01	4.67E-03	1.81E-01	-2.26E-01	1.69E-01	7.78E-02	bad-chisq
group_12852	1.31E-01	4.67E-03	2.76E-01	-1.70E-01	1.56E-01	6.35E-02	bad-chisq
group_12453	1.31E-01	4.67E-03	1.53E-01	-1.85E-01	1.29E-01	8.32E-02	bad-chisq
group_12439	1.31E-01	1.67E-02	1.33E-01	-2.22E-01	1.47E-01	8.74E-02	
group_12175	1.25E-01	6.73E-02	5.83E-01	3.67E-02	6.69E-02	3.20E-02	
group_11989	1.31E-01	1.67E-02	1.33E-01	-2.22E-01	1.47E-01	8.74E-02	
group_11847	1.31E-01	4.67E-03	9.60E-02	-2.52E-01	1.51E-01	9.68E-02	bad-chisq
group_10893	1.31E-01	1.67E-02	1.33E-01	-2.22E-01	1.47E-01	8.74E-02	
group_10032	1.31E-01	4.67E-03	2.60E-01	-1.94E-01	1.72E-01	6.56E-02	bad-chisq
trxLHR	1.18E-01	2.14E-03	1.57E-01	-9.18E-02	6.46E-02	8.24E-02	bad-chisq
cls	1.18E-01	2.14E-03	1.57E-01	-9.18E-02	6.46E-02	8.24E-02	bad-chisq
group_9173	1.31E-01	1.67E-02	1.33E-01	-2.22E-01	1.47E-01	8.74E-02	
group_8028	1.18E-01	2.14E-03	1.57E-01	-9.18E-02	6.46E-02	8.24E-02	bad-chisq
mexC	1.31E-01	4.67E-03	2.60E-01	-1.94E-01	1.72E-01	6.56E-02	bad-chisq
group_7639	1.31E-01	8.22E-01	1.46E-01	1.04E-01	7.14E-02	8.46E-02	
clpK~~~clpA	1.18E-01	2.14E-03	1.57E-01	-9.18E-02	6.46E-02	8.24E-02	bad-chisq
group_6421	1.31E-01	1.67E-02	1.33E-01	-2.22E-01	1.47E-01	8.74E-02	
group_6116	1.31E-01	4.67E-03	9.35E-02	-1.10E-01	6.51E-02	9.75E-02	bad-chisq
adeB	1.31E-01	4.67E-03	2.60E-01	-1.94E-01	1.72E-01	6.56E-02	bad-chisq
thiJ	1.31E-01	1.28E-01	9.65E-01	3.05E-03	6.86E-02	2.59E-03	
group_24145	1.28E-01	5.83E-02	8.98E-01	-8.75E-03	6.83E-02	7.46E-03	
group_23265	1.28E-01	5.83E-02	8.98E-01	-8.75E-03	6.83E-02	7.46E-03	
group_22872	1.28E-01	5.83E-02	8.98E-01	-8.75E-03	6.83E-02	7.46E-03	
group_22677	1.28E-01	5.83E-02	8.98E-01	-8.75E-03	6.83E-02	7.46E-03	
group_21053	1.21E-01	7.76E-02	9.80E-01	-1.59E-03	6.31E-02	1.47E-03	
group_21052	1.21E-01	7.76E-02	9.80E-01	-1.59E-03	6.31E-02	1.47E-03	
group_21031	1.21E-01	2.67E-02	5.00E-01	-4.29E-02	6.36E-02	3.93E-02	
group_19617	1.28E-01	1.96E-02	6.23E-01	-3.49E-02	7.09E-02	2.87E-02	
group_19220	1.28E-01	1.96E-02	6.23E-01	-3.49E-02	7.09E-02	2.87E-02	
group_19214	1.28E-01	1.96E-02	6.23E-01	-3.49E-02	7.09E-02	2.87E-02	
group_15680	1.21E-01	7.76E-02	6.47E-01	3.07E-02	6.69E-02	2.67E-02	
group_14635	1.28E-01	8.97E-01	1.56E-01	8.94E-02	6.29E-02	8.24E-02	
wcaL	1.18E-01	3.11E-02	5.31E-01	-4.79E-02	7.64E-02	3.65E-02	
group_13862	1.18E-01	3.11E-02	5.31E-01	-4.79E-02	7.64E-02	3.65E-02	
group_13561	1.28E-01	8.97E-01	1.56E-01	9.23E-02	6.48E-02	8.26E-02	
group_13279	1.18E-01	3.11E-02	5.31E-01	-4.79E-02	7.64E-02	3.65E-02	
htpX	1.14E-01	2.53E-03	2.07E-01	-8.51E-02	6.73E-02	7.34E-02	bad-chisq
group_6896	1.14E-01	2.53E-03	1.67E-01	-9.07E-02	6.55E-02	8.04E-02	bad-chisq
group_6808	1.28E-01	1.46E-01	9.20E-01	6.98E-03	6.96E-02	5.84E-03	
group_5950	1.28E-01	5.83E-02	8.98E-01	-8.75E-03	6.83E-02	7.46E-03	
group_23435	1.25E-01	6.73E-02	9.50E-01	-4.25E-03	6.78E-02	3.65E-03	
group_22401	1.25E-01	6.73E-02	8.98E-01	-8.70E-03	6.82E-02	7.43E-03	
group_21040	1.18E-01	2.14E-03	8.05E-01	-1.55E-01	6.26E-01	1.44E-02	bad-chisq
group_21029	1.21E-01	7.76E-02	8.45E-01	1.25E-02	6.40E-02	1.14E-02	
group_20946	1.18E-01	3.11E-02	6.40E-01	-2.97E-02	6.36E-02	2.72E-02	
group_20945	1.18E-01	3.11E-02	6.40E-01	-2.97E-02	6.36E-02	2.72E-02	
group_20661	1.18E-01	2.14E-03	8.05E-01	-1.55E-01	6.26E-01	1.44E-02	bad-chisq
group_20635	1.11E-01	2.98E-03	1.58E-01	-9.32E-02	6.59E-02	8.21E-02	bad-chisq
group_20512	1.11E-01	2.98E-03	1.58E-01	-9.32E-02	6.59E-02	8.21E-02	bad-chisq
group_20511	1.11E-01	2.98E-03	1.58E-01	-9.32E-02	6.59E-02	8.21E-02	bad-chisq
group_20333	1.11E-01	2.98E-03	1.58E-01	-9.32E-02	6.59E-02	8.21E-02	bad-chisq
group_19893	1.25E-01	6.49E-03	2.21E-01	-8.28E-02	6.76E-02	7.12E-02	bad-chisq
group_19883	1.25E-01	6.73E-02	4.42E-01	-4.53E-02	5.88E-02	4.48E-02	
group_19859	1.18E-01	2.14E-03	8.05E-01	-1.55E-01	6.26E-01	1.44E-02	bad-chisq
group_19697	1.21E-01	7.64E-03	5.31E-01	-9.92E-02	1.58E-01	3.65E-02	bad-chisq
pilS~~~pilA~~~fimT	1.18E-01	2.14E-03	8.05E-01	-1.55E-01	6.26E-01	1.44E-02	bad-chisq
pulF	1.18E-01	2.14E-03	8.05E-01	-1.55E-01	6.26E-01	1.44E-02	bad-chisq
group_19582	1.18E-01	2.14E-03	8.05E-01	-1.55E-01	6.26E-01	1.44E-02	bad-chisq
group_19439	1.25E-01	2.28E-02	5.40E-01	-4.04E-02	6.58E-02	3.57E-02	
group_19437	1.18E-01	2.14E-03	8.05E-01	-1.55E-01	6.26E-01	1.44E-02	bad-chisq
group_18945	1.18E-01	2.14E-03	8.05E-01	-1.55E-01	6.26E-01	1.44E-02	bad-chisq
rdmE	1.25E-01	6.49E-03	8.03E-02	-2.98E-01	1.70E-01	1.02E-01	bad-chisq
ywqN~~~wrbA	1.18E-01	2.14E-03	8.05E-01	-1.55E-01	6.26E-01	1.44E-02	bad-chisq
group_18105	1.18E-01	2.14E-03	8.05E-01	-1.55E-01	6.26E-01	1.44E-02	bad-chisq
group_17537	1.18E-01	2.14E-03	8.05E-01	-1.55E-01	6.26E-01	1.44E-02	bad-chisq
group_17536	1.18E-01	2.14E-03	8.05E-01	-1.55E-01	6.26E-01	1.44E-02	bad-chisq
group_17362	1.18E-01	2.14E-03	8.05E-01	-1.55E-01	6.26E-01	1.44E-02	bad-chisq
pilN~~~bfpB~~~pulD	1.18E-01	2.14E-03	8.05E-01	-1.55E-01	6.26E-01	1.44E-02	bad-chisq
group_17139	1.25E-01	6.49E-03	8.03E-02	-2.98E-01	1.70E-01	1.02E-01	bad-chisq
group_17064	1.18E-01	2.14E-03	8.05E-01	-1.55E-01	6.26E-01	1.44E-02	bad-chisq
group_17063	1.18E-01	2.14E-03	8.05E-01	-1.55E-01	6.26E-01	1.44E-02	bad-chisq
group_17054	1.18E-01	2.14E-03	8.05E-01	-1.55E-01	6.26E-01	1.44E-02	bad-chisq
group_17053	1.18E-01	2.14E-03	8.05E-01	-1.55E-01	6.26E-01	1.44E-02	bad-chisq
group_16838	1.18E-01	2.14E-03	8.05E-01	-1.55E-01	6.26E-01	1.44E-02	bad-chisq
group_16768	1.18E-01	2.14E-03	8.05E-01	-1.55E-01	6.26E-01	1.44E-02	bad-chisq
group_16746	1.18E-01	2.14E-03	8.05E-01	-1.55E-01	6.26E-01	1.44E-02	bad-chisq
group_16652	1.18E-01	2.14E-03	8.05E-01	-1.55E-01	6.26E-01	1.44E-02	bad-chisq
group_16611	1.18E-01	2.14E-03	8.05E-01	-1.55E-01	6.26E-01	1.44E-02	bad-chisq
group_16479	1.25E-01	3.49E-01	3.85E-01	5.85E-02	6.73E-02	5.06E-02	
pbpG~~~lysR~~~hcaR	1.11E-01	2.98E-03	1.58E-01	-9.32E-02	6.59E-02	8.21E-02	bad-chisq
group_16226	1.25E-01	6.49E-03	8.03E-02	-2.98E-01	1.70E-01	1.02E-01	bad-chisq
group_15768	1.18E-01	2.14E-03	8.05E-01	-1.55E-01	6.26E-01	1.44E-02	bad-chisq
group_15339	1.18E-01	2.14E-03	8.05E-01	-1.55E-01	6.26E-01	1.44E-02	bad-chisq
group_14970	1.25E-01	6.49E-03	8.03E-02	-2.98E-01	1.70E-01	1.02E-01	bad-chisq
group_14788	1.25E-01	6.49E-03	8.03E-02	-2.98E-01	1.70E-01	1.02E-01	bad-chisq
takP~~~fcbT1	1.18E-01	2.14E-03	8.05E-01	-1.55E-01	6.26E-01	1.44E-02	bad-chisq
group_12613	1.25E-01	6.49E-03	3.81E-01	-1.20E-01	1.36E-01	5.10E-02	bad-chisq
group_12602	1.14E-01	3.62E-02	5.74E-01	-4.27E-02	7.60E-02	3.27E-02	
group_12400	1.18E-01	2.14E-03	8.05E-01	-1.55E-01	6.26E-01	1.44E-02	bad-chisq
group_11786	1.14E-01	3.62E-02	5.74E-01	-4.27E-02	7.60E-02	3.27E-02	
fiu~~~bfrD	1.18E-01	2.14E-03	8.05E-01	-1.55E-01	6.26E-01	1.44E-02	bad-chisq
group_11301	1.18E-01	2.14E-03	8.05E-01	-1.55E-01	6.26E-01	1.44E-02	bad-chisq
rIO1	1.18E-01	2.14E-03	8.05E-01	-1.55E-01	6.26E-01	1.44E-02	bad-chisq
group_9504	1.18E-01	2.14E-03	8.05E-01	-1.55E-01	6.26E-01	1.44E-02	bad-chisq
group_9092	1.25E-01	2.28E-02	5.78E-01	1.08E-01	1.95E-01	3.24E-02	
group_8874	1.18E-01	2.14E-03	8.05E-01	-1.55E-01	6.26E-01	1.44E-02	bad-chisq
group_7827	1.25E-01	6.49E-03	4.03E-01	-1.17E-01	1.40E-01	4.87E-02	bad-chisq
yfdX1	1.11E-01	2.98E-03	1.69E-01	-9.16E-02	6.64E-02	8.01E-02	bad-chisq
hdeDGI	1.11E-01	2.98E-03	1.69E-01	-9.16E-02	6.64E-02	8.01E-02	bad-chisq
group_5699	1.14E-01	3.62E-02	5.74E-01	-4.27E-02	7.60E-02	3.27E-02	
group_5522	1.25E-01	3.49E-01	5.14E-01	4.73E-02	7.25E-02	3.80E-02	
shsP	1.11E-01	2.98E-03	1.69E-01	-9.16E-02	6.64E-02	8.01E-02	bad-chisq
group_4517	1.11E-01	2.98E-03	1.69E-01	-9.16E-02	6.64E-02	8.01E-02	bad-chisq
yfdX2	1.11E-01	2.98E-03	1.69E-01	-9.16E-02	6.64E-02	8.01E-02	bad-chisq
group_3893	1.25E-01	1.31E-12	8.18E-01	1.74E-02	7.57E-02	1.34E-02	
group_3186	1.25E-01	6.73E-02	9.50E-01	-4.25E-03	6.78E-02	3.65E-03	
group_22319	1.21E-01	7.64E-03	5.14E-01	-4.38E-02	6.70E-02	3.80E-02	bad-chisq
group_20890	1.14E-01	2.53E-03	8.95E-01	-4.64E-02	3.53E-01	7.66E-03	bad-chisq
yeaN~~~cynX	1.14E-01	2.53E-03	8.95E-01	-4.64E-02	3.53E-01	7.66E-03	bad-chisq
group_19781	1.18E-01	8.94E-02	9.26E-01	-6.88E-03	7.36E-02	5.44E-03	
group_18995	1.14E-01	2.53E-03	9.00E-01	-4.08E-02	3.25E-01	7.31E-03	bad-chisq
group_18976	1.14E-01	2.53E-03	9.06E-01	-3.63E-02	3.07E-01	6.89E-03	bad-chisq
group_18900	1.14E-01	2.53E-03	8.91E-01	-4.88E-02	3.57E-01	7.95E-03	bad-chisq
group_18036	1.14E-01	2.53E-03	8.98E-01	-4.47E-02	3.49E-01	7.46E-03	bad-chisq
group_17685	1.21E-01	7.64E-03	2.88E-01	-2.43E-01	2.28E-01	6.18E-02	bad-chisq
group_17675	1.14E-01	2.53E-03	8.97E-01	-4.49E-02	3.48E-01	7.52E-03	bad-chisq
group_17404	1.21E-01	7.64E-03	2.88E-01	-2.43E-01	2.28E-01	6.18E-02	bad-chisq
group_17264	1.21E-01	7.64E-03	2.88E-01	-2.43E-01	2.28E-01	6.18E-02	bad-chisq
group_16757	1.14E-01	2.53E-03	8.91E-01	-4.88E-02	3.57E-01	7.95E-03	bad-chisq
group_16570	1.21E-01	7.64E-03	2.88E-01	-2.43E-01	2.28E-01	6.18E-02	bad-chisq
group_16490	1.21E-01	7.64E-03	2.88E-01	-2.43E-01	2.28E-01	6.18E-02	bad-chisq
group_16118	1.21E-01	7.64E-03	2.88E-01	-2.43E-01	2.28E-01	6.18E-02	bad-chisq
luxR~~~lasR	1.14E-01	2.53E-03	9.04E-01	-3.79E-02	3.15E-01	7.02E-03	bad-chisq
group_15360	1.21E-01	7.64E-03	2.88E-01	-2.43E-01	2.28E-01	6.18E-02	bad-chisq
group_15324	1.14E-01	2.53E-03	8.16E-01	-5.48E-02	2.36E-01	1.35E-02	bad-chisq
group_15312	1.18E-01	2.14E-03	1.05E-01	-1.34E-01	8.25E-02	9.43E-02	bad-chisq
group_14546	1.21E-01	7.64E-03	1.26E-01	-2.34E-01	1.53E-01	8.89E-02	bad-chisq
group_14539	1.21E-01	7.64E-03	2.88E-01	-2.43E-01	2.28E-01	6.18E-02	bad-chisq
group_14496	1.21E-01	7.64E-03	2.88E-01	-2.43E-01	2.28E-01	6.18E-02	bad-chisq
group_13978	1.21E-01	7.64E-03	2.88E-01	-2.43E-01	2.28E-01	6.18E-02	bad-chisq
group_13397	1.14E-01	2.53E-03	6.18E-02	-1.36E-01	7.26E-02	1.09E-01	bad-chisq
pcaQ	1.21E-01	7.64E-03	5.14E-01	-4.38E-02	6.70E-02	3.80E-02	bad-chisq
group_12707	1.21E-01	7.64E-03	2.88E-01	-2.43E-01	2.28E-01	6.18E-02	bad-chisq
group_12513	1.21E-01	7.64E-03	5.14E-01	-4.38E-02	6.70E-02	3.80E-02	bad-chisq
group_12434	1.21E-01	9.67E-01	1.30E-01	1.15E-01	7.56E-02	8.81E-02	
group_12433	1.21E-01	9.67E-01	1.30E-01	1.15E-01	7.56E-02	8.81E-02	
group_11962	1.21E-01	7.64E-03	2.88E-01	-2.43E-01	2.28E-01	6.18E-02	bad-chisq
group_11816	1.21E-01	7.64E-03	2.88E-01	-2.43E-01	2.28E-01	6.18E-02	bad-chisq
pcaG	1.21E-01	7.64E-03	5.14E-01	-4.38E-02	6.70E-02	3.80E-02	bad-chisq
group_11535	1.21E-01	9.67E-01	1.30E-01	1.15E-01	7.56E-02	8.81E-02	
group_11534	1.21E-01	9.67E-01	1.30E-01	1.15E-01	7.56E-02	8.81E-02	
group_11465	1.21E-01	7.64E-03	2.88E-01	-2.43E-01	2.28E-01	6.18E-02	bad-chisq
group_11398	1.21E-01	7.64E-03	2.88E-01	-2.43E-01	2.28E-01	6.18E-02	bad-chisq
group_11397	1.21E-01	6.22E-01	1.89E-02	1.75E-01	7.41E-02	1.36E-01	
group_11085	1.14E-01	2.53E-03	9.09E-01	-3.35E-02	2.93E-01	6.66E-03	bad-chisq
group_11081	1.21E-01	7.64E-03	2.88E-01	-2.43E-01	2.28E-01	6.18E-02	bad-chisq
group_10971	1.21E-01	7.64E-03	2.88E-01	-2.43E-01	2.28E-01	6.18E-02	bad-chisq
group_10838	1.21E-01	7.64E-03	2.88E-01	-2.43E-01	2.28E-01	6.18E-02	bad-chisq
group_10675	1.21E-01	7.64E-03	2.88E-01	-2.43E-01	2.28E-01	6.18E-02	bad-chisq
group_10625	1.21E-01	7.64E-03	2.88E-01	-2.43E-01	2.28E-01	6.18E-02	bad-chisq
kefBGI	1.08E-01	3.52E-03	2.06E-01	-8.56E-02	6.76E-02	7.36E-02	bad-chisq
group_10419	1.21E-01	7.64E-03	2.88E-01	-2.43E-01	2.28E-01	6.18E-02	bad-chisq
group_10354	1.21E-01	7.64E-03	5.14E-01	-4.38E-02	6.70E-02	3.80E-02	bad-chisq
group_10338	1.21E-01	7.64E-03	2.88E-01	-2.43E-01	2.28E-01	6.18E-02	bad-chisq
group_10306	1.21E-01	7.64E-03	2.88E-01	-2.43E-01	2.28E-01	6.18E-02	bad-chisq
group_10185	1.21E-01	9.67E-01	1.30E-01	1.15E-01	7.56E-02	8.81E-02	
group_9960	1.21E-01	7.64E-03	2.88E-01	-2.43E-01	2.28E-01	6.18E-02	bad-chisq
group_9959	1.21E-01	6.22E-01	1.89E-02	1.75E-01	7.41E-02	1.36E-01	
group_9500	1.21E-01	7.64E-03	5.14E-01	-4.38E-02	6.70E-02	3.80E-02	bad-chisq
group_9276	1.21E-01	7.64E-03	2.88E-01	-2.43E-01	2.28E-01	6.18E-02	bad-chisq
group_9087	1.21E-01	7.64E-03	2.88E-01	-2.43E-01	2.28E-01	6.18E-02	bad-chisq
group_8846	1.21E-01	7.64E-03	2.88E-01	-2.43E-01	2.28E-01	6.18E-02	bad-chisq
group_8407	1.21E-01	7.64E-03	5.14E-01	-4.38E-02	6.70E-02	3.80E-02	bad-chisq
pcaC	1.21E-01	7.64E-03	5.14E-01	-4.38E-02	6.70E-02	3.80E-02	bad-chisq
pyrC	1.21E-01	7.64E-03	2.88E-01	-2.43E-01	2.28E-01	6.18E-02	bad-chisq
group_7934	1.21E-01	7.64E-03	2.88E-01	-2.43E-01	2.28E-01	6.18E-02	bad-chisq
group_7819	1.21E-01	2.67E-02	6.72E-01	-2.89E-02	6.81E-02	2.47E-02	
group_7710	1.21E-01	7.64E-03	2.88E-01	-2.43E-01	2.28E-01	6.18E-02	bad-chisq
group_7591	1.18E-01	3.11E-02	7.58E-01	-2.35E-02	7.62E-02	1.80E-02	
group_7533	1.21E-01	7.64E-03	2.88E-01	-2.43E-01	2.28E-01	6.18E-02	bad-chisq
group_7527	1.21E-01	7.64E-03	2.88E-01	-2.43E-01	2.28E-01	6.18E-02	bad-chisq
group_6920	1.21E-01	7.64E-03	5.14E-01	-4.38E-02	6.70E-02	3.80E-02	bad-chisq
group_6919	1.21E-01	7.64E-03	5.14E-01	-4.38E-02	6.70E-02	3.80E-02	bad-chisq
group_6566	1.21E-01	7.64E-03	2.88E-01	-2.43E-01	2.28E-01	6.18E-02	bad-chisq
group_6542	1.21E-01	7.64E-03	2.88E-01	-2.43E-01	2.28E-01	6.18E-02	bad-chisq
group_6497	1.21E-01	7.64E-03	2.88E-01	-2.43E-01	2.28E-01	6.18E-02	bad-chisq
group_5448	1.21E-01	7.64E-03	2.88E-01	-2.43E-01	2.28E-01	6.18E-02	bad-chisq
group_5345	1.21E-01	7.64E-03	2.88E-01	-2.43E-01	2.28E-01	6.18E-02	bad-chisq
group_5327	1.21E-01	7.64E-03	5.14E-01	-4.38E-02	6.70E-02	3.80E-02	bad-chisq
group_5326	1.21E-01	7.64E-03	5.14E-01	-4.38E-02	6.70E-02	3.80E-02	bad-chisq
group_5162	1.21E-01	7.64E-03	2.88E-01	-2.43E-01	2.28E-01	6.18E-02	bad-chisq
group_4985	1.21E-01	7.64E-03	2.88E-01	-2.43E-01	2.28E-01	6.18E-02	bad-chisq
group_4907	1.21E-01	7.64E-03	2.88E-01	-2.43E-01	2.28E-01	6.18E-02	bad-chisq
group_4705	1.21E-01	7.64E-03	2.88E-01	-2.43E-01	2.28E-01	6.18E-02	bad-chisq
group_4704	1.21E-01	7.64E-03	2.88E-01	-2.43E-01	2.28E-01	6.18E-02	bad-chisq
group_4004	1.21E-01	7.64E-03	2.88E-01	-2.43E-01	2.28E-01	6.18E-02	bad-chisq
group_3740	1.21E-01	7.64E-03	5.14E-01	-4.38E-02	6.70E-02	3.80E-02	bad-chisq
group_2999	1.21E-01	7.64E-03	2.99E-01	-1.52E-01	1.46E-01	6.05E-02	bad-chisq
fecA	1.21E-01	7.64E-03	2.88E-01	-2.43E-01	2.28E-01	6.18E-02	bad-chisq
group_21394	1.18E-01	2.97E-01	2.46E-03	2.21E-01	7.23E-02	1.75E-01	
group_21043	1.11E-01	4.22E-02	6.14E-01	-3.31E-02	6.56E-02	2.94E-02	
group_21042	1.11E-01	4.22E-02	6.14E-01	-3.31E-02	6.56E-02	2.94E-02	
group_20442	1.14E-01	3.62E-02	5.37E-01	-4.08E-02	6.59E-02	3.60E-02	
hemJ	1.11E-01	2.98E-03	9.08E-01	-3.86E-02	3.32E-01	6.76E-03	bad-chisq
group_19804	1.04E-01	4.14E-03	1.65E-01	-9.38E-02	6.74E-02	8.07E-02	bad-chisq
group_19750	1.11E-01	2.98E-03	9.08E-01	-3.86E-02	3.32E-01	6.76E-03	bad-chisq
dodA	1.11E-01	2.98E-03	9.08E-01	-3.86E-02	3.32E-01	6.76E-03	bad-chisq
group_19519	1.18E-01	3.11E-02	6.83E-01	6.57E-02	1.61E-01	2.38E-02	
group_19112	1.11E-01	2.98E-03	9.27E-01	-2.32E-02	2.54E-01	5.31E-03	bad-chisq
group_19001	1.11E-01	2.98E-03	9.19E-01	-2.74E-02	2.69E-01	5.93E-03	bad-chisq
group_18973	1.11E-01	2.98E-03	9.27E-01	-2.32E-02	2.54E-01	5.31E-03	bad-chisq
group_18940	1.11E-01	2.98E-03	9.27E-01	-2.32E-02	2.54E-01	5.31E-03	bad-chisq
group_18838	1.11E-01	2.98E-03	9.27E-01	-2.32E-02	2.54E-01	5.31E-03	bad-chisq
uspA~~~teaD	1.11E-01	2.98E-03	9.08E-01	-3.86E-02	3.32E-01	6.76E-03	bad-chisq
group_18532	1.11E-01	2.98E-03	9.29E-01	-2.23E-02	2.51E-01	5.17E-03	bad-chisq
group_18308	1.18E-01	8.97E-01	1.61E-01	1.04E-01	7.41E-02	8.15E-02	
group_18120	1.18E-01	8.97E-01	1.61E-01	1.04E-01	7.41E-02	8.15E-02	
group_18119	1.18E-01	8.97E-01	1.61E-01	1.04E-01	7.41E-02	8.15E-02	
group_18114	1.11E-01	2.98E-03	9.10E-01	-3.79E-02	3.34E-01	6.61E-03	bad-chisq
yccS~~~yccC	1.11E-01	2.98E-03	9.29E-01	-2.33E-02	2.61E-01	5.22E-03	bad-chisq
group_17858	1.11E-01	2.98E-03	9.10E-01	-3.79E-02	3.34E-01	6.61E-03	bad-chisq
group_17857	1.18E-01	8.97E-01	1.61E-01	1.04E-01	7.41E-02	8.15E-02	
group_17856	1.18E-01	8.97E-01	1.61E-01	1.04E-01	7.41E-02	8.15E-02	
rocD	1.11E-01	2.98E-03	9.08E-01	-3.86E-02	3.32E-01	6.76E-03	bad-chisq
group_17524	1.18E-01	8.97E-01	1.61E-01	1.04E-01	7.41E-02	8.15E-02	
intS	1.18E-01	8.97E-01	9.29E-02	1.10E-01	6.54E-02	9.77E-02	
group_17138	1.18E-01	8.98E-03	2.15E-01	-1.96E-01	1.58E-01	7.21E-02	bad-chisq
group_17041	1.18E-01	8.97E-01	1.61E-01	1.04E-01	7.41E-02	8.15E-02	
group_17040	1.18E-01	8.97E-01	1.61E-01	1.04E-01	7.41E-02	8.15E-02	
group_16760	1.18E-01	8.97E-01	1.61E-01	1.04E-01	7.41E-02	8.15E-02	
group_16573	1.18E-01	8.98E-03	4.06E-01	-1.58E-01	1.90E-01	4.84E-02	bad-chisq
yecD	1.18E-01	8.94E-02	7.30E-01	2.78E-02	8.03E-02	2.01E-02	
group_16261	1.18E-01	8.97E-01	7.75E-02	1.15E-01	6.47E-02	1.03E-01	
group_16134	1.18E-01	3.11E-02	5.43E-01	-3.95E-02	6.49E-02	3.54E-02	
cidA~~~yohJ	1.11E-01	2.98E-03	9.08E-01	-3.86E-02	3.32E-01	6.76E-03	bad-chisq
group_14345	1.18E-01	8.98E-03	4.00E-01	-1.65E-01	1.96E-01	4.90E-02	bad-chisq
group_14232	1.14E-01	2.53E-03	3.59E-01	-9.28E-02	1.01E-01	5.34E-02	bad-chisq
group_14053	1.18E-01	8.98E-03	4.00E-01	-1.65E-01	1.96E-01	4.90E-02	bad-chisq
group_13545	1.18E-01	8.98E-03	4.00E-01	-1.65E-01	1.96E-01	4.90E-02	bad-chisq
group_13433	1.18E-01	8.98E-03	4.00E-01	-1.65E-01	1.96E-01	4.90E-02	bad-chisq
group_13311	1.18E-01	8.98E-03	4.00E-01	-1.65E-01	1.96E-01	4.90E-02	bad-chisq
group_13256	1.18E-01	8.98E-03	4.17E-01	-1.54E-01	1.89E-01	4.72E-02	bad-chisq
group_13197	1.18E-01	8.97E-01	6.30E-02	1.38E-01	7.38E-02	1.08E-01	
group_12822	1.18E-01	8.98E-03	4.00E-01	-1.65E-01	1.96E-01	4.90E-02	bad-chisq
group_12633	1.18E-01	8.98E-03	4.00E-01	-1.65E-01	1.96E-01	4.90E-02	bad-chisq
group_12579	1.18E-01	8.98E-03	4.17E-01	-1.54E-01	1.89E-01	4.72E-02	bad-chisq
group_12377	1.18E-01	8.98E-03	4.06E-01	-1.58E-01	1.90E-01	4.84E-02	bad-chisq
group_12047	1.18E-01	8.98E-03	4.00E-01	-1.65E-01	1.96E-01	4.90E-02	bad-chisq
group_11747	1.18E-01	8.98E-03	4.17E-01	-1.54E-01	1.89E-01	4.72E-02	bad-chisq
group_11364	1.04E-01	4.14E-03	1.89E-01	-8.98E-02	6.82E-02	7.64E-02	bad-chisq
group_10494	1.18E-01	8.98E-03	4.17E-01	-1.54E-01	1.89E-01	4.72E-02	bad-chisq
group_9779	1.11E-01	2.98E-03	9.06E-01	-3.76E-02	3.18E-01	6.88E-03	bad-chisq
group_9449	1.18E-01	8.98E-03	4.00E-01	-1.65E-01	1.96E-01	4.90E-02	bad-chisq
group_8866	1.18E-01	8.98E-03	4.28E-01	-1.05E-01	1.32E-01	4.62E-02	bad-chisq
group_8865	1.18E-01	8.98E-03	4.28E-01	-1.05E-01	1.32E-01	4.62E-02	bad-chisq
group_8593	1.18E-01	8.98E-03	4.17E-01	-1.54E-01	1.89E-01	4.72E-02	bad-chisq
group_7825	1.18E-01	8.98E-03	4.03E-01	-1.57E-01	1.88E-01	4.87E-02	bad-chisq
group_7723	1.18E-01	4.33E-01	3.31E-01	6.69E-02	6.86E-02	5.66E-02	
group_7590	1.14E-01	3.62E-02	9.13E-01	-8.57E-03	7.86E-02	6.35E-03	
group_7192	1.18E-01	8.98E-03	4.03E-01	-1.57E-01	1.88E-01	4.87E-02	bad-chisq
lysR~~~cynR	1.18E-01	8.98E-03	4.28E-01	-1.05E-01	1.32E-01	4.62E-02	bad-chisq
group_5964	1.18E-01	8.98E-03	4.28E-01	-1.05E-01	1.32E-01	4.62E-02	bad-chisq
group_5912	1.18E-01	8.98E-03	4.03E-01	-1.57E-01	1.88E-01	4.87E-02	bad-chisq
group_5851	1.18E-01	8.98E-03	4.03E-01	-1.57E-01	1.88E-01	4.87E-02	bad-chisq
group_5696	1.18E-01	2.97E-01	2.46E-03	2.21E-01	7.23E-02	1.75E-01	
group_5558	1.18E-01	8.98E-03	4.17E-01	-1.54E-01	1.89E-01	4.72E-02	bad-chisq
group_4609	1.14E-01	1.06E-02	7.24E-02	-1.37E-01	7.57E-02	1.04E-01	bad-chisq
group_3842	1.11E-01	2.98E-03	8.06E-02	-1.30E-01	7.39E-02	1.02E-01	bad-chisq
group_3805	1.18E-01	8.97E-01	6.30E-02	1.38E-01	7.38E-02	1.08E-01	
group_21011	1.08E-01	3.52E-03	9.12E-01	-3.64E-02	3.27E-01	6.46E-03	bad-chisq
group_20990	1.08E-01	3.52E-03	9.12E-01	-3.64E-02	3.27E-01	6.46E-03	bad-chisq
lprI~~~yecT	1.08E-01	3.52E-03	9.12E-01	-3.64E-02	3.27E-01	6.46E-03	bad-chisq
oppF~~~dppD	1.08E-01	3.52E-03	9.12E-01	-3.64E-02	3.27E-01	6.46E-03	bad-chisq
oppD~~~dppD	1.08E-01	3.52E-03	9.12E-01	-3.64E-02	3.27E-01	6.46E-03	bad-chisq
group_19619	1.11E-01	7.55E-01	1.53E-01	9.70E-02	6.77E-02	8.32E-02	
group_19510	1.11E-01	2.98E-03	8.87E-02	-1.17E-01	6.84E-02	9.90E-02	bad-chisq
group_19325	1.11E-01	4.22E-02	9.59E-01	-4.11E-03	7.98E-02	3.00E-03	
group_19203	1.14E-01	2.52E-01	8.35E-03	1.84E-01	6.94E-02	1.53E-01	
group_17142	1.14E-01	1.06E-02	2.01E-01	-1.74E-01	1.35E-01	7.44E-02	bad-chisq
group_17106	1.14E-01	1.06E-02	4.75E-01	-1.31E-01	1.83E-01	4.16E-02	bad-chisq
group_16861	1.14E-01	3.62E-02	4.46E-01	-4.78E-02	6.27E-02	4.44E-02	
group_16319	1.14E-01	1.06E-02	2.01E-01	-1.74E-01	1.35E-01	7.44E-02	bad-chisq
group_16128	1.14E-01	1.06E-02	4.75E-01	-1.31E-01	1.83E-01	4.16E-02	bad-chisq
group_15420	1.14E-01	1.06E-02	5.32E-01	-7.43E-02	1.19E-01	3.64E-02	bad-chisq
group_15057	1.14E-01	8.08E-01	3.19E-01	6.65E-02	6.66E-02	5.80E-02	
group_14766	1.14E-01	1.06E-02	4.75E-01	-1.31E-01	1.83E-01	4.16E-02	bad-chisq
group_14515	1.14E-01	1.06E-02	4.75E-01	-1.31E-01	1.83E-01	4.16E-02	bad-chisq
group_14512	1.11E-01	2.98E-03	3.98E-01	-8.48E-02	1.00E-01	4.92E-02	bad-chisq
group_13784	1.08E-01	3.52E-03	9.32E-01	-2.30E-02	2.69E-01	4.98E-03	bad-chisq
group_12482	1.08E-01	3.52E-03	9.32E-01	-2.30E-02	2.69E-01	4.98E-03	bad-chisq
group_12248	1.14E-01	8.08E-01	3.19E-01	6.65E-02	6.66E-02	5.80E-02	
group_10421	1.11E-01	2.98E-03	2.15E-02	-1.89E-01	8.18E-02	1.33E-01	bad-chisq
group_9427	1.14E-01	1.06E-02	4.75E-01	-1.21E-01	1.69E-01	4.16E-02	bad-chisq
group_6184	1.11E-01	2.98E-03	2.15E-02	-1.89E-01	8.18E-02	1.33E-01	bad-chisq
group_5695	1.14E-01	1.06E-02	4.88E-01	-1.21E-01	1.74E-01	4.04E-02	bad-chisq
thpR	1.14E-01	1.06E-02	3.90E-01	-1.49E-01	1.73E-01	5.00E-02	bad-chisq
group_20859	1.04E-01	4.14E-03	9.36E-01	-2.02E-02	2.53E-01	4.67E-03	bad-chisq
group_20042	1.08E-01	1.46E-02	4.41E-01	-5.78E-02	7.49E-02	4.49E-02	bad-chisq
group_19771	1.11E-01	2.11E-01	2.67E-03	2.02E-01	6.68E-02	1.74E-01	
tadA~~~pilB	1.04E-01	4.14E-03	9.33E-01	-1.90E-02	2.25E-01	4.92E-03	bad-chisq
group_19562	1.11E-01	2.11E-01	2.67E-03	2.02E-01	6.68E-02	1.74E-01	
group_19285	9.76E-02	5.73E-03	3.08E-01	-7.09E-02	6.95E-02	5.93E-02	bad-chisq
group_18400	1.11E-01	1.24E-02	2.47E-01	-1.48E-01	1.27E-01	6.74E-02	bad-chisq
group_18100	1.11E-01	8.76E-01	5.12E-01	4.46E-02	6.79E-02	3.82E-02	
group_17880	1.04E-01	4.14E-03	8.77E-01	-6.71E-02	4.34E-01	9.00E-03	bad-chisq
group_17879	1.04E-01	4.14E-03	8.77E-01	-6.71E-02	4.34E-01	9.00E-03	bad-chisq
group_17546	1.04E-01	4.14E-03	8.77E-01	-6.71E-02	4.34E-01	9.00E-03	bad-chisq
group_17525	1.11E-01	7.55E-01	1.31E-01	1.17E-01	7.72E-02	8.79E-02	
group_17468	1.04E-01	4.14E-03	8.77E-01	-6.71E-02	4.34E-01	9.00E-03	bad-chisq
yjmC	1.04E-01	4.14E-03	8.77E-01	-6.71E-02	4.34E-01	9.00E-03	bad-chisq
group_17076	1.04E-01	4.14E-03	8.77E-01	-6.71E-02	4.34E-01	9.00E-03	bad-chisq
gabR~~~mocR	1.08E-01	4.91E-02	6.11E-01	-3.59E-02	7.04E-02	2.96E-02	
group_16097	1.08E-01	4.91E-02	6.11E-01	-3.59E-02	7.04E-02	2.96E-02	
group_15749	1.11E-01	1.24E-02	2.37E-01	-1.55E-01	1.31E-01	6.88E-02	bad-chisq
rES	1.04E-01	4.14E-03	8.77E-01	-6.71E-02	4.34E-01	9.00E-03	bad-chisq
group_15302	1.11E-01	1.24E-02	6.12E-01	-5.76E-02	1.14E-01	2.95E-02	bad-chisq
group_15286	1.11E-01	1.24E-02	2.37E-01	-1.55E-01	1.31E-01	6.88E-02	bad-chisq
group_15179	1.08E-01	3.52E-03	1.40E-01	-1.24E-01	8.40E-02	8.58E-02	bad-chisq
ygaZ~~~azlC	1.04E-01	4.14E-03	9.38E-01	-2.07E-02	2.65E-01	4.55E-03	bad-chisq
group_14701	1.11E-01	4.22E-02	7.12E-01	-2.73E-02	7.39E-02	2.15E-02	
group_14662	1.01E-01	6.62E-02	7.06E-01	-3.21E-02	8.48E-02	2.20E-02	
group_14551	1.04E-01	4.14E-03	8.77E-01	-6.71E-02	4.34E-01	9.00E-03	bad-chisq
group_14510	1.08E-01	3.52E-03	4.02E-01	-8.49E-02	1.01E-01	4.88E-02	bad-chisq
cmpD~~~nrtD~~~tauB~~~btuD	1.04E-01	4.14E-03	9.47E-01	-1.39E-02	2.10E-01	3.84E-03	bad-chisq
group_13139	1.11E-01	2.98E-03	4.84E-02	-1.41E-01	7.12E-02	1.15E-01	bad-chisq
group_12889	1.11E-01	1.24E-02	5.85E-01	-3.81E-02	6.96E-02	3.18E-02	bad-chisq
group_12835	1.04E-01	5.70E-02	8.55E-01	1.58E-02	8.63E-02	1.07E-02	
group_12607	1.04E-01	5.70E-02	8.55E-01	1.58E-02	8.63E-02	1.07E-02	
group_12138	1.11E-01	1.24E-02	5.85E-01	-3.81E-02	6.96E-02	3.18E-02	bad-chisq
group_11796	1.04E-01	5.70E-02	8.55E-01	1.58E-02	8.63E-02	1.07E-02	
group_11269	1.11E-01	8.76E-01	2.85E-01	7.25E-02	6.78E-02	6.22E-02	
group_11124	1.11E-01	1.24E-02	5.85E-01	-3.81E-02	6.96E-02	3.18E-02	bad-chisq
group_11016	1.04E-01	5.70E-02	8.55E-01	1.58E-02	8.63E-02	1.07E-02	
group_10573	1.04E-01	5.70E-02	8.55E-01	1.58E-02	8.63E-02	1.07E-02	
group_8738	1.04E-01	5.70E-02	8.55E-01	1.58E-02	8.63E-02	1.07E-02	
iclR~~~kdgR~~~allR	1.04E-01	4.14E-03	8.77E-01	-6.71E-02	4.34E-01	9.00E-03	bad-chisq
group_7154	1.11E-01	8.76E-01	2.85E-01	7.25E-02	6.77E-02	6.22E-02	
group_4471	1.04E-01	9.81E-01	1.06E-01	1.05E-01	6.45E-02	9.41E-02	
group_3832	1.11E-01	4.22E-02	7.12E-01	-2.73E-02	7.39E-02	2.15E-02	
group_3796	1.04E-01	3.47E-01	3.59E-01	6.71E-02	7.31E-02	5.34E-02	
group_21012	1.01E-01	4.87E-03	9.40E-01	-2.00E-02	2.65E-01	4.40E-03	bad-chisq
group_20674	1.04E-01	5.70E-02	5.95E-01	-3.61E-02	6.79E-02	3.09E-02	
group_20253	1.04E-01	5.70E-02	7.13E-01	-2.52E-02	6.87E-02	2.14E-02	
group_19754	1.08E-01	1.46E-02	3.58E-01	-9.76E-02	1.06E-01	5.35E-02	bad-chisq
group_19695	1.08E-01	1.74E-01	6.89E-04	2.36E-01	6.89E-02	1.96E-01	
group_19534	1.08E-01	3.52E-03	1.58E-01	-1.72E-01	1.22E-01	8.21E-02	bad-chisq
group_19183	1.08E-01	4.52E-11	2.70E-01	7.92E-02	7.16E-02	6.43E-02	
ydhS	1.01E-01	4.87E-03	9.15E-01	-3.29E-02	3.10E-01	6.19E-03	bad-chisq
group_17988	1.08E-01	1.46E-02	2.65E-01	-1.44E-01	1.29E-01	6.49E-02	bad-chisq
group_17556	1.01E-01	6.62E-02	5.88E-01	-4.34E-02	8.00E-02	3.16E-02	
yiaG	1.01E-01	4.87E-03	9.48E-01	-1.34E-02	2.06E-01	3.79E-03	bad-chisq
group_17384	1.01E-01	4.87E-03	9.18E-01	-3.20E-02	3.12E-01	5.98E-03	bad-chisq
group_17013	1.04E-01	5.70E-02	6.68E-01	-2.97E-02	6.91E-02	2.50E-02	
group_16762	1.01E-01	4.87E-03	9.23E-01	-2.71E-02	2.81E-01	5.62E-03	bad-chisq
group_16438	1.08E-01	1.35E-01	6.52E-01	3.09E-02	6.85E-02	2.62E-02	
group_14840	1.08E-01	1.46E-02	3.51E-01	-6.28E-02	6.72E-02	5.43E-02	bad-chisq
group_14582	1.01E-01	4.87E-03	9.40E-01	-2.00E-02	2.65E-01	4.40E-03	bad-chisq
group_14201	1.04E-01	5.70E-02	8.00E-01	2.15E-02	8.50E-02	1.47E-02	
group_14008	1.08E-01	1.46E-02	4.75E-01	-4.85E-02	6.78E-02	4.16E-02	bad-chisq
group_13854	1.04E-01	5.70E-02	8.00E-01	2.15E-02	8.50E-02	1.47E-02	
group_13650	1.08E-01	3.09E-01	3.38E-01	6.73E-02	7.01E-02	5.58E-02	
group_13269	1.04E-01	5.70E-02	8.00E-01	2.15E-02	8.50E-02	1.47E-02	
group_12592	1.04E-01	5.70E-02	8.00E-01	2.15E-02	8.50E-02	1.47E-02	
group_12296	1.08E-01	1.46E-02	1.11E-01	-1.15E-01	7.17E-02	9.26E-02	bad-chisq
group_12070	1.01E-01	6.62E-02	8.39E-01	1.73E-02	8.51E-02	1.18E-02	
group_11769	1.04E-01	5.70E-02	8.00E-01	2.15E-02	8.50E-02	1.47E-02	
group_11768	1.04E-01	5.70E-02	8.00E-01	2.15E-02	8.50E-02	1.47E-02	
group_11481	1.08E-01	1.46E-02	5.44E-01	-5.03E-02	8.28E-02	3.53E-02	bad-chisq
group_10528	1.04E-01	5.70E-02	8.00E-01	2.15E-02	8.50E-02	1.47E-02	
group_10527	1.04E-01	5.70E-02	8.00E-01	2.15E-02	8.50E-02	1.47E-02	
group_10113	1.08E-01	1.46E-02	5.44E-01	-5.03E-02	8.28E-02	3.53E-02	bad-chisq
group_10112	1.08E-01	1.46E-02	5.44E-01	-5.03E-02	8.28E-02	3.53E-02	bad-chisq
group_9697	1.01E-01	4.87E-03	9.00E-01	-4.60E-02	3.65E-01	7.33E-03	bad-chisq
gstB	1.04E-01	5.70E-02	8.00E-01	2.15E-02	8.50E-02	1.47E-02	
group_8660	1.04E-01	5.70E-02	8.00E-01	2.15E-02	8.50E-02	1.47E-02	
group_8241	1.08E-01	5.88E-01	4.63E-01	4.97E-02	6.76E-02	4.28E-02	
group_8032	1.08E-01	6.83E-01	8.65E-02	1.22E-01	7.09E-02	9.97E-02	
group_7760	1.01E-01	2.00E-02	3.42E-01	-7.08E-02	7.43E-02	5.54E-02	bad-chisq
group_7425	1.08E-01	4.52E-11	5.05E-01	4.95E-02	7.41E-02	3.88E-02	
virB6	1.08E-01	6.83E-01	1.35E-03	2.29E-01	7.08E-02	1.85E-01	
group_5735	1.08E-01	6.83E-01	1.35E-03	2.29E-01	7.08E-02	1.85E-01	
group_5645	1.04E-01	5.70E-02	8.00E-01	2.15E-02	8.50E-02	1.47E-02	
sigH	1.01E-01	6.62E-02	5.88E-01	-4.34E-02	8.00E-02	3.16E-02	
group_5418	1.04E-01	4.14E-03	9.43E-01	-1.50E-02	2.12E-01	4.14E-03	bad-chisq
group_5038	1.01E-01	6.62E-02	5.88E-01	-4.34E-02	8.00E-02	3.16E-02	
group_3452	1.01E-01	6.62E-02	5.88E-01	-4.34E-02	8.00E-02	3.16E-02	
group_527	1.01E-01	1.78E-01	8.99E-01	8.32E-03	6.51E-02	7.43E-03	
group_23892	1.04E-01	1.71E-02	6.18E-01	-7.27E-02	1.46E-01	2.90E-02	bad-chisq
group_20629	1.01E-01	2.00E-02	4.41E-01	-5.80E-02	7.51E-02	4.49E-02	bad-chisq
group_20449	1.01E-01	6.62E-02	7.23E-01	-2.49E-02	7.01E-02	2.07E-02	
group_20448	1.01E-01	6.62E-02	7.23E-01	-2.49E-02	7.01E-02	2.07E-02	
group_20248	1.01E-01	6.62E-02	7.11E-01	-2.58E-02	6.97E-02	2.16E-02	
group_20104	1.04E-01	1.71E-02	6.03E-01	-1.11E-01	2.14E-01	3.03E-02	bad-chisq
group_19765	9.76E-02	5.73E-03	9.34E-01	-2.22E-02	2.68E-01	4.81E-03	bad-chisq
group_19681	1.01E-01	9.06E-01	2.95E-01	7.55E-02	7.20E-02	6.09E-02	
group_19476	1.04E-01	1.55E-01	6.42E-01	3.43E-02	7.37E-02	2.71E-02	
group_18881	9.76E-02	5.73E-03	9.48E-01	-1.54E-02	2.38E-01	3.77E-03	bad-chisq
yraJ~~~papC	1.01E-01	9.06E-01	9.93E-02	1.21E-01	7.32E-02	9.58E-02	
group_17864	9.76E-02	5.73E-03	9.28E-01	-2.73E-02	3.01E-01	5.28E-03	bad-chisq
group_16248	1.04E-01	9.81E-01	2.50E-01	8.07E-02	7.01E-02	6.69E-02	
group_16207	1.04E-01	1.71E-02	4.50E-01	-7.90E-02	1.04E-01	4.40E-02	bad-chisq
group_15379	1.04E-01	1.71E-02	4.93E-01	-4.75E-02	6.91E-02	4.00E-02	bad-chisq
group_15329	1.04E-01	1.71E-02	4.93E-01	-4.75E-02	6.91E-02	4.00E-02	bad-chisq
group_15195	1.04E-01	1.71E-02	4.93E-01	-4.75E-02	6.91E-02	4.00E-02	bad-chisq
group_15123	1.04E-01	1.71E-02	4.93E-01	-4.75E-02	6.91E-02	4.00E-02	bad-chisq
group_15055	1.04E-01	1.71E-02	4.93E-01	-4.75E-02	6.91E-02	4.00E-02	bad-chisq
group_14740	1.01E-01	4.87E-03	9.58E-01	-9.23E-03	1.77E-01	3.04E-03	bad-chisq
group_14082	1.04E-01	1.71E-02	4.77E-01	-1.36E-01	1.91E-01	4.14E-02	bad-chisq
hxsA	1.04E-01	9.81E-01	1.06E-01	1.26E-01	7.76E-02	9.39E-02	
group_13714	1.04E-01	9.81E-01	1.06E-01	1.26E-01	7.76E-02	9.39E-02	
group_13669	1.04E-01	1.71E-02	4.77E-01	-1.36E-01	1.91E-01	4.14E-02	bad-chisq
group_13587	1.04E-01	1.71E-02	4.77E-01	-1.36E-01	1.91E-01	4.14E-02	bad-chisq
group_13096	1.04E-01	9.81E-01	1.06E-01	1.26E-01	7.76E-02	9.39E-02	
group_13022	1.04E-01	1.71E-02	4.77E-01	-1.36E-01	1.91E-01	4.14E-02	bad-chisq
group_12697	1.04E-01	5.70E-02	8.99E-01	-1.34E-02	1.05E-01	7.42E-03	
group_11563	1.04E-01	1.71E-02	3.28E-01	-1.07E-01	1.09E-01	5.69E-02	bad-chisq
group_10222	1.04E-01	1.71E-02	3.28E-01	-1.07E-01	1.09E-01	5.69E-02	bad-chisq
stbB	1.01E-01	2.00E-02	4.41E-01	-5.80E-02	7.51E-02	4.49E-02	bad-chisq
group_9664	1.04E-01	1.71E-02	6.68E-01	-5.83E-02	1.36E-01	2.50E-02	bad-chisq
gbpR~~~lysR	1.04E-01	1.71E-02	3.28E-01	-1.07E-01	1.09E-01	5.69E-02	bad-chisq
group_4687	1.04E-01	1.71E-02	4.24E-01	-1.03E-01	1.29E-01	4.66E-02	bad-chisq
group_4051	1.04E-01	5.70E-02	6.82E-01	-2.62E-02	6.38E-02	2.39E-02	
group_24108	9.76E-02	2.03E-01	9.13E-01	8.79E-03	8.01E-02	6.38E-03	
group_22460	1.01E-01	2.00E-02	5.83E-01	-1.25E-01	2.27E-01	3.20E-02	bad-chisq
group_20753	1.01E-01	6.62E-02	5.57E-01	-4.25E-02	7.24E-02	3.42E-02	
group_20495	9.76E-02	7.67E-02	9.22E-01	-6.70E-03	6.82E-02	5.73E-03	
group_20493	9.76E-02	7.67E-02	9.22E-01	-6.70E-03	6.82E-02	5.73E-03	
group_20312	9.76E-02	7.67E-02	9.22E-01	-6.70E-03	6.82E-02	5.73E-03	
group_20311	9.76E-02	7.67E-02	9.22E-01	-6.70E-03	6.82E-02	5.73E-03	
group_20310	9.76E-02	7.67E-02	9.22E-01	-6.70E-03	6.82E-02	5.73E-03	
group_20252	9.76E-02	7.67E-02	7.48E-01	-2.27E-02	7.07E-02	1.87E-02	
group_20222	9.76E-02	7.67E-02	7.20E-01	-2.56E-02	7.12E-02	2.09E-02	
group_20221	9.76E-02	7.67E-02	7.20E-01	-2.56E-02	7.12E-02	2.09E-02	
group_20158	9.76E-02	2.34E-02	6.81E-01	-3.16E-02	7.69E-02	2.39E-02	bad-chisq
group_20094	9.76E-02	7.67E-02	7.20E-01	-2.56E-02	7.12E-02	2.09E-02	
group_20006	1.01E-01	4.87E-03	1.95E-01	-9.60E-02	7.40E-02	7.54E-02	bad-chisq
group_19847	9.76E-02	7.67E-02	9.05E-01	-8.19E-03	6.83E-02	6.97E-03	
group_19817	9.76E-02	7.67E-02	7.20E-01	-2.56E-02	7.12E-02	2.09E-02	
group_19810	9.76E-02	7.67E-02	7.20E-01	-2.56E-02	7.12E-02	2.09E-02	
group_19732	9.76E-02	7.67E-02	7.20E-01	-2.56E-02	7.12E-02	2.09E-02	
group_19342	1.01E-01	2.00E-02	7.10E-01	-6.76E-02	1.82E-01	2.17E-02	bad-chisq
group_19004	9.76E-02	7.67E-02	7.20E-01	-2.56E-02	7.12E-02	2.09E-02	
group_18981	9.76E-02	7.67E-02	7.20E-01	-2.56E-02	7.12E-02	2.09E-02	
group_18979	9.76E-02	7.67E-02	7.20E-01	-2.56E-02	7.12E-02	2.09E-02	
group_18948	9.76E-02	7.67E-02	7.20E-01	-2.56E-02	7.12E-02	2.09E-02	
group_18904	9.76E-02	7.67E-02	7.20E-01	-2.56E-02	7.12E-02	2.09E-02	
group_18902	9.76E-02	7.67E-02	7.20E-01	-2.56E-02	7.12E-02	2.09E-02	
group_18850	9.76E-02	7.67E-02	7.20E-01	-2.56E-02	7.12E-02	2.09E-02	
group_18849	9.76E-02	7.67E-02	7.20E-01	-2.56E-02	7.12E-02	2.09E-02	
group_18771	9.76E-02	7.67E-02	7.20E-01	-2.56E-02	7.12E-02	2.09E-02	
group_18693	9.76E-02	7.67E-02	7.20E-01	-2.56E-02	7.12E-02	2.09E-02	
group_18692	9.76E-02	7.67E-02	7.20E-01	-2.56E-02	7.12E-02	2.09E-02	
group_18650	9.76E-02	7.79E-01	2.67E-01	8.27E-02	7.44E-02	6.46E-02	
group_18614	9.76E-02	7.79E-01	2.67E-01	8.27E-02	7.44E-02	6.46E-02	
group_18613	9.76E-02	7.79E-01	2.67E-01	8.27E-02	7.44E-02	6.46E-02	
group_18590	9.76E-02	7.67E-02	7.20E-01	-2.56E-02	7.12E-02	2.09E-02	
group_18524	9.76E-02	7.79E-01	2.67E-01	8.27E-02	7.44E-02	6.46E-02	
group_18481	9.76E-02	7.79E-01	2.67E-01	8.27E-02	7.44E-02	6.46E-02	
group_18451	9.76E-02	7.67E-02	7.20E-01	-2.56E-02	7.12E-02	2.09E-02	
bppU	9.76E-02	7.67E-02	7.20E-01	-2.56E-02	7.12E-02	2.09E-02	
group_18394	9.76E-02	7.79E-01	2.67E-01	8.27E-02	7.44E-02	6.46E-02	
group_18393	9.76E-02	7.79E-01	2.67E-01	8.27E-02	7.44E-02	6.46E-02	
yraI	9.76E-02	7.79E-01	2.67E-01	8.27E-02	7.44E-02	6.46E-02	
group_18303	9.76E-02	7.67E-02	7.20E-01	-2.56E-02	7.12E-02	2.09E-02	
group_18299	9.76E-02	7.67E-02	7.20E-01	-2.56E-02	7.12E-02	2.09E-02	
group_18109	9.76E-02	7.67E-02	7.20E-01	-2.56E-02	7.12E-02	2.09E-02	
group_18108	9.76E-02	7.67E-02	7.20E-01	-2.56E-02	7.12E-02	2.09E-02	
group_17843	9.76E-02	7.67E-02	7.20E-01	-2.56E-02	7.12E-02	2.09E-02	
group_17842	9.76E-02	7.67E-02	7.20E-01	-2.56E-02	7.12E-02	2.09E-02	
group_17701	8.75E-02	9.28E-03	3.60E-01	-6.60E-02	7.19E-02	5.33E-02	bad-chisq
group_17551	9.76E-02	7.79E-01	6.90E-02	1.32E-01	7.24E-02	1.06E-01	
group_17549	1.01E-01	9.06E-01	1.39E-01	1.23E-01	8.30E-02	8.60E-02	
group_17508	9.76E-02	7.67E-02	7.20E-01	-2.56E-02	7.12E-02	2.09E-02	
group_17507	9.76E-02	7.67E-02	7.20E-01	-2.56E-02	7.12E-02	2.09E-02	
group_17078	1.01E-01	9.06E-01	1.39E-01	1.23E-01	8.30E-02	8.60E-02	
wbuZ	1.01E-01	9.06E-01	1.39E-01	1.23E-01	8.30E-02	8.60E-02	
group_17014	9.76E-02	7.67E-02	7.20E-01	-2.56E-02	7.12E-02	2.09E-02	
group_16896	1.01E-01	9.06E-01	1.39E-01	1.23E-01	8.30E-02	8.60E-02	
group_16726	9.43E-02	6.74E-03	9.29E-01	-2.64E-02	2.96E-01	5.18E-03	bad-chisq
group_16329	9.43E-02	8.89E-02	9.73E-01	2.84E-03	8.49E-02	1.95E-03	
group_16235	1.01E-01	2.00E-02	4.10E-01	-1.02E-01	1.23E-01	4.80E-02	bad-chisq
group_15820	1.01E-01	9.06E-01	1.39E-01	1.23E-01	8.30E-02	8.60E-02	
group_15780	1.01E-01	9.06E-01	1.39E-01	1.23E-01	8.30E-02	8.60E-02	
yjgC	9.43E-02	6.74E-03	9.43E-01	-1.64E-02	2.30E-01	4.15E-03	bad-chisq
group_14624	9.43E-02	6.74E-03	9.43E-01	-1.64E-02	2.30E-01	4.15E-03	bad-chisq
group_14386	9.43E-02	6.74E-03	9.59E-01	-9.83E-03	1.91E-01	2.99E-03	bad-chisq
group_14106	9.43E-02	6.74E-03	9.59E-01	-9.83E-03	1.91E-01	2.99E-03	bad-chisq
group_14105	1.01E-01	4.87E-03	1.28E-01	-1.18E-01	7.71E-02	8.86E-02	bad-chisq
amiR	9.43E-02	6.74E-03	9.43E-01	-1.64E-02	2.30E-01	4.15E-03	bad-chisq
group_13716	9.43E-02	6.74E-03	9.59E-01	-9.83E-03	1.91E-01	2.99E-03	bad-chisq
group_13581	1.01E-01	9.06E-01	2.30E-01	8.26E-02	6.86E-02	6.99E-02	
group_13551	9.76E-02	5.73E-03	9.57E-01	-1.14E-02	2.08E-01	3.18E-03	bad-chisq
group_13255	9.76E-02	5.73E-03	9.57E-01	-1.14E-02	2.08E-01	3.18E-03	bad-chisq
group_13097	9.43E-02	6.74E-03	9.59E-01	-9.83E-03	1.91E-01	2.99E-03	bad-chisq
group_12969	1.01E-01	4.87E-03	1.61E-01	-1.02E-01	7.25E-02	8.15E-02	bad-chisq
group_12578	9.76E-02	5.73E-03	9.57E-01	-1.14E-02	2.08E-01	3.18E-03	bad-chisq
ywnH	1.01E-01	2.00E-02	4.94E-01	-7.06E-02	1.03E-01	3.98E-02	bad-chisq
group_11621	1.01E-01	1.78E-01	7.81E-01	2.23E-02	8.00E-02	1.62E-02	
group_11548	1.01E-01	2.00E-02	5.83E-01	-1.25E-01	2.27E-01	3.20E-02	bad-chisq
group_10453	1.01E-01	2.00E-02	5.83E-01	-1.25E-01	2.27E-01	3.20E-02	bad-chisq
group_9882	9.43E-02	6.74E-03	1.03E-01	-1.21E-01	7.41E-02	9.47E-02	bad-chisq
group_8621	1.01E-01	2.00E-02	5.83E-01	-1.25E-01	2.27E-01	3.20E-02	bad-chisq
group_8600	1.01E-01	6.62E-02	5.62E-01	-4.27E-02	7.36E-02	3.38E-02	
group_8553	1.01E-01	2.00E-02	5.83E-01	-1.25E-01	2.27E-01	3.20E-02	bad-chisq
group_7682	1.01E-01	2.00E-02	5.83E-01	-1.25E-01	2.27E-01	3.20E-02	bad-chisq
group_7540	1.01E-01	2.00E-02	6.62E-01	-6.07E-02	1.39E-01	2.54E-02	bad-chisq
group_7361	1.01E-01	2.00E-02	5.83E-01	-1.25E-01	2.27E-01	3.20E-02	bad-chisq
group_7306	1.01E-01	2.00E-02	5.83E-01	-1.25E-01	2.27E-01	3.20E-02	bad-chisq
group_7212	1.01E-01	2.00E-02	5.83E-01	-1.25E-01	2.27E-01	3.20E-02	bad-chisq
group_6952	1.01E-01	2.00E-02	5.83E-01	-1.25E-01	2.27E-01	3.20E-02	bad-chisq
group_6951	1.01E-01	2.00E-02	5.83E-01	-1.25E-01	2.27E-01	3.20E-02	bad-chisq
group_6849	1.01E-01	2.00E-02	5.83E-01	-1.25E-01	2.27E-01	3.20E-02	bad-chisq
group_6610	1.01E-01	2.00E-02	5.83E-01	-1.25E-01	2.27E-01	3.20E-02	bad-chisq
group_6209	1.01E-01	2.00E-02	5.83E-01	-1.25E-01	2.27E-01	3.20E-02	bad-chisq
group_6193	1.01E-01	2.00E-02	5.83E-01	-1.25E-01	2.27E-01	3.20E-02	bad-chisq
group_6046	1.01E-01	2.00E-02	5.83E-01	-1.25E-01	2.27E-01	3.20E-02	bad-chisq
group_6045	1.01E-01	2.00E-02	5.83E-01	-1.25E-01	2.27E-01	3.20E-02	bad-chisq
group_5923	1.01E-01	2.00E-02	5.83E-01	-1.25E-01	2.27E-01	3.20E-02	bad-chisq
group_5618	1.01E-01	2.00E-02	5.83E-01	-1.25E-01	2.27E-01	3.20E-02	bad-chisq
group_5598	1.01E-01	2.00E-02	5.83E-01	-1.25E-01	2.27E-01	3.20E-02	bad-chisq
group_5497	1.01E-01	2.00E-02	5.83E-01	-1.25E-01	2.27E-01	3.20E-02	bad-chisq
hisI	1.01E-01	2.00E-02	5.83E-01	-1.25E-01	2.27E-01	3.20E-02	bad-chisq
group_4880	1.01E-01	2.00E-02	5.83E-01	-1.25E-01	2.27E-01	3.20E-02	bad-chisq
group_4719	1.01E-01	2.00E-02	5.83E-01	-1.25E-01	2.27E-01	3.20E-02	bad-chisq
group_4024	1.01E-01	2.00E-02	5.83E-01	-1.25E-01	2.27E-01	3.20E-02	bad-chisq
group_3973	1.01E-01	2.00E-02	5.83E-01	-1.25E-01	2.27E-01	3.20E-02	bad-chisq
group_3844	1.01E-01	2.00E-02	5.83E-01	-1.25E-01	2.27E-01	3.20E-02	bad-chisq
group_3831	1.01E-01	2.00E-02	5.83E-01	-1.25E-01	2.27E-01	3.20E-02	bad-chisq
group_3647	1.01E-01	2.00E-02	5.83E-01	-1.25E-01	2.27E-01	3.20E-02	bad-chisq
group_3640	1.01E-01	2.00E-02	5.83E-01	-1.25E-01	2.27E-01	3.20E-02	bad-chisq
group_3581	1.01E-01	2.00E-02	5.83E-01	-1.25E-01	2.27E-01	3.20E-02	bad-chisq
group_3357	1.01E-01	6.62E-02	8.01E-01	-1.98E-02	7.85E-02	1.47E-02	
fabG	1.01E-01	2.00E-02	5.83E-01	-1.25E-01	2.27E-01	3.20E-02	bad-chisq
group_2946	1.01E-01	2.00E-02	5.83E-01	-1.25E-01	2.27E-01	3.20E-02	bad-chisq
group_2215	1.01E-01	2.00E-02	5.83E-01	-1.25E-01	2.27E-01	3.20E-02	bad-chisq
group_1124	1.01E-01	2.00E-02	5.83E-01	-1.25E-01	2.27E-01	3.20E-02	bad-chisq
group_972	1.01E-01	2.00E-02	5.83E-01	-1.25E-01	2.27E-01	3.20E-02	bad-chisq
group_315	9.76E-02	7.79E-01	6.90E-02	1.32E-01	7.24E-02	1.06E-01	
group_23341	9.76E-02	7.67E-02	6.25E-01	-3.67E-02	7.49E-02	2.85E-02	
group_23290	9.76E-02	7.67E-02	6.25E-01	-3.67E-02	7.49E-02	2.85E-02	
group_23267	9.76E-02	2.34E-02	7.61E-01	-5.70E-02	1.87E-01	1.77E-02	bad-chisq
group_23210	9.76E-02	2.34E-02	7.61E-01	-5.70E-02	1.87E-01	1.77E-02	bad-chisq
group_21937	9.76E-02	7.67E-02	6.25E-01	-3.67E-02	7.49E-02	2.85E-02	
group_21361	9.76E-02	7.67E-02	6.25E-01	-3.67E-02	7.49E-02	2.85E-02	
group_21121	9.43E-02	4.89E-01	2.54E-01	8.52E-02	7.45E-02	6.64E-02	
group_20412	9.43E-02	6.74E-03	9.23E-01	-3.36E-02	3.47E-01	5.63E-03	bad-chisq
group_19403	9.43E-02	6.74E-03	9.23E-01	-3.36E-02	3.47E-01	5.63E-03	bad-chisq
phnA	9.43E-02	6.74E-03	9.23E-01	-3.36E-02	3.47E-01	5.63E-03	bad-chisq
glcB~~~aceB	9.43E-02	6.74E-03	9.23E-01	-3.36E-02	3.47E-01	5.63E-03	bad-chisq
group_18467	9.09E-02	7.91E-03	9.40E-01	-1.79E-02	2.36E-01	4.40E-03	bad-chisq
group_18395	9.43E-02	8.51E-01	2.47E-01	8.62E-02	7.42E-02	6.74E-02	
group_18321	9.09E-02	7.91E-03	9.40E-01	-1.79E-02	2.36E-01	4.40E-03	bad-chisq
group_18319	9.09E-02	7.91E-03	9.40E-01	-1.79E-02	2.36E-01	4.40E-03	bad-chisq
group_17748	9.43E-02	6.74E-03	9.23E-01	-3.36E-02	3.47E-01	5.63E-03	bad-chisq
group_17351	9.43E-02	6.74E-03	9.23E-01	-3.36E-02	3.47E-01	5.63E-03	bad-chisq
group_16471	9.76E-02	2.34E-02	5.56E-01	-4.22E-02	7.16E-02	3.43E-02	bad-chisq
group_16108	9.76E-02	6.73E-10	6.21E-01	3.69E-02	7.44E-02	2.88E-02	
group_16080	9.76E-02	7.67E-02	8.44E-01	-1.54E-02	7.78E-02	1.15E-02	
group_15842	9.76E-02	7.67E-02	6.25E-01	-3.67E-02	7.49E-02	2.85E-02	
group_15546	9.76E-02	7.67E-02	6.25E-01	-3.67E-02	7.49E-02	2.85E-02	
yecE	9.43E-02	6.74E-03	9.23E-01	-3.36E-02	3.47E-01	5.63E-03	bad-chisq
group_15046	9.43E-02	6.74E-03	9.23E-01	-3.36E-02	3.47E-01	5.63E-03	bad-chisq
qor~~~yhfP	9.43E-02	6.74E-03	9.23E-01	-3.36E-02	3.47E-01	5.63E-03	bad-chisq
group_14702	9.43E-02	6.74E-03	9.23E-01	-3.36E-02	3.47E-01	5.63E-03	bad-chisq
group_14542	9.76E-02	7.67E-02	6.25E-01	-3.67E-02	7.49E-02	2.85E-02	
group_14448	9.43E-02	6.74E-03	9.23E-01	-3.36E-02	3.47E-01	5.63E-03	bad-chisq
badI	9.76E-02	7.67E-02	6.25E-01	-3.67E-02	7.49E-02	2.85E-02	
group_14176	9.43E-02	6.74E-03	9.23E-01	-3.36E-02	3.47E-01	5.63E-03	bad-chisq
group_14175	9.43E-02	6.74E-03	9.23E-01	-3.36E-02	3.47E-01	5.63E-03	bad-chisq
group_14054	9.76E-02	7.67E-02	6.25E-01	-3.67E-02	7.49E-02	2.85E-02	
group_13848	9.43E-02	6.74E-03	9.59E-01	-1.08E-02	2.13E-01	2.96E-03	bad-chisq
caiA~~~aidB	9.43E-02	6.74E-03	9.23E-01	-3.36E-02	3.47E-01	5.63E-03	bad-chisq
imp	9.43E-02	6.74E-03	9.39E-01	-1.97E-02	2.56E-01	4.47E-03	bad-chisq
gldA	9.43E-02	6.74E-03	9.23E-01	-3.36E-02	3.47E-01	5.63E-03	bad-chisq
group_13160	9.76E-02	5.73E-03	1.02E-01	-1.44E-01	8.77E-02	9.50E-02	bad-chisq
group_13158	9.43E-02	6.74E-03	9.23E-01	-3.36E-02	3.47E-01	5.63E-03	bad-chisq
group_12857	9.76E-02	2.03E-01	8.14E-01	-1.96E-02	8.34E-02	1.37E-02	
group_12654	9.76E-02	2.34E-02	3.23E-01	-1.17E-01	1.19E-01	5.75E-02	bad-chisq
group_12568	9.43E-02	6.74E-03	9.23E-01	-3.36E-02	3.47E-01	5.63E-03	bad-chisq
group_12567	9.43E-02	6.74E-03	9.23E-01	-3.36E-02	3.47E-01	5.63E-03	bad-chisq
group_12444	9.43E-02	6.74E-03	9.23E-01	-3.36E-02	3.47E-01	5.63E-03	bad-chisq
group_11733	9.43E-02	6.74E-03	9.23E-01	-3.36E-02	3.47E-01	5.63E-03	bad-chisq
group_11732	9.43E-02	6.74E-03	9.23E-01	-3.36E-02	3.47E-01	5.63E-03	bad-chisq
group_11553	9.43E-02	6.74E-03	9.23E-01	-3.36E-02	3.47E-01	5.63E-03	bad-chisq
group_11345	9.76E-02	7.67E-02	6.85E-01	-3.21E-02	7.91E-02	2.36E-02	
group_10706	9.76E-02	7.67E-02	6.25E-01	-3.67E-02	7.49E-02	2.85E-02	
group_10599	9.76E-02	2.03E-01	5.50E-01	4.20E-02	7.02E-02	3.48E-02	
group_10565	9.76E-02	7.67E-02	6.25E-01	-3.67E-02	7.49E-02	2.85E-02	
group_10462	9.43E-02	6.74E-03	9.23E-01	-3.36E-02	3.47E-01	5.63E-03	bad-chisq
group_10461	9.43E-02	6.74E-03	9.23E-01	-3.36E-02	3.47E-01	5.63E-03	bad-chisq
aroE	9.43E-02	6.74E-03	9.23E-01	-3.36E-02	3.47E-01	5.63E-03	bad-chisq
group_10207	9.76E-02	2.34E-02	6.82E-01	-7.85E-02	1.92E-01	2.38E-02	bad-chisq
group_9640	9.43E-02	6.74E-03	9.23E-01	-3.36E-02	3.47E-01	5.63E-03	bad-chisq
group_9122	9.76E-02	2.34E-02	7.42E-01	-4.21E-02	1.28E-01	1.92E-02	bad-chisq
group_8562	9.43E-02	6.74E-03	9.23E-01	-3.36E-02	3.47E-01	5.63E-03	bad-chisq
group_8561	9.43E-02	6.74E-03	9.23E-01	-3.36E-02	3.47E-01	5.63E-03	bad-chisq
group_8134	9.43E-02	6.74E-03	9.23E-01	-3.36E-02	3.47E-01	5.63E-03	bad-chisq
group_7689	9.76E-02	2.34E-02	6.96E-01	-7.47E-02	1.91E-01	2.28E-02	bad-chisq
group_7551	9.76E-02	2.03E-01	8.14E-01	-1.96E-02	8.34E-02	1.37E-02	
group_6710	9.76E-02	7.67E-02	6.25E-01	-3.67E-02	7.49E-02	2.85E-02	
group_6478	9.76E-02	2.34E-02	6.96E-01	-7.46E-02	1.91E-01	2.28E-02	bad-chisq
group_6195	9.76E-02	2.34E-02	6.82E-01	-7.85E-02	1.92E-01	2.38E-02	bad-chisq
group_5736	9.76E-02	7.67E-02	6.25E-01	-3.67E-02	7.49E-02	2.85E-02	
group_5508	9.43E-02	6.74E-03	9.23E-01	-3.36E-02	3.47E-01	5.63E-03	bad-chisq
group_5079	9.76E-02	7.67E-02	6.25E-01	-3.67E-02	7.49E-02	2.85E-02	
iscS	9.76E-02	7.67E-02	6.25E-01	-3.67E-02	7.49E-02	2.85E-02	
yjiR	9.76E-02	7.67E-02	6.25E-01	-3.67E-02	7.49E-02	2.85E-02	
group_4086	9.76E-02	2.03E-01	8.14E-01	-1.96E-02	8.34E-02	1.37E-02	
group_3715	8.42E-02	1.09E-02	3.47E-01	-6.97E-02	7.40E-02	5.48E-02	bad-chisq
pcaF	9.76E-02	7.67E-02	6.25E-01	-3.67E-02	7.49E-02	2.85E-02	
group_3228	9.76E-02	7.67E-02	6.25E-01	-3.67E-02	7.49E-02	2.85E-02	
group_3176	9.76E-02	2.03E-01	8.14E-01	-1.96E-02	8.34E-02	1.37E-02	
group_3093	9.76E-02	5.73E-03	1.31E-01	-1.11E-01	7.34E-02	8.79E-02	bad-chisq
group_2714	9.76E-02	7.67E-02	6.25E-01	-3.67E-02	7.49E-02	2.85E-02	
group_2621	9.76E-02	7.67E-02	6.25E-01	-3.67E-02	7.49E-02	2.85E-02	
group_2591	9.76E-02	7.67E-02	6.25E-01	-3.67E-02	7.49E-02	2.85E-02	
group_2189	9.76E-02	7.67E-02	6.25E-01	-3.67E-02	7.49E-02	2.85E-02	
group_1855	9.76E-02	7.67E-02	6.25E-01	-3.67E-02	7.49E-02	2.85E-02	
group_1372	9.76E-02	7.67E-02	6.25E-01	-3.67E-02	7.49E-02	2.85E-02	
group_1206	9.76E-02	7.67E-02	6.25E-01	-3.67E-02	7.49E-02	2.85E-02	
group_930	9.76E-02	2.34E-02	7.61E-01	-5.70E-02	1.87E-01	1.77E-02	bad-chisq
ilvA	9.76E-02	7.67E-02	6.25E-01	-3.67E-02	7.49E-02	2.85E-02	
group_22887	9.43E-02	2.31E-01	4.27E-01	6.25E-02	7.86E-02	4.63E-02	
group_22545	9.43E-02	2.74E-02	7.54E-01	-5.58E-02	1.78E-01	1.83E-02	bad-chisq
group_21164	9.43E-02	6.74E-03	2.40E-01	-8.85E-02	7.52E-02	6.83E-02	bad-chisq
group_20622	9.43E-02	8.89E-02	9.20E-01	-6.95E-03	6.96E-02	5.82E-03	
group_20045	9.43E-02	6.74E-03	1.24E-01	-1.30E-01	8.44E-02	8.95E-02	bad-chisq
group_19920	9.43E-02	6.74E-03	1.24E-01	-1.30E-01	8.44E-02	8.95E-02	bad-chisq
group_19625	9.43E-02	1.85E-01	1.35E-02	1.77E-01	7.10E-02	1.43E-01	
group_19611	9.09E-02	3.21E-02	6.80E-01	-3.19E-02	7.73E-02	2.40E-02	bad-chisq
group_19550	9.09E-02	3.21E-02	6.80E-01	-3.19E-02	7.73E-02	2.40E-02	bad-chisq
group_19389	9.09E-02	5.45E-01	2.46E-01	8.80E-02	7.56E-02	6.76E-02	
group_19269	8.75E-02	1.19E-01	8.45E-01	-1.80E-02	9.24E-02	1.14E-02	
group_18942	9.09E-02	7.91E-03	9.43E-01	-2.02E-02	2.81E-01	4.18E-03	bad-chisq
group_18895	9.09E-02	7.91E-03	9.43E-01	-2.02E-02	2.81E-01	4.18E-03	bad-chisq
group_18313	9.43E-02	7.52E-01	1.61E-01	1.05E-01	7.50E-02	8.15E-02	
group_18218	9.09E-02	9.26E-01	2.33E-01	9.24E-02	7.73E-02	6.94E-02	
group_18014	9.09E-02	7.91E-03	9.47E-01	-1.60E-02	2.42E-01	3.86E-03	bad-chisq
group_17725	9.09E-02	7.91E-03	9.47E-01	-1.60E-02	2.42E-01	3.86E-03	bad-chisq
group_16716	9.09E-02	7.91E-03	9.44E-01	-1.94E-02	2.78E-01	4.07E-03	bad-chisq
group_16516	9.43E-02	7.52E-01	1.79E-01	9.87E-02	7.32E-02	7.82E-02	
group_15392	9.43E-02	8.89E-02	8.54E-01	-1.41E-02	7.67E-02	1.07E-02	
group_15230	9.43E-02	2.31E-01	4.27E-01	6.25E-02	7.86E-02	4.63E-02	
group_13949	9.43E-02	6.74E-03	1.01E-01	-1.89E-01	1.15E-01	9.53E-02	bad-chisq
group_13412	9.43E-02	6.74E-03	1.01E-01	-1.89E-01	1.15E-01	9.53E-02	bad-chisq
group_13248	9.09E-02	7.91E-03	9.44E-01	-1.94E-02	2.78E-01	4.07E-03	bad-chisq
group_12960	9.09E-02	7.91E-03	9.52E-01	-1.36E-02	2.23E-01	3.54E-03	bad-chisq
group_12870	8.75E-02	1.19E-01	8.45E-01	-1.80E-02	9.24E-02	1.14E-02	
cmdD	8.75E-02	1.19E-01	8.45E-01	-1.80E-02	9.24E-02	1.14E-02	
group_11741	9.43E-02	2.31E-01	4.27E-01	6.25E-02	7.86E-02	4.63E-02	
group_11721	9.43E-02	2.31E-01	4.27E-01	6.25E-02	7.86E-02	4.63E-02	
group_11357	9.43E-02	2.74E-02	7.24E-01	-2.97E-02	8.41E-02	2.06E-02	bad-chisq
group_11336	9.09E-02	1.03E-01	7.50E-01	-2.37E-02	7.42E-02	1.86E-02	
group_11155	9.43E-02	2.31E-01	4.27E-01	6.25E-02	7.86E-02	4.63E-02	
group_10486	9.43E-02	2.31E-01	4.27E-01	6.25E-02	7.86E-02	4.63E-02	
group_10191	9.43E-02	2.74E-02	7.24E-01	-2.97E-02	8.41E-02	2.06E-02	bad-chisq
group_10019	9.09E-02	1.03E-01	5.35E-01	-5.33E-02	8.59E-02	3.61E-02	
group_9895	9.43E-02	2.74E-02	7.24E-01	-2.97E-02	8.41E-02	2.06E-02	bad-chisq
group_9560	9.43E-02	2.31E-01	4.27E-01	6.25E-02	7.86E-02	4.63E-02	
group_8941	9.43E-02	8.89E-02	5.14E-01	7.44E-02	1.14E-01	3.80E-02	
group_8614	9.43E-02	2.31E-01	4.27E-01	6.25E-02	7.86E-02	4.63E-02	
group_8607	9.43E-02	2.31E-01	4.27E-01	6.25E-02	7.86E-02	4.63E-02	
group_8589	9.43E-02	2.31E-01	4.27E-01	6.25E-02	7.86E-02	4.63E-02	
echA8	9.43E-02	2.31E-01	4.27E-01	6.25E-02	7.86E-02	4.63E-02	
group_8531	9.43E-02	2.31E-01	4.27E-01	6.25E-02	7.86E-02	4.63E-02	
group_8530	9.43E-02	2.31E-01	4.27E-01	6.25E-02	7.86E-02	4.63E-02	
group_8529	9.43E-02	2.31E-01	4.27E-01	6.25E-02	7.86E-02	4.63E-02	
group_8238	8.75E-02	1.19E-01	8.45E-01	-1.80E-02	9.24E-02	1.14E-02	
group_7822	9.43E-02	2.74E-02	4.95E-01	-5.62E-02	8.23E-02	3.97E-02	bad-chisq
group_7646	9.43E-02	8.89E-02	6.66E-01	-3.28E-02	7.59E-02	2.52E-02	
group_7293	8.75E-02	1.19E-01	8.45E-01	-1.80E-02	9.24E-02	1.14E-02	
group_7288	9.43E-02	4.56E-09	1.76E-01	1.01E-01	7.43E-02	7.87E-02	
group_7050	9.43E-02	2.31E-01	4.27E-01	6.25E-02	7.86E-02	4.63E-02	
group_7049	9.43E-02	2.31E-01	4.27E-01	6.25E-02	7.86E-02	4.63E-02	
group_6729	8.75E-02	1.19E-01	8.45E-01	-1.80E-02	9.24E-02	1.14E-02	
group_6486	9.43E-02	2.31E-01	4.27E-01	6.25E-02	7.86E-02	4.63E-02	
stdA	9.43E-02	2.74E-02	7.54E-01	-5.58E-02	1.78E-01	1.83E-02	bad-chisq
group_5648	8.75E-02	1.19E-01	8.45E-01	-1.80E-02	9.24E-02	1.14E-02	
group_5589	9.43E-02	2.31E-01	4.27E-01	6.25E-02	7.86E-02	4.63E-02	
group_5585	9.43E-02	2.31E-01	4.27E-01	6.25E-02	7.86E-02	4.63E-02	
group_5550	9.43E-02	2.31E-01	4.27E-01	6.25E-02	7.86E-02	4.63E-02	
group_5480	9.43E-02	2.31E-01	4.27E-01	6.25E-02	7.86E-02	4.63E-02	
group_5479	9.43E-02	2.31E-01	4.27E-01	6.25E-02	7.86E-02	4.63E-02	
group_5446	9.43E-02	6.74E-03	2.20E-01	-1.66E-01	1.36E-01	7.13E-02	bad-chisq
norR	9.43E-02	2.31E-01	4.27E-01	6.25E-02	7.86E-02	4.63E-02	
group_5301	8.75E-02	1.19E-01	8.45E-01	-1.80E-02	9.24E-02	1.14E-02	
group_5203	8.75E-02	1.19E-01	8.45E-01	-1.80E-02	9.24E-02	1.14E-02	
group_4927	9.43E-02	2.31E-01	4.27E-01	6.25E-02	7.86E-02	4.63E-02	
group_4344	8.75E-02	1.19E-01	8.45E-01	-1.80E-02	9.24E-02	1.14E-02	
group_4300	9.43E-02	2.31E-01	4.27E-01	6.25E-02	7.86E-02	4.63E-02	
group_4087	8.75E-02	1.19E-01	8.51E-01	-1.67E-02	8.86E-02	1.09E-02	
group_4007	8.75E-02	1.19E-01	8.45E-01	-1.80E-02	9.24E-02	1.14E-02	
group_3817	9.43E-02	2.74E-02	7.54E-01	-5.58E-02	1.78E-01	1.83E-02	bad-chisq
tagH	8.75E-02	1.19E-01	8.45E-01	-1.80E-02	9.24E-02	1.14E-02	
cysN	8.75E-02	1.19E-01	8.45E-01	-1.80E-02	9.24E-02	1.14E-02	
group_3552	9.43E-02	8.89E-02	6.66E-01	-3.28E-02	7.59E-02	2.52E-02	
group_3429	8.75E-02	1.19E-01	8.45E-01	-1.80E-02	9.24E-02	1.14E-02	
group_3389	8.75E-02	1.19E-01	8.45E-01	-1.80E-02	9.24E-02	1.14E-02	
group_3300	8.75E-02	1.19E-01	8.45E-01	-1.80E-02	9.24E-02	1.14E-02	
group_3249	8.75E-02	1.19E-01	8.45E-01	-1.80E-02	9.24E-02	1.14E-02	
cysD	8.75E-02	1.19E-01	8.45E-01	-1.80E-02	9.24E-02	1.14E-02	
group_2555	8.75E-02	1.19E-01	8.45E-01	-1.80E-02	9.24E-02	1.14E-02	
group_24260	7.74E-02	1.50E-02	3.76E-01	-6.80E-02	7.67E-02	5.15E-02	bad-chisq
group_23979	7.74E-02	1.50E-02	3.76E-01	-6.80E-02	7.67E-02	5.15E-02	bad-chisq
group_23890	7.74E-02	1.50E-02	3.76E-01	-6.80E-02	7.67E-02	5.15E-02	bad-chisq
group_23728	7.74E-02	1.50E-02	3.76E-01	-6.80E-02	7.67E-02	5.15E-02	bad-chisq
group_23681	7.74E-02	1.50E-02	3.76E-01	-6.80E-02	7.67E-02	5.15E-02	bad-chisq
group_23570	7.74E-02	1.50E-02	3.76E-01	-6.80E-02	7.67E-02	5.15E-02	bad-chisq
group_23383	7.74E-02	1.50E-02	3.76E-01	-6.80E-02	7.67E-02	5.15E-02	bad-chisq
group_23205	7.74E-02	1.50E-02	3.76E-01	-6.80E-02	7.67E-02	5.15E-02	bad-chisq
group_23076	7.74E-02	1.50E-02	3.76E-01	-6.80E-02	7.67E-02	5.15E-02	bad-chisq
group_22906	7.74E-02	1.50E-02	3.76E-01	-6.80E-02	7.67E-02	5.15E-02	bad-chisq
group_22905	7.74E-02	1.50E-02	3.76E-01	-6.80E-02	7.67E-02	5.15E-02	bad-chisq
group_22696	7.74E-02	1.50E-02	3.76E-01	-6.80E-02	7.67E-02	5.15E-02	bad-chisq
group_21794	7.74E-02	1.50E-02	3.76E-01	-6.80E-02	7.67E-02	5.15E-02	bad-chisq
group_21196	9.09E-02	3.51E-01	7.19E-03	2.15E-01	7.95E-02	1.56E-01	
group_21195	9.09E-02	3.51E-01	7.19E-03	2.15E-01	7.95E-02	1.56E-01	
group_21194	9.09E-02	3.51E-01	7.19E-03	2.15E-01	7.95E-02	1.56E-01	
group_21189	9.09E-02	3.51E-01	7.19E-03	2.15E-01	7.95E-02	1.56E-01	
group_21188	9.09E-02	3.51E-01	7.19E-03	2.15E-01	7.95E-02	1.56E-01	
group_21187	9.09E-02	3.51E-01	7.19E-03	2.15E-01	7.95E-02	1.56E-01	
group_21186	9.09E-02	3.51E-01	7.19E-03	2.15E-01	7.95E-02	1.56E-01	
group_21184	9.09E-02	3.51E-01	7.19E-03	2.15E-01	7.95E-02	1.56E-01	
group_21182	9.09E-02	3.51E-01	7.19E-03	2.15E-01	7.95E-02	1.56E-01	
group_21178	9.09E-02	3.51E-01	7.19E-03	2.15E-01	7.95E-02	1.56E-01	
group_21176	9.09E-02	3.51E-01	7.19E-03	2.15E-01	7.95E-02	1.56E-01	
group_21175	9.09E-02	3.51E-01	7.19E-03	2.15E-01	7.95E-02	1.56E-01	
group_21172	9.09E-02	3.51E-01	7.19E-03	2.15E-01	7.95E-02	1.56E-01	
group_20732	7.74E-02	1.50E-02	3.76E-01	-6.80E-02	7.67E-02	5.15E-02	bad-chisq
group_20705	9.09E-02	1.03E-01	9.56E-01	-3.90E-03	6.99E-02	3.25E-03	
group_20623	9.09E-02	1.03E-01	9.56E-01	-3.90E-03	6.99E-02	3.25E-03	
group_20604	8.42E-02	1.09E-02	9.18E-01	-3.26E-02	3.17E-01	5.99E-03	bad-chisq
lptB~~~livG	8.42E-02	1.09E-02	9.18E-01	-3.26E-02	3.17E-01	5.99E-03	bad-chisq
group_20466	8.42E-02	1.09E-02	9.18E-01	-3.26E-02	3.17E-01	5.99E-03	bad-chisq
group_20465	8.42E-02	1.09E-02	9.18E-01	-3.26E-02	3.17E-01	5.99E-03	bad-chisq
group_20384	9.09E-02	5.45E-01	5.78E-01	4.01E-02	7.18E-02	3.24E-02	
group_20382	8.75E-02	1.19E-01	9.17E-01	7.49E-03	7.16E-02	6.09E-03	
group_20264	8.42E-02	1.09E-02	9.18E-01	-3.26E-02	3.17E-01	5.99E-03	bad-chisq
group_20263	8.42E-02	1.09E-02	9.18E-01	-3.26E-02	3.17E-01	5.99E-03	bad-chisq
group_20030	8.42E-02	1.09E-02	9.18E-01	-3.26E-02	3.17E-01	5.99E-03	bad-chisq
group_19984	8.42E-02	1.09E-02	9.18E-01	-3.26E-02	3.17E-01	5.99E-03	bad-chisq
group_19701	8.75E-02	9.28E-03	9.56E-01	-1.33E-02	2.42E-01	3.21E-03	bad-chisq
group_19581	8.42E-02	1.09E-02	9.18E-01	-3.26E-02	3.17E-01	5.99E-03	bad-chisq
group_19336	9.09E-02	3.21E-02	9.47E-01	-5.59E-03	8.38E-02	3.88E-03	bad-chisq
group_19313	9.09E-02	2.63E-01	5.08E-01	4.72E-02	7.12E-02	3.85E-02	
group_19291	8.42E-02	1.09E-02	9.40E-01	-2.05E-02	2.72E-01	4.39E-03	bad-chisq
group_19015	8.75E-02	9.28E-03	9.56E-01	-1.21E-02	2.22E-01	3.18E-03	bad-chisq
group_18581	9.09E-02	6.15E-05	1.03E-03	2.10E-01	6.33E-02	1.89E-01	
group_18229	8.75E-02	9.28E-03	9.58E-01	-1.04E-02	1.98E-01	3.07E-03	bad-chisq
group_18110	8.75E-02	1.19E-01	7.96E-01	-1.91E-02	7.38E-02	1.50E-02	
group_18106	8.75E-02	9.28E-03	9.47E-01	-1.92E-02	2.87E-01	3.90E-03	bad-chisq
group_18012	9.09E-02	7.91E-03	1.39E-01	-1.11E-01	7.46E-02	8.61E-02	bad-chisq
group_16972	7.74E-02	1.50E-02	3.76E-01	-6.80E-02	7.67E-02	5.15E-02	bad-chisq
group_16812	9.09E-02	7.91E-03	1.91E-01	-1.02E-01	7.77E-02	7.62E-02	bad-chisq
group_16676	9.09E-02	1.03E-01	8.80E-01	1.09E-02	7.20E-02	8.80E-03	
group_16175	9.09E-02	1.03E-01	6.92E-01	-3.02E-02	7.62E-02	2.31E-02	
group_14593	8.42E-02	1.09E-02	9.33E-01	-2.26E-02	2.71E-01	4.87E-03	bad-chisq
trpI~~~lysR	8.75E-02	9.28E-03	9.47E-01	-1.92E-02	2.87E-01	3.90E-03	bad-chisq
group_14196	8.75E-02	9.28E-03	9.47E-01	-1.92E-02	2.87E-01	3.90E-03	bad-chisq
group_13263	7.74E-02	1.50E-02	3.76E-01	-6.80E-02	7.67E-02	5.15E-02	bad-chisq
group_13117	8.75E-02	9.28E-03	9.30E-01	-2.61E-02	2.98E-01	5.11E-03	bad-chisq
immA	7.74E-02	1.50E-02	3.76E-01	-6.80E-02	7.67E-02	5.15E-02	bad-chisq
group_10445	9.09E-02	2.63E-01	4.17E-01	6.50E-02	8.00E-02	4.72E-02	
group_10269	9.09E-02	3.21E-02	3.78E-01	-1.03E-01	1.17E-01	5.13E-02	bad-chisq
group_9886	7.74E-02	1.50E-02	3.76E-01	-6.80E-02	7.67E-02	5.15E-02	bad-chisq
pilL	7.74E-02	1.50E-02	3.76E-01	-6.80E-02	7.67E-02	5.15E-02	bad-chisq
group_8971	7.74E-02	1.50E-02	3.76E-01	-6.80E-02	7.67E-02	5.15E-02	bad-chisq
group_8952	7.74E-02	1.50E-02	3.76E-01	-6.80E-02	7.67E-02	5.15E-02	bad-chisq
group_8434	8.75E-02	9.28E-03	9.52E-01	-1.48E-02	2.46E-01	3.51E-03	bad-chisq
group_7282	7.74E-02	1.50E-02	3.76E-01	-6.80E-02	7.67E-02	5.15E-02	bad-chisq
group_7063	9.09E-02	3.21E-02	6.68E-01	-3.71E-02	8.65E-02	2.50E-02	bad-chisq
group_6598	7.74E-02	1.50E-02	3.76E-01	-6.80E-02	7.67E-02	5.15E-02	bad-chisq
group_6562	7.74E-02	1.50E-02	3.76E-01	-6.80E-02	7.67E-02	5.15E-02	bad-chisq
group_6145	7.74E-02	1.50E-02	3.76E-01	-6.80E-02	7.67E-02	5.15E-02	bad-chisq
group_5459	9.09E-02	1.03E-01	8.97E-01	-1.05E-02	8.12E-02	7.56E-03	
group_5299	7.74E-02	1.50E-02	3.76E-01	-6.80E-02	7.67E-02	5.15E-02	bad-chisq
group_4745	7.74E-02	1.50E-02	3.76E-01	-6.80E-02	7.67E-02	5.15E-02	bad-chisq
group_4654	9.09E-02	1.03E-01	7.56E-01	2.39E-02	7.70E-02	1.81E-02	
group_4296	8.42E-02	1.38E-01	9.05E-01	-1.09E-02	9.17E-02	6.95E-03	
group_4211	9.09E-02	3.21E-02	8.15E-01	-3.65E-02	1.56E-01	1.37E-02	bad-chisq
group_3464	7.74E-02	1.50E-02	3.76E-01	-6.80E-02	7.67E-02	5.15E-02	bad-chisq
group_3297	7.74E-02	1.50E-02	3.76E-01	-6.80E-02	7.67E-02	5.15E-02	bad-chisq
group_2907	7.74E-02	1.50E-02	3.76E-01	-6.80E-02	7.67E-02	5.15E-02	bad-chisq
group_2091	9.09E-02	3.51E-01	7.63E-02	1.44E-01	8.11E-02	1.03E-01	
group_1243	7.74E-02	1.50E-02	3.76E-01	-6.80E-02	7.67E-02	5.15E-02	bad-chisq
group_996	7.74E-02	1.50E-02	3.76E-01	-6.80E-02	7.67E-02	5.15E-02	bad-chisq
group_644	9.09E-02	1.03E-01	7.56E-01	2.39E-02	7.70E-02	1.81E-02	
group_477	7.74E-02	1.50E-02	3.76E-01	-6.80E-02	7.67E-02	5.15E-02	bad-chisq
group_23982	8.75E-02	3.75E-02	7.16E-01	-2.75E-02	7.56E-02	2.12E-02	bad-chisq
group_23866	8.75E-02	3.75E-02	7.16E-01	-2.75E-02	7.56E-02	2.12E-02	bad-chisq
group_23510	8.75E-02	9.28E-03	2.92E-01	-1.34E-01	1.27E-01	6.14E-02	bad-chisq
group_23346	8.75E-02	3.75E-02	8.50E-01	-2.90E-02	1.53E-01	1.10E-02	bad-chisq
group_22106	8.75E-02	3.75E-02	7.16E-01	-2.75E-02	7.56E-02	2.12E-02	bad-chisq
group_21159	8.42E-02	1.09E-02	2.20E-01	-9.46E-02	7.69E-02	7.14E-02	bad-chisq
group_21061	8.75E-02	3.75E-02	4.00E-01	-7.32E-02	8.68E-02	4.91E-02	bad-chisq
group_20669	8.75E-02	3.00E-01	5.05E-01	4.96E-02	7.43E-02	3.89E-02	
group_20128	8.08E-02	1.28E-02	9.31E-01	-2.47E-02	2.86E-01	5.03E-03	bad-chisq
group_19965	8.75E-02	3.75E-02	9.49E-01	-5.40E-03	8.36E-02	3.76E-03	bad-chisq
gamR	8.08E-02	1.28E-02	9.31E-01	-2.47E-02	2.86E-01	5.03E-03	bad-chisq
group_19312	8.75E-02	3.75E-02	8.43E-01	-2.49E-02	1.25E-01	1.16E-02	bad-chisq
group_18235	8.42E-02	1.09E-02	9.48E-01	-1.89E-02	2.91E-01	3.78E-03	bad-chisq
group_18026	8.42E-02	1.09E-02	9.48E-01	-1.89E-02	2.91E-01	3.78E-03	bad-chisq
group_17771	8.42E-02	4.38E-02	4.36E-01	-5.97E-02	7.65E-02	4.54E-02	bad-chisq
group_17737	8.42E-02	1.09E-02	9.48E-01	-1.89E-02	2.91E-01	3.78E-03	bad-chisq
group_17736	8.42E-02	1.09E-02	9.48E-01	-1.89E-02	2.91E-01	3.78E-03	bad-chisq
group_17249	8.75E-02	9.28E-03	1.12E-01	-1.31E-01	8.22E-02	9.24E-02	bad-chisq
group_17248	8.75E-02	9.28E-03	1.12E-01	-1.31E-01	8.22E-02	9.24E-02	bad-chisq
group_16794	8.75E-02	3.75E-02	4.53E-01	-9.83E-02	1.31E-01	4.37E-02	bad-chisq
group_16519	8.75E-02	9.28E-03	1.12E-01	-1.31E-01	8.22E-02	9.24E-02	bad-chisq
group_16464	8.42E-02	9.15E-01	3.23E-02	1.68E-01	7.83E-02	1.24E-01	
group_16428	8.75E-02	1.19E-01	8.13E-01	1.73E-02	7.33E-02	1.38E-02	
vapC~~~vapC2	8.75E-02	3.75E-02	1.52E-01	-1.25E-01	8.68E-02	8.34E-02	bad-chisq
group_16237	8.75E-02	2.95E-01	4.36E-02	1.49E-01	7.36E-02	1.17E-01	
group_15932	8.42E-02	1.09E-02	9.48E-01	-1.89E-02	2.91E-01	3.78E-03	bad-chisq
group_15911	8.42E-02	1.09E-02	9.48E-01	-1.89E-02	2.91E-01	3.78E-03	bad-chisq
group_15885	8.42E-02	1.09E-02	9.48E-01	-1.89E-02	2.91E-01	3.78E-03	bad-chisq
group_15862	8.42E-02	1.09E-02	9.48E-01	-1.89E-02	2.91E-01	3.78E-03	bad-chisq
group_15835	8.42E-02	1.09E-02	9.48E-01	-1.89E-02	2.91E-01	3.78E-03	bad-chisq
group_15759	8.42E-02	1.09E-02	9.48E-01	-1.89E-02	2.91E-01	3.78E-03	bad-chisq
group_15712	8.42E-02	1.09E-02	9.48E-01	-1.89E-02	2.91E-01	3.78E-03	bad-chisq
group_15614	8.42E-02	1.09E-02	9.48E-01	-1.89E-02	2.91E-01	3.78E-03	bad-chisq
group_15447	8.42E-02	1.09E-02	9.48E-01	-1.89E-02	2.91E-01	3.78E-03	bad-chisq
group_15193	8.75E-02	9.28E-03	1.20E-01	-1.78E-01	1.14E-01	9.03E-02	bad-chisq
fatB	8.75E-02	9.28E-03	1.20E-01	-1.78E-01	1.14E-01	9.03E-02	bad-chisq
yclP	8.75E-02	9.28E-03	1.20E-01	-1.78E-01	1.14E-01	9.03E-02	bad-chisq
group_14714	8.75E-02	9.28E-03	1.20E-01	-1.78E-01	1.14E-01	9.03E-02	bad-chisq
group_14587	8.08E-02	1.28E-02	9.72E-01	-4.55E-03	1.28E-01	2.07E-03	bad-chisq
fatD	8.75E-02	9.28E-03	1.20E-01	-1.78E-01	1.14E-01	9.03E-02	bad-chisq
group_14316	8.42E-02	1.09E-02	9.48E-01	-1.89E-02	2.91E-01	3.78E-03	bad-chisq
group_14282	8.75E-02	6.06E-01	1.75E-01	9.93E-02	7.30E-02	7.89E-02	
group_14186	8.75E-02	9.28E-03	1.20E-01	-1.78E-01	1.14E-01	9.03E-02	bad-chisq
group_14014	8.42E-02	1.09E-02	9.48E-01	-1.89E-02	2.91E-01	3.78E-03	bad-chisq
group_13913	8.75E-02	3.75E-02	7.16E-01	-2.75E-02	7.56E-02	2.12E-02	bad-chisq
group_13833	8.75E-02	9.28E-03	1.20E-01	-1.78E-01	1.14E-01	9.03E-02	bad-chisq
group_13688	8.75E-02	3.75E-02	7.16E-01	-2.75E-02	7.56E-02	2.12E-02	bad-chisq
group_13645	8.42E-02	1.09E-02	9.48E-01	-1.89E-02	2.91E-01	3.78E-03	bad-chisq
group_13607	8.75E-02	3.75E-02	7.16E-01	-2.75E-02	7.56E-02	2.12E-02	bad-chisq
yfcG~~~gstA	8.42E-02	1.09E-02	9.48E-01	-1.89E-02	2.91E-01	3.78E-03	bad-chisq
group_13492	8.42E-02	1.09E-02	9.48E-01	-1.89E-02	2.91E-01	3.78E-03	bad-chisq
group_13481	8.75E-02	5.98E-01	1.47E-01	1.07E-01	7.39E-02	8.43E-02	
group_13360	8.75E-02	3.75E-02	7.16E-01	-2.75E-02	7.56E-02	2.12E-02	bad-chisq
group_13239	8.75E-02	9.28E-03	1.20E-01	-1.78E-01	1.14E-01	9.03E-02	bad-chisq
group_13061	8.75E-02	3.75E-02	7.16E-01	-2.75E-02	7.56E-02	2.12E-02	bad-chisq
group_12921	8.42E-02	1.09E-02	9.48E-01	-1.89E-02	2.91E-01	3.78E-03	bad-chisq
group_12920	8.42E-02	1.09E-02	9.48E-01	-1.89E-02	2.91E-01	3.78E-03	bad-chisq
group_12712	8.75E-02	3.75E-02	7.16E-01	-2.75E-02	7.56E-02	2.12E-02	bad-chisq
phnE	8.75E-02	6.06E-01	1.75E-01	9.93E-02	7.30E-02	7.89E-02	
group_12324	8.75E-02	3.75E-02	7.16E-01	-2.75E-02	7.56E-02	2.12E-02	bad-chisq
htxA	8.75E-02	6.06E-01	1.75E-01	9.93E-02	7.30E-02	7.89E-02	
group_11907	8.75E-02	3.75E-02	7.16E-01	-2.75E-02	7.56E-02	2.12E-02	bad-chisq
group_11904	8.75E-02	6.06E-01	1.75E-01	9.93E-02	7.30E-02	7.89E-02	
hxsD	8.75E-02	3.75E-02	7.16E-01	-2.75E-02	7.56E-02	2.12E-02	bad-chisq
group_11220	8.75E-02	1.19E-01	9.63E-01	3.52E-03	7.61E-02	2.69E-03	
htxB	8.75E-02	6.06E-01	1.75E-01	9.93E-02	7.30E-02	7.89E-02	
group_10726	8.75E-02	3.75E-02	8.03E-01	-3.93E-02	1.57E-01	1.45E-02	bad-chisq
group_10577	8.75E-02	3.75E-02	8.17E-01	-2.88E-02	1.24E-01	1.35E-02	bad-chisq
group_10429	8.75E-02	1.19E-01	9.09E-01	9.45E-03	8.23E-02	6.69E-03	
traB	8.75E-02	3.75E-02	7.16E-01	-2.75E-02	7.56E-02	2.12E-02	bad-chisq
group_10005	8.75E-02	3.75E-02	7.16E-01	-2.75E-02	7.56E-02	2.12E-02	bad-chisq
group_9965	8.75E-02	3.75E-02	7.16E-01	-2.75E-02	7.56E-02	2.12E-02	bad-chisq
group_9720	8.75E-02	3.75E-02	7.16E-01	-2.75E-02	7.56E-02	2.12E-02	bad-chisq
group_9113	8.75E-02	3.75E-02	7.16E-01	-2.75E-02	7.56E-02	2.12E-02	bad-chisq
group_8789	8.75E-02	3.75E-02	7.16E-01	-2.75E-02	7.56E-02	2.12E-02	bad-chisq
group_8575	8.75E-02	3.75E-02	7.16E-01	-2.75E-02	7.56E-02	2.12E-02	bad-chisq
group_8493	8.75E-02	1.19E-01	9.09E-01	9.45E-03	8.23E-02	6.69E-03	
group_8247	8.75E-02	3.75E-02	4.13E-01	-9.39E-02	1.14E-01	4.77E-02	bad-chisq
group_8115	8.75E-02	3.75E-02	7.16E-01	-2.75E-02	7.56E-02	2.12E-02	bad-chisq
group_8007	8.75E-02	3.75E-02	7.16E-01	-2.75E-02	7.56E-02	2.12E-02	bad-chisq
group_8006	8.75E-02	3.75E-02	7.16E-01	-2.75E-02	7.56E-02	2.12E-02	bad-chisq
traV	8.75E-02	3.75E-02	7.16E-01	-2.75E-02	7.56E-02	2.12E-02	bad-chisq
group_7893	8.75E-02	9.28E-03	3.13E-01	-1.02E-01	1.01E-01	5.88E-02	bad-chisq
group_7728	8.75E-02	3.75E-02	7.16E-01	-2.75E-02	7.56E-02	2.12E-02	bad-chisq
group_7717	8.75E-02	3.75E-02	7.16E-01	-2.75E-02	7.56E-02	2.12E-02	bad-chisq
group_7712	8.75E-02	9.47E-09	9.75E-01	2.44E-03	7.70E-02	1.85E-03	
group_7705	8.75E-02	3.75E-02	7.16E-01	-2.75E-02	7.56E-02	2.12E-02	bad-chisq
group_7571	8.75E-02	3.75E-02	7.16E-01	-2.75E-02	7.56E-02	2.12E-02	bad-chisq
group_7340	8.75E-02	3.75E-02	7.16E-01	-2.75E-02	7.56E-02	2.12E-02	bad-chisq
traE	8.75E-02	3.75E-02	7.16E-01	-2.75E-02	7.56E-02	2.12E-02	bad-chisq
ompA	8.75E-02	3.75E-02	7.16E-01	-2.75E-02	7.56E-02	2.12E-02	bad-chisq
group_7299	8.75E-02	6.06E-01	1.75E-01	9.93E-02	7.30E-02	7.89E-02	
group_7191	8.75E-02	3.75E-02	7.16E-01	-2.75E-02	7.56E-02	2.12E-02	bad-chisq
group_7121	8.75E-02	3.75E-02	9.91E-01	-1.60E-03	1.42E-01	6.59E-04	bad-chisq
group_6969	8.75E-02	3.75E-02	7.16E-01	-2.75E-02	7.56E-02	2.12E-02	bad-chisq
group_6877	8.75E-02	3.75E-02	7.16E-01	-2.75E-02	7.56E-02	2.12E-02	bad-chisq
group_6848	8.75E-02	3.75E-02	7.16E-01	-2.75E-02	7.56E-02	2.12E-02	bad-chisq
group_6837	8.75E-02	3.75E-02	7.16E-01	-2.75E-02	7.56E-02	2.12E-02	bad-chisq
traU	8.75E-02	3.75E-02	7.16E-01	-2.75E-02	7.56E-02	2.12E-02	bad-chisq
group_6353	8.75E-02	3.75E-02	7.16E-01	-2.75E-02	7.56E-02	2.12E-02	bad-chisq
group_6350	8.75E-02	3.75E-02	7.16E-01	-2.75E-02	7.56E-02	2.12E-02	bad-chisq
group_6154	8.75E-02	3.75E-02	7.16E-01	-2.75E-02	7.56E-02	2.12E-02	bad-chisq
group_6153	8.75E-02	3.75E-02	7.16E-01	-2.75E-02	7.56E-02	2.12E-02	bad-chisq
group_5816	8.75E-02	3.75E-02	7.16E-01	-2.75E-02	7.56E-02	2.12E-02	bad-chisq
group_5815	8.75E-02	3.75E-02	7.16E-01	-2.75E-02	7.56E-02	2.12E-02	bad-chisq
group_5804	8.75E-02	3.75E-02	7.16E-01	-2.75E-02	7.56E-02	2.12E-02	bad-chisq
group_5803	8.75E-02	3.75E-02	7.16E-01	-2.75E-02	7.56E-02	2.12E-02	bad-chisq
trbC	8.75E-02	3.75E-02	7.16E-01	-2.75E-02	7.56E-02	2.12E-02	bad-chisq
traW	8.75E-02	3.75E-02	7.16E-01	-2.75E-02	7.56E-02	2.12E-02	bad-chisq
group_5650	8.75E-02	3.75E-02	7.16E-01	-2.75E-02	7.56E-02	2.12E-02	bad-chisq
group_5098	8.75E-02	3.75E-02	7.16E-01	-2.75E-02	7.56E-02	2.12E-02	bad-chisq
group_4955	8.75E-02	3.75E-02	7.16E-01	-2.75E-02	7.56E-02	2.12E-02	bad-chisq
group_4883	8.75E-02	3.75E-02	7.16E-01	-2.75E-02	7.56E-02	2.12E-02	bad-chisq
group_4791	8.75E-02	3.75E-02	7.16E-01	-2.75E-02	7.56E-02	2.12E-02	bad-chisq
traA	8.75E-02	3.75E-02	7.16E-01	-2.75E-02	7.56E-02	2.12E-02	bad-chisq
group_4607	8.75E-02	3.75E-02	8.42E-01	-2.97E-02	1.49E-01	1.16E-02	bad-chisq
group_4401	8.75E-02	6.06E-01	1.75E-01	9.93E-02	7.30E-02	7.89E-02	
group_4294	8.75E-02	3.75E-02	4.00E-01	-7.32E-02	8.68E-02	4.91E-02	bad-chisq
group_4209	8.75E-02	3.75E-02	7.16E-01	-2.75E-02	7.56E-02	2.12E-02	bad-chisq
group_4171	8.75E-02	3.75E-02	7.16E-01	-2.75E-02	7.56E-02	2.12E-02	bad-chisq
group_4041	8.75E-02	3.75E-02	7.16E-01	-2.75E-02	7.56E-02	2.12E-02	bad-chisq
group_3966	8.75E-02	3.75E-02	7.16E-01	-2.75E-02	7.56E-02	2.12E-02	bad-chisq
group_3921	8.75E-02	3.75E-02	4.00E-01	-7.32E-02	8.68E-02	4.91E-02	bad-chisq
group_3288	8.75E-02	3.75E-02	7.16E-01	-2.75E-02	7.56E-02	2.12E-02	bad-chisq
group_3152	8.75E-02	6.06E-01	1.75E-01	9.93E-02	7.30E-02	7.89E-02	
group_3099	8.75E-02	3.75E-02	8.03E-01	-3.93E-02	1.57E-01	1.45E-02	bad-chisq
group_3060	8.75E-02	3.75E-02	4.00E-01	-7.32E-02	8.68E-02	4.91E-02	bad-chisq
group_3053	8.75E-02	3.75E-02	4.00E-01	-7.32E-02	8.68E-02	4.91E-02	bad-chisq
traH	8.75E-02	3.75E-02	7.16E-01	-2.75E-02	7.56E-02	2.12E-02	bad-chisq
group_1453	8.75E-02	6.06E-01	1.75E-01	9.93E-02	7.30E-02	7.89E-02	
traC	8.75E-02	3.75E-02	7.16E-01	-2.75E-02	7.56E-02	2.12E-02	bad-chisq
group_316	8.75E-02	3.75E-02	7.16E-01	-2.75E-02	7.56E-02	2.12E-02	bad-chisq
traL	8.75E-02	3.75E-02	7.16E-01	-2.75E-02	7.56E-02	2.12E-02	bad-chisq
group_21183	8.42E-02	2.43E-01	5.38E-03	2.22E-01	7.92E-02	1.61E-01	
group_21180	8.42E-02	2.43E-01	5.38E-03	2.22E-01	7.92E-02	1.61E-01	
group_21133	8.42E-02	2.43E-01	6.65E-03	2.19E-01	8.02E-02	1.57E-01	
group_21093	8.42E-02	4.38E-02	5.31E-01	-5.59E-02	8.91E-02	3.65E-02	bad-chisq
group_20820	8.08E-02	1.28E-02	9.20E-01	-3.62E-02	3.60E-01	5.86E-03	bad-chisq
group_20816	8.08E-02	1.28E-02	9.20E-01	-3.62E-02	3.60E-01	5.86E-03	bad-chisq
group_20749	8.42E-02	3.40E-01	5.52E-01	4.48E-02	7.54E-02	3.46E-02	
group_20587	8.08E-02	1.28E-02	1.01E-01	-1.24E-01	7.51E-02	9.55E-02	bad-chisq
group_20497	8.42E-02	1.38E-01	9.15E-01	7.87E-03	7.32E-02	6.26E-03	
group_20496	8.42E-02	1.38E-01	9.15E-01	7.87E-03	7.32E-02	6.26E-03	
group_20480	8.08E-02	1.28E-02	9.20E-01	-3.62E-02	3.60E-01	5.86E-03	bad-chisq
group_20467	8.42E-02	3.40E-01	5.52E-01	4.48E-02	7.54E-02	3.46E-02	
group_20269	8.42E-02	3.40E-01	5.52E-01	4.48E-02	7.54E-02	3.46E-02	
group_20129	7.74E-02	1.50E-02	9.48E-01	-1.55E-02	2.38E-01	3.80E-03	bad-chisq
group_19994	8.42E-02	3.40E-01	5.52E-01	4.48E-02	7.54E-02	3.46E-02	
group_19993	8.42E-02	3.40E-01	5.52E-01	4.48E-02	7.54E-02	3.46E-02	
group_19773	7.74E-02	1.50E-02	9.48E-01	-1.56E-02	2.37E-01	3.82E-03	bad-chisq
group_19692	8.42E-02	5.24E-01	8.47E-02	1.37E-01	7.94E-02	1.00E-01	
group_19235	8.08E-02	1.28E-02	9.61E-01	-1.11E-02	2.27E-01	2.83E-03	bad-chisq
group_18003	8.08E-02	1.28E-02	9.62E-01	-9.42E-03	1.96E-01	2.80E-03	bad-chisq
group_17720	8.42E-02	1.09E-02	1.30E-01	-1.73E-01	1.14E-01	8.80E-02	bad-chisq
group_16709	8.42E-02	1.09E-02	1.30E-01	-1.73E-01	1.14E-01	8.80E-02	bad-chisq
group_15834	8.42E-02	4.38E-02	8.45E-01	-2.41E-02	1.23E-01	1.14E-02	bad-chisq
group_15830	8.08E-02	1.28E-02	9.61E-01	-1.23E-02	2.50E-01	2.86E-03	bad-chisq
group_15801	8.08E-02	1.28E-02	9.61E-01	-1.23E-02	2.50E-01	2.86E-03	bad-chisq
group_15117	8.08E-02	1.28E-02	6.44E-01	-9.38E-02	2.03E-01	2.70E-02	bad-chisq
group_14967	8.42E-02	4.38E-02	8.45E-01	-2.41E-02	1.23E-01	1.14E-02	bad-chisq
group_14591	8.42E-02	4.38E-02	5.76E-01	-4.27E-02	7.63E-02	3.25E-02	bad-chisq
group_14363	8.42E-02	5.24E-01	1.02E-01	1.24E-01	7.54E-02	9.51E-02	
group_14191	8.08E-02	1.28E-02	9.38E-01	-2.49E-02	3.23E-01	4.50E-03	bad-chisq
group_13111	8.42E-02	6.72E-01	1.50E-01	1.06E-01	7.36E-02	8.38E-02	
group_12385	8.42E-02	4.38E-02	8.45E-01	-2.41E-02	1.23E-01	1.14E-02	bad-chisq
group_12380	8.42E-02	6.72E-01	1.50E-01	1.06E-01	7.36E-02	8.38E-02	
shlB~~~fhaC~~~hlyB	7.74E-02	1.50E-02	9.60E-01	-8.80E-03	1.76E-01	2.90E-03	bad-chisq
group_10840	8.42E-02	4.38E-02	8.45E-01	-2.41E-02	1.23E-01	1.14E-02	bad-chisq
group_10777	8.42E-02	4.38E-02	7.55E-01	-2.39E-02	7.63E-02	1.82E-02	bad-chisq
group_10499	8.42E-02	4.38E-02	1.75E-01	-1.45E-01	1.07E-01	7.89E-02	bad-chisq
group_10498	8.42E-02	4.38E-02	1.75E-01	-1.45E-01	1.07E-01	7.89E-02	bad-chisq
group_9931	8.42E-02	4.38E-02	7.58E-01	-2.39E-02	7.75E-02	1.79E-02	bad-chisq
group_9669	8.42E-02	4.38E-02	8.04E-01	-2.25E-02	9.06E-02	1.45E-02	bad-chisq
group_9225	8.42E-02	1.09E-02	8.40E-02	-1.42E-01	8.17E-02	1.00E-01	bad-chisq
group_8747	8.42E-02	4.38E-02	8.45E-01	-2.41E-02	1.23E-01	1.14E-02	bad-chisq
group_8666	8.42E-02	4.38E-02	7.55E-01	-2.39E-02	7.63E-02	1.82E-02	bad-chisq
group_8604	8.42E-02	4.38E-02	1.75E-01	-1.45E-01	1.07E-01	7.89E-02	bad-chisq
group_7916	8.42E-02	4.38E-02	8.45E-01	-2.41E-02	1.23E-01	1.14E-02	bad-chisq
group_7823	8.42E-02	4.38E-02	8.45E-01	-2.41E-02	1.23E-01	1.14E-02	bad-chisq
group_7614	8.42E-02	4.38E-02	8.45E-01	-2.41E-02	1.23E-01	1.14E-02	bad-chisq
group_7029	8.42E-02	4.38E-02	8.45E-01	-2.41E-02	1.23E-01	1.14E-02	bad-chisq
ugpC	8.42E-02	4.38E-02	8.45E-01	-2.41E-02	1.23E-01	1.14E-02	bad-chisq
group_6121	8.42E-02	4.38E-02	9.09E-01	-1.64E-02	1.44E-01	6.65E-03	bad-chisq
group_5920	8.42E-02	4.38E-02	8.45E-01	-2.41E-02	1.23E-01	1.14E-02	bad-chisq
group_5911	8.42E-02	4.38E-02	8.45E-01	-2.41E-02	1.23E-01	1.14E-02	bad-chisq
group_5756	8.42E-02	4.38E-02	8.45E-01	-2.41E-02	1.23E-01	1.14E-02	bad-chisq
group_5526	8.42E-02	4.38E-02	7.11E-01	-2.87E-02	7.72E-02	2.16E-02	bad-chisq
group_5320	8.42E-02	4.38E-02	8.45E-01	-2.41E-02	1.23E-01	1.14E-02	bad-chisq
ugpA	8.42E-02	4.38E-02	8.45E-01	-2.41E-02	1.23E-01	1.14E-02	bad-chisq
dsbA	8.42E-02	4.38E-02	7.58E-01	-2.39E-02	7.75E-02	1.79E-02	bad-chisq
hisD	8.42E-02	4.38E-02	8.45E-01	-2.41E-02	1.23E-01	1.14E-02	bad-chisq
group_3687	8.42E-02	4.38E-02	8.45E-01	-2.41E-02	1.23E-01	1.14E-02	bad-chisq
group_3525	8.42E-02	4.38E-02	8.45E-01	-2.91E-02	1.49E-01	1.14E-02	bad-chisq
group_23900	7.74E-02	7.47E-01	5.01E-02	1.71E-01	8.68E-02	1.14E-01	
group_23159	8.08E-02	1.28E-02	1.65E-01	-1.26E-01	9.06E-02	8.09E-02	bad-chisq
group_21166	8.08E-02	1.28E-02	2.20E-01	-9.84E-02	8.01E-02	7.14E-02	bad-chisq
group_21018	7.74E-02	4.36E-01	2.86E-01	8.36E-02	7.82E-02	6.22E-02	
yedL~~~tonB	7.74E-02	1.50E-02	9.45E-01	-1.87E-02	2.72E-01	4.00E-03	bad-chisq
group_20692	8.08E-02	1.59E-01	9.47E-01	-5.08E-03	7.71E-02	3.84E-03	
group_20691	8.08E-02	1.59E-01	9.47E-01	-5.08E-03	7.71E-02	3.84E-03	
group_20667	7.74E-02	1.50E-02	9.43E-01	-1.73E-02	2.42E-01	4.16E-03	bad-chisq
group_20606	8.08E-02	1.59E-01	9.47E-01	-5.08E-03	7.71E-02	3.84E-03	
group_20605	8.08E-02	1.59E-01	9.47E-01	-5.08E-03	7.71E-02	3.84E-03	
group_20500	7.74E-02	5.98E-02	6.01E-01	-4.64E-02	8.86E-02	3.05E-02	bad-chisq
group_20167	7.74E-02	1.83E-01	8.13E-01	1.81E-02	7.65E-02	1.38E-02	
group_20089	8.08E-02	1.96E-01	4.55E-03	2.25E-01	7.85E-02	1.64E-01	
group_19935	7.74E-02	1.50E-02	9.53E-01	-1.61E-02	2.72E-01	3.45E-03	bad-chisq
pleD~~~pAS	7.41E-02	1.75E-02	9.26E-01	-3.19E-02	3.44E-01	5.40E-03	bad-chisq
group_19700	7.74E-02	1.50E-02	9.61E-01	-1.14E-02	2.35E-01	2.82E-03	bad-chisq
group_19603	8.08E-02	5.12E-02	6.20E-01	-4.11E-02	8.29E-02	2.89E-02	bad-chisq
group_19507	8.08E-02	5.12E-02	5.52E-01	-4.74E-02	7.97E-02	3.46E-02	bad-chisq
group_19454	8.08E-02	3.85E-01	4.90E-01	5.29E-02	7.66E-02	4.02E-02	
group_19352	7.74E-02	1.50E-02	9.66E-01	-9.71E-03	2.24E-01	2.52E-03	bad-chisq
group_19332	8.08E-02	5.12E-02	6.86E-01	-4.65E-02	1.15E-01	2.36E-02	bad-chisq
group_19306	8.08E-02	1.75E-02	5.02E-04	2.67E-01	7.60E-02	2.01E-01	
group_19209	8.08E-02	1.96E-01	4.34E-03	2.57E-01	8.94E-02	1.65E-01	
lutR~~~fadR	7.41E-02	1.75E-02	9.26E-01	-3.19E-02	3.44E-01	5.40E-03	bad-chisq
group_19003	7.41E-02	1.75E-02	9.26E-01	-3.19E-02	3.44E-01	5.40E-03	bad-chisq
group_19002	7.41E-02	1.75E-02	9.26E-01	-3.19E-02	3.44E-01	5.40E-03	bad-chisq
group_18953	7.74E-02	1.50E-02	9.53E-01	-1.61E-02	2.72E-01	3.45E-03	bad-chisq
group_18952	7.74E-02	1.50E-02	9.53E-01	-1.61E-02	2.72E-01	3.45E-03	bad-chisq
group_18915	7.74E-02	1.50E-02	9.53E-01	-1.61E-02	2.72E-01	3.45E-03	bad-chisq
group_18914	7.74E-02	1.50E-02	9.53E-01	-1.61E-02	2.72E-01	3.45E-03	bad-chisq
tagG	7.74E-02	1.50E-02	9.53E-01	-1.61E-02	2.72E-01	3.45E-03	bad-chisq
group_18860	7.74E-02	1.50E-02	9.53E-01	-1.61E-02	2.72E-01	3.45E-03	bad-chisq
kpsE	7.74E-02	1.50E-02	9.53E-01	-1.61E-02	2.72E-01	3.45E-03	bad-chisq
vexE~~~bepA	7.74E-02	1.50E-02	9.53E-01	-1.61E-02	2.72E-01	3.45E-03	bad-chisq
pelB	7.74E-02	1.50E-02	9.53E-01	-1.61E-02	2.72E-01	3.45E-03	bad-chisq
group_17296	7.74E-02	1.50E-02	9.31E-01	-2.88E-02	3.31E-01	5.08E-03	bad-chisq
fabB	7.41E-02	1.75E-02	9.59E-01	-9.51E-03	1.86E-01	2.98E-03	bad-chisq
group_16756	7.74E-02	1.50E-02	9.54E-01	-1.46E-02	2.56E-01	3.33E-03	bad-chisq
group_16744	7.41E-02	1.75E-02	9.26E-01	-3.19E-02	3.44E-01	5.40E-03	bad-chisq
group_16512	7.41E-02	1.75E-02	9.26E-01	-3.19E-02	3.44E-01	5.40E-03	bad-chisq
group_16501	7.41E-02	1.75E-02	9.26E-01	-3.19E-02	3.44E-01	5.40E-03	bad-chisq
group_15529	7.74E-02	1.50E-02	9.59E-01	-1.31E-02	2.54E-01	3.01E-03	bad-chisq
group_15522	7.41E-02	1.75E-02	9.26E-01	-3.19E-02	3.44E-01	5.40E-03	bad-chisq
sGA1	7.41E-02	1.75E-02	9.26E-01	-3.19E-02	3.44E-01	5.40E-03	bad-chisq
group_14313	8.08E-02	1.59E-01	8.80E-01	-1.06E-02	7.03E-02	8.77E-03	
group_13339	7.41E-02	1.75E-02	9.26E-01	-3.19E-02	3.44E-01	5.40E-03	bad-chisq
group_13000	8.08E-02	4.51E-01	7.12E-02	1.44E-01	7.95E-02	1.05E-01	
group_12876	8.08E-02	5.12E-02	5.76E-01	-4.37E-02	7.81E-02	3.26E-02	bad-chisq
group_12871	8.08E-02	5.12E-02	8.49E-01	-2.11E-02	1.11E-01	1.11E-02	bad-chisq
group_12682	7.41E-02	2.11E-01	9.08E-01	1.04E-02	9.04E-02	6.71E-03	
group_12209	7.74E-02	7.47E-01	5.01E-02	1.71E-01	8.68E-02	1.14E-01	
group_12122	8.08E-02	5.12E-02	5.76E-01	-4.37E-02	7.81E-02	3.26E-02	bad-chisq
group_12118	8.08E-02	5.12E-02	8.49E-01	-2.11E-02	1.11E-01	1.11E-02	bad-chisq
group_11381	8.08E-02	5.12E-02	7.99E-01	-2.00E-02	7.83E-02	1.49E-02	bad-chisq
darT	8.08E-02	1.28E-02	1.65E-01	-1.26E-01	9.06E-02	8.09E-02	bad-chisq
group_11234	7.74E-02	7.47E-01	5.01E-02	1.71E-01	8.68E-02	1.14E-01	
group_11186	8.08E-02	1.28E-02	1.65E-01	-1.26E-01	9.06E-02	8.09E-02	bad-chisq
ubiG	7.74E-02	1.50E-02	9.52E-01	-1.62E-02	2.67E-01	3.54E-03	bad-chisq
group_9790	8.08E-02	1.28E-02	1.65E-01	-1.26E-01	9.06E-02	8.09E-02	bad-chisq
group_9668	8.08E-02	5.12E-02	5.91E-01	-4.25E-02	7.90E-02	3.13E-02	bad-chisq
group_9657	7.74E-02	7.47E-01	5.01E-02	1.71E-01	8.68E-02	1.14E-01	
group_9595	8.08E-02	1.28E-02	1.65E-01	-1.26E-01	9.06E-02	8.09E-02	bad-chisq
group_8976	8.08E-02	5.12E-02	7.47E-01	-2.52E-02	7.78E-02	1.88E-02	bad-chisq
group_8099	8.08E-02	1.28E-02	1.27E-01	-1.53E-01	1.00E-01	8.88E-02	bad-chisq
group_7978	8.08E-02	5.12E-02	8.48E-01	-2.07E-02	1.08E-01	1.12E-02	bad-chisq
group_7449	8.08E-02	1.28E-02	1.65E-01	-1.26E-01	9.06E-02	8.09E-02	bad-chisq
group_7201	7.74E-02	7.47E-01	5.01E-02	1.71E-01	8.68E-02	1.14E-01	
group_7200	7.74E-02	7.47E-01	5.01E-02	1.71E-01	8.68E-02	1.14E-01	
group_7098	8.08E-02	1.28E-02	1.65E-01	-1.26E-01	9.06E-02	8.09E-02	bad-chisq
group_6392	8.08E-02	1.28E-02	1.39E-01	-1.69E-01	1.14E-01	8.61E-02	bad-chisq
group_5694	7.74E-02	1.83E-01	7.55E-01	2.54E-02	8.12E-02	1.82E-02	
group_5415	8.08E-02	5.12E-02	7.47E-01	-2.52E-02	7.78E-02	1.88E-02	bad-chisq
group_4860	8.08E-02	1.28E-02	1.65E-01	-1.26E-01	9.06E-02	8.09E-02	bad-chisq
group_4674	8.08E-02	5.12E-02	7.47E-01	-2.52E-02	7.78E-02	1.88E-02	bad-chisq
group_4262	8.08E-02	1.28E-02	1.65E-01	-1.26E-01	9.06E-02	8.09E-02	bad-chisq
group_4238	8.08E-02	1.96E-01	1.41E-02	2.05E-01	8.29E-02	1.42E-01	
group_4144	8.08E-02	5.12E-02	9.35E-01	-1.18E-02	1.46E-01	4.73E-03	bad-chisq
group_3100	8.08E-02	5.12E-02	8.71E-01	-1.99E-02	1.23E-01	9.46E-03	bad-chisq
group_3098	8.08E-02	5.12E-02	9.47E-01	-9.46E-03	1.43E-01	3.86E-03	bad-chisq
group_2236	8.08E-02	1.28E-02	1.65E-01	-1.26E-01	9.06E-02	8.09E-02	bad-chisq
group_1639	8.08E-02	1.28E-02	1.65E-01	-1.26E-01	9.06E-02	8.09E-02	bad-chisq
group_1246	8.08E-02	1.28E-02	1.65E-01	-1.26E-01	9.06E-02	8.09E-02	bad-chisq
group_24384	7.74E-02	4.36E-01	4.55E-01	5.90E-02	7.89E-02	4.35E-02	
group_24296	7.74E-02	2.21E-06	5.19E-01	5.07E-02	7.86E-02	3.76E-02	
group_23392	7.74E-02	1.50E-02	2.54E-01	-1.09E-01	9.57E-02	6.64E-02	bad-chisq
group_23390	7.74E-02	1.83E-01	7.49E-01	2.52E-02	7.89E-02	1.86E-02	
group_22935	7.74E-02	1.50E-02	2.69E-01	-8.84E-02	7.98E-02	6.44E-02	bad-chisq
group_22675	7.74E-02	1.50E-02	2.54E-01	-1.09E-01	9.57E-02	6.64E-02	bad-chisq
group_22608	7.74E-02	5.98E-02	8.83E-01	-1.62E-02	1.10E-01	8.58E-03	bad-chisq
group_21949	7.74E-02	4.36E-01	4.55E-01	5.90E-02	7.89E-02	4.35E-02	
group_21484	7.74E-02	1.50E-02	1.41E-01	-1.32E-01	8.93E-02	8.56E-02	bad-chisq
group_20720	7.07E-02	2.05E-02	9.47E-01	-1.69E-02	2.56E-01	3.85E-03	bad-chisq
group_20649	7.07E-02	2.05E-02	9.47E-01	-1.69E-02	2.56E-01	3.85E-03	bad-chisq
group_20648	7.07E-02	2.05E-02	9.47E-01	-1.69E-02	2.56E-01	3.85E-03	bad-chisq
group_20132	7.07E-02	2.05E-02	9.48E-01	-1.61E-02	2.49E-01	3.77E-03	bad-chisq
group_20025	7.74E-02	4.36E-01	4.55E-01	5.90E-02	7.89E-02	4.35E-02	
group_19641	7.74E-02	5.98E-02	9.50E-01	-5.41E-03	8.54E-02	3.69E-03	bad-chisq
group_19551	7.74E-02	3.82E-01	7.73E-02	1.38E-01	7.80E-02	1.03E-01	
group_18993	7.74E-02	4.36E-01	4.55E-01	5.90E-02	7.89E-02	4.35E-02	
group_18338	7.74E-02	3.82E-01	5.81E-02	1.58E-01	8.30E-02	1.10E-01	
group_18293	7.41E-02	1.75E-02	9.71E-01	-7.66E-03	2.07E-01	2.15E-03	bad-chisq
group_18018	7.74E-02	4.36E-01	4.55E-01	5.90E-02	7.89E-02	4.35E-02	
group_17783	7.41E-02	1.75E-02	9.57E-01	-1.51E-02	2.78E-01	3.16E-03	bad-chisq
group_17158	7.74E-02	1.54E-01	5.63E-03	2.33E-01	8.34E-02	1.60E-01	
group_16871	7.74E-02	4.36E-01	4.55E-01	5.90E-02	7.89E-02	4.35E-02	
group_16810	7.74E-02	2.83E-04	2.98E-02	-1.69E-01	7.74E-02	1.26E-01	
group_16646	7.41E-02	1.75E-02	9.54E-01	-1.43E-02	2.49E-01	3.36E-03	bad-chisq
group_16631	7.41E-02	1.75E-02	9.49E-01	-1.73E-02	2.68E-01	3.75E-03	bad-chisq
group_16262	7.74E-02	5.98E-02	7.17E-01	-2.91E-02	8.02E-02	2.11E-02	bad-chisq
group_16081	7.74E-02	5.98E-02	5.29E-01	-5.92E-02	9.38E-02	3.67E-02	bad-chisq
group_15878	7.74E-02	4.36E-01	4.55E-01	5.90E-02	7.89E-02	4.35E-02	
group_15544	7.74E-02	1.50E-02	1.41E-01	-1.32E-01	8.93E-02	8.56E-02	bad-chisq
group_14754	7.74E-02	5.98E-02	9.65E-01	-6.08E-03	1.39E-01	2.54E-03	bad-chisq
group_14310	7.74E-02	4.36E-01	4.55E-01	5.90E-02	7.89E-02	4.35E-02	
group_14172	7.41E-02	1.75E-02	8.42E-01	-2.69E-02	1.35E-01	1.16E-02	bad-chisq
fecI~~~rpoE	7.41E-02	1.75E-02	8.42E-01	-2.69E-02	1.35E-01	1.16E-02	bad-chisq
group_13489	7.74E-02	1.50E-02	2.54E-01	-1.09E-01	9.57E-02	6.64E-02	bad-chisq
fghA	7.74E-02	1.83E-01	7.49E-01	2.52E-02	7.89E-02	1.86E-02	
group_12674	7.07E-02	2.05E-02	9.47E-01	-1.79E-02	2.72E-01	3.84E-03	bad-chisq
group_12031	7.07E-02	2.05E-02	2.58E-01	-9.69E-02	8.56E-02	6.58E-02	bad-chisq
group_11809	7.74E-02	4.36E-01	4.55E-01	5.90E-02	7.89E-02	4.35E-02	
group_11383	7.41E-02	1.75E-02	9.57E-01	-1.46E-02	2.70E-01	3.15E-03	bad-chisq
group_11307	7.41E-02	6.99E-02	7.55E-01	-2.73E-02	8.75E-02	1.82E-02	bad-chisq
group_10858	7.74E-02	5.98E-02	7.92E-01	-2.15E-02	8.16E-02	1.53E-02	bad-chisq
group_10564	7.74E-02	1.50E-02	1.41E-01	-1.32E-01	8.93E-02	8.56E-02	bad-chisq
group_10127	7.74E-02	4.36E-01	4.55E-01	5.90E-02	7.89E-02	4.35E-02	
group_9676	7.74E-02	1.50E-02	2.52E-01	-8.64E-02	7.53E-02	6.67E-02	bad-chisq
group_9575	7.74E-02	1.50E-02	1.41E-01	-1.32E-01	8.93E-02	8.56E-02	bad-chisq
group_9430	7.07E-02	2.05E-02	9.41E-01	-2.12E-02	2.86E-01	4.31E-03	bad-chisq
group_8695	7.74E-02	1.83E-01	7.49E-01	2.52E-02	7.89E-02	1.86E-02	
efeB	7.74E-02	1.83E-01	7.49E-01	2.52E-02	7.89E-02	1.86E-02	
group_8228	7.41E-02	9.01E-01	1.91E-01	9.47E-02	7.23E-02	7.60E-02	
group_8005	7.74E-02	1.83E-01	7.49E-01	2.52E-02	7.89E-02	1.86E-02	
group_7789	7.74E-02	1.50E-02	2.07E-01	-1.12E-01	8.84E-02	7.35E-02	bad-chisq
group_7473	7.74E-02	1.50E-02	2.54E-01	-1.09E-01	9.57E-02	6.64E-02	bad-chisq
group_7242	7.74E-02	1.50E-02	2.52E-01	-8.64E-02	7.53E-02	6.67E-02	bad-chisq
group_7141	7.74E-02	1.83E-01	7.49E-01	2.52E-02	7.89E-02	1.86E-02	
group_7140	7.74E-02	1.83E-01	7.49E-01	2.52E-02	7.89E-02	1.86E-02	
nlhH	7.74E-02	5.98E-02	8.72E-01	-2.04E-02	1.26E-01	9.42E-03	bad-chisq
group_6876	7.74E-02	5.98E-02	9.55E-01	-7.65E-03	1.36E-01	3.27E-03	bad-chisq
group_6753	7.74E-02	4.36E-01	4.55E-01	5.90E-02	7.89E-02	4.35E-02	
group_6434	7.74E-02	4.36E-01	4.55E-01	5.90E-02	7.89E-02	4.35E-02	
group_6358	7.74E-02	1.83E-01	7.49E-01	2.52E-02	7.89E-02	1.86E-02	
group_6178	7.74E-02	4.36E-01	4.55E-01	5.90E-02	7.89E-02	4.35E-02	
group_5874	7.74E-02	1.50E-02	2.54E-01	-1.09E-01	9.57E-02	6.64E-02	bad-chisq
frmA	7.74E-02	1.83E-01	7.49E-01	2.52E-02	7.89E-02	1.86E-02	
gloA	7.74E-02	1.83E-01	7.49E-01	2.52E-02	7.89E-02	1.86E-02	
group_5275	7.74E-02	4.36E-01	4.55E-01	5.90E-02	7.89E-02	4.35E-02	
group_5183	7.74E-02	1.50E-02	1.86E-01	-1.04E-01	7.85E-02	7.69E-02	bad-chisq
group_4788	7.74E-02	1.83E-01	7.49E-01	2.52E-02	7.89E-02	1.86E-02	
group_4557	7.74E-02	4.36E-01	4.53E-01	6.76E-02	8.99E-02	4.37E-02	
fdhA	7.74E-02	1.83E-01	7.49E-01	2.52E-02	7.89E-02	1.86E-02	
group_4395	7.74E-02	1.50E-02	2.07E-01	-1.12E-01	8.84E-02	7.35E-02	bad-chisq
group_3867	7.74E-02	4.36E-01	4.55E-01	5.90E-02	7.89E-02	4.35E-02	
group_3824	7.74E-02	4.36E-01	4.55E-01	5.90E-02	7.89E-02	4.35E-02	
group_3823	7.74E-02	4.36E-01	4.55E-01	5.90E-02	7.89E-02	4.35E-02	
group_3808	7.74E-02	1.83E-01	7.49E-01	2.52E-02	7.89E-02	1.86E-02	
rarA	7.74E-02	1.83E-01	7.49E-01	2.52E-02	7.89E-02	1.86E-02	
group_3762	7.74E-02	4.36E-01	4.55E-01	5.90E-02	7.89E-02	4.35E-02	
group_3708	7.74E-02	4.36E-01	4.55E-01	5.90E-02	7.89E-02	4.35E-02	
group_3593	7.74E-02	1.50E-02	2.54E-01	-1.09E-01	9.57E-02	6.64E-02	bad-chisq
group_3539	7.74E-02	4.36E-01	4.55E-01	5.90E-02	7.89E-02	4.35E-02	
group_3463	7.74E-02	1.50E-02	2.07E-01	-1.12E-01	8.84E-02	7.35E-02	bad-chisq
group_3250	7.74E-02	1.50E-02	1.41E-01	-1.32E-01	8.93E-02	8.56E-02	bad-chisq
group_2599	7.74E-02	4.36E-01	4.55E-01	5.90E-02	7.89E-02	4.35E-02	
group_2368	7.74E-02	1.50E-02	2.54E-01	-1.09E-01	9.57E-02	6.64E-02	bad-chisq
group_2361	7.74E-02	1.50E-02	1.85E-01	-1.22E-01	9.17E-02	7.71E-02	bad-chisq
group_2239	7.74E-02	4.36E-01	4.55E-01	5.90E-02	7.89E-02	4.35E-02	
group_1672	7.74E-02	4.36E-01	4.55E-01	5.90E-02	7.89E-02	4.35E-02	
group_1333	7.74E-02	1.50E-02	2.54E-01	-1.09E-01	9.57E-02	6.64E-02	bad-chisq
group_1218	7.74E-02	4.36E-01	4.55E-01	5.90E-02	7.89E-02	4.35E-02	
group_23983	7.41E-02	1.75E-02	2.77E-01	-1.05E-01	9.64E-02	6.33E-02	bad-chisq
group_23958	7.41E-02	4.92E-01	3.95E-01	6.84E-02	8.03E-02	4.96E-02	
group_23927	7.41E-02	4.92E-01	3.95E-01	6.84E-02	8.03E-02	4.96E-02	
group_23836	7.41E-02	1.75E-02	2.77E-01	-1.05E-01	9.64E-02	6.33E-02	bad-chisq
group_23650	7.41E-02	2.11E-01	9.37E-01	6.69E-03	8.47E-02	4.60E-03	
group_23529	7.41E-02	4.92E-01	3.95E-01	6.84E-02	8.03E-02	4.96E-02	
group_22439	7.41E-02	4.92E-01	3.95E-01	6.84E-02	8.03E-02	4.96E-02	
group_22092	7.41E-02	4.92E-01	3.95E-01	6.84E-02	8.03E-02	4.96E-02	
group_22052	7.41E-02	4.92E-01	3.95E-01	6.84E-02	8.03E-02	4.96E-02	
group_21181	7.41E-02	1.18E-01	4.55E-03	2.39E-01	8.37E-02	1.64E-01	
tnp~~~orfB	7.41E-02	2.11E-01	8.89E-01	-1.16E-02	8.29E-02	8.15E-03	
group_21058	7.07E-02	2.43E-01	9.71E-01	2.89E-03	7.87E-02	2.14E-03	
group_20600	7.41E-02	4.92E-01	3.95E-01	6.84E-02	8.03E-02	4.96E-02	
group_20590	7.07E-02	2.05E-02	1.13E-01	-1.27E-01	8.00E-02	9.22E-02	bad-chisq
group_20580	7.07E-02	2.05E-02	9.68E-01	-7.93E-03	1.96E-01	2.36E-03	bad-chisq
group_20443	7.07E-02	2.43E-01	9.71E-01	-2.92E-03	8.15E-02	2.09E-03	
group_20438	7.41E-02	1.75E-02	9.62E-01	-1.20E-02	2.48E-01	2.81E-03	bad-chisq
group_20319	7.07E-02	8.15E-02	6.07E-01	-4.51E-02	8.74E-02	3.00E-02	bad-chisq
group_20241	7.41E-02	1.75E-02	9.62E-01	-1.20E-02	2.48E-01	2.81E-03	bad-chisq
group_20240	7.41E-02	1.75E-02	9.62E-01	-1.20E-02	2.48E-01	2.81E-03	bad-chisq
group_20238	7.41E-02	1.75E-02	9.62E-01	-1.20E-02	2.48E-01	2.81E-03	bad-chisq
trbE~~~virB4	7.41E-02	3.17E-01	1.68E-02	2.01E-01	8.36E-02	1.39E-01	
group_19978	6.73E-02	2.40E-02	9.47E-01	-1.73E-02	2.59E-01	3.90E-03	bad-chisq
group_19977	6.73E-02	2.40E-02	9.47E-01	-1.73E-02	2.59E-01	3.90E-03	bad-chisq
group_19976	6.73E-02	2.40E-02	9.47E-01	-1.73E-02	2.59E-01	3.90E-03	bad-chisq
nicC	7.41E-02	1.75E-02	9.62E-01	-1.20E-02	2.48E-01	2.81E-03	bad-chisq
group_19942	7.41E-02	1.75E-02	9.62E-01	-1.20E-02	2.48E-01	2.81E-03	bad-chisq
group_19796	7.41E-02	1.75E-02	2.22E-01	-9.97E-02	8.14E-02	7.11E-02	bad-chisq
group_19653	7.41E-02	1.75E-02	1.56E-01	-1.09E-01	7.68E-02	8.25E-02	bad-chisq
group_19533	7.41E-02	4.92E-01	3.95E-01	6.84E-02	8.03E-02	4.96E-02	
group_19496	7.41E-02	1.75E-02	1.85E-01	-1.01E-01	7.63E-02	7.70E-02	bad-chisq
group_19399	6.73E-02	2.40E-02	9.47E-01	-1.73E-02	2.59E-01	3.90E-03	bad-chisq
group_19318	7.41E-02	1.75E-02	9.62E-01	-1.20E-02	2.48E-01	2.81E-03	bad-chisq
nicR	7.41E-02	1.75E-02	9.62E-01	-1.20E-02	2.48E-01	2.81E-03	bad-chisq
group_19184	7.41E-02	1.75E-02	1.84E-01	-1.10E-01	8.27E-02	7.74E-02	bad-chisq
group_19125	7.41E-02	9.01E-01	4.70E-01	5.79E-02	8.00E-02	4.21E-02	
araJ~~~farB	7.07E-02	2.05E-02	9.58E-01	-1.48E-02	2.83E-01	3.04E-03	bad-chisq
group_19089	7.07E-02	2.05E-02	9.58E-01	-1.48E-02	2.83E-01	3.04E-03	bad-chisq
group_19085	7.07E-02	2.05E-02	9.58E-01	-1.48E-02	2.83E-01	3.04E-03	bad-chisq
group_18954	6.73E-02	2.40E-02	1.76E-01	-1.27E-01	9.40E-02	7.86E-02	bad-chisq
cobW~~~yciC~~~yjiA	7.07E-02	2.05E-02	9.58E-01	-1.48E-02	2.83E-01	3.04E-03	bad-chisq
group_18458	6.73E-02	2.40E-02	9.38E-01	-2.21E-02	2.83E-01	4.54E-03	bad-chisq
group_18333	7.07E-02	2.05E-02	9.58E-01	-1.48E-02	2.83E-01	3.04E-03	bad-chisq
group_18320	7.07E-02	2.05E-02	9.55E-01	-1.50E-02	2.66E-01	3.30E-03	bad-chisq
group_18159	7.07E-02	2.05E-02	9.58E-01	-1.48E-02	2.83E-01	3.04E-03	bad-chisq
group_16759	7.41E-02	4.92E-01	1.85E-01	1.30E-01	9.76E-02	7.71E-02	
group_16703	7.41E-02	4.92E-01	3.95E-01	6.84E-02	8.03E-02	4.96E-02	
group_16252	7.41E-02	2.11E-01	8.70E-01	1.57E-02	9.59E-02	9.53E-03	
group_16138	7.41E-02	4.92E-01	3.95E-01	6.84E-02	8.03E-02	4.96E-02	
yjdF	7.07E-02	2.05E-02	9.46E-01	-1.83E-02	2.70E-01	3.95E-03	bad-chisq
group_15682	7.07E-02	2.05E-02	9.58E-01	-1.48E-02	2.83E-01	3.04E-03	bad-chisq
group_15639	7.07E-02	2.05E-02	9.58E-01	-1.48E-02	2.83E-01	3.04E-03	bad-chisq
group_15568	7.07E-02	2.05E-02	9.58E-01	-1.48E-02	2.83E-01	3.04E-03	bad-chisq
group_15482	7.07E-02	2.05E-02	9.58E-01	-1.48E-02	2.83E-01	3.04E-03	bad-chisq
group_15377	7.07E-02	2.05E-02	9.58E-01	-1.48E-02	2.83E-01	3.04E-03	bad-chisq
group_15335	7.07E-02	2.05E-02	9.58E-01	-1.48E-02	2.83E-01	3.04E-03	bad-chisq
livK~~~amiR	7.07E-02	2.05E-02	9.58E-01	-1.48E-02	2.83E-01	3.04E-03	bad-chisq
group_15198	7.07E-02	2.05E-02	9.58E-01	-1.48E-02	2.83E-01	3.04E-03	bad-chisq
group_15092	7.07E-02	2.05E-02	9.59E-01	-1.10E-02	2.11E-01	3.02E-03	bad-chisq
group_15062	7.07E-02	2.05E-02	9.58E-01	-1.48E-02	2.83E-01	3.04E-03	bad-chisq
group_14993	7.07E-02	2.05E-02	9.58E-01	-1.48E-02	2.83E-01	3.04E-03	bad-chisq
group_14956	7.07E-02	2.05E-02	9.59E-01	-1.10E-02	2.11E-01	3.02E-03	bad-chisq
group_14917	7.07E-02	2.05E-02	9.58E-01	-1.48E-02	2.83E-01	3.04E-03	bad-chisq
group_14778	7.07E-02	2.05E-02	9.59E-01	-1.10E-02	2.11E-01	3.02E-03	bad-chisq
fliD	7.07E-02	2.05E-02	9.70E-01	-7.36E-03	1.98E-01	2.16E-03	bad-chisq
group_14725	7.07E-02	2.05E-02	9.58E-01	-1.48E-02	2.83E-01	3.04E-03	bad-chisq
group_14471	7.07E-02	2.05E-02	9.58E-01	-1.48E-02	2.83E-01	3.04E-03	bad-chisq
group_14329	7.07E-02	2.05E-02	3.05E-01	-8.51E-02	8.28E-02	5.98E-02	bad-chisq
group_14117	7.41E-02	9.01E-01	1.62E-01	1.12E-01	8.00E-02	8.14E-02	
group_14075	7.07E-02	2.05E-02	3.05E-01	-8.51E-02	8.28E-02	5.98E-02	bad-chisq
group_14035	7.07E-02	2.05E-02	3.05E-01	-8.51E-02	8.28E-02	5.98E-02	bad-chisq
group_13974	7.41E-02	4.92E-01	3.95E-01	6.84E-02	8.03E-02	4.96E-02	
group_13659	7.07E-02	2.05E-02	3.05E-01	-8.51E-02	8.28E-02	5.98E-02	bad-chisq
group_13580	7.07E-02	2.05E-02	3.05E-01	-8.51E-02	8.28E-02	5.98E-02	bad-chisq
group_13526	7.07E-02	2.05E-02	3.05E-01	-8.51E-02	8.28E-02	5.98E-02	bad-chisq
group_13418	7.41E-02	4.92E-01	3.95E-01	6.84E-02	8.03E-02	4.96E-02	
group_13127	7.41E-02	4.92E-01	3.95E-01	6.84E-02	8.03E-02	4.96E-02	
group_13011	7.07E-02	2.05E-02	3.05E-01	-8.51E-02	8.28E-02	5.98E-02	bad-chisq
group_12982	7.41E-02	6.99E-02	6.43E-01	-3.84E-02	8.28E-02	2.70E-02	bad-chisq
group_12929	7.07E-02	2.05E-02	3.05E-01	-8.51E-02	8.28E-02	5.98E-02	bad-chisq
group_12619	7.41E-02	4.92E-01	3.95E-01	6.84E-02	8.03E-02	4.96E-02	
group_12330	7.41E-02	4.92E-01	3.95E-01	6.84E-02	8.03E-02	4.96E-02	
group_12274	7.07E-02	2.05E-02	3.05E-01	-8.51E-02	8.28E-02	5.98E-02	bad-chisq
group_12249	7.41E-02	6.99E-02	6.42E-01	-3.73E-02	8.03E-02	2.71E-02	bad-chisq
group_12189	7.07E-02	2.05E-02	3.05E-01	-8.51E-02	8.28E-02	5.98E-02	bad-chisq
group_12188	7.07E-02	2.05E-02	3.05E-01	-8.51E-02	8.28E-02	5.98E-02	bad-chisq
group_12179	7.07E-02	2.05E-02	9.68E-01	-7.93E-03	1.97E-01	2.35E-03	bad-chisq
group_11464	6.73E-02	2.40E-02	1.76E-01	-1.27E-01	9.40E-02	7.86E-02	bad-chisq
pucR	7.41E-02	6.99E-02	7.65E-01	-3.35E-02	1.12E-01	1.74E-02	bad-chisq
group_11313	7.07E-02	2.05E-02	3.05E-01	-8.51E-02	8.28E-02	5.98E-02	bad-chisq
group_11312	7.07E-02	2.05E-02	3.05E-01	-8.51E-02	8.28E-02	5.98E-02	bad-chisq
group_11219	7.41E-02	3.17E-01	3.72E-02	1.64E-01	7.86E-02	1.21E-01	
group_11191	7.07E-02	2.05E-02	3.05E-01	-8.51E-02	8.28E-02	5.98E-02	bad-chisq
group_11189	7.07E-02	2.05E-02	3.05E-01	-8.51E-02	8.28E-02	5.98E-02	bad-chisq
lacI~~~tctC	6.73E-02	2.40E-02	9.60E-01	-1.07E-02	2.14E-01	2.92E-03	bad-chisq
group_10555	7.07E-02	2.43E-01	7.21E-01	2.88E-02	8.05E-02	2.08E-02	
group_10434	7.41E-02	6.99E-02	7.65E-01	-3.35E-02	1.12E-01	1.74E-02	bad-chisq
group_9825	7.07E-02	2.05E-02	3.05E-01	-8.51E-02	8.28E-02	5.98E-02	bad-chisq
group_9824	7.07E-02	2.05E-02	3.05E-01	-8.51E-02	8.28E-02	5.98E-02	bad-chisq
group_9818	7.41E-02	6.99E-02	7.55E-01	-2.73E-02	8.75E-02	1.82E-02	bad-chisq
group_9602	7.07E-02	2.05E-02	3.05E-01	-8.51E-02	8.28E-02	5.98E-02	bad-chisq
group_9115	7.41E-02	6.99E-02	8.36E-01	-1.71E-02	8.26E-02	1.21E-02	bad-chisq
group_8768	7.41E-02	1.75E-02	1.67E-01	-1.11E-01	8.04E-02	8.04E-02	bad-chisq
group_8394	7.41E-02	4.92E-01	3.95E-01	6.84E-02	8.03E-02	4.96E-02	
araC~~~yedL	7.41E-02	6.99E-02	6.38E-01	-3.87E-02	8.23E-02	2.74E-02	bad-chisq
group_7779	7.41E-02	6.99E-02	9.94E-01	1.01E-03	1.32E-01	4.45E-04	bad-chisq
group_7485	7.07E-02	2.05E-02	3.05E-01	-8.51E-02	8.28E-02	5.98E-02	bad-chisq
group_7475	7.41E-02	6.99E-02	7.55E-01	-2.73E-02	8.75E-02	1.82E-02	bad-chisq
group_7331	7.41E-02	6.99E-02	6.38E-01	-3.87E-02	8.23E-02	2.74E-02	bad-chisq
group_6383	7.41E-02	4.92E-01	3.95E-01	6.84E-02	8.03E-02	4.96E-02	
group_6221	7.41E-02	4.92E-01	3.95E-01	6.84E-02	8.03E-02	4.96E-02	
group_4851	7.41E-02	6.99E-02	6.38E-01	-3.87E-02	8.23E-02	2.74E-02	bad-chisq
group_4803	7.07E-02	2.05E-02	9.64E-01	-1.13E-02	2.48E-01	2.65E-03	bad-chisq
group_4771	7.41E-02	4.92E-01	3.95E-01	6.84E-02	8.03E-02	4.96E-02	
group_4709	7.07E-02	8.15E-02	9.18E-01	-1.16E-02	1.12E-01	5.99E-03	bad-chisq
group_4647	7.41E-02	4.92E-01	3.95E-01	6.84E-02	8.03E-02	4.96E-02	
group_4499	7.41E-02	1.75E-02	1.81E-01	-1.18E-01	8.83E-02	7.78E-02	bad-chisq
group_4377	7.41E-02	6.99E-02	9.94E-01	1.01E-03	1.32E-01	4.45E-04	bad-chisq
group_4196	7.41E-02	4.92E-01	3.95E-01	6.84E-02	8.03E-02	4.96E-02	
group_4108	7.41E-02	1.75E-02	2.77E-01	-1.05E-01	9.64E-02	6.33E-02	bad-chisq
group_4104	7.41E-02	6.99E-02	7.37E-01	-2.73E-02	8.12E-02	1.96E-02	bad-chisq
group_3997	7.41E-02	4.92E-01	3.95E-01	6.84E-02	8.03E-02	4.96E-02	
group_3643	7.41E-02	1.75E-02	2.77E-01	-1.05E-01	9.64E-02	6.33E-02	bad-chisq
group_3563	7.41E-02	6.99E-02	9.81E-01	3.29E-03	1.36E-01	1.41E-03	bad-chisq
group_3541	7.41E-02	4.92E-01	3.95E-01	6.84E-02	8.03E-02	4.96E-02	
group_3524	7.41E-02	6.99E-02	9.81E-01	3.29E-03	1.36E-01	1.41E-03	bad-chisq
group_3347	7.41E-02	6.99E-02	9.81E-01	3.29E-03	1.36E-01	1.41E-03	bad-chisq
group_3139	7.41E-02	1.75E-02	1.81E-01	-1.18E-01	8.83E-02	7.78E-02	bad-chisq
group_3021	7.41E-02	4.92E-01	3.95E-01	6.84E-02	8.03E-02	4.96E-02	
group_2997	7.41E-02	6.99E-02	6.38E-01	-3.87E-02	8.23E-02	2.74E-02	bad-chisq
group_2996	7.41E-02	6.99E-02	6.38E-01	-3.87E-02	8.23E-02	2.74E-02	bad-chisq
menE	7.41E-02	4.92E-01	3.95E-01	6.84E-02	8.03E-02	4.96E-02	
group_2540	7.07E-02	2.05E-02	3.05E-01	-8.51E-02	8.28E-02	5.98E-02	bad-chisq
group_1988	7.41E-02	6.99E-02	9.81E-01	3.29E-03	1.36E-01	1.41E-03	bad-chisq
spo0J	7.41E-02	4.92E-01	3.95E-01	6.84E-02	8.03E-02	4.96E-02	
rhtB	7.41E-02	1.75E-02	2.77E-01	-1.05E-01	9.64E-02	6.33E-02	bad-chisq
group_889	7.41E-02	2.11E-01	9.53E-01	4.76E-03	8.10E-02	3.42E-03	
parB	7.41E-02	4.92E-01	3.95E-01	6.84E-02	8.03E-02	4.96E-02	
group_478	7.41E-02	6.99E-02	9.81E-01	3.29E-03	1.36E-01	1.41E-03	bad-chisq
group_166	7.41E-02	1.75E-02	2.77E-01	-1.05E-01	9.64E-02	6.33E-02	bad-chisq
group_130	7.41E-02	4.92E-01	3.95E-01	6.84E-02	8.03E-02	4.96E-02	
group_24321	7.07E-02	2.05E-02	2.96E-01	-1.02E-01	9.72E-02	6.08E-02	bad-chisq
group_23869	7.07E-02	2.43E-01	6.97E-01	3.54E-02	9.09E-02	2.26E-02	
group_23344	6.73E-02	2.80E-01	8.52E-01	-1.86E-02	1.00E-01	1.08E-02	
group_21179	7.07E-02	2.43E-01	6.85E-01	3.67E-02	9.03E-02	2.37E-02	
group_21142	6.73E-02	2.40E-02	4.58E-01	-6.73E-02	9.06E-02	4.32E-02	bad-chisq
group_21104	7.07E-02	8.15E-02	5.78E-01	-4.31E-02	7.74E-02	3.24E-02	bad-chisq
group_20647	6.73E-02	2.40E-02	9.30E-01	-3.24E-02	3.67E-01	5.14E-03	bad-chisq
group_20519	6.73E-02	2.40E-02	9.30E-01	-3.24E-02	3.67E-01	5.14E-03	bad-chisq
group_20518	6.73E-02	2.40E-02	9.30E-01	-3.24E-02	3.67E-01	5.14E-03	bad-chisq
group_20517	6.73E-02	2.40E-02	9.30E-01	-3.24E-02	3.67E-01	5.14E-03	bad-chisq
group_20479	6.73E-02	2.40E-02	9.30E-01	-3.24E-02	3.67E-01	5.14E-03	bad-chisq
group_20475	6.73E-02	2.40E-02	9.30E-01	-3.24E-02	3.67E-01	5.14E-03	bad-chisq
group_20357	6.73E-02	2.40E-02	9.30E-01	-3.24E-02	3.67E-01	5.14E-03	bad-chisq
nfxB	6.73E-02	2.40E-02	9.30E-01	-3.24E-02	3.67E-01	5.14E-03	bad-chisq
group_20299	6.73E-02	2.40E-02	9.30E-01	-3.24E-02	3.67E-01	5.14E-03	bad-chisq
group_20288	6.73E-02	2.40E-02	9.30E-01	-3.24E-02	3.67E-01	5.14E-03	bad-chisq
acrA~~~mexC	6.73E-02	2.40E-02	9.30E-01	-3.24E-02	3.67E-01	5.14E-03	bad-chisq
group_20131	6.73E-02	2.40E-02	9.30E-01	-3.24E-02	3.67E-01	5.14E-03	bad-chisq
oprJ~~~oprM	6.73E-02	2.40E-02	9.30E-01	-3.24E-02	3.67E-01	5.14E-03	bad-chisq
group_20119	6.73E-02	2.40E-02	9.30E-01	-3.24E-02	3.67E-01	5.14E-03	bad-chisq
group_20049	6.73E-02	2.40E-02	2.22E-01	-9.74E-02	7.96E-02	7.10E-02	bad-chisq
group_20012	7.07E-02	2.58E-01	6.62E-03	2.20E-01	8.06E-02	1.57E-01	
group_19907	6.73E-02	9.52E-02	8.84E-01	-1.17E-02	8.05E-02	8.48E-03	bad-chisq
group_19832	7.07E-02	2.05E-02	9.69E-01	-8.58E-03	2.24E-01	2.23E-03	bad-chisq
group_19542	7.07E-02	2.05E-02	2.85E-01	-9.23E-02	8.63E-02	6.22E-02	bad-chisq
group_19528	7.07E-02	2.05E-02	2.53E-01	-8.96E-02	7.81E-02	6.66E-02	bad-chisq
group_19499	6.73E-02	2.40E-02	9.60E-01	-1.27E-02	2.56E-01	2.89E-03	bad-chisq
group_19498	6.73E-02	2.40E-02	2.48E-01	-9.24E-02	7.99E-02	6.72E-02	bad-chisq
trpC~~~oprM~~~tolC	6.73E-02	2.40E-02	9.67E-01	-9.42E-03	2.31E-01	2.38E-03	bad-chisq
group_19098	6.73E-02	2.40E-02	9.67E-01	-9.42E-03	2.31E-01	2.38E-03	bad-chisq
group_19065	6.73E-02	2.40E-02	9.30E-01	-3.24E-02	3.67E-01	5.14E-03	bad-chisq
group_19060	6.73E-02	2.40E-02	9.30E-01	-3.24E-02	3.67E-01	5.14E-03	bad-chisq
dppD~~~gsiA	6.73E-02	2.40E-02	9.30E-01	-3.24E-02	3.67E-01	5.14E-03	bad-chisq
group_19043	6.73E-02	2.40E-02	9.30E-01	-3.24E-02	3.67E-01	5.14E-03	bad-chisq
group_18727	6.73E-02	2.40E-02	9.30E-01	-3.24E-02	3.67E-01	5.14E-03	bad-chisq
group_18559	6.73E-02	2.40E-02	9.60E-01	-1.27E-02	2.56E-01	2.89E-03	bad-chisq
group_17469	6.73E-02	2.40E-02	9.30E-01	-3.24E-02	3.67E-01	5.14E-03	bad-chisq
group_17102	6.73E-02	2.40E-02	9.30E-01	-3.24E-02	3.67E-01	5.14E-03	bad-chisq
group_17084	6.40E-02	1.11E-01	7.75E-01	-2.66E-02	9.31E-02	1.66E-02	bad-chisq
group_17001	7.07E-02	8.78E-02	5.24E-03	2.30E-01	8.19E-02	1.62E-01	
group_16610	6.73E-02	2.40E-02	9.65E-01	-1.12E-02	2.55E-01	2.55E-03	bad-chisq
group_16442	7.07E-02	2.05E-02	4.58E-01	-8.48E-02	1.14E-01	4.33E-02	bad-chisq
group_16047	6.73E-02	2.40E-02	9.65E-01	-1.12E-02	2.55E-01	2.55E-03	bad-chisq
group_16039	6.73E-02	2.40E-02	9.65E-01	-1.12E-02	2.55E-01	2.55E-03	bad-chisq
group_16032	6.73E-02	2.40E-02	9.65E-01	-1.12E-02	2.55E-01	2.55E-03	bad-chisq
group_16020	6.73E-02	2.40E-02	9.65E-01	-1.12E-02	2.55E-01	2.55E-03	bad-chisq
pilF	6.73E-02	2.40E-02	9.30E-01	-3.24E-02	3.67E-01	5.14E-03	bad-chisq
group_15647	6.73E-02	2.40E-02	9.30E-01	-3.24E-02	3.67E-01	5.14E-03	bad-chisq
group_14773	6.73E-02	2.40E-02	9.58E-01	-1.34E-02	2.51E-01	3.10E-03	bad-chisq
group_14550	7.07E-02	2.43E-01	6.97E-01	3.54E-02	9.09E-02	2.26E-02	
group_14527	6.73E-02	2.40E-02	9.58E-01	-1.34E-02	2.51E-01	3.10E-03	bad-chisq
linX	6.73E-02	2.80E-01	7.42E-01	3.25E-02	9.87E-02	1.91E-02	
group_14263	6.73E-02	2.80E-01	7.42E-01	3.25E-02	9.87E-02	1.91E-02	
group_13962	6.73E-02	2.40E-02	9.65E-01	-1.12E-02	2.55E-01	2.55E-03	bad-chisq
group_13948	7.07E-02	2.43E-01	6.97E-01	3.54E-02	9.09E-02	2.26E-02	
group_13941	6.73E-02	2.80E-01	7.42E-01	3.25E-02	9.87E-02	1.91E-02	
group_13554	6.73E-02	2.80E-01	7.42E-01	3.25E-02	9.87E-02	1.91E-02	
group_13428	6.73E-02	2.40E-02	9.65E-01	-1.12E-02	2.55E-01	2.55E-03	bad-chisq
group_13427	6.73E-02	2.40E-02	9.65E-01	-1.12E-02	2.55E-01	2.55E-03	bad-chisq
group_13403	6.73E-02	2.80E-01	7.42E-01	3.25E-02	9.87E-02	1.91E-02	
group_13280	7.07E-02	2.43E-01	6.88E-01	3.74E-02	9.30E-02	2.34E-02	
group_13191	6.73E-02	2.40E-02	9.30E-01	-3.24E-02	3.67E-01	5.14E-03	bad-chisq
group_12978	7.07E-02	2.43E-01	6.97E-01	3.54E-02	9.09E-02	2.26E-02	
group_12814	6.73E-02	2.40E-02	9.65E-01	-1.12E-02	2.55E-01	2.55E-03	bad-chisq
group_12813	6.73E-02	2.40E-02	9.65E-01	-1.12E-02	2.55E-01	2.55E-03	bad-chisq
group_12775	6.73E-02	2.80E-01	7.42E-01	3.25E-02	9.87E-02	1.91E-02	
ribD	7.07E-02	2.43E-01	6.88E-01	3.74E-02	9.30E-02	2.34E-02	
group_12479	6.73E-02	2.40E-02	9.30E-01	-3.24E-02	3.67E-01	5.14E-03	bad-chisq
group_12235	6.73E-02	2.80E-01	8.52E-01	-1.86E-02	1.00E-01	1.08E-02	
group_12037	6.73E-02	2.40E-02	9.65E-01	-1.12E-02	2.55E-01	2.55E-03	bad-chisq
group_12036	6.73E-02	2.40E-02	9.65E-01	-1.12E-02	2.55E-01	2.55E-03	bad-chisq
group_11987	6.73E-02	2.80E-01	7.42E-01	3.25E-02	9.87E-02	1.91E-02	
group_11789	7.07E-02	2.43E-01	6.88E-01	3.74E-02	9.30E-02	2.34E-02	
group_11431	6.73E-02	2.80E-01	8.52E-01	-1.86E-02	1.00E-01	1.08E-02	
group_11140	6.40E-02	3.21E-01	5.25E-01	6.15E-02	9.66E-02	3.70E-02	
group_11138	6.40E-02	3.21E-01	5.25E-01	6.15E-02	9.66E-02	3.70E-02	
group_10962	6.73E-02	2.40E-02	9.65E-01	-1.12E-02	2.55E-01	2.55E-03	bad-chisq
group_10961	6.73E-02	2.40E-02	9.65E-01	-1.12E-02	2.55E-01	2.55E-03	bad-chisq
group_10890	6.73E-02	2.80E-01	7.42E-01	3.25E-02	9.87E-02	1.91E-02	
group_10889	6.73E-02	2.80E-01	7.42E-01	3.25E-02	9.87E-02	1.91E-02	
group_10873	6.73E-02	2.80E-01	7.42E-01	3.25E-02	9.87E-02	1.91E-02	
group_10823	7.07E-02	8.15E-02	2.44E-01	-1.19E-01	1.02E-01	6.78E-02	bad-chisq
group_10683	7.07E-02	2.58E-01	6.69E-02	1.59E-01	8.66E-02	1.06E-01	
group_10432	7.07E-02	2.43E-01	7.63E-01	2.77E-02	9.20E-02	1.76E-02	
group_10106	6.73E-02	2.80E-01	8.52E-01	-1.86E-02	1.00E-01	1.08E-02	
group_10038	6.73E-02	2.80E-01	8.52E-01	-1.86E-02	1.00E-01	1.08E-02	
group_9966	7.07E-02	8.15E-02	8.55E-01	-1.51E-02	8.23E-02	1.07E-02	bad-chisq
group_9724	7.07E-02	2.25E-02	1.23E-03	2.73E-01	8.38E-02	1.87E-01	
group_9529	6.40E-02	3.21E-01	5.25E-01	6.15E-02	9.66E-02	3.70E-02	
group_9261	6.73E-02	2.40E-02	9.65E-01	-1.12E-02	2.55E-01	2.55E-03	bad-chisq
group_9260	6.73E-02	2.40E-02	9.65E-01	-1.12E-02	2.55E-01	2.55E-03	bad-chisq
group_9164	6.73E-02	2.80E-01	7.42E-01	3.25E-02	9.87E-02	1.91E-02	
group_9163	6.73E-02	2.80E-01	7.42E-01	3.25E-02	9.87E-02	1.91E-02	
group_9139	6.73E-02	2.80E-01	7.42E-01	3.25E-02	9.87E-02	1.91E-02	
group_8244	7.07E-02	2.05E-02	4.18E-01	-1.03E-01	1.27E-01	4.72E-02	bad-chisq
hcaR	7.07E-02	2.05E-02	4.18E-01	-1.03E-01	1.27E-01	4.72E-02	bad-chisq
group_8127	6.73E-02	2.80E-01	8.52E-01	-1.86E-02	1.00E-01	1.08E-02	
group_8024	6.73E-02	2.80E-01	8.52E-01	-1.86E-02	1.00E-01	1.08E-02	
group_7829	6.73E-02	2.80E-01	8.52E-01	-1.86E-02	1.00E-01	1.08E-02	
group_7417	7.07E-02	2.25E-02	5.47E-04	2.99E-01	8.55E-02	1.99E-01	
group_7328	7.07E-02	2.25E-02	1.23E-03	2.73E-01	8.38E-02	1.87E-01	
group_6826	7.07E-02	8.15E-02	9.55E-01	7.15E-03	1.27E-01	3.28E-03	bad-chisq
group_6645	7.07E-02	2.43E-01	6.97E-01	3.54E-02	9.09E-02	2.26E-02	
group_6552	6.73E-02	2.40E-02	9.65E-01	-1.12E-02	2.55E-01	2.55E-03	bad-chisq
group_6551	6.73E-02	2.40E-02	9.65E-01	-1.12E-02	2.55E-01	2.55E-03	bad-chisq
group_6411	6.73E-02	2.80E-01	7.42E-01	3.25E-02	9.87E-02	1.91E-02	
group_6410	6.73E-02	2.80E-01	7.42E-01	3.25E-02	9.87E-02	1.91E-02	
group_6377	6.73E-02	2.80E-01	7.42E-01	3.25E-02	9.87E-02	1.91E-02	
group_6376	6.73E-02	2.80E-01	7.42E-01	3.25E-02	9.87E-02	1.91E-02	
group_6307	6.73E-02	2.80E-01	8.52E-01	-1.86E-02	1.00E-01	1.08E-02	
group_5944	6.73E-02	2.80E-01	8.52E-01	-1.86E-02	1.00E-01	1.08E-02	
group_5886	7.07E-02	8.15E-02	8.85E-01	-1.78E-02	1.23E-01	8.42E-03	bad-chisq
group_5447	7.07E-02	2.43E-01	6.97E-01	3.54E-02	9.09E-02	2.26E-02	
group_4855	7.07E-02	8.15E-02	7.12E-01	-3.12E-02	8.46E-02	2.15E-02	bad-chisq
group_4852	7.07E-02	8.15E-02	6.82E-01	-3.45E-02	8.39E-02	2.39E-02	bad-chisq
group_4532	6.73E-02	2.80E-01	8.52E-01	-1.86E-02	1.00E-01	1.08E-02	
group_4217	7.07E-02	9.86E-01	2.14E-01	9.84E-02	7.90E-02	7.23E-02	
group_4198	7.07E-02	2.05E-02	2.96E-01	-1.02E-01	9.72E-02	6.08E-02	bad-chisq
group_3797	7.07E-02	8.78E-02	5.07E-02	1.59E-01	8.08E-02	1.13E-01	
group_3472	7.07E-02	2.43E-01	6.97E-01	3.54E-02	9.09E-02	2.26E-02	
group_3435	7.07E-02	8.15E-02	9.55E-01	7.15E-03	1.27E-01	3.28E-03	bad-chisq
group_3132	6.40E-02	2.81E-02	2.53E-01	-1.04E-01	9.11E-02	6.65E-02	bad-chisq
group_2746	7.07E-02	2.43E-01	6.97E-01	3.54E-02	9.09E-02	2.26E-02	
group_2143	7.07E-02	8.15E-02	6.82E-01	-3.45E-02	8.39E-02	2.39E-02	bad-chisq
group_29740	6.73E-02	2.40E-02	5.37E-01	-5.37E-02	8.70E-02	3.59E-02	bad-chisq
group_24092	6.73E-02	9.52E-02	9.31E-01	1.15E-02	1.34E-01	5.01E-03	bad-chisq
group_23551	6.73E-02	9.52E-02	4.39E-01	-6.92E-02	8.93E-02	4.51E-02	bad-chisq
group_22716	6.73E-02	9.52E-02	9.31E-01	1.15E-02	1.34E-01	5.01E-03	bad-chisq
group_22443	6.73E-02	9.52E-02	9.31E-01	1.15E-02	1.34E-01	5.01E-03	bad-chisq
group_21952	6.73E-02	9.52E-02	9.71E-01	4.94E-03	1.34E-01	2.15E-03	bad-chisq
group_21326	6.73E-02	9.52E-02	9.31E-01	1.15E-02	1.34E-01	5.01E-03	bad-chisq
group_21191	6.73E-02	6.30E-02	5.90E-04	3.15E-01	9.06E-02	1.98E-01	
group_21152	6.73E-02	2.40E-02	3.49E-01	-7.89E-02	8.40E-02	5.46E-02	bad-chisq
group_20889	6.40E-02	2.81E-02	9.49E-01	-1.85E-02	2.90E-01	3.70E-03	bad-chisq
group_20886	6.40E-02	2.81E-02	9.49E-01	-1.85E-02	2.90E-01	3.70E-03	bad-chisq
group_20577	6.73E-02	2.40E-02	6.60E-01	-6.30E-02	1.43E-01	2.56E-02	bad-chisq
group_20452	6.40E-02	3.21E-01	7.06E-01	3.35E-02	8.88E-02	2.20E-02	
group_20391	6.40E-02	2.81E-02	9.50E-01	-1.81E-02	2.89E-01	3.65E-03	bad-chisq
group_20390	6.40E-02	2.81E-02	9.50E-01	-1.81E-02	2.89E-01	3.65E-03	bad-chisq
group_20317	6.73E-02	2.40E-02	9.56E-01	-1.67E-02	2.99E-01	3.25E-03	bad-chisq
group_20178	6.73E-02	2.40E-02	9.56E-01	-1.67E-02	2.99E-01	3.25E-03	bad-chisq
group_20177	6.73E-02	2.40E-02	9.56E-01	-1.67E-02	2.99E-01	3.25E-03	bad-chisq
group_20174	6.40E-02	2.81E-02	9.50E-01	-1.81E-02	2.89E-01	3.65E-03	bad-chisq
group_20087	6.40E-02	1.11E-01	8.92E-01	-1.40E-02	1.04E-01	7.89E-03	bad-chisq
group_20079	6.40E-02	1.11E-01	8.92E-01	-1.40E-02	1.04E-01	7.89E-03	bad-chisq
group_20077	6.73E-02	2.40E-02	9.56E-01	-1.67E-02	2.99E-01	3.25E-03	bad-chisq
rnfB	6.40E-02	2.81E-02	9.50E-01	-1.81E-02	2.89E-01	3.65E-03	bad-chisq
group_19850	6.40E-02	2.81E-02	2.12E-01	-1.01E-01	8.10E-02	7.27E-02	bad-chisq
group_19830	6.40E-02	2.81E-02	9.50E-01	-1.81E-02	2.89E-01	3.65E-03	bad-chisq
group_19776	6.40E-02	2.81E-02	9.49E-01	-1.85E-02	2.90E-01	3.70E-03	bad-chisq
group_19768	6.40E-02	2.81E-02	9.68E-01	-8.15E-03	2.01E-01	2.37E-03	bad-chisq
group_19737	6.73E-02	2.40E-02	1.84E-01	-1.56E-01	1.17E-01	7.74E-02	bad-chisq
group_19699	6.40E-02	1.11E-01	8.92E-01	-1.40E-02	1.04E-01	7.89E-03	bad-chisq
group_19688	6.73E-02	6.30E-02	2.16E-03	2.46E-01	7.94E-02	1.77E-01	
group_19627	6.73E-02	9.52E-02	7.64E-01	-2.64E-02	8.80E-02	1.75E-02	bad-chisq
group_19612	6.40E-02	1.11E-01	8.92E-01	-1.40E-02	1.04E-01	7.89E-03	bad-chisq
virB4~~~trbE	6.40E-02	1.11E-01	8.92E-01	-1.40E-02	1.04E-01	7.89E-03	bad-chisq
group_19601	6.73E-02	2.40E-02	3.41E-01	-8.84E-02	9.28E-02	5.54E-02	bad-chisq
group_19598	6.73E-02	2.40E-02	2.06E-01	-1.36E-01	1.08E-01	7.36E-02	bad-chisq
aF2118~~~xRE	6.73E-02	6.30E-02	6.04E-04	2.97E-01	8.55E-02	1.98E-01	
group_19558	6.40E-02	1.11E-01	8.92E-01	-1.40E-02	1.04E-01	7.89E-03	bad-chisq
group_19464	6.40E-02	2.81E-02	9.49E-01	-1.85E-02	2.90E-01	3.70E-03	bad-chisq
group_19224	6.40E-02	3.21E-01	9.60E-01	-4.04E-03	8.01E-02	2.94E-03	
group_19158	6.73E-02	9.52E-02	9.31E-01	1.15E-02	1.34E-01	5.01E-03	bad-chisq
group_19147	6.06E-02	3.29E-02	3.46E-01	-9.14E-02	9.68E-02	5.49E-02	bad-chisq
group_19051	6.40E-02	2.81E-02	9.70E-01	-7.89E-03	2.10E-01	2.19E-03	bad-chisq
group_19042	6.40E-02	2.81E-02	9.51E-01	-1.64E-02	2.67E-01	3.59E-03	bad-chisq
group_19032	6.40E-02	2.81E-02	9.51E-01	-1.64E-02	2.67E-01	3.59E-03	bad-chisq
group_19023	6.40E-02	2.81E-02	9.70E-01	-7.89E-03	2.10E-01	2.19E-03	bad-chisq
group_18918	6.40E-02	2.81E-02	9.51E-01	-1.64E-02	2.67E-01	3.59E-03	bad-chisq
group_18812	6.40E-02	2.81E-02	6.26E-01	-8.77E-02	1.80E-01	2.84E-02	bad-chisq
group_18649	6.73E-02	2.40E-02	2.84E-01	-9.38E-02	8.75E-02	6.23E-02	bad-chisq
group_18522	6.73E-02	2.40E-02	2.84E-01	-9.38E-02	8.75E-02	6.23E-02	bad-chisq
group_18521	6.73E-02	2.40E-02	2.84E-01	-9.38E-02	8.75E-02	6.23E-02	bad-chisq
group_18390	6.73E-02	2.40E-02	2.84E-01	-9.38E-02	8.75E-02	6.23E-02	bad-chisq
group_18389	6.73E-02	2.40E-02	2.84E-01	-9.38E-02	8.75E-02	6.23E-02	bad-chisq
group_18216	6.73E-02	2.40E-02	2.84E-01	-9.38E-02	8.75E-02	6.23E-02	bad-chisq
group_18215	6.73E-02	2.40E-02	2.84E-01	-9.38E-02	8.75E-02	6.23E-02	bad-chisq
group_18000	6.73E-02	2.40E-02	2.84E-01	-9.38E-02	8.75E-02	6.23E-02	bad-chisq
group_17999	6.73E-02	2.40E-02	2.84E-01	-9.38E-02	8.75E-02	6.23E-02	bad-chisq
group_17700	6.73E-02	2.40E-02	2.84E-01	-9.38E-02	8.75E-02	6.23E-02	bad-chisq
group_17699	6.73E-02	2.40E-02	2.84E-01	-9.38E-02	8.75E-02	6.23E-02	bad-chisq
group_17345	6.73E-02	2.40E-02	1.56E-01	-1.72E-01	1.21E-01	8.25E-02	bad-chisq
group_17344	6.73E-02	2.40E-02	1.56E-01	-1.72E-01	1.21E-01	8.25E-02	bad-chisq
group_17292	6.73E-02	2.40E-02	2.84E-01	-9.38E-02	8.75E-02	6.23E-02	bad-chisq
group_17104	6.40E-02	2.81E-02	9.48E-01	-1.89E-02	2.87E-01	3.82E-03	bad-chisq
group_16936	6.73E-02	2.40E-02	3.02E-01	-9.14E-02	8.85E-02	6.01E-02	bad-chisq
dgcP~~~gGDEF	6.06E-02	3.29E-02	9.41E-01	-2.39E-02	3.22E-01	4.32E-03	bad-chisq
group_16671	6.73E-02	2.40E-02	2.84E-01	-9.38E-02	8.75E-02	6.23E-02	bad-chisq
group_16670	6.73E-02	2.40E-02	2.84E-01	-9.38E-02	8.75E-02	6.23E-02	bad-chisq
group_16624	6.73E-02	2.40E-02	2.84E-01	-9.38E-02	8.75E-02	6.23E-02	bad-chisq
group_16623	6.73E-02	2.40E-02	2.84E-01	-9.38E-02	8.75E-02	6.23E-02	bad-chisq
group_16608	6.40E-02	1.11E-01	6.80E-01	4.28E-02	1.04E-01	2.41E-02	bad-chisq
group_16540	6.73E-02	9.52E-02	7.64E-01	-2.64E-02	8.80E-02	1.75E-02	bad-chisq
group_16457	6.73E-02	2.80E-01	9.71E-01	2.94E-03	8.09E-02	2.12E-03	
group_16067	6.73E-02	2.40E-02	3.36E-01	-9.46E-02	9.82E-02	5.60E-02	bad-chisq
lysR~~~cysL	6.40E-02	2.81E-02	9.53E-01	-1.66E-02	2.79E-01	3.46E-03	bad-chisq
group_15095	6.73E-02	9.52E-02	7.95E-01	-2.45E-02	9.42E-02	1.51E-02	bad-chisq
group_15029	6.40E-02	2.81E-02	9.53E-01	-1.66E-02	2.79E-01	3.46E-03	bad-chisq
group_14960	6.73E-02	9.52E-02	7.95E-01	-2.45E-02	9.42E-02	1.51E-02	bad-chisq
group_14886	6.40E-02	2.81E-02	9.52E-01	-1.61E-02	2.66E-01	3.53E-03	bad-chisq
group_14782	6.73E-02	9.52E-02	7.95E-01	-2.45E-02	9.42E-02	1.51E-02	bad-chisq
group_14690	6.40E-02	2.81E-02	9.52E-01	-1.61E-02	2.66E-01	3.53E-03	bad-chisq
group_14536	6.73E-02	9.52E-02	7.95E-01	-2.45E-02	9.42E-02	1.51E-02	bad-chisq
group_14392	6.73E-02	9.24E-01	1.22E-01	1.31E-01	8.43E-02	8.99E-02	
group_14335	6.73E-02	6.30E-02	1.77E-03	2.92E-01	9.26E-02	1.81E-01	
group_14245	6.73E-02	9.52E-02	7.95E-01	-2.45E-02	9.42E-02	1.51E-02	bad-chisq
jmjC	6.73E-02	9.52E-02	9.31E-01	1.15E-02	1.34E-01	5.01E-03	bad-chisq
group_14154	6.40E-02	2.81E-02	9.52E-01	-1.61E-02	2.66E-01	3.53E-03	bad-chisq
group_13916	6.73E-02	9.52E-02	7.95E-01	-2.45E-02	9.42E-02	1.51E-02	bad-chisq
group_13781	6.40E-02	2.81E-02	9.52E-01	-1.61E-02	2.66E-01	3.53E-03	bad-chisq
group_13780	6.40E-02	2.81E-02	9.53E-01	-1.66E-02	2.79E-01	3.46E-03	bad-chisq
group_13483	6.73E-02	2.80E-01	8.72E-01	-1.41E-02	8.77E-02	9.35E-03	
group_13366	6.73E-02	9.52E-02	7.95E-01	-2.45E-02	9.42E-02	1.51E-02	bad-chisq
group_13192	6.40E-02	2.81E-02	9.52E-01	-1.61E-02	2.66E-01	3.53E-03	bad-chisq
group_13012	6.73E-02	2.04E-01	3.75E-02	1.74E-01	8.32E-02	1.21E-01	
group_12726	6.73E-02	9.52E-02	7.95E-01	-2.45E-02	9.42E-02	1.51E-02	bad-chisq
group_12478	6.40E-02	2.81E-02	9.53E-01	-1.66E-02	2.79E-01	3.46E-03	bad-chisq
group_12465	6.73E-02	9.52E-02	6.69E-01	-3.86E-02	9.02E-02	2.49E-02	bad-chisq
group_12276	6.73E-02	2.04E-01	3.75E-02	1.74E-01	8.32E-02	1.21E-01	
group_11926	6.73E-02	9.52E-02	7.95E-01	-2.45E-02	9.42E-02	1.51E-02	bad-chisq
group_11577	6.73E-02	9.52E-02	6.69E-01	-3.86E-02	9.02E-02	2.49E-02	bad-chisq
group_11315	6.73E-02	2.04E-01	3.75E-02	1.74E-01	8.32E-02	1.21E-01	
group_10841	6.73E-02	9.52E-02	7.95E-01	-2.45E-02	9.42E-02	1.51E-02	bad-chisq
group_10806	6.73E-02	9.52E-02	7.95E-01	-2.45E-02	9.42E-02	1.51E-02	bad-chisq
group_10805	6.73E-02	9.52E-02	7.95E-01	-2.45E-02	9.42E-02	1.51E-02	bad-chisq
group_10703	6.73E-02	2.80E-01	7.80E-01	2.49E-02	8.89E-02	1.63E-02	
group_10087	6.73E-02	2.40E-02	4.49E-01	-9.41E-02	1.24E-01	4.41E-02	bad-chisq
group_9826	6.73E-02	2.04E-01	3.75E-02	1.74E-01	8.32E-02	1.21E-01	
group_9022	6.73E-02	9.52E-02	7.95E-01	-2.45E-02	9.42E-02	1.51E-02	bad-chisq
group_9021	6.73E-02	9.52E-02	7.95E-01	-2.45E-02	9.42E-02	1.51E-02	bad-chisq
group_8836	6.73E-02	9.52E-02	9.31E-01	1.15E-02	1.34E-01	5.01E-03	bad-chisq
group_7530	5.72E-02	4.23E-01	7.91E-01	2.31E-02	8.71E-02	1.55E-02	
group_7337	6.73E-02	9.52E-02	9.31E-01	1.15E-02	1.34E-01	5.01E-03	bad-chisq
group_7304	6.73E-02	9.52E-02	8.60E-01	-2.23E-02	1.26E-01	1.03E-02	bad-chisq
ybbH~~~rpiR	6.73E-02	9.52E-02	9.31E-01	1.15E-02	1.34E-01	5.01E-03	bad-chisq
group_6220	6.73E-02	9.52E-02	7.95E-01	-2.45E-02	9.42E-02	1.51E-02	bad-chisq
group_6219	6.73E-02	9.52E-02	7.95E-01	-2.45E-02	9.42E-02	1.51E-02	bad-chisq
group_4513	6.73E-02	9.52E-02	9.31E-01	1.15E-02	1.34E-01	5.01E-03	bad-chisq
group_4425	6.73E-02	9.52E-02	9.70E-01	4.91E-03	1.32E-01	2.17E-03	bad-chisq
group_3983	6.73E-02	2.80E-01	6.54E-01	4.09E-02	9.11E-02	2.61E-02	
group_3979	6.73E-02	9.52E-02	9.31E-01	1.15E-02	1.34E-01	5.01E-03	bad-chisq
group_3858	6.73E-02	9.52E-02	9.82E-01	3.06E-03	1.33E-01	1.34E-03	bad-chisq
tolB	6.73E-02	9.52E-02	8.19E-01	-2.20E-02	9.57E-02	1.34E-02	bad-chisq
group_3137	6.73E-02	2.40E-02	2.15E-01	-1.04E-01	8.40E-02	7.22E-02	bad-chisq
group_3068	6.06E-02	1.30E-01	7.41E-01	-2.68E-02	8.12E-02	1.92E-02	bad-chisq
group_2567	6.73E-02	9.52E-02	9.31E-01	1.15E-02	1.34E-01	5.01E-03	bad-chisq
group_2254	6.73E-02	2.92E-04	9.37E-01	6.43E-03	8.10E-02	4.62E-03	
group_2062	6.73E-02	9.52E-02	9.31E-01	1.15E-02	1.34E-01	5.01E-03	bad-chisq
group_1825	6.73E-02	9.52E-02	4.39E-01	-6.92E-02	8.93E-02	4.51E-02	bad-chisq
group_1567	6.73E-02	9.52E-02	9.31E-01	1.15E-02	1.34E-01	5.01E-03	bad-chisq
group_1181	6.73E-02	9.52E-02	9.71E-01	4.94E-03	1.34E-01	2.15E-03	bad-chisq
group_529	6.73E-02	9.52E-02	9.31E-01	1.15E-02	1.34E-01	5.01E-03	bad-chisq
group_358	6.73E-02	9.52E-02	9.31E-01	1.15E-02	1.34E-01	5.01E-03	bad-chisq
group_314	6.73E-02	9.52E-02	9.31E-01	1.15E-02	1.34E-01	5.01E-03	bad-chisq
tuf	6.40E-02	1.27E-03	3.12E-01	7.80E-02	7.70E-02	5.89E-02	
group_24195	6.40E-02	1.11E-01	9.21E-01	-1.22E-02	1.23E-01	5.77E-03	bad-chisq
group_23912	6.40E-02	1.11E-01	9.13E-01	1.30E-02	1.19E-01	6.37E-03	bad-chisq
group_23684	6.40E-02	3.21E-01	6.32E-01	4.45E-02	9.29E-02	2.79E-02	
group_23386	6.40E-02	2.81E-02	2.60E-01	-1.10E-01	9.78E-02	6.56E-02	bad-chisq
group_22768	6.40E-02	2.81E-02	2.60E-01	-1.10E-01	9.78E-02	6.56E-02	bad-chisq
group_22566	6.40E-02	3.21E-01	6.32E-01	4.45E-02	9.29E-02	2.79E-02	
group_22514	6.40E-02	2.81E-02	4.04E-01	-6.93E-02	8.30E-02	4.86E-02	bad-chisq
group_22153	6.40E-02	2.81E-02	2.60E-01	-1.10E-01	9.78E-02	6.56E-02	bad-chisq
group_21185	6.40E-02	4.15E-01	6.13E-02	1.69E-01	9.00E-02	1.09E-01	
group_21028	6.06E-02	3.29E-02	9.54E-01	-1.67E-02	2.92E-01	3.32E-03	bad-chisq
group_20485	6.40E-02	2.81E-02	2.30E-01	-1.04E-01	8.65E-02	6.99E-02	bad-chisq
group_20418	6.06E-02	3.29E-02	9.54E-01	-1.67E-02	2.92E-01	3.32E-03	bad-chisq
group_20351	6.06E-02	3.29E-02	9.56E-01	-1.67E-02	2.99E-01	3.24E-03	bad-chisq
group_20286	6.06E-02	3.29E-02	9.54E-01	-1.67E-02	2.92E-01	3.32E-03	bad-chisq
group_20272	6.06E-02	1.30E-01	7.52E-01	-2.72E-02	8.59E-02	1.84E-02	bad-chisq
group_20211	6.06E-02	3.29E-02	9.54E-01	-1.67E-02	2.92E-01	3.32E-03	bad-chisq
group_20210	6.06E-02	3.29E-02	9.54E-01	-1.67E-02	2.92E-01	3.32E-03	bad-chisq
group_20130	6.06E-02	3.29E-02	9.54E-01	-1.62E-02	2.80E-01	3.37E-03	bad-chisq
group_20023	6.06E-02	3.29E-02	9.54E-01	-1.67E-02	2.92E-01	3.32E-03	bad-chisq
group_20020	6.06E-02	3.29E-02	9.54E-01	-1.67E-02	2.92E-01	3.32E-03	bad-chisq
group_19925	6.06E-02	3.29E-02	2.87E-01	-8.96E-02	8.41E-02	6.20E-02	bad-chisq
group_19909	6.06E-02	3.29E-02	9.54E-01	-1.67E-02	2.92E-01	3.32E-03	bad-chisq
group_19897	6.40E-02	1.11E-01	9.76E-01	3.74E-03	1.22E-01	1.78E-03	bad-chisq
group_19886	6.40E-02	2.81E-02	1.08E-01	-1.63E-01	1.01E-01	9.33E-02	bad-chisq
group_19556	6.06E-02	3.29E-02	9.54E-01	-1.67E-02	2.92E-01	3.32E-03	bad-chisq
group_19492	6.40E-02	3.21E-01	7.96E-01	2.13E-02	8.23E-02	1.51E-02	
group_19477	6.40E-02	3.21E-01	5.23E-01	5.68E-02	8.89E-02	3.72E-02	
group_19414	6.40E-02	8.76E-03	6.52E-05	3.77E-01	9.30E-02	2.30E-01	
group_19369	6.06E-02	3.29E-02	9.56E-01	-1.67E-02	2.99E-01	3.24E-03	bad-chisq
group_19177	6.06E-02	3.29E-02	9.54E-01	-1.67E-02	2.92E-01	3.32E-03	bad-chisq
group_19175	6.06E-02	3.29E-02	9.56E-01	-1.67E-02	2.99E-01	3.24E-03	bad-chisq
group_19174	6.06E-02	3.29E-02	9.56E-01	-1.67E-02	2.99E-01	3.24E-03	bad-chisq
group_18194	6.06E-02	3.29E-02	9.59E-01	-1.24E-02	2.39E-01	3.01E-03	bad-chisq
group_18189	6.40E-02	2.81E-02	3.42E-01	-8.29E-02	8.72E-02	5.53E-02	bad-chisq
group_17973	6.06E-02	3.29E-02	9.59E-01	-1.24E-02	2.39E-01	3.01E-03	bad-chisq
group_17966	6.40E-02	2.81E-02	3.42E-01	-8.29E-02	8.72E-02	5.53E-02	bad-chisq
group_17965	6.40E-02	2.81E-02	3.42E-01	-8.29E-02	8.72E-02	5.53E-02	bad-chisq
group_17333	6.40E-02	2.81E-02	9.79E-01	-4.40E-03	1.66E-01	1.55E-03	bad-chisq
group_17213	6.40E-02	2.81E-02	9.79E-01	-4.40E-03	1.66E-01	1.55E-03	bad-chisq
group_17208	6.40E-02	2.81E-02	3.24E-01	-8.49E-02	8.59E-02	5.74E-02	bad-chisq
group_17159	6.40E-02	4.35E-02	9.71E-04	2.88E-01	8.65E-02	1.90E-01	
group_16685	6.40E-02	2.81E-02	9.79E-01	-4.40E-03	1.66E-01	1.55E-03	bad-chisq
group_16577	6.40E-02	2.81E-02	9.79E-01	-4.40E-03	1.66E-01	1.55E-03	bad-chisq
yheS~~~ettA	6.06E-02	3.29E-02	9.56E-01	-1.67E-02	2.99E-01	3.24E-03	bad-chisq
group_16530	6.40E-02	2.81E-02	6.10E-01	-8.40E-02	1.65E-01	2.97E-02	bad-chisq
group_16518	6.40E-02	2.81E-02	3.42E-01	-8.29E-02	8.72E-02	5.53E-02	bad-chisq
group_16401	6.40E-02	2.81E-02	9.79E-01	-4.40E-03	1.66E-01	1.55E-03	bad-chisq
group_16041	5.72E-02	3.85E-02	9.63E-01	-1.01E-02	2.19E-01	2.67E-03	bad-chisq
group_15500	6.40E-02	1.11E-01	9.92E-01	-9.35E-04	9.13E-02	5.96E-04	bad-chisq
group_15246	6.06E-02	3.29E-02	9.65E-01	-1.17E-02	2.70E-01	2.53E-03	bad-chisq
group_15177	6.06E-02	3.29E-02	9.56E-01	-1.67E-02	2.99E-01	3.24E-03	bad-chisq
group_14431	6.06E-02	3.29E-02	9.63E-01	-1.06E-02	2.30E-01	2.69E-03	bad-chisq
group_13766	6.40E-02	1.11E-01	7.16E-01	-3.28E-02	9.00E-02	2.12E-02	bad-chisq
group_13602	6.40E-02	2.81E-02	2.60E-01	-1.10E-01	9.78E-02	6.56E-02	bad-chisq
group_13176	6.40E-02	1.11E-01	7.16E-01	-3.28E-02	9.00E-02	2.12E-02	bad-chisq
group_13094	6.40E-02	1.56E-01	1.43E-02	2.33E-01	9.44E-02	1.42E-01	
group_13006	6.40E-02	2.81E-02	2.78E-01	-9.84E-02	9.06E-02	6.31E-02	bad-chisq
group_12962	6.40E-02	2.81E-02	2.60E-01	-1.10E-01	9.78E-02	6.56E-02	bad-chisq
group_12789	6.06E-02	1.30E-01	7.52E-01	-2.72E-02	8.59E-02	1.84E-02	bad-chisq
group_12294	6.40E-02	1.11E-01	9.54E-01	6.91E-03	1.20E-01	3.35E-03	bad-chisq
group_12105	6.40E-02	2.81E-02	4.69E-01	-9.17E-02	1.26E-01	4.22E-02	bad-chisq
group_12030	6.40E-02	1.11E-01	4.63E-01	-7.01E-02	9.54E-02	4.28E-02	bad-chisq
group_11995	6.40E-02	2.81E-02	6.10E-01	-8.40E-02	1.65E-01	2.97E-02	bad-chisq
group_11908	6.06E-02	1.30E-01	7.52E-01	-2.72E-02	8.59E-02	1.84E-02	bad-chisq
group_11649	6.06E-02	3.29E-02	9.78E-01	-5.58E-03	2.01E-01	1.61E-03	bad-chisq
group_11605	6.06E-02	3.29E-02	9.56E-01	-1.67E-02	2.99E-01	3.24E-03	bad-chisq
group_11109	6.40E-02	1.56E-01	3.01E-02	1.86E-01	8.53E-02	1.26E-01	
group_11078	6.40E-02	2.81E-02	4.69E-01	-9.17E-02	1.26E-01	4.22E-02	bad-chisq
group_10704	6.40E-02	3.21E-01	6.32E-01	4.45E-02	9.29E-02	2.79E-02	
group_10687	6.40E-02	2.81E-02	3.42E-01	-8.29E-02	8.72E-02	5.53E-02	bad-chisq
group_10381	6.06E-02	3.29E-02	9.65E-01	-1.17E-02	2.70E-01	2.53E-03	bad-chisq
group_10272	6.06E-02	3.29E-02	9.56E-01	-1.67E-02	2.99E-01	3.24E-03	bad-chisq
group_9723	6.40E-02	4.15E-01	1.06E-02	2.45E-01	9.53E-02	1.48E-01	
group_9667	6.40E-02	1.11E-01	4.07E-01	-6.96E-02	8.39E-02	4.83E-02	bad-chisq
group_9267	6.40E-02	1.11E-01	9.54E-01	6.91E-03	1.20E-01	3.35E-03	bad-chisq
group_9128	6.40E-02	3.21E-01	6.32E-01	4.45E-02	9.29E-02	2.79E-02	
group_8951	6.40E-02	3.21E-01	7.26E-01	3.04E-02	8.68E-02	2.04E-02	
group_8116	6.40E-02	2.81E-02	4.08E-01	-6.88E-02	8.29E-02	4.82E-02	bad-chisq
group_7690	6.40E-02	1.11E-01	9.90E-01	-1.04E-03	8.70E-02	6.97E-04	bad-chisq
group_7486	6.06E-02	3.29E-02	3.16E-01	-8.94E-02	8.90E-02	5.84E-02	bad-chisq
group_7264	6.40E-02	1.11E-01	9.21E-01	-1.22E-02	1.23E-01	5.77E-03	bad-chisq
group_7211	6.40E-02	3.21E-01	6.62E-01	3.90E-02	8.92E-02	2.55E-02	
mntB	6.40E-02	1.11E-01	9.54E-01	6.91E-03	1.20E-01	3.35E-03	bad-chisq
group_6071	6.40E-02	1.11E-01	9.54E-01	6.91E-03	1.20E-01	3.35E-03	bad-chisq
group_5414	6.06E-02	1.30E-01	7.52E-01	-2.72E-02	8.59E-02	1.84E-02	bad-chisq
sugC	6.06E-02	1.30E-01	7.52E-01	-2.72E-02	8.59E-02	1.84E-02	bad-chisq
group_4477	6.40E-02	2.81E-02	2.60E-01	-1.10E-01	9.78E-02	6.56E-02	bad-chisq
group_4251	6.40E-02	2.81E-02	2.60E-01	-1.10E-01	9.78E-02	6.56E-02	bad-chisq
ugpB	6.06E-02	1.30E-01	7.52E-01	-2.72E-02	8.59E-02	1.84E-02	bad-chisq
glcR	6.06E-02	1.30E-01	7.52E-01	-2.72E-02	8.59E-02	1.84E-02	bad-chisq
group_3787	6.40E-02	2.81E-02	2.60E-01	-1.10E-01	9.78E-02	6.56E-02	bad-chisq
group_3730	6.40E-02	3.21E-01	6.32E-01	4.45E-02	9.29E-02	2.79E-02	
group_3668	6.40E-02	2.81E-02	2.60E-01	-1.10E-01	9.78E-02	6.56E-02	bad-chisq
cyaE	6.40E-02	3.21E-01	6.32E-01	4.45E-02	9.29E-02	2.79E-02	
group_3155	6.40E-02	3.21E-01	6.32E-01	4.45E-02	9.29E-02	2.79E-02	
group_2900	6.40E-02	2.81E-02	2.60E-01	-1.10E-01	9.78E-02	6.56E-02	bad-chisq
group_2035	6.40E-02	3.21E-01	6.32E-01	4.45E-02	9.29E-02	2.79E-02	
group_1349	6.40E-02	3.21E-01	6.32E-01	4.45E-02	9.29E-02	2.79E-02	
group_1285	6.40E-02	2.81E-02	2.60E-01	-1.10E-01	9.78E-02	6.56E-02	bad-chisq
group_1148	6.40E-02	3.21E-01	6.32E-01	4.45E-02	9.29E-02	2.79E-02	
group_341	6.40E-02	3.21E-01	5.50E-01	5.28E-02	8.84E-02	3.48E-02	
group_68	6.40E-02	3.21E-01	6.32E-01	4.45E-02	9.29E-02	2.79E-02	
group_22624	5.72E-02	3.85E-02	9.56E-01	-1.48E-02	2.65E-01	3.24E-03	bad-chisq
group_22516	5.72E-02	3.85E-02	9.56E-01	-1.48E-02	2.65E-01	3.24E-03	bad-chisq
group_22139	6.06E-02	1.30E-01	7.17E-01	-3.48E-02	9.59E-02	2.11E-02	bad-chisq
group_21279	6.06E-02	1.30E-01	7.17E-01	-3.48E-02	9.59E-02	2.11E-02	bad-chisq
group_21008	5.72E-02	3.85E-02	9.65E-01	-9.68E-03	2.24E-01	2.52E-03	bad-chisq
group_20611	5.39E-02	4.51E-02	9.56E-01	-1.38E-02	2.49E-01	3.22E-03	bad-chisq
group_20267	5.72E-02	1.51E-01	9.02E-01	1.09E-02	8.86E-02	7.16E-03	bad-chisq
group_20250	5.72E-02	3.85E-02	3.26E-01	-8.83E-02	8.98E-02	5.71E-02	bad-chisq
group_20204	6.06E-02	3.69E-01	7.90E-01	2.46E-02	9.22E-02	1.55E-02	
group_19943	6.06E-02	3.69E-01	7.90E-01	2.46E-02	9.22E-02	1.55E-02	
group_19889	6.06E-02	3.69E-01	7.90E-01	2.46E-02	9.22E-02	1.55E-02	
group_19643	5.72E-02	3.85E-02	9.65E-01	-1.05E-02	2.37E-01	2.58E-03	bad-chisq
group_19600	6.06E-02	3.29E-02	3.11E-01	-1.16E-01	1.14E-01	5.90E-02	bad-chisq
group_19561	5.72E-02	3.85E-02	9.74E-01	-5.99E-03	1.84E-01	1.90E-03	bad-chisq
group_19493	6.06E-02	3.29E-02	3.11E-01	-1.16E-01	1.14E-01	5.90E-02	bad-chisq
group_19487	6.06E-02	3.29E-02	3.11E-01	-1.16E-01	1.14E-01	5.90E-02	bad-chisq
group_19359	5.72E-02	3.85E-02	9.61E-01	-1.38E-02	2.81E-01	2.87E-03	bad-chisq
group_19327	5.72E-02	3.85E-02	5.68E-01	-6.83E-02	1.20E-01	3.32E-02	bad-chisq
group_19292	5.72E-02	3.85E-02	5.68E-01	-6.83E-02	1.20E-01	3.32E-02	bad-chisq
group_19288	6.06E-02	3.29E-02	1.71E-01	-1.22E-01	8.86E-02	7.97E-02	bad-chisq
group_19249	5.72E-02	3.85E-02	5.93E-02	-2.18E-01	1.15E-01	1.10E-01	bad-chisq
group_19067	6.06E-02	3.29E-02	7.83E-01	-3.84E-02	1.39E-01	1.60E-02	bad-chisq
group_18990	6.06E-02	1.30E-01	6.36E-01	8.04E-02	1.69E-01	2.76E-02	bad-chisq
group_18804	6.06E-02	3.29E-02	9.39E-01	-1.39E-02	1.81E-01	4.47E-03	bad-chisq
group_18371	6.06E-02	3.29E-02	3.58E-01	-8.28E-02	9.00E-02	5.35E-02	bad-chisq
group_18300	5.72E-02	4.23E-01	6.16E-01	4.42E-02	8.82E-02	2.92E-02	
group_17839	5.72E-02	4.23E-01	6.77E-01	3.70E-02	8.90E-02	2.42E-02	
group_17604	6.06E-02	2.86E-02	5.64E-04	3.07E-01	8.82E-02	1.99E-01	
group_17346	5.72E-02	4.23E-01	9.01E-01	1.09E-02	8.76E-02	7.22E-03	
group_16980	6.06E-02	3.29E-02	2.76E-01	-9.77E-02	8.96E-02	6.34E-02	bad-chisq
group_16947	6.06E-02	3.40E-01	5.93E-02	1.71E-01	9.06E-02	1.10E-01	
group_16747	6.06E-02	3.29E-02	9.56E-01	-1.52E-02	2.74E-01	3.23E-03	bad-chisq
group_16483	6.06E-02	1.30E-01	8.94E-01	1.68E-02	1.26E-01	7.76E-03	bad-chisq
group_15394	6.06E-02	1.16E-01	2.34E-02	2.27E-01	9.96E-02	1.31E-01	
group_15236	6.06E-02	1.16E-01	7.23E-03	2.43E-01	8.97E-02	1.56E-01	
group_14543	6.06E-02	3.29E-02	4.01E-01	-7.93E-02	9.44E-02	4.89E-02	bad-chisq
group_14350	5.72E-02	3.85E-02	9.67E-01	-9.40E-03	2.26E-01	2.42E-03	bad-chisq
group_14127	5.72E-02	3.85E-02	9.56E-01	-1.48E-02	2.65E-01	3.24E-03	bad-chisq
group_13868	6.06E-02	3.29E-02	4.06E-01	-9.54E-02	1.15E-01	4.84E-02	bad-chisq
group_13744	5.72E-02	3.85E-02	9.56E-01	-1.48E-02	2.65E-01	3.24E-03	bad-chisq
group_13552	6.06E-02	3.29E-02	2.60E-01	-1.21E-01	1.07E-01	6.56E-02	bad-chisq
group_13140	5.72E-02	3.85E-02	9.56E-01	-1.48E-02	2.65E-01	3.24E-03	bad-chisq
group_12408	5.72E-02	3.85E-02	9.56E-01	-1.48E-02	2.65E-01	3.24E-03	bad-chisq
group_11939	6.06E-02	3.69E-01	8.64E-01	1.45E-02	8.49E-02	9.97E-03	
group_11834	6.06E-02	1.16E-01	2.38E-02	2.21E-01	9.74E-02	1.31E-01	
group_11735	5.72E-02	8.68E-01	6.25E-01	4.30E-02	8.80E-02	2.84E-02	
group_11606	5.72E-02	3.85E-02	9.67E-01	-1.08E-02	2.57E-01	2.44E-03	bad-chisq
group_11570	6.06E-02	1.16E-01	2.34E-02	2.27E-01	9.96E-02	1.31E-01	
tssH	5.72E-02	3.85E-02	9.56E-01	-1.48E-02	2.65E-01	3.24E-03	bad-chisq
group_11190	5.72E-02	3.85E-02	3.86E-01	-7.92E-02	9.11E-02	5.05E-02	bad-chisq
group_11127	5.72E-02	3.85E-02	9.56E-01	-1.48E-02	2.65E-01	3.24E-03	bad-chisq
group_10983	6.06E-02	1.30E-01	8.64E-01	-1.45E-02	8.46E-02	9.97E-03	bad-chisq
group_10857	6.06E-02	1.16E-01	2.34E-02	2.27E-01	9.96E-02	1.31E-01	
hrgA	6.06E-02	3.29E-02	2.04E-01	-1.15E-01	9.02E-02	7.39E-02	bad-chisq
group_10238	6.06E-02	1.30E-01	7.20E-01	-3.23E-02	9.00E-02	2.09E-02	bad-chisq
tssG	5.72E-02	3.85E-02	9.56E-01	-1.48E-02	2.65E-01	3.24E-03	bad-chisq
tssJ	5.72E-02	3.85E-02	9.56E-01	-1.48E-02	2.65E-01	3.24E-03	bad-chisq
group_9364	6.06E-02	1.30E-01	7.17E-01	-3.48E-02	9.59E-02	2.11E-02	bad-chisq
group_8731	6.06E-02	7.36E-01	1.00E-02	2.42E-01	9.33E-02	1.49E-01	
group_8424	6.06E-02	7.36E-01	1.11E-01	1.44E-01	8.99E-02	9.28E-02	
group_8197	6.06E-02	1.30E-01	7.20E-01	-3.23E-02	9.00E-02	2.09E-02	bad-chisq
group_8033	6.06E-02	1.16E-01	1.88E-02	2.09E-01	8.85E-02	1.36E-01	
tssF	5.72E-02	3.85E-02	9.56E-01	-1.48E-02	2.65E-01	3.24E-03	bad-chisq
group_7600	6.06E-02	1.16E-01	2.34E-02	2.27E-01	9.96E-02	1.31E-01	
group_7384	6.06E-02	1.16E-01	2.34E-02	2.27E-01	9.96E-02	1.31E-01	
group_6904	6.06E-02	1.16E-01	2.34E-02	2.27E-01	9.96E-02	1.31E-01	
group_6696	6.06E-02	1.30E-01	7.17E-01	-3.48E-02	9.59E-02	2.11E-02	bad-chisq
fixA	5.72E-02	3.85E-02	6.84E-01	-5.65E-02	1.39E-01	2.37E-02	bad-chisq
group_5865	6.06E-02	1.16E-01	2.34E-02	2.27E-01	9.96E-02	1.31E-01	
group_5097	6.06E-02	1.30E-01	9.99E-01	-1.39E-04	8.95E-02	9.04E-05	bad-chisq
group_5040	6.06E-02	1.30E-01	7.70E-01	-2.82E-02	9.63E-02	1.70E-02	bad-chisq
group_4858	6.06E-02	1.16E-01	2.34E-02	2.27E-01	9.96E-02	1.31E-01	
group_4854	6.06E-02	1.16E-01	1.88E-02	2.09E-01	8.85E-02	1.36E-01	
tssE	5.72E-02	3.85E-02	9.56E-01	-1.48E-02	2.65E-01	3.24E-03	bad-chisq
group_4821	6.06E-02	1.16E-01	2.34E-02	2.27E-01	9.96E-02	1.31E-01	
cas1e	6.06E-02	1.30E-01	8.90E-01	-1.31E-02	9.50E-02	8.04E-03	bad-chisq
cas7e	6.06E-02	1.30E-01	8.90E-01	-1.31E-02	9.50E-02	8.04E-03	bad-chisq
group_3750	6.06E-02	1.16E-01	2.34E-02	2.27E-01	9.96E-02	1.31E-01	
group_3588	6.06E-02	1.16E-01	2.34E-02	2.27E-01	9.96E-02	1.31E-01	
group_3504	6.06E-02	1.16E-01	2.34E-02	2.27E-01	9.96E-02	1.31E-01	
cas6e	6.06E-02	1.30E-01	8.90E-01	-1.31E-02	9.50E-02	8.04E-03	bad-chisq
group_3378	6.06E-02	1.16E-01	2.34E-02	2.27E-01	9.96E-02	1.31E-01	
casB	6.06E-02	1.30E-01	8.90E-01	-1.31E-02	9.50E-02	8.04E-03	bad-chisq
group_3256	6.06E-02	1.30E-01	8.90E-01	-1.31E-02	9.50E-02	8.04E-03	bad-chisq
group_3183	6.06E-02	1.16E-01	2.34E-02	2.27E-01	9.96E-02	1.31E-01	
group_2925	5.72E-02	3.85E-02	9.56E-01	-1.48E-02	2.65E-01	3.24E-03	bad-chisq
casA	6.06E-02	1.30E-01	8.90E-01	-1.31E-02	9.50E-02	8.04E-03	bad-chisq
group_2620	6.06E-02	1.16E-01	2.34E-02	2.27E-01	9.96E-02	1.31E-01	
group_533	6.06E-02	1.30E-01	7.17E-01	-3.48E-02	9.59E-02	2.11E-02	bad-chisq
group_23669	5.72E-02	1.51E-01	8.83E-01	2.00E-02	1.36E-01	8.55E-03	bad-chisq
group_23158	5.39E-02	4.51E-02	1.98E-01	-1.21E-01	9.37E-02	7.49E-02	bad-chisq
group_23047	5.72E-02	8.68E-01	2.79E-01	9.86E-02	9.10E-02	6.30E-02	
group_23024	5.72E-02	9.21E-07	6.16E-01	4.32E-02	8.62E-02	2.92E-02	
group_21845	5.72E-02	1.51E-01	7.93E-01	3.27E-02	1.24E-01	1.53E-02	bad-chisq
group_21739	5.72E-02	1.51E-01	8.12E-01	-2.23E-02	9.38E-02	1.39E-02	bad-chisq
group_21170	5.72E-02	1.78E-02	4.98E-05	3.81E-01	9.25E-02	2.33E-01	
group_21168	5.72E-02	1.78E-02	4.98E-05	3.81E-01	9.25E-02	2.33E-01	
group_20563	5.39E-02	4.51E-02	9.70E-01	-9.91E-03	2.65E-01	2.18E-03	bad-chisq
group_19753	5.39E-02	4.51E-02	9.82E-01	-4.29E-03	1.87E-01	1.34E-03	bad-chisq
group_19743	5.72E-02	1.51E-01	6.06E-01	-4.80E-02	9.29E-02	3.00E-02	bad-chisq
group_19687	5.72E-02	3.85E-02	5.51E-01	-7.37E-02	1.23E-01	3.48E-02	bad-chisq
group_19508	5.72E-02	3.85E-02	2.55E-01	-1.08E-01	9.47E-02	6.62E-02	bad-chisq
group_19470	5.72E-02	8.68E-01	1.50E-01	1.37E-01	9.45E-02	8.38E-02	
group_19344	5.72E-02	3.85E-02	3.40E-01	-8.60E-02	9.00E-02	5.55E-02	bad-chisq
group_19271	5.39E-02	4.85E-01	6.97E-01	3.55E-02	9.11E-02	2.27E-02	
group_19022	5.72E-02	3.85E-02	3.66E-01	-8.74E-02	9.66E-02	5.26E-02	bad-chisq
group_19017	5.39E-02	4.85E-01	5.48E-01	5.43E-02	9.03E-02	3.50E-02	
group_19010	5.72E-02	3.85E-02	3.66E-01	-8.74E-02	9.66E-02	5.26E-02	bad-chisq
group_18992	5.72E-02	3.85E-02	3.66E-01	-8.74E-02	9.66E-02	5.26E-02	bad-chisq
group_18991	5.72E-02	3.85E-02	3.66E-01	-8.74E-02	9.66E-02	5.26E-02	bad-chisq
group_18929	5.72E-02	3.85E-02	3.66E-01	-8.74E-02	9.66E-02	5.26E-02	bad-chisq
group_18928	5.72E-02	3.85E-02	3.66E-01	-8.74E-02	9.66E-02	5.26E-02	bad-chisq
group_18925	5.39E-02	4.51E-02	9.64E-01	-1.17E-02	2.60E-01	2.62E-03	bad-chisq
group_18924	5.39E-02	4.51E-02	9.64E-01	-1.17E-02	2.60E-01	2.62E-03	bad-chisq
group_18880	5.72E-02	3.85E-02	3.66E-01	-8.74E-02	9.66E-02	5.26E-02	bad-chisq
group_18876	5.39E-02	4.51E-02	9.64E-01	-1.17E-02	2.60E-01	2.62E-03	bad-chisq
group_18875	5.39E-02	4.51E-02	9.64E-01	-1.17E-02	2.60E-01	2.62E-03	bad-chisq
group_18811	5.72E-02	3.85E-02	3.66E-01	-8.74E-02	9.66E-02	5.26E-02	bad-chisq
group_18792	5.72E-02	3.85E-02	4.06E-01	-7.60E-02	9.14E-02	4.84E-02	bad-chisq
group_18729	5.72E-02	3.85E-02	3.66E-01	-8.74E-02	9.66E-02	5.26E-02	bad-chisq
group_18728	5.72E-02	3.85E-02	3.66E-01	-8.74E-02	9.66E-02	5.26E-02	bad-chisq
group_18709	5.72E-02	3.85E-02	4.06E-01	-7.60E-02	9.14E-02	4.84E-02	bad-chisq
group_18647	5.72E-02	3.85E-02	3.66E-01	-8.74E-02	9.66E-02	5.26E-02	bad-chisq
group_18633	5.72E-02	3.85E-02	3.49E-01	-8.64E-02	9.20E-02	5.46E-02	bad-chisq
group_18616	5.72E-02	3.85E-02	4.06E-01	-7.60E-02	9.14E-02	4.84E-02	bad-chisq
group_18615	5.72E-02	3.85E-02	4.06E-01	-7.60E-02	9.14E-02	4.84E-02	bad-chisq
group_18504	5.72E-02	3.85E-02	3.49E-01	-8.64E-02	9.20E-02	5.46E-02	bad-chisq
group_18486	5.72E-02	3.85E-02	4.06E-01	-7.60E-02	9.14E-02	4.84E-02	bad-chisq
group_18485	5.72E-02	3.85E-02	4.06E-01	-7.60E-02	9.14E-02	4.84E-02	bad-chisq
group_18410	5.39E-02	4.51E-02	9.56E-01	-1.87E-02	3.37E-01	3.23E-03	bad-chisq
pilQ	5.72E-02	3.85E-02	4.06E-01	-7.60E-02	9.14E-02	4.84E-02	bad-chisq
group_18351	5.72E-02	3.85E-02	4.06E-01	-7.60E-02	9.14E-02	4.84E-02	bad-chisq
group_18153	5.72E-02	3.85E-02	4.06E-01	-7.60E-02	9.14E-02	4.84E-02	bad-chisq
group_18152	5.72E-02	3.85E-02	4.06E-01	-7.60E-02	9.14E-02	4.84E-02	bad-chisq
group_17917	5.72E-02	3.85E-02	4.06E-01	-7.60E-02	9.14E-02	4.84E-02	bad-chisq
group_17912	5.72E-02	3.85E-02	4.06E-01	-7.60E-02	9.14E-02	4.84E-02	bad-chisq
group_17770	5.72E-02	1.51E-01	9.42E-01	6.77E-03	9.33E-02	4.22E-03	bad-chisq
group_17649	5.72E-02	3.85E-02	4.06E-01	-7.60E-02	9.14E-02	4.84E-02	bad-chisq
group_17589	5.72E-02	3.85E-02	4.06E-01	-7.60E-02	9.14E-02	4.84E-02	bad-chisq
group_17499	5.39E-02	4.51E-02	9.59E-01	-1.43E-02	2.81E-01	2.96E-03	bad-chisq
group_17136	5.72E-02	3.85E-02	4.06E-01	-7.60E-02	9.14E-02	4.84E-02	bad-chisq
group_16916	5.72E-02	3.85E-02	4.06E-01	-7.60E-02	9.14E-02	4.84E-02	bad-chisq
klcA	5.39E-02	4.51E-02	5.78E-01	-6.51E-02	1.17E-01	3.24E-02	bad-chisq
group_16525	5.72E-02	3.85E-02	3.66E-01	-8.74E-02	9.66E-02	5.26E-02	bad-chisq
group_16461	5.39E-02	9.63E-01	1.18E-01	1.50E-01	9.59E-02	9.10E-02	
group_16445	5.72E-02	3.85E-02	4.06E-01	-7.60E-02	9.14E-02	4.84E-02	bad-chisq
group_16216	5.72E-02	3.85E-02	4.06E-01	-7.60E-02	9.14E-02	4.84E-02	bad-chisq
group_16215	5.72E-02	6.40E-01	4.17E-02	1.80E-01	8.80E-02	1.18E-01	
group_16192	5.72E-02	3.85E-02	5.24E-01	-8.07E-02	1.27E-01	3.71E-02	bad-chisq
group_16155	5.72E-02	3.85E-02	4.06E-01	-7.60E-02	9.14E-02	4.84E-02	bad-chisq
group_16154	5.72E-02	3.85E-02	4.06E-01	-7.60E-02	9.14E-02	4.84E-02	bad-chisq
group_16117	5.72E-02	1.51E-01	9.31E-01	1.03E-02	1.19E-01	5.05E-03	bad-chisq
group_15436	5.39E-02	4.51E-02	9.70E-01	-9.91E-03	2.65E-01	2.18E-03	bad-chisq
group_15307	5.39E-02	4.51E-02	5.58E-01	-5.59E-02	9.54E-02	3.41E-02	bad-chisq
group_14252	5.72E-02	3.85E-02	4.10E-01	-8.01E-02	9.71E-02	4.80E-02	bad-chisq
group_14145	5.72E-02	1.51E-01	7.67E-01	-2.67E-02	8.98E-02	1.73E-02	bad-chisq
group_13925	5.72E-02	3.85E-02	4.58E-01	-7.32E-02	9.85E-02	4.32E-02	bad-chisq
rmuC	5.39E-02	4.51E-02	9.56E-01	-1.87E-02	3.37E-01	3.23E-03	bad-chisq
icmH~~~dotU	5.39E-02	4.51E-02	9.66E-01	-9.43E-03	2.18E-01	2.51E-03	bad-chisq
group_12000	5.72E-02	1.51E-01	3.47E-01	-1.00E-01	1.07E-01	5.48E-02	bad-chisq
traR	5.72E-02	3.85E-02	3.66E-01	-8.74E-02	9.66E-02	5.26E-02	bad-chisq
uxaA	5.05E-02	5.27E-02	9.66E-01	-9.38E-03	2.19E-01	2.49E-03	bad-chisq
traI~~~mobH	5.72E-02	3.85E-02	4.06E-01	-7.60E-02	9.14E-02	4.84E-02	bad-chisq
group_11286	5.72E-02	3.85E-02	2.71E-01	-1.11E-01	1.01E-01	6.41E-02	bad-chisq
group_11056	5.72E-02	1.51E-01	8.83E-01	2.00E-02	1.36E-01	8.55E-03	bad-chisq
group_10531	5.72E-02	3.85E-02	4.06E-01	-7.60E-02	9.14E-02	4.84E-02	bad-chisq
group_8663	5.72E-02	3.85E-02	4.06E-01	-7.60E-02	9.14E-02	4.84E-02	bad-chisq
group_8461	5.72E-02	1.51E-01	3.47E-01	-1.00E-01	1.07E-01	5.48E-02	bad-chisq
group_8196	5.72E-02	1.51E-01	7.67E-01	-2.67E-02	8.98E-02	1.73E-02	bad-chisq
group_7937	5.39E-02	4.51E-02	3.62E-01	-1.31E-01	1.43E-01	5.30E-02	bad-chisq
group_7716	5.72E-02	3.85E-02	4.14E-01	-7.16E-02	8.76E-02	4.76E-02	bad-chisq
group_7492	5.72E-02	8.25E-02	1.72E-02	2.14E-01	8.92E-02	1.38E-01	
group_7480	5.39E-02	1.77E-01	7.95E-01	-2.37E-02	9.12E-02	1.51E-02	bad-chisq
group_7408	5.39E-02	4.51E-02	1.70E-01	-1.32E-01	9.61E-02	7.98E-02	bad-chisq
group_7203	5.72E-02	1.51E-01	8.51E-01	2.14E-02	1.14E-01	1.10E-02	bad-chisq
bamD	5.39E-02	4.51E-02	9.67E-01	-9.48E-03	2.28E-01	2.42E-03	bad-chisq
group_6122	5.72E-02	3.85E-02	1.45E-01	-1.96E-01	1.34E-01	8.48E-02	bad-chisq
tfdA	5.39E-02	1.77E-01	7.95E-01	-2.37E-02	9.12E-02	1.51E-02	bad-chisq
group_5814	5.72E-02	4.23E-01	7.82E-01	2.71E-02	9.76E-02	1.61E-02	
group_4374	5.39E-02	4.85E-01	8.16E-01	2.41E-02	1.03E-01	1.36E-02	
dnrC	5.72E-02	1.51E-01	8.83E-01	2.00E-02	1.36E-01	8.55E-03	bad-chisq
group_4105	5.72E-02	1.51E-01	8.83E-01	2.00E-02	1.36E-01	8.55E-03	bad-chisq
group_4040	5.72E-02	1.51E-01	8.77E-01	2.04E-02	1.32E-01	9.00E-03	bad-chisq
group_3624	5.72E-02	3.85E-02	3.15E-01	-1.09E-01	1.09E-01	5.85E-02	bad-chisq
acrR	5.72E-02	1.51E-01	8.83E-01	2.00E-02	1.36E-01	8.55E-03	bad-chisq
group_3128	5.72E-02	3.85E-02	2.82E-01	-1.03E-01	9.59E-02	6.26E-02	bad-chisq
group_2915	5.72E-02	1.51E-01	3.47E-01	-1.00E-01	1.07E-01	5.48E-02	bad-chisq
group_2755	5.72E-02	1.51E-01	8.77E-01	2.04E-02	1.32E-01	9.00E-03	bad-chisq
group_1633	5.72E-02	3.85E-02	3.15E-01	-1.09E-01	1.09E-01	5.85E-02	bad-chisq
group_1198	5.72E-02	3.85E-02	2.82E-01	-1.03E-01	9.59E-02	6.26E-02	bad-chisq
group_696	5.72E-02	3.85E-02	3.15E-01	-1.09E-01	1.09E-01	5.85E-02	bad-chisq
group_27438	5.05E-02	5.27E-02	9.75E-01	-5.61E-03	1.75E-01	1.86E-03	bad-chisq
group_24353	5.39E-02	4.51E-02	3.96E-01	-8.92E-02	1.05E-01	4.94E-02	bad-chisq
group_24348	5.39E-02	4.51E-02	4.08E-01	-7.41E-02	8.94E-02	4.82E-02	bad-chisq
group_24327	5.39E-02	4.51E-02	3.96E-01	-8.92E-02	1.05E-01	4.94E-02	bad-chisq
group_23792	5.05E-02	5.27E-02	9.53E-01	-2.24E-02	3.82E-01	3.42E-03	bad-chisq
group_23465	5.39E-02	4.51E-02	3.96E-01	-8.92E-02	1.05E-01	4.94E-02	bad-chisq
group_23464	5.39E-02	4.51E-02	3.96E-01	-8.92E-02	1.05E-01	4.94E-02	bad-chisq
group_22301	5.39E-02	4.51E-02	3.96E-01	-8.92E-02	1.05E-01	4.94E-02	bad-chisq
group_22265	5.05E-02	5.27E-02	9.53E-01	-2.24E-02	3.82E-01	3.42E-03	bad-chisq
group_22219	5.39E-02	4.51E-02	3.96E-01	-8.92E-02	1.05E-01	4.94E-02	bad-chisq
group_22072	5.39E-02	1.77E-01	8.54E-01	2.35E-02	1.28E-01	1.07E-02	bad-chisq
group_21456	5.39E-02	4.51E-02	3.96E-01	-8.92E-02	1.05E-01	4.94E-02	bad-chisq
group_21343	5.39E-02	4.51E-02	3.96E-01	-8.92E-02	1.05E-01	4.94E-02	bad-chisq
group_21342	5.39E-02	4.51E-02	3.96E-01	-8.92E-02	1.05E-01	4.94E-02	bad-chisq
group_21341	5.39E-02	4.51E-02	3.96E-01	-8.92E-02	1.05E-01	4.94E-02	bad-chisq
group_21318	5.39E-02	4.51E-02	3.96E-01	-8.92E-02	1.05E-01	4.94E-02	bad-chisq
group_21110	5.39E-02	4.51E-02	9.77E-01	-6.48E-03	2.22E-01	1.70E-03	bad-chisq
group_21078	5.05E-02	5.27E-02	9.53E-01	-2.24E-02	3.82E-01	3.42E-03	bad-chisq
group_21025	5.05E-02	5.27E-02	9.72E-01	-9.53E-03	2.70E-01	2.05E-03	bad-chisq
group_20988	5.05E-02	5.27E-02	9.53E-01	-2.24E-02	3.82E-01	3.42E-03	bad-chisq
group_20934	5.05E-02	5.27E-02	9.53E-01	-2.24E-02	3.82E-01	3.42E-03	bad-chisq
group_20894	5.05E-02	9.35E-01	8.98E-02	1.58E-01	9.26E-02	9.86E-02	
group_20881	5.05E-02	5.27E-02	9.53E-01	-2.24E-02	3.82E-01	3.42E-03	bad-chisq
group_20858	5.05E-02	5.27E-02	9.53E-01	-2.24E-02	3.82E-01	3.42E-03	bad-chisq
group_20857	5.05E-02	5.27E-02	9.53E-01	-2.24E-02	3.82E-01	3.42E-03	bad-chisq
group_20819	5.05E-02	5.27E-02	9.53E-01	-2.24E-02	3.82E-01	3.42E-03	bad-chisq
mdtN~~~emrA	5.05E-02	5.27E-02	9.53E-01	-2.24E-02	3.82E-01	3.42E-03	bad-chisq
group_20767	5.05E-02	5.27E-02	9.53E-01	-2.24E-02	3.82E-01	3.42E-03	bad-chisq
group_20766	5.05E-02	5.27E-02	9.53E-01	-2.24E-02	3.82E-01	3.42E-03	bad-chisq
group_20722	5.05E-02	5.27E-02	9.53E-01	-2.24E-02	3.82E-01	3.42E-03	bad-chisq
group_20721	5.05E-02	5.27E-02	9.53E-01	-2.24E-02	3.82E-01	3.42E-03	bad-chisq
group_20659	5.05E-02	5.27E-02	9.53E-01	-2.24E-02	3.82E-01	3.42E-03	bad-chisq
tagF	5.05E-02	5.27E-02	9.70E-01	-9.07E-03	2.42E-01	2.18E-03	bad-chisq
group_20612	5.05E-02	5.27E-02	9.53E-01	-2.24E-02	3.82E-01	3.42E-03	bad-chisq
group_20576	5.39E-02	5.59E-02	6.94E-03	2.46E-01	9.06E-02	1.56E-01	
group_20573	5.39E-02	5.59E-02	6.94E-03	2.46E-01	9.06E-02	1.56E-01	
group_20571	5.39E-02	5.59E-02	6.94E-03	2.46E-01	9.06E-02	1.56E-01	
tssM	5.05E-02	5.27E-02	9.70E-01	-9.07E-03	2.42E-01	2.18E-03	bad-chisq
group_20532	5.05E-02	5.27E-02	9.70E-01	-9.07E-03	2.42E-01	2.18E-03	bad-chisq
group_20531	5.05E-02	5.27E-02	9.70E-01	-9.07E-03	2.42E-01	2.18E-03	bad-chisq
group_20530	5.05E-02	5.27E-02	9.70E-01	-9.07E-03	2.42E-01	2.18E-03	bad-chisq
group_20525	5.05E-02	5.27E-02	9.53E-01	-2.24E-02	3.82E-01	3.42E-03	bad-chisq
group_20522	5.05E-02	5.27E-02	9.53E-01	-2.24E-02	3.82E-01	3.42E-03	bad-chisq
group_20433	5.39E-02	5.59E-02	6.94E-03	2.46E-01	9.06E-02	1.56E-01	
group_20432	5.39E-02	5.59E-02	6.94E-03	2.46E-01	9.06E-02	1.56E-01	
group_20419	5.05E-02	5.27E-02	9.77E-01	-6.70E-03	2.28E-01	1.71E-03	bad-chisq
group_20367	5.05E-02	5.27E-02	9.70E-01	-9.07E-03	2.42E-01	2.18E-03	bad-chisq
group_20352	5.05E-02	5.27E-02	9.72E-01	-9.53E-03	2.70E-01	2.05E-03	bad-chisq
group_20345	5.05E-02	5.27E-02	9.53E-01	-2.24E-02	3.82E-01	3.42E-03	bad-chisq
group_20344	5.05E-02	5.27E-02	9.53E-01	-2.24E-02	3.82E-01	3.42E-03	bad-chisq
group_20251	5.39E-02	1.77E-01	4.93E-01	-6.18E-02	9.01E-02	3.99E-02	bad-chisq
group_20239	5.39E-02	5.59E-02	6.94E-03	2.46E-01	9.06E-02	1.56E-01	
group_20229	5.39E-02	5.59E-02	6.94E-03	2.46E-01	9.06E-02	1.56E-01	
group_20125	5.05E-02	5.27E-02	9.53E-01	-2.24E-02	3.82E-01	3.42E-03	bad-chisq
group_20108	5.05E-02	5.27E-02	9.53E-01	-2.24E-02	3.82E-01	3.42E-03	bad-chisq
group_20107	5.05E-02	5.27E-02	9.53E-01	-2.24E-02	3.82E-01	3.42E-03	bad-chisq
group_20106	5.05E-02	5.27E-02	9.53E-01	-2.24E-02	3.82E-01	3.42E-03	bad-chisq
group_20072	5.39E-02	4.51E-02	5.69E-01	-7.15E-02	1.25E-01	3.32E-02	bad-chisq
group_19997	5.39E-02	4.51E-02	3.96E-01	-8.92E-02	1.05E-01	4.94E-02	bad-chisq
group_19996	5.05E-02	5.27E-02	9.53E-01	-2.24E-02	3.82E-01	3.42E-03	bad-chisq
group_19995	5.05E-02	5.27E-02	9.53E-01	-2.24E-02	3.82E-01	3.42E-03	bad-chisq
group_19772	5.05E-02	5.27E-02	9.53E-01	-2.24E-02	3.82E-01	3.42E-03	bad-chisq
group_19742	5.05E-02	5.27E-02	9.53E-01	-2.24E-02	3.82E-01	3.42E-03	bad-chisq
group_19567	5.05E-02	9.35E-01	9.64E-02	1.67E-01	1.00E-01	9.67E-02	
group_19518	5.39E-02	9.63E-01	1.68E-01	1.31E-01	9.49E-02	8.02E-02	
group_19397	5.05E-02	5.27E-02	9.53E-01	-2.24E-02	3.82E-01	3.42E-03	bad-chisq
group_19388	5.05E-02	5.27E-02	9.53E-01	-2.24E-02	3.82E-01	3.42E-03	bad-chisq
group_19360	5.05E-02	5.27E-02	9.72E-01	-9.53E-03	2.70E-01	2.05E-03	bad-chisq
group_19275	5.05E-02	5.27E-02	9.53E-01	-2.24E-02	3.82E-01	3.42E-03	bad-chisq
group_19274	5.05E-02	5.27E-02	9.53E-01	-2.24E-02	3.82E-01	3.42E-03	bad-chisq
group_19273	5.05E-02	5.27E-02	9.53E-01	-2.24E-02	3.82E-01	3.42E-03	bad-chisq
group_19260	5.05E-02	5.27E-02	9.75E-01	-7.89E-03	2.50E-01	1.84E-03	bad-chisq
yCII~~~yciI	5.05E-02	5.27E-02	9.77E-01	-5.65E-03	1.97E-01	1.67E-03	bad-chisq
group_19168	5.05E-02	5.27E-02	2.76E-01	-1.01E-01	9.29E-02	6.34E-02	bad-chisq
group_19118	5.39E-02	4.51E-02	3.96E-01	-8.92E-02	1.05E-01	4.94E-02	bad-chisq
group_19019	5.05E-02	5.27E-02	9.53E-01	-2.24E-02	3.82E-01	3.42E-03	bad-chisq
group_19018	5.05E-02	5.27E-02	9.53E-01	-2.24E-02	3.82E-01	3.42E-03	bad-chisq
group_19007	5.05E-02	5.27E-02	9.53E-01	-2.24E-02	3.82E-01	3.42E-03	bad-chisq
group_18987	5.05E-02	5.27E-02	9.53E-01	-2.24E-02	3.82E-01	3.42E-03	bad-chisq
group_18986	5.05E-02	5.27E-02	9.53E-01	-2.24E-02	3.82E-01	3.42E-03	bad-chisq
group_18951	5.05E-02	5.27E-02	9.53E-01	-2.24E-02	3.82E-01	3.42E-03	bad-chisq
dppC~~~gsiD	5.05E-02	5.27E-02	9.53E-01	-2.24E-02	3.82E-01	3.42E-03	bad-chisq
group_18917	5.39E-02	4.51E-02	4.26E-01	-7.54E-02	9.47E-02	4.63E-02	bad-chisq
group_18911	5.05E-02	5.27E-02	9.53E-01	-2.24E-02	3.82E-01	3.42E-03	bad-chisq
ddpD~~~dppD~~~gsiA	5.05E-02	5.27E-02	9.53E-01	-2.24E-02	3.82E-01	3.42E-03	bad-chisq
group_18910	5.05E-02	5.27E-02	9.53E-01	-2.24E-02	3.82E-01	3.42E-03	bad-chisq
group_18866	5.05E-02	5.27E-02	9.53E-01	-2.24E-02	3.82E-01	3.42E-03	bad-chisq
group_18864	5.39E-02	4.51E-02	4.26E-01	-7.54E-02	9.47E-02	4.63E-02	bad-chisq
group_18863	5.39E-02	4.51E-02	4.26E-01	-7.54E-02	9.47E-02	4.63E-02	bad-chisq
group_18824	5.39E-02	4.51E-02	9.67E-01	-1.13E-02	2.74E-01	2.41E-03	bad-chisq
group_18797	5.05E-02	5.27E-02	9.53E-01	-2.24E-02	3.82E-01	3.42E-03	bad-chisq
group_18784	5.05E-02	5.27E-02	9.53E-01	-2.24E-02	3.82E-01	3.42E-03	bad-chisq
group_18770	5.05E-02	5.27E-02	9.53E-01	-2.24E-02	3.82E-01	3.42E-03	bad-chisq
urcA	5.05E-02	5.27E-02	9.53E-01	-2.24E-02	3.82E-01	3.42E-03	bad-chisq
group_18733	5.39E-02	4.51E-02	3.01E-01	-9.60E-02	9.26E-02	6.02E-02	bad-chisq
group_18706	5.05E-02	5.27E-02	9.53E-01	-2.24E-02	3.82E-01	3.42E-03	bad-chisq
group_18705	5.05E-02	5.27E-02	9.53E-01	-2.24E-02	3.82E-01	3.42E-03	bad-chisq
group_18691	5.05E-02	5.27E-02	9.53E-01	-2.24E-02	3.82E-01	3.42E-03	bad-chisq
group_18690	5.05E-02	5.27E-02	9.53E-01	-2.24E-02	3.82E-01	3.42E-03	bad-chisq
group_18689	5.05E-02	5.27E-02	9.53E-01	-2.24E-02	3.82E-01	3.42E-03	bad-chisq
group_18639	5.05E-02	5.27E-02	9.81E-01	-4.07E-03	1.69E-01	1.40E-03	bad-chisq
amiA2	5.05E-02	5.27E-02	9.81E-01	-4.07E-03	1.69E-01	1.40E-03	bad-chisq
group_18611	5.05E-02	5.27E-02	9.53E-01	-2.24E-02	3.82E-01	3.42E-03	bad-chisq
group_18582	5.05E-02	5.27E-02	9.53E-01	-2.24E-02	3.82E-01	3.42E-03	bad-chisq
group_18578	5.05E-02	5.27E-02	9.53E-01	-2.24E-02	3.82E-01	3.42E-03	bad-chisq
group_18574	5.05E-02	5.27E-02	9.53E-01	-2.24E-02	3.82E-01	3.42E-03	bad-chisq
group_18546	5.05E-02	5.27E-02	9.71E-01	-8.13E-03	2.23E-01	2.13E-03	bad-chisq
tagJ~~~impE	5.05E-02	5.27E-02	9.71E-01	-8.13E-03	2.23E-01	2.13E-03	bad-chisq
group_18512	5.05E-02	5.27E-02	9.81E-01	-4.07E-03	1.69E-01	1.40E-03	bad-chisq
group_18480	5.05E-02	5.27E-02	9.78E-01	-5.67E-03	2.06E-01	1.60E-03	bad-chisq
group_18477	5.05E-02	5.27E-02	9.53E-01	-2.24E-02	3.82E-01	3.42E-03	bad-chisq
group_18442	5.05E-02	5.27E-02	9.53E-01	-2.24E-02	3.82E-01	3.42E-03	bad-chisq
group_18439	5.05E-02	5.27E-02	9.53E-01	-2.24E-02	3.82E-01	3.42E-03	bad-chisq
group_18438	5.05E-02	5.27E-02	9.53E-01	-2.24E-02	3.82E-01	3.42E-03	bad-chisq
group_18430	5.05E-02	5.27E-02	9.53E-01	-2.24E-02	3.82E-01	3.42E-03	bad-chisq
group_18414	5.05E-02	5.27E-02	9.71E-01	-8.13E-03	2.23E-01	2.13E-03	bad-chisq
group_18413	5.05E-02	5.27E-02	9.71E-01	-8.13E-03	2.23E-01	2.13E-03	bad-chisq
group_18345	5.05E-02	5.27E-02	9.53E-01	-2.24E-02	3.82E-01	3.42E-03	bad-chisq
group_18344	5.05E-02	5.27E-02	9.78E-01	-5.67E-03	2.06E-01	1.60E-03	bad-chisq
group_18342	5.05E-02	5.27E-02	9.53E-01	-2.24E-02	3.82E-01	3.42E-03	bad-chisq
group_18289	5.05E-02	5.27E-02	9.53E-01	-2.24E-02	3.82E-01	3.42E-03	bad-chisq
group_18288	5.05E-02	5.27E-02	9.53E-01	-2.24E-02	3.82E-01	3.42E-03	bad-chisq
group_18281	5.05E-02	5.27E-02	9.53E-01	-2.24E-02	3.82E-01	3.42E-03	bad-chisq
group_18280	5.05E-02	5.27E-02	9.53E-01	-2.24E-02	3.82E-01	3.42E-03	bad-chisq
group_18269	5.05E-02	5.27E-02	9.53E-01	-2.24E-02	3.82E-01	3.42E-03	bad-chisq
group_18244	5.05E-02	5.27E-02	9.71E-01	-8.13E-03	2.23E-01	2.13E-03	bad-chisq
tssH~~~clpV1	5.05E-02	5.27E-02	9.71E-01	-8.13E-03	2.23E-01	2.13E-03	bad-chisq
group_18200	5.05E-02	5.27E-02	9.53E-01	-2.24E-02	3.82E-01	3.42E-03	bad-chisq
group_18191	5.39E-02	4.51E-02	3.82E-01	-8.01E-02	9.14E-02	5.09E-02	bad-chisq
cysL~~~lysR	5.05E-02	5.27E-02	9.53E-01	-2.24E-02	3.82E-01	3.42E-03	bad-chisq
group_18121	5.05E-02	5.27E-02	9.70E-01	-9.23E-03	2.43E-01	2.22E-03	bad-chisq
group_18102	5.05E-02	5.27E-02	9.53E-01	-2.24E-02	3.82E-01	3.42E-03	bad-chisq
group_18091	5.05E-02	5.27E-02	9.53E-01	-2.24E-02	3.82E-01	3.42E-03	bad-chisq
group_18052	5.39E-02	1.77E-01	4.71E-01	-7.34E-02	1.02E-01	4.19E-02	bad-chisq
group_18050	5.39E-02	4.51E-02	2.29E-01	-1.09E-01	9.02E-02	7.00E-02	bad-chisq
group_18048	5.39E-02	1.77E-01	6.35E-01	-4.55E-02	9.59E-02	2.76E-02	bad-chisq
group_18046	5.05E-02	5.27E-02	9.71E-01	-8.13E-03	2.23E-01	2.13E-03	bad-chisq
group_18042	5.05E-02	5.27E-02	9.71E-01	-8.13E-03	2.23E-01	2.13E-03	bad-chisq
group_18023	5.05E-02	5.27E-02	9.53E-01	-2.24E-02	3.82E-01	3.42E-03	bad-chisq
group_17982	5.05E-02	5.27E-02	9.53E-01	-2.24E-02	3.82E-01	3.42E-03	bad-chisq
group_17970	5.05E-02	5.27E-02	9.53E-01	-2.24E-02	3.82E-01	3.42E-03	bad-chisq
group_17930	5.05E-02	5.27E-02	9.53E-01	-2.24E-02	3.82E-01	3.42E-03	bad-chisq
group_17923	5.39E-02	4.85E-01	5.79E-01	5.05E-02	9.09E-02	3.23E-02	
group_17902	5.05E-02	5.27E-02	9.53E-01	-2.24E-02	3.82E-01	3.42E-03	bad-chisq
group_17898	5.05E-02	5.27E-02	9.53E-01	-2.24E-02	3.82E-01	3.42E-03	bad-chisq
group_17827	5.05E-02	5.27E-02	9.53E-01	-2.24E-02	3.82E-01	3.42E-03	bad-chisq
group_17820	5.05E-02	5.27E-02	9.53E-01	-2.24E-02	3.82E-01	3.42E-03	bad-chisq
group_17759	5.05E-02	5.27E-02	9.71E-01	-8.13E-03	2.23E-01	2.13E-03	bad-chisq
tssK1~~~tssK	5.05E-02	5.27E-02	9.71E-01	-8.13E-03	2.23E-01	2.13E-03	bad-chisq
group_17692	5.05E-02	5.27E-02	9.53E-01	-2.24E-02	3.82E-01	3.42E-03	bad-chisq
group_17673	5.05E-02	5.27E-02	9.53E-01	-2.24E-02	3.82E-01	3.42E-03	bad-chisq
group_17671	5.05E-02	5.27E-02	9.53E-01	-2.24E-02	3.82E-01	3.42E-03	bad-chisq
group_17616	5.05E-02	5.27E-02	9.53E-01	-2.24E-02	3.82E-01	3.42E-03	bad-chisq
group_17576	5.05E-02	5.27E-02	9.53E-01	-2.24E-02	3.82E-01	3.42E-03	bad-chisq
group_17571	5.05E-02	5.27E-02	9.53E-01	-2.24E-02	3.82E-01	3.42E-03	bad-chisq
group_17500	5.05E-02	5.27E-02	9.53E-01	-2.24E-02	3.82E-01	3.42E-03	bad-chisq
group_17485	5.05E-02	5.27E-02	9.53E-01	-2.24E-02	3.82E-01	3.42E-03	bad-chisq
group_17484	5.05E-02	5.27E-02	9.53E-01	-2.24E-02	3.82E-01	3.42E-03	bad-chisq
comP	5.05E-02	5.27E-02	9.53E-01	-2.24E-02	3.82E-01	3.42E-03	bad-chisq
group_17399	5.05E-02	5.27E-02	9.71E-01	-8.13E-03	2.23E-01	2.13E-03	bad-chisq
icmF~~~tssM	5.05E-02	5.27E-02	9.71E-01	-8.13E-03	2.23E-01	2.13E-03	bad-chisq
group_17271	5.05E-02	5.27E-02	9.53E-01	-2.24E-02	3.82E-01	3.42E-03	bad-chisq
betB	5.05E-02	5.27E-02	9.53E-01	-2.24E-02	3.82E-01	3.42E-03	bad-chisq
group_17239	5.05E-02	5.27E-02	2.69E-01	-1.00E-01	9.06E-02	6.43E-02	bad-chisq
group_17176	5.05E-02	5.27E-02	9.53E-01	-2.24E-02	3.82E-01	3.42E-03	bad-chisq
group_17116	5.05E-02	5.27E-02	9.53E-01	-2.24E-02	3.82E-01	3.42E-03	bad-chisq
group_17074	5.05E-02	5.27E-02	9.53E-01	-2.24E-02	3.82E-01	3.42E-03	bad-chisq
group_17004	5.05E-02	5.27E-02	9.53E-01	-2.24E-02	3.82E-01	3.42E-03	bad-chisq
group_16967	5.05E-02	5.27E-02	9.53E-01	-2.24E-02	3.82E-01	3.42E-03	bad-chisq
group_16966	5.05E-02	5.27E-02	9.53E-01	-2.24E-02	3.82E-01	3.42E-03	bad-chisq
group_16856	5.05E-02	5.27E-02	9.53E-01	-2.24E-02	3.82E-01	3.42E-03	bad-chisq
tagF~~~sciT	5.05E-02	5.27E-02	9.71E-01	-8.13E-03	2.23E-01	2.13E-03	bad-chisq
yjcC	5.05E-02	5.27E-02	9.53E-01	-2.24E-02	3.82E-01	3.42E-03	bad-chisq
group_16653	5.05E-02	5.27E-02	9.53E-01	-2.24E-02	3.82E-01	3.42E-03	bad-chisq
group_16598	5.39E-02	1.03E-02	2.20E-04	3.45E-01	9.22E-02	2.13E-01	
group_16529	5.05E-02	5.27E-02	9.53E-01	-2.24E-02	3.82E-01	3.42E-03	bad-chisq
group_16508	5.39E-02	2.08E-01	2.95E-02	2.12E-01	9.68E-02	1.26E-01	
group_16477	5.05E-02	5.54E-01	8.16E-01	2.20E-02	9.41E-02	1.36E-02	
ytfP	5.05E-02	5.27E-02	9.53E-01	-2.24E-02	3.82E-01	3.42E-03	bad-chisq
clpB	5.05E-02	5.27E-02	9.53E-01	-2.24E-02	3.82E-01	3.42E-03	bad-chisq
group_16283	5.05E-02	5.54E-01	8.16E-01	2.20E-02	9.41E-02	1.36E-02	
group_15949	5.05E-02	5.27E-02	9.53E-01	-2.24E-02	3.82E-01	3.42E-03	bad-chisq
group_15934	5.05E-02	5.27E-02	9.53E-01	-2.24E-02	3.82E-01	3.42E-03	bad-chisq
group_15915	5.05E-02	5.27E-02	9.53E-01	-2.24E-02	3.82E-01	3.42E-03	bad-chisq
group_15853	5.05E-02	5.27E-02	9.53E-01	-2.24E-02	3.82E-01	3.42E-03	bad-chisq
group_15822	5.05E-02	5.27E-02	9.53E-01	-2.24E-02	3.82E-01	3.42E-03	bad-chisq
group_15803	5.05E-02	5.27E-02	9.53E-01	-2.24E-02	3.82E-01	3.42E-03	bad-chisq
group_15791	5.05E-02	5.27E-02	9.53E-01	-2.24E-02	3.82E-01	3.42E-03	bad-chisq
group_15754	5.05E-02	5.27E-02	9.53E-01	-2.24E-02	3.82E-01	3.42E-03	bad-chisq
group_15738	5.05E-02	5.27E-02	9.53E-01	-2.24E-02	3.82E-01	3.42E-03	bad-chisq
group_15702	5.05E-02	5.27E-02	9.53E-01	-2.24E-02	3.82E-01	3.42E-03	bad-chisq
group_15691	5.05E-02	5.27E-02	9.53E-01	-2.24E-02	3.82E-01	3.42E-03	bad-chisq
group_15688	5.05E-02	5.27E-02	9.53E-01	-2.24E-02	3.82E-01	3.42E-03	bad-chisq
mug	5.05E-02	5.27E-02	9.53E-01	-2.24E-02	3.82E-01	3.42E-03	bad-chisq
group_15602	5.05E-02	5.27E-02	9.53E-01	-2.24E-02	3.82E-01	3.42E-03	bad-chisq
group_15582	5.05E-02	5.27E-02	9.53E-01	-2.24E-02	3.82E-01	3.42E-03	bad-chisq
group_15516	5.05E-02	5.27E-02	9.53E-01	-2.24E-02	3.82E-01	3.42E-03	bad-chisq
group_15505	5.05E-02	5.27E-02	9.53E-01	-2.24E-02	3.82E-01	3.42E-03	bad-chisq
nrfD	5.05E-02	5.27E-02	9.53E-01	-2.24E-02	3.82E-01	3.42E-03	bad-chisq
group_15470	5.05E-02	5.27E-02	9.53E-01	-2.24E-02	3.82E-01	3.42E-03	bad-chisq
group_15428	5.05E-02	5.27E-02	9.53E-01	-2.24E-02	3.82E-01	3.42E-03	bad-chisq
group_15399	5.05E-02	5.27E-02	9.53E-01	-2.24E-02	3.82E-01	3.42E-03	bad-chisq
group_15390	5.05E-02	5.27E-02	9.53E-01	-2.24E-02	3.82E-01	3.42E-03	bad-chisq
group_15387	5.39E-02	4.51E-02	5.40E-01	-7.79E-02	1.27E-01	3.57E-02	bad-chisq
group_15346	5.05E-02	5.27E-02	9.53E-01	-2.24E-02	3.82E-01	3.42E-03	bad-chisq
group_15310	5.05E-02	5.27E-02	9.53E-01	-2.24E-02	3.82E-01	3.42E-03	bad-chisq
ccmI~~~ccmH	5.05E-02	5.27E-02	9.53E-01	-2.24E-02	3.82E-01	3.42E-03	bad-chisq
group_15231	5.05E-02	5.27E-02	9.53E-01	-2.24E-02	3.82E-01	3.42E-03	bad-chisq
group_15216	5.05E-02	5.27E-02	9.53E-01	-2.24E-02	3.82E-01	3.42E-03	bad-chisq
rhtA	5.05E-02	5.27E-02	9.53E-01	-2.24E-02	3.82E-01	3.42E-03	bad-chisq
group_15102	5.05E-02	5.27E-02	9.53E-01	-2.24E-02	3.82E-01	3.42E-03	bad-chisq
ydcJ	5.05E-02	5.27E-02	9.53E-01	-2.24E-02	3.82E-01	3.42E-03	bad-chisq
group_15030	5.05E-02	5.27E-02	9.53E-01	-2.24E-02	3.82E-01	3.42E-03	bad-chisq
group_15013	5.05E-02	5.27E-02	9.53E-01	-2.24E-02	3.82E-01	3.42E-03	bad-chisq
group_14996	5.05E-02	5.27E-02	9.53E-01	-2.24E-02	3.82E-01	3.42E-03	bad-chisq
group_14969	5.05E-02	5.27E-02	9.53E-01	-2.24E-02	3.82E-01	3.42E-03	bad-chisq
group_14942	5.05E-02	5.27E-02	9.53E-01	-2.24E-02	3.82E-01	3.42E-03	bad-chisq
group_14887	5.05E-02	5.27E-02	9.53E-01	-2.24E-02	3.82E-01	3.42E-03	bad-chisq
group_14838	5.05E-02	5.27E-02	9.53E-01	-2.24E-02	3.82E-01	3.42E-03	bad-chisq
group_14824	5.05E-02	5.27E-02	9.53E-01	-2.24E-02	3.82E-01	3.42E-03	bad-chisq
group_14783	5.05E-02	5.27E-02	9.53E-01	-2.24E-02	3.82E-01	3.42E-03	bad-chisq
group_14691	5.05E-02	5.27E-02	9.53E-01	-2.24E-02	3.82E-01	3.42E-03	bad-chisq
group_14634	5.05E-02	5.27E-02	9.53E-01	-2.24E-02	3.82E-01	3.42E-03	bad-chisq
group_14610	5.05E-02	5.27E-02	9.53E-01	-2.24E-02	3.82E-01	3.42E-03	bad-chisq
group_14545	5.05E-02	5.27E-02	9.53E-01	-2.24E-02	3.82E-01	3.42E-03	bad-chisq
styA	5.05E-02	5.27E-02	9.53E-01	-2.24E-02	3.82E-01	3.42E-03	bad-chisq
group_14508	5.05E-02	5.27E-02	9.53E-01	-2.24E-02	3.82E-01	3.42E-03	bad-chisq
group_14446	5.39E-02	4.51E-02	6.79E-03	-3.74E-01	1.37E-01	1.57E-01	bad-chisq
group_14432	5.05E-02	5.27E-02	9.53E-01	-2.24E-02	3.82E-01	3.42E-03	bad-chisq
group_14362	5.05E-02	5.27E-02	9.53E-01	-2.24E-02	3.82E-01	3.42E-03	bad-chisq
group_14327	5.05E-02	5.27E-02	9.53E-01	-2.24E-02	3.82E-01	3.42E-03	bad-chisq
group_14283	5.39E-02	9.63E-01	1.68E-01	1.30E-01	9.38E-02	8.01E-02	
group_14258	5.05E-02	5.27E-02	9.53E-01	-2.24E-02	3.82E-01	3.42E-03	bad-chisq
group_14246	5.05E-02	5.27E-02	9.53E-01	-2.24E-02	3.82E-01	3.42E-03	bad-chisq
group_14228	5.05E-02	5.27E-02	9.53E-01	-2.24E-02	3.82E-01	3.42E-03	bad-chisq
group_14171	5.39E-02	4.51E-02	6.79E-03	-3.74E-01	1.37E-01	1.57E-01	bad-chisq
group_14156	5.05E-02	5.27E-02	9.53E-01	-2.24E-02	3.82E-01	3.42E-03	bad-chisq
group_14155	5.05E-02	5.27E-02	9.53E-01	-2.24E-02	3.82E-01	3.42E-03	bad-chisq
group_14079	5.05E-02	5.27E-02	9.53E-01	-2.24E-02	3.82E-01	3.42E-03	bad-chisq
group_14074	5.05E-02	5.27E-02	9.53E-01	-2.24E-02	3.82E-01	3.42E-03	bad-chisq
group_14068	5.05E-02	5.54E-01	8.16E-01	2.20E-02	9.41E-02	1.36E-02	
group_14064	5.39E-02	1.77E-01	9.35E-01	-7.60E-03	9.35E-02	4.73E-03	bad-chisq
group_14034	5.05E-02	5.27E-02	9.53E-01	-2.24E-02	3.82E-01	3.42E-03	bad-chisq
cobW~~~yjiA	5.05E-02	5.27E-02	9.53E-01	-2.24E-02	3.82E-01	3.42E-03	bad-chisq
group_13917	5.05E-02	5.27E-02	9.53E-01	-2.24E-02	3.82E-01	3.42E-03	bad-chisq
group_13884	5.05E-02	5.27E-02	9.53E-01	-2.24E-02	3.82E-01	3.42E-03	bad-chisq
group_13782	5.05E-02	5.27E-02	9.53E-01	-2.24E-02	3.82E-01	3.42E-03	bad-chisq
group_13665	5.05E-02	5.27E-02	9.53E-01	-2.24E-02	3.82E-01	3.42E-03	bad-chisq
ccmC	5.05E-02	5.27E-02	9.53E-01	-2.24E-02	3.82E-01	3.42E-03	bad-chisq
group_13640	5.39E-02	1.77E-01	9.35E-01	-7.60E-03	9.35E-02	4.73E-03	bad-chisq
yciW~~~ahpD	5.05E-02	5.27E-02	9.53E-01	-2.24E-02	3.82E-01	3.42E-03	bad-chisq
group_13577	5.05E-02	5.27E-02	9.53E-01	-2.24E-02	3.82E-01	3.42E-03	bad-chisq
group_13562	5.39E-02	1.77E-01	9.35E-01	-7.60E-03	9.35E-02	4.73E-03	bad-chisq
group_13525	5.05E-02	5.27E-02	9.53E-01	-2.24E-02	3.82E-01	3.42E-03	bad-chisq
group_13478	5.05E-02	5.27E-02	9.53E-01	-2.24E-02	3.82E-01	3.42E-03	bad-chisq
mhpD	5.05E-02	5.27E-02	9.53E-01	-2.24E-02	3.82E-01	3.42E-03	bad-chisq
group_13452	5.05E-02	5.27E-02	9.53E-01	-2.24E-02	3.82E-01	3.42E-03	bad-chisq
cFF1	5.05E-02	5.27E-02	9.53E-01	-2.24E-02	3.82E-01	3.42E-03	bad-chisq
group_13396	5.39E-02	9.63E-01	1.68E-01	1.30E-01	9.38E-02	8.01E-02	
group_13395	5.05E-02	5.27E-02	9.53E-01	-2.24E-02	3.82E-01	3.42E-03	bad-chisq
group_13392	5.05E-02	5.27E-02	9.53E-01	-2.24E-02	3.82E-01	3.42E-03	bad-chisq
group_13390	5.05E-02	5.27E-02	9.53E-01	-2.24E-02	3.82E-01	3.42E-03	bad-chisq
group_13368	5.05E-02	5.27E-02	9.53E-01	-2.24E-02	3.82E-01	3.42E-03	bad-chisq
group_13324	5.05E-02	5.27E-02	9.53E-01	-2.24E-02	3.82E-01	3.42E-03	bad-chisq
group_13193	5.05E-02	5.27E-02	9.53E-01	-2.24E-02	3.82E-01	3.42E-03	bad-chisq
group_13106	5.39E-02	1.77E-01	8.54E-01	2.35E-02	1.28E-01	1.07E-02	bad-chisq
group_13009	5.05E-02	5.27E-02	9.53E-01	-2.24E-02	3.82E-01	3.42E-03	bad-chisq
group_12983	5.39E-02	1.77E-01	9.35E-01	-7.60E-03	9.35E-02	4.73E-03	bad-chisq
group_12926	5.05E-02	5.27E-02	9.53E-01	-2.24E-02	3.82E-01	3.42E-03	bad-chisq
phnC	5.39E-02	9.63E-01	1.68E-01	1.30E-01	9.38E-02	8.01E-02	
group_12840	5.05E-02	5.27E-02	9.53E-01	-2.24E-02	3.82E-01	3.42E-03	bad-chisq
group_12753	5.05E-02	5.27E-02	9.53E-01	-2.24E-02	3.82E-01	3.42E-03	bad-chisq
group_12750	5.05E-02	5.27E-02	9.53E-01	-2.24E-02	3.82E-01	3.42E-03	bad-chisq
group_12730	5.05E-02	5.27E-02	9.53E-01	-2.24E-02	3.82E-01	3.42E-03	bad-chisq
group_12695	5.05E-02	2.06E-01	7.88E-01	-2.55E-02	9.47E-02	1.57E-02	bad-chisq
group_12669	5.05E-02	5.27E-02	9.53E-01	-2.24E-02	3.82E-01	3.42E-03	bad-chisq
group_12656	5.05E-02	5.27E-02	9.53E-01	-2.24E-02	3.82E-01	3.42E-03	bad-chisq
group_12480	5.05E-02	5.27E-02	9.53E-01	-2.24E-02	3.82E-01	3.42E-03	bad-chisq
group_12449	5.05E-02	5.27E-02	9.53E-01	-2.24E-02	3.82E-01	3.42E-03	bad-chisq
group_12448	5.05E-02	5.27E-02	9.53E-01	-2.24E-02	3.82E-01	3.42E-03	bad-chisq
napC	5.05E-02	5.27E-02	9.53E-01	-2.24E-02	3.82E-01	3.42E-03	bad-chisq
group_12269	5.05E-02	5.27E-02	9.53E-01	-2.24E-02	3.82E-01	3.42E-03	bad-chisq
parB~~~parG	5.39E-02	1.77E-01	9.35E-01	-7.60E-03	9.35E-02	4.73E-03	bad-chisq
group_12214	5.05E-02	5.27E-02	9.53E-01	-2.24E-02	3.82E-01	3.42E-03	bad-chisq
group_12184	5.05E-02	5.27E-02	9.53E-01	-2.24E-02	3.82E-01	3.42E-03	bad-chisq
group_12127	5.05E-02	5.27E-02	9.53E-01	-2.24E-02	3.82E-01	3.42E-03	bad-chisq
group_12073	5.05E-02	5.27E-02	9.53E-01	-2.24E-02	3.82E-01	3.42E-03	bad-chisq
group_11966	5.05E-02	5.27E-02	9.53E-01	-2.24E-02	3.82E-01	3.42E-03	bad-chisq
tauE	5.05E-02	5.27E-02	9.53E-01	-2.24E-02	3.82E-01	3.42E-03	bad-chisq
group_11932	5.05E-02	5.27E-02	9.53E-01	-2.24E-02	3.82E-01	3.42E-03	bad-chisq
allA	5.05E-02	5.27E-02	9.53E-01	-2.24E-02	3.82E-01	3.42E-03	bad-chisq
group_11857	5.05E-02	5.27E-02	9.53E-01	-2.24E-02	3.82E-01	3.42E-03	bad-chisq
yutF	5.05E-02	5.27E-02	9.53E-01	-2.24E-02	3.82E-01	3.42E-03	bad-chisq
sunT	5.05E-02	5.27E-02	9.53E-01	-2.24E-02	3.82E-01	3.42E-03	bad-chisq
trbM	5.39E-02	1.77E-01	9.51E-01	-6.01E-03	9.68E-02	3.61E-03	bad-chisq
group_11607	5.05E-02	5.27E-02	9.53E-01	-2.24E-02	3.82E-01	3.42E-03	bad-chisq
group_11583	5.39E-02	1.77E-01	6.35E-01	-4.55E-02	9.59E-02	2.76E-02	bad-chisq
group_11578	5.39E-02	9.63E-01	1.68E-01	1.30E-01	9.38E-02	8.01E-02	
group_11559	5.05E-02	5.27E-02	9.53E-01	-2.24E-02	3.82E-01	3.42E-03	bad-chisq
pucG	5.05E-02	5.27E-02	9.53E-01	-2.24E-02	3.82E-01	3.42E-03	bad-chisq
group_11479	5.05E-02	5.27E-02	9.53E-01	-2.24E-02	3.82E-01	3.42E-03	bad-chisq
group_11390	5.39E-02	4.51E-02	2.35E-01	-1.09E-01	9.18E-02	6.91E-02	bad-chisq
group_11372	5.39E-02	4.51E-02	3.96E-01	-8.92E-02	1.05E-01	4.94E-02	bad-chisq
group_11305	5.05E-02	5.27E-02	9.53E-01	-2.24E-02	3.82E-01	3.42E-03	bad-chisq
group_11259	5.39E-02	1.77E-01	8.74E-01	-1.70E-02	1.07E-01	9.23E-03	bad-chisq
group_11229	5.05E-02	5.27E-02	9.53E-01	-2.24E-02	3.82E-01	3.42E-03	bad-chisq
group_11142	5.05E-02	5.27E-02	9.53E-01	-2.24E-02	3.82E-01	3.42E-03	bad-chisq
group_11115	5.05E-02	5.27E-02	9.53E-01	-2.24E-02	3.82E-01	3.42E-03	bad-chisq
ydcH	5.05E-02	5.27E-02	9.53E-01	-2.24E-02	3.82E-01	3.42E-03	bad-chisq
group_11017	5.39E-02	1.77E-01	8.54E-01	2.35E-02	1.28E-01	1.07E-02	bad-chisq
group_11014	5.05E-02	5.27E-02	9.53E-01	-2.24E-02	3.82E-01	3.42E-03	bad-chisq
group_10957	5.05E-02	5.27E-02	9.53E-01	-2.24E-02	3.82E-01	3.42E-03	bad-chisq
group_10837	5.05E-02	5.27E-02	9.53E-01	-2.24E-02	3.82E-01	3.42E-03	bad-chisq
fadR	5.05E-02	5.27E-02	9.53E-01	-2.24E-02	3.82E-01	3.42E-03	bad-chisq
group_10811	5.05E-02	5.27E-02	9.53E-01	-2.24E-02	3.82E-01	3.42E-03	bad-chisq
group_10670	5.05E-02	5.27E-02	9.53E-01	-2.24E-02	3.82E-01	3.42E-03	bad-chisq
group_10569	5.39E-02	9.63E-01	1.68E-01	1.30E-01	9.38E-02	8.01E-02	
group_10420	5.39E-02	4.51E-02	5.36E-01	-7.79E-02	1.26E-01	3.61E-02	bad-chisq
mscK	5.05E-02	5.27E-02	9.53E-01	-2.24E-02	3.82E-01	3.42E-03	bad-chisq
group_10273	5.05E-02	5.27E-02	9.53E-01	-2.24E-02	3.82E-01	3.42E-03	bad-chisq
group_10239	5.39E-02	4.51E-02	2.88E-01	-1.02E-01	9.62E-02	6.19E-02	bad-chisq
group_10219	5.05E-02	5.27E-02	9.53E-01	-2.24E-02	3.82E-01	3.42E-03	bad-chisq
group_10218	5.05E-02	5.27E-02	9.53E-01	-2.24E-02	3.82E-01	3.42E-03	bad-chisq
group_10115	5.39E-02	1.77E-01	8.54E-01	2.35E-02	1.28E-01	1.07E-02	bad-chisq
group_10008	5.39E-02	9.63E-01	2.33E-01	1.05E-01	8.79E-02	6.94E-02	
group_9988	5.39E-02	4.51E-02	2.22E-01	-1.16E-01	9.49E-02	7.11E-02	bad-chisq
group_9919	5.39E-02	4.51E-02	3.96E-01	-8.92E-02	1.05E-01	4.94E-02	bad-chisq
group_9814	5.05E-02	5.27E-02	9.53E-01	-2.24E-02	3.82E-01	3.42E-03	bad-chisq
group_9675	5.39E-02	4.51E-02	2.29E-01	-1.07E-01	8.86E-02	7.01E-02	bad-chisq
pldA	5.05E-02	5.27E-02	9.53E-01	-2.24E-02	3.82E-01	3.42E-03	bad-chisq
group_9489	5.05E-02	5.27E-02	9.53E-01	-2.24E-02	3.82E-01	3.42E-03	bad-chisq
cybB	5.39E-02	9.63E-01	1.15E-01	1.51E-01	9.58E-02	9.15E-02	
group_9482	5.39E-02	9.63E-01	1.15E-01	1.51E-01	9.58E-02	9.15E-02	
group_9481	5.05E-02	5.27E-02	9.53E-01	-2.24E-02	3.82E-01	3.42E-03	bad-chisq
group_9424	5.39E-02	4.85E-01	8.09E-01	2.19E-02	9.06E-02	1.41E-02	
eRG3	5.05E-02	5.27E-02	9.53E-01	-2.24E-02	3.82E-01	3.42E-03	bad-chisq
group_9355	5.05E-02	5.27E-02	9.53E-01	-2.24E-02	3.82E-01	3.42E-03	bad-chisq
group_9352	5.05E-02	5.27E-02	9.53E-01	-2.24E-02	3.82E-01	3.42E-03	bad-chisq
group_9320	5.39E-02	4.51E-02	3.96E-01	-8.92E-02	1.05E-01	4.94E-02	bad-chisq
group_9152	5.39E-02	4.51E-02	3.96E-01	-8.92E-02	1.05E-01	4.94E-02	bad-chisq
group_9084	5.05E-02	5.27E-02	9.53E-01	-2.24E-02	3.82E-01	3.42E-03	bad-chisq
group_9035	5.05E-02	5.27E-02	9.53E-01	-2.24E-02	3.82E-01	3.42E-03	bad-chisq
hutI	5.05E-02	5.27E-02	9.53E-01	-2.24E-02	3.82E-01	3.42E-03	bad-chisq
group_8584	5.39E-02	4.51E-02	9.76E-01	-7.51E-03	2.51E-01	1.74E-03	bad-chisq
group_8511	5.39E-02	1.77E-01	8.67E-01	2.07E-02	1.23E-01	9.79E-03	bad-chisq
group_8257	5.05E-02	5.27E-02	9.53E-01	-2.24E-02	3.82E-01	3.42E-03	bad-chisq
group_8165	5.05E-02	5.27E-02	9.53E-01	-2.24E-02	3.82E-01	3.42E-03	bad-chisq
group_8164	5.05E-02	5.27E-02	9.53E-01	-2.24E-02	3.82E-01	3.42E-03	bad-chisq
group_8004	5.39E-02	9.63E-01	1.15E-01	1.51E-01	9.58E-02	9.15E-02	
group_8003	5.39E-02	9.63E-01	1.15E-01	1.51E-01	9.58E-02	9.15E-02	
group_7974	5.39E-02	4.51E-02	3.96E-01	-8.92E-02	1.05E-01	4.94E-02	bad-chisq
group_7973	5.39E-02	4.51E-02	3.96E-01	-8.92E-02	1.05E-01	4.94E-02	bad-chisq
group_7746	5.39E-02	4.51E-02	3.96E-01	-8.92E-02	1.05E-01	4.94E-02	bad-chisq
group_7679	5.39E-02	4.51E-02	5.40E-01	-7.79E-02	1.27E-01	3.57E-02	bad-chisq
group_7670	5.39E-02	4.51E-02	3.96E-01	-8.70E-02	1.02E-01	4.94E-02	bad-chisq
napD	5.05E-02	5.27E-02	9.53E-01	-2.24E-02	3.82E-01	3.42E-03	bad-chisq
group_7397	5.39E-02	1.77E-01	8.54E-01	2.35E-02	1.28E-01	1.07E-02	bad-chisq
group_7317	5.39E-02	4.51E-02	3.96E-01	-8.92E-02	1.05E-01	4.94E-02	bad-chisq
group_7310	5.39E-02	4.51E-02	3.96E-01	-8.92E-02	1.05E-01	4.94E-02	bad-chisq
group_7224	5.39E-02	4.51E-02	5.47E-01	-7.47E-02	1.24E-01	3.51E-02	bad-chisq
group_7220	5.39E-02	4.51E-02	3.96E-01	-8.92E-02	1.05E-01	4.94E-02	bad-chisq
pdxK	5.05E-02	5.27E-02	9.53E-01	-2.24E-02	3.82E-01	3.42E-03	bad-chisq
group_6964	5.39E-02	4.51E-02	5.40E-01	-7.79E-02	1.27E-01	3.57E-02	bad-chisq
group_6961	5.39E-02	4.85E-01	7.48E-01	3.19E-02	9.94E-02	1.87E-02	
rocR~~~zraR	5.05E-02	5.27E-02	9.53E-01	-2.24E-02	3.82E-01	3.42E-03	bad-chisq
ccc1	5.39E-02	9.63E-01	1.15E-01	1.51E-01	9.58E-02	9.15E-02	
group_6907	5.05E-02	5.27E-02	9.53E-01	-2.24E-02	3.82E-01	3.42E-03	bad-chisq
group_6768	5.05E-02	5.27E-02	9.53E-01	-2.24E-02	3.82E-01	3.42E-03	bad-chisq
group_6675	5.05E-02	5.27E-02	9.53E-01	-2.24E-02	3.82E-01	3.42E-03	bad-chisq
group_6674	5.05E-02	5.27E-02	9.53E-01	-2.24E-02	3.82E-01	3.42E-03	bad-chisq
group_6635	5.39E-02	4.51E-02	3.96E-01	-8.92E-02	1.05E-01	4.94E-02	bad-chisq
group_6244	5.39E-02	4.51E-02	5.40E-01	-7.79E-02	1.27E-01	3.57E-02	bad-chisq
group_6236	5.05E-02	5.27E-02	9.53E-01	-2.24E-02	3.82E-01	3.42E-03	bad-chisq
group_6235	5.05E-02	5.27E-02	9.53E-01	-2.24E-02	3.82E-01	3.42E-03	bad-chisq
argP	5.39E-02	4.51E-02	5.40E-01	-7.79E-02	1.27E-01	3.57E-02	bad-chisq
group_5799	5.39E-02	4.51E-02	9.63E-01	-1.47E-02	3.15E-01	2.71E-03	bad-chisq
gltK	5.39E-02	4.51E-02	5.40E-01	-7.79E-02	1.27E-01	3.57E-02	bad-chisq
group_5649	5.39E-02	4.51E-02	3.91E-01	-7.99E-02	9.30E-02	4.99E-02	bad-chisq
group_5630	5.39E-02	1.77E-01	8.43E-01	2.70E-02	1.37E-01	1.15E-02	bad-chisq
gbpR	5.39E-02	4.51E-02	9.76E-01	-7.51E-03	2.51E-01	1.74E-03	bad-chisq
group_5540	5.39E-02	4.51E-02	9.76E-01	-7.51E-03	2.51E-01	1.74E-03	bad-chisq
group_5126	5.05E-02	5.27E-02	9.53E-01	-2.24E-02	3.82E-01	3.42E-03	bad-chisq
gsiC~~~dppB	5.05E-02	5.27E-02	9.53E-01	-2.24E-02	3.82E-01	3.42E-03	bad-chisq
tcpQ	5.39E-02	1.77E-01	9.51E-01	-6.01E-03	9.68E-02	3.61E-03	bad-chisq
bktB	5.39E-02	4.51E-02	3.96E-01	-8.92E-02	1.05E-01	4.94E-02	bad-chisq
group_4787	5.39E-02	9.63E-01	1.15E-01	1.51E-01	9.58E-02	9.15E-02	
group_4743	5.39E-02	4.51E-02	3.96E-01	-8.92E-02	1.05E-01	4.94E-02	bad-chisq
pepP	5.39E-02	4.51E-02	9.76E-01	-7.51E-03	2.51E-01	1.74E-03	bad-chisq
group_4328	5.39E-02	4.51E-02	3.96E-01	-8.92E-02	1.05E-01	4.94E-02	bad-chisq
group_4256	5.39E-02	4.51E-02	3.96E-01	-8.92E-02	1.05E-01	4.94E-02	bad-chisq
group_4237	5.39E-02	4.51E-02	3.96E-01	-8.92E-02	1.05E-01	4.94E-02	bad-chisq
group_4200	5.39E-02	4.51E-02	3.96E-01	-8.92E-02	1.05E-01	4.94E-02	bad-chisq
group_4009	5.39E-02	1.77E-01	8.54E-01	2.35E-02	1.28E-01	1.07E-02	bad-chisq
group_3986	5.39E-02	1.77E-01	9.62E-01	-4.62E-03	9.72E-02	2.77E-03	bad-chisq
group_3932	5.39E-02	4.51E-02	3.96E-01	-8.92E-02	1.05E-01	4.94E-02	bad-chisq
group_3850	5.39E-02	4.51E-02	5.40E-01	-7.79E-02	1.27E-01	3.57E-02	bad-chisq
group_3790	5.05E-02	2.06E-01	7.88E-01	-2.55E-02	9.47E-02	1.57E-02	bad-chisq
group_3738	5.39E-02	1.77E-01	8.54E-01	2.35E-02	1.28E-01	1.07E-02	bad-chisq
group_3143	5.39E-02	1.77E-01	8.42E-01	2.71E-02	1.36E-01	1.16E-02	bad-chisq
group_2990	5.39E-02	1.77E-01	8.66E-01	-1.66E-02	9.82E-02	9.84E-03	bad-chisq
napE	5.05E-02	5.27E-02	9.53E-01	-2.24E-02	3.82E-01	3.42E-03	bad-chisq
group_1785	5.39E-02	4.51E-02	2.69E-01	-1.06E-01	9.60E-02	6.44E-02	bad-chisq
group_1769	5.39E-02	4.51E-02	3.96E-01	-8.92E-02	1.05E-01	4.94E-02	bad-chisq
group_990	5.39E-02	4.51E-02	3.96E-01	-8.92E-02	1.05E-01	4.94E-02	bad-chisq
group_809	5.39E-02	4.51E-02	3.96E-01	-8.92E-02	1.05E-01	4.94E-02	bad-chisq
group_760	5.39E-02	4.51E-02	3.96E-01	-8.92E-02	1.05E-01	4.94E-02	bad-chisq
group_632	5.39E-02	4.51E-02	3.86E-01	-8.84E-02	1.02E-01	5.05E-02	bad-chisq
group_411	5.39E-02	4.51E-02	3.96E-01	-8.92E-02	1.05E-01	4.94E-02	bad-chisq
group_39	5.39E-02	4.51E-02	3.96E-01	-8.92E-02	1.05E-01	4.94E-02	bad-chisq
group_24242	5.05E-02	2.06E-01	7.27E-01	-3.50E-02	9.99E-02	2.04E-02	bad-chisq
group_22651	5.05E-02	9.35E-01	1.35E-01	1.46E-01	9.76E-02	8.69E-02	
group_22278	5.05E-02	5.54E-01	5.54E-01	6.01E-02	1.02E-01	3.44E-02	
group_21396	5.05E-02	9.35E-01	1.35E-01	1.46E-01	9.76E-02	8.69E-02	
group_20775	5.05E-02	5.27E-02	9.57E-01	-1.61E-02	2.99E-01	3.13E-03	bad-chisq
group_20774	5.05E-02	5.27E-02	9.57E-01	-1.61E-02	2.99E-01	3.13E-03	bad-chisq
group_20773	5.05E-02	5.27E-02	9.57E-01	-1.61E-02	2.99E-01	3.13E-03	bad-chisq
group_20729	5.05E-02	5.27E-02	9.57E-01	-1.61E-02	2.99E-01	3.13E-03	bad-chisq
group_20304	5.05E-02	5.27E-02	3.71E-01	-8.28E-02	9.24E-02	5.21E-02	bad-chisq
group_19953	5.05E-02	5.27E-02	4.19E-01	-8.67E-02	1.07E-01	4.71E-02	bad-chisq
group_19928	5.05E-02	3.57E-02	3.91E-03	2.73E-01	9.39E-02	1.67E-01	
group_19894	5.05E-02	2.06E-01	9.04E-01	1.17E-02	9.66E-02	7.06E-03	bad-chisq
yjcH	5.05E-02	5.27E-02	9.75E-01	-7.89E-03	2.48E-01	1.85E-03	bad-chisq
group_19747	5.05E-02	5.27E-02	9.75E-01	-7.89E-03	2.48E-01	1.85E-03	bad-chisq
group_19682	5.05E-02	5.27E-02	9.75E-01	-7.89E-03	2.48E-01	1.85E-03	bad-chisq
group_19667	5.05E-02	2.06E-01	9.77E-01	-2.86E-03	9.89E-02	1.69E-03	bad-chisq
group_19659	5.05E-02	5.27E-02	3.37E-01	-9.43E-02	9.80E-02	5.59E-02	bad-chisq
group_19634	5.05E-02	1.54E-01	1.65E-02	2.25E-01	9.35E-02	1.39E-01	
group_19597	5.05E-02	5.27E-02	5.62E-01	-7.42E-02	1.28E-01	3.38E-02	bad-chisq
group_19522	5.05E-02	5.27E-02	3.60E-01	-8.89E-02	9.68E-02	5.34E-02	bad-chisq
group_19376	5.05E-02	5.27E-02	5.60E-01	-5.72E-02	9.81E-02	3.39E-02	bad-chisq
group_18955	5.05E-02	5.27E-02	4.16E-01	-7.90E-02	9.70E-02	4.74E-02	bad-chisq
group_18516	5.05E-02	5.54E-01	6.65E-01	4.37E-02	1.01E-01	2.52E-02	
group_18171	5.05E-02	2.06E-01	7.27E-01	-3.50E-02	9.99E-02	2.04E-02	bad-chisq
group_17944	5.05E-02	2.06E-01	7.27E-01	-3.50E-02	9.99E-02	2.04E-02	bad-chisq
group_17772	5.05E-02	5.27E-02	1.72E-01	-1.36E-01	9.96E-02	7.95E-02	bad-chisq
group_17470	5.05E-02	2.06E-01	7.35E-01	-3.13E-02	9.23E-02	1.97E-02	bad-chisq
group_17466	5.05E-02	9.35E-01	1.35E-01	1.46E-01	9.76E-02	8.69E-02	
parB~~~spo0J	5.05E-02	9.35E-01	1.35E-01	1.46E-01	9.76E-02	8.69E-02	
group_17452	5.05E-02	5.27E-02	6.17E-01	-8.21E-02	1.64E-01	2.92E-02	bad-chisq
group_16912	5.05E-02	5.27E-02	6.17E-01	-8.21E-02	1.64E-01	2.92E-02	bad-chisq
group_16784	5.05E-02	5.27E-02	9.72E-01	-7.56E-03	2.15E-01	2.05E-03	bad-chisq
group_16289	5.05E-02	5.27E-02	3.26E-01	-9.22E-02	9.37E-02	5.72E-02	bad-chisq
group_16282	5.05E-02	1.54E-01	6.94E-02	1.70E-01	9.35E-02	1.06E-01	
group_16092	5.05E-02	5.54E-01	8.00E-01	2.40E-02	9.47E-02	1.48E-02	
group_16086	5.05E-02	1.54E-01	4.20E-02	1.93E-01	9.45E-02	1.18E-01	
group_16069	5.05E-02	5.27E-02	5.48E-01	-6.63E-02	1.10E-01	3.50E-02	bad-chisq
group_15863	5.05E-02	5.27E-02	9.70E-01	-9.78E-03	2.63E-01	2.16E-03	bad-chisq
group_14397	5.05E-02	9.35E-01	1.35E-01	1.46E-01	9.76E-02	8.69E-02	
group_14122	5.05E-02	9.35E-01	1.35E-01	1.46E-01	9.76E-02	8.69E-02	
group_13735	5.05E-02	9.35E-01	1.35E-01	1.46E-01	9.76E-02	8.69E-02	
group_13734	5.05E-02	5.27E-02	9.72E-01	-7.56E-03	2.15E-01	2.05E-03	bad-chisq
group_13573	5.05E-02	5.27E-02	3.25E-01	-9.36E-02	9.49E-02	5.73E-02	bad-chisq
group_13543	5.05E-02	3.57E-02	5.54E-03	2.60E-01	9.29E-02	1.61E-01	
group_13126	5.05E-02	9.35E-01	1.35E-01	1.46E-01	9.76E-02	8.69E-02	
group_13124	5.05E-02	5.27E-02	9.72E-01	-7.56E-03	2.15E-01	2.05E-03	bad-chisq
group_12967	5.05E-02	5.54E-01	6.56E-01	4.54E-02	1.02E-01	2.59E-02	
group_12950	5.05E-02	3.57E-02	5.54E-03	2.60E-01	9.29E-02	1.61E-01	
group_12722	5.05E-02	2.06E-01	8.09E-01	3.39E-02	1.40E-01	1.41E-02	bad-chisq
group_12498	5.05E-02	5.27E-02	3.44E-01	-1.05E-01	1.11E-01	5.51E-02	bad-chisq
group_12468	5.05E-02	5.27E-02	3.20E-01	-9.57E-02	9.61E-02	5.79E-02	bad-chisq
group_12393	5.05E-02	9.35E-01	1.35E-01	1.46E-01	9.76E-02	8.69E-02	
group_12271	5.05E-02	2.06E-01	7.27E-01	-3.50E-02	9.99E-02	2.04E-02	bad-chisq
group_12265	5.05E-02	3.57E-02	5.54E-03	2.60E-01	9.29E-02	1.61E-01	
group_12207	5.05E-02	3.57E-02	5.54E-03	2.60E-01	9.29E-02	1.61E-01	
group_12168	5.05E-02	2.06E-01	7.97E-01	2.76E-02	1.07E-01	1.50E-02	bad-chisq
group_11843	5.05E-02	5.27E-02	9.81E-01	-4.28E-03	1.77E-01	1.40E-03	bad-chisq
group_11679	5.05E-02	3.57E-02	5.54E-03	2.60E-01	9.29E-02	1.61E-01	
group_11582	5.05E-02	5.27E-02	3.20E-01	-9.57E-02	9.61E-02	5.79E-02	bad-chisq
group_11294	5.05E-02	3.57E-02	5.54E-03	2.60E-01	9.29E-02	1.61E-01	
group_11230	5.05E-02	3.57E-02	5.54E-03	2.60E-01	9.29E-02	1.61E-01	
group_11164	5.05E-02	2.06E-01	7.97E-01	2.76E-02	1.07E-01	1.50E-02	bad-chisq
group_11163	5.05E-02	2.06E-01	7.97E-01	2.76E-02	1.07E-01	1.50E-02	bad-chisq
group_11082	5.05E-02	5.54E-01	7.64E-01	2.84E-02	9.43E-02	1.75E-02	
group_10383	5.05E-02	3.57E-02	5.54E-03	2.60E-01	9.29E-02	1.61E-01	
group_10149	5.05E-02	5.27E-02	2.96E-01	-1.06E-01	1.01E-01	6.08E-02	bad-chisq
group_9947	5.05E-02	5.27E-02	5.04E-01	-7.84E-02	1.17E-01	3.90E-02	bad-chisq
group_9787	5.05E-02	3.57E-02	5.54E-03	2.60E-01	9.29E-02	1.61E-01	
group_9651	5.05E-02	3.57E-02	5.54E-03	2.60E-01	9.29E-02	1.61E-01	
group_9645	5.05E-02	5.27E-02	3.10E-01	-1.07E-01	1.05E-01	5.91E-02	bad-chisq
group_9568	5.05E-02	2.06E-01	7.97E-01	2.76E-02	1.07E-01	1.50E-02	bad-chisq
group_9567	5.05E-02	2.06E-01	7.97E-01	2.76E-02	1.07E-01	1.50E-02	bad-chisq
group_8910	5.05E-02	2.06E-01	8.11E-01	3.01E-02	1.26E-01	1.39E-02	bad-chisq
group_8441	5.05E-02	5.27E-02	5.47E-01	-7.74E-02	1.28E-01	3.50E-02	bad-chisq
group_8185	5.05E-02	2.06E-01	9.28E-01	1.08E-02	1.20E-01	5.24E-03	bad-chisq
group_8071	5.05E-02	5.54E-01	6.99E-01	3.58E-02	9.24E-02	2.25E-02	
group_8002	5.05E-02	9.35E-01	1.35E-01	1.46E-01	9.76E-02	8.69E-02	
group_7935	5.05E-02	5.27E-02	5.79E-01	-7.42E-02	1.34E-01	3.23E-02	bad-chisq
group_7439	5.05E-02	3.57E-02	5.54E-03	2.60E-01	9.29E-02	1.61E-01	
group_7438	5.05E-02	3.57E-02	5.54E-03	2.60E-01	9.29E-02	1.61E-01	
group_7189	5.05E-02	3.57E-02	5.54E-03	2.60E-01	9.29E-02	1.61E-01	
group_7062	5.05E-02	2.06E-01	7.97E-01	2.76E-02	1.07E-01	1.50E-02	bad-chisq
group_6799	5.05E-02	5.27E-02	2.90E-01	-1.07E-01	1.00E-01	6.16E-02	bad-chisq
group_6335	5.05E-02	2.06E-01	8.09E-01	3.39E-02	1.40E-01	1.41E-02	bad-chisq
group_5939	5.05E-02	5.69E-04	9.18E-01	-8.94E-03	8.71E-02	5.97E-03	
group_5728	5.05E-02	5.54E-01	7.46E-01	3.03E-02	9.37E-02	1.88E-02	
bcfF	5.05E-02	5.54E-01	5.54E-01	6.01E-02	1.02E-01	3.44E-02	
group_5475	5.05E-02	5.54E-01	3.45E-01	8.85E-02	9.36E-02	5.50E-02	
nimR	5.05E-02	5.27E-02	5.47E-01	-7.74E-02	1.28E-01	3.50E-02	bad-chisq
group_4813	5.05E-02	2.06E-01	6.85E-01	5.00E-02	1.23E-01	2.36E-02	bad-chisq
traF	5.05E-02	9.35E-01	1.35E-01	1.46E-01	9.76E-02	8.69E-02	
group_4768	5.05E-02	4.51E-01	2.33E-02	2.18E-01	9.56E-02	1.32E-01	
group_4552	5.05E-02	5.54E-01	3.45E-01	9.67E-02	1.02E-01	5.49E-02	
metF	5.05E-02	9.35E-01	1.35E-01	1.46E-01	9.76E-02	8.69E-02	
group_4495	5.05E-02	5.27E-02	3.17E-01	-1.09E-01	1.08E-01	5.83E-02	bad-chisq
group_4224	5.05E-02	5.27E-02	3.17E-01	-1.09E-01	1.08E-01	5.83E-02	bad-chisq
group_3794	5.05E-02	2.06E-01	8.09E-01	3.39E-02	1.40E-01	1.41E-02	bad-chisq
focC	5.05E-02	5.54E-01	5.54E-01	6.01E-02	1.02E-01	3.44E-02	
jetD	5.05E-02	2.06E-01	8.09E-01	3.39E-02	1.40E-01	1.41E-02	bad-chisq
group_1525	5.05E-02	3.57E-02	5.54E-03	2.60E-01	9.29E-02	1.61E-01	
group_1169	5.05E-02	3.81E-05	8.58E-01	-1.62E-02	9.01E-02	1.05E-02	
group_789	5.05E-02	5.54E-01	5.54E-01	6.01E-02	1.02E-01	3.44E-02	
