variant	af	filter-pvalue	lrt-pvalue	beta	beta-std-err	variant_h2	notes
1_32274_T_C	4.86E-01	2.04E-02	6.45E-01	-7.58E-02	1.65E-01	2.71E-02	
1_32277_C_G	1.34E-01	5.29E-01	6.22E-01	-7.10E-02	1.44E-01	2.91E-02	
1_32281_T_C	1.14E-01	2.69E-07	3.38E-01	-4.75E-01	4.96E-01	5.64E-02	
1_32289_G_C	6.55E-02	1.82E-04	7.25E-01	-9.21E-02	2.62E-01	2.07E-02	
1_32290_G_A	4.76E-01	1.28E-02	4.98E-01	1.43E-01	2.10E-01	3.99E-02	
1_32292_G_C	4.76E-01	1.28E-02	4.98E-01	1.43E-01	2.10E-01	3.99E-02	
1_32295_A_G	4.90E-01	2.90E-02	8.59E-01	-3.30E-02	1.86E-01	1.05E-02	
1_32302_C_A	1.00E-01	5.48E-06	7.19E-01	-1.31E-01	3.63E-01	2.12E-02	
1_32303_G_A	1.00E-01	5.48E-06	7.19E-01	-1.31E-01	3.63E-01	2.12E-02	
1_32322_G_A	2.31E-01	4.26E-09	3.34E-02	3.39E-01	1.59E-01	1.25E-01	
1_32323_C_T	2.21E-01	1.06E-10	1.63E-02	4.06E-01	1.68E-01	1.41E-01	
1_32335_T_C	7.83E-01	1.64E-01	9.29E-01	6.96E-03	7.82E-02	5.25E-03	
1_32359_T_C	4.76E-01	1.28E-02	4.98E-01	1.43E-01	2.10E-01	3.99E-02	
1_32365_C_T	2.21E-01	6.74E-10	4.20E-02	3.44E-01	1.69E-01	1.20E-01	
1_32373_C_G	3.93E-01	3.38E-06	1.23E-01	2.23E-01	1.44E-01	9.07E-02	
1_32388_C_T	4.28E-01	8.07E-05	8.83E-02	2.52E-01	1.47E-01	1.00E-01	
1_32409_T_C	6.90E-02	8.81E-05	6.00E-01	-1.32E-01	2.52E-01	3.09E-02	
1_32424_G_C	9.66E-02	2.08E-07	3.35E-01	-2.71E-01	2.80E-01	5.69E-02	
1_32427_T_C	3.72E-01	2.08E-03	8.97E-01	-1.45E-02	1.12E-01	7.63E-03	
1_32436_T_C	6.90E-02	8.81E-05	9.28E-01	-1.93E-02	2.15E-01	5.29E-03	
1_32460_C_T	6.90E-02	1.18E-02	3.08E-01	-1.49E-01	1.46E-01	6.00E-02	
1_32469_C_T	1.52E-01	5.16E-01	5.40E-01	-7.23E-02	1.18E-01	3.61E-02	
1_32484_T_C	3.24E-01	1.59E-02	5.64E-01	8.02E-02	1.39E-01	3.40E-02	
1_32490_C_T	3.62E-01	4.35E-04	8.04E-01	-2.03E-02	8.20E-02	1.46E-02	
1_32496_G_C	1.03E-01	2.61E-06	7.28E-01	-1.02E-01	2.93E-01	2.05E-02	
1_32499_C_G	4.76E-01	1.28E-02	4.98E-01	1.43E-01	2.10E-01	3.99E-02	
1_32503_C_T	7.24E-02	2.36E-02	4.52E-01	-1.23E-01	1.63E-01	4.43E-02	
1_32511_A_G	4.10E-01	1.03E-05	7.58E-01	4.69E-02	1.52E-01	1.82E-02	
1_32526_G_C	1.93E-01	3.90E-01	9.53E-01	8.16E-03	1.38E-01	3.48E-03	
1_32529_C_T	2.48E-01	7.42E-07	6.95E-02	2.65E-01	1.46E-01	1.07E-01	
1_32544_G_C	4.90E-01	2.90E-02	7.51E-01	-4.89E-02	1.54E-01	1.87E-02	
1_32553_G_A	2.83E-01	4.95E-06	2.52E-02	2.96E-01	1.32E-01	1.31E-01	
1_32563_C_T	7.93E-02	3.88E-04	1.20E-01	-2.21E-01	1.41E-01	9.16E-02	
1_32571_T_C	2.10E-01	5.10E-02	7.74E-01	-3.67E-02	1.28E-01	1.69E-02	
1_32602_C_T	5.52E-02	9.57E-01	2.51E-01	1.43E-01	1.24E-01	6.76E-02	
1_32628_T_C	4.14E-01	2.19E-03	1.74E-01	1.67E-01	1.22E-01	8.01E-02	
1_32644_C_T	1.83E-01	5.08E-01	4.88E-01	-8.62E-02	1.24E-01	4.09E-02	
1_32652_T_C	5.86E-02	1.20E-05	2.72E-01	-2.98E-01	2.71E-01	6.48E-02	bad-chisq
1_32676_C_T	2.62E-01	4.23E-07	1.67E-01	1.62E-01	1.17E-01	8.14E-02	
1_32703_G_C	8.62E-02	2.41E-07	2.39E-01	-3.41E-01	2.89E-01	6.93E-02	
1_32709_G_C	1.14E-01	2.69E-07	3.38E-01	-4.75E-01	4.96E-01	5.64E-02	
1_32733_G_C	2.17E-01	1.88E-10	2.35E-02	4.07E-01	1.79E-01	1.33E-01	
1_32734_C_T	6.21E-02	1.00E-02	8.21E-01	-3.99E-02	1.76E-01	1.34E-02	
1_32751_C_T	3.72E-01	1.62E-06	2.05E-02	1.78E-01	7.63E-02	1.36E-01	
1_32787_C_T	2.41E-01	1.08E-07	5.29E-02	3.02E-01	1.55E-01	1.14E-01	
1_32790_C_T	5.76E-01	7.94E-04	5.36E-01	4.40E-02	7.11E-02	3.65E-02	
1_32814_C_T	6.90E-02	5.54E-04	8.77E-01	3.33E-02	2.14E-01	9.15E-03	
1_32835_T_C	6.69E-01	2.30E-04	2.23E-01	8.45E-02	6.92E-02	7.18E-02	
1_32838_C_T	2.62E-01	1.27E-02	9.25E-01	6.86E-03	7.27E-02	5.56E-03	
1_32850_G_C	1.00E-01	7.78E-07	4.45E-01	-2.04E-01	2.67E-01	4.50E-02	
1_32856_C_G	6.21E-02	3.71E-02	5.78E-01	8.54E-02	1.54E-01	3.28E-02	
1_32880_A_G	6.55E-02	1.10E-03	1.40E-01	-2.22E-01	1.50E-01	8.70E-02	
1_32895_C_G	1.14E-01	2.69E-07	3.38E-01	-4.75E-01	4.96E-01	5.64E-02	
1_32910_G_C	3.17E-01	5.03E-04	9.20E-01	1.30E-02	1.29E-01	5.92E-03	
1_32915_T_C	1.07E-01	7.96E-06	9.68E-01	1.02E-02	2.52E-01	2.39E-03	
1_32918_T_C	2.38E-01	3.85E-08	8.03E-02	2.67E-01	1.52E-01	1.03E-01	
1_32922_C_G	9.31E-02	2.35E-05	1.43E-01	-2.76E-01	1.88E-01	8.63E-02	
1_32925_T_C	4.41E-01	2.91E-04	3.06E-01	1.44E-01	1.40E-01	6.03E-02	
1_32940_C_T	2.62E-01	5.46E-01	2.53E-01	8.51E-02	7.44E-02	6.73E-02	
1_32953_C_T	1.07E-01	1.97E-01	5.80E-01	9.69E-02	1.75E-01	3.26E-02	
1_32958_C_G	1.76E-01	5.30E-01	4.24E-01	-1.09E-01	1.37E-01	4.71E-02	
1_32961_G_A	2.52E-01	1.62E-03	3.30E-01	-1.33E-01	1.37E-01	5.74E-02	
1_33042_G_A	8.97E-02	3.60E-01	5.44E-02	1.90E-01	9.84E-02	1.13E-01	
1_33102_C_G	5.86E-02	1.08E-04	8.16E-01	-5.70E-02	2.44E-01	1.37E-02	
1_33112_T_C	4.90E-01	2.90E-02	8.59E-01	-3.30E-02	1.86E-01	1.05E-02	
1_33120_C_T	6.17E-01	3.97E-05	2.44E-01	-9.55E-02	8.18E-02	6.87E-02	
1_33123_C_T	8.62E-02	2.27E-03	1.82E-01	-1.87E-01	1.40E-01	7.85E-02	
1_33145_A_C	8.28E-02	4.52E-06	5.93E-01	-1.13E-01	2.11E-01	3.15E-02	
1_33146_G_A	5.93E-01	1.52E-03	8.69E-01	-1.37E-02	8.31E-02	9.71E-03	
1_33152_C_A	6.21E-02	3.73E-04	7.90E-01	-7.30E-02	2.74E-01	1.57E-02	
1_33173_G_A	1.14E-01	2.69E-07	5.29E-01	-1.48E-01	2.35E-01	3.71E-02	
1_33174_A_G	5.86E-02	1.08E-04	5.65E-01	-1.14E-01	1.98E-01	3.39E-02	
1_73965_T_C	3.97E-01	4.48E-08	7.71E-01	4.77E-02	1.64E-01	1.71E-02	
1_73979_C_T	1.17E-01	1.24E-07	1.36E-01	-4.93E-01	3.30E-01	8.78E-02	
1_73987_A_G	5.86E-02	1.83E-02	2.76E-01	-1.68E-01	1.53E-01	6.42E-02	
1_73989_C_T	5.86E-02	8.69E-01	5.95E-01	-7.40E-02	1.39E-01	3.14E-02	
1_73997_C_T	2.17E-01	1.88E-10	2.35E-02	4.07E-01	1.79E-01	1.33E-01	
1_74005_T_C	1.14E-01	2.69E-07	3.38E-01	-4.75E-01	4.96E-01	5.64E-02	
1_74006_A_G	1.14E-01	2.69E-07	3.38E-01	-4.75E-01	4.96E-01	5.64E-02	
1_74034_C_T	3.21E-01	3.45E-04	1.65E-01	-1.70E-01	1.22E-01	8.18E-02	
1_74058_T_C	4.41E-01	2.91E-04	9.92E-01	-1.51E-03	1.47E-01	6.05E-04	
1_74059_C_G	8.97E-02	4.81E-05	8.92E-01	3.74E-02	2.75E-01	8.02E-03	
1_74060_A_G	1.00E-01	5.48E-06	7.19E-01	-1.31E-01	3.63E-01	2.12E-02	
1_74068_G_C	9.31E-02	2.35E-05	9.74E-01	-8.76E-03	2.69E-01	1.92E-03	
1_74088_C_T	2.86E-01	3.49E-05	7.64E-03	3.91E-01	1.45E-01	1.56E-01	
1_74097_C_T	2.55E-01	2.75E-07	6.26E-01	7.52E-02	1.54E-01	2.87E-02	
1_74099_T_C	1.21E-01	4.09E-07	5.52E-01	-1.68E-01	2.82E-01	3.51E-02	
1_74118_A_G	4.28E-01	2.13E-04	8.13E-01	3.40E-02	1.44E-01	1.39E-02	
1_74124_C_T	1.03E-01	6.77E-01	5.85E-01	7.57E-02	1.38E-01	3.22E-02	
1_74127_C_T	8.97E-02	1.83E-01	1.96E-01	1.79E-01	1.38E-01	7.62E-02	
1_74133_T_C	4.41E-01	7.13E-04	8.86E-01	-2.22E-02	1.55E-01	8.42E-03	
1_74136_C_T	4.14E-01	1.98E-05	8.05E-01	-3.82E-02	1.55E-01	1.45E-02	
1_74151_C_G	1.00E-01	5.48E-06	7.19E-01	-1.31E-01	3.63E-01	2.12E-02	
1_74154_A_G	4.38E-01	4.26E-04	8.64E-01	-2.38E-02	1.39E-01	1.01E-02	
1_74160_C_G	6.90E-02	2.83E-03	2.29E-01	-2.21E-01	1.84E-01	7.09E-02	
1_74169_C_T	3.21E-01	1.27E-04	9.70E-01	4.53E-03	1.21E-01	2.22E-03	
1_74171_T_C	2.62E-01	9.94E-08	9.31E-01	1.50E-02	1.72E-01	5.14E-03	
1_74181_G_C	1.07E-01	1.97E-01	3.09E-01	1.64E-01	1.62E-01	5.99E-02	
1_74196_C_T	5.86E-02	4.19E-03	9.01E-01	2.78E-02	2.23E-01	7.34E-03	
1_74212_T_C	4.72E-01	1.70E-02	7.53E-01	-5.06E-02	1.60E-01	1.86E-02	
1_74233_G_C	1.14E-01	2.69E-07	3.38E-01	-4.75E-01	4.96E-01	5.64E-02	
1_74244_G_C	4.48E-01	3.12E-02	2.38E-01	-1.49E-01	1.26E-01	6.95E-02	
1_74259_C_G	5.17E-02	5.48E-05	5.05E-01	-1.61E-01	2.42E-01	3.93E-02	bad-chisq
1_74262_G_A	8.62E-02	2.73E-02	9.56E-01	7.09E-03	1.30E-01	3.23E-03	
1_74277_T_C	3.93E-01	1.43E-03	3.11E-01	1.19E-01	1.18E-01	5.96E-02	
1_74292_C_T	1.55E-01	6.47E-01	4.44E-02	1.66E-01	8.21E-02	1.18E-01	
1_74310_C_G	1.14E-01	1.14E-02	6.24E-01	7.55E-02	1.54E-01	2.89E-02	
1_74315_T_A	6.90E-02	8.81E-05	6.02E-01	-1.55E-01	2.97E-01	3.08E-02	
1_74331_T_C	4.14E-01	2.05E-06	2.59E-01	1.68E-01	1.49E-01	6.65E-02	
1_74352_T_C	4.10E-01	1.96E-08	2.23E-01	1.82E-01	1.49E-01	7.18E-02	
1_74365_T_C	4.69E-01	5.13E-04	3.31E-01	1.40E-01	1.43E-01	5.73E-02	
1_74385_C_T	6.21E-02	3.87E-01	9.80E-01	-3.88E-03	1.53E-01	1.49E-03	
1_74392_C_G	1.14E-01	2.69E-07	3.38E-01	-4.75E-01	4.96E-01	5.64E-02	
1_74404_T_C	4.76E-01	2.44E-02	6.58E-01	-7.31E-02	1.65E-01	2.61E-02	
1_74415_C_T	1.21E-01	7.39E-01	5.62E-01	-7.13E-02	1.23E-01	3.42E-02	
1_74460_T_C	4.69E-01	1.21E-03	6.76E-01	6.12E-02	1.46E-01	2.46E-02	
1_74469_G_A	7.59E-02	1.37E-04	7.10E-03	-3.37E-01	1.24E-01	1.58E-01	
1_74488_C_G	1.14E-01	2.69E-07	3.38E-01	-4.75E-01	4.96E-01	5.64E-02	
1_74489_C_A	1.14E-01	2.69E-07	3.38E-01	-4.75E-01	4.96E-01	5.64E-02	
1_74491_G_A	8.28E-02	5.27E-07	3.32E-01	-3.00E-01	3.09E-01	5.72E-02	
1_74496_G_A	7.93E-02	6.69E-05	2.04E-01	-1.85E-01	1.45E-01	7.48E-02	
1_74497_A_G	4.76E-01	1.28E-02	4.98E-01	1.43E-01	2.10E-01	3.99E-02	
1_74498_C_T	6.90E-02	5.54E-04	7.51E-01	8.49E-02	2.67E-01	1.87E-02	
1_74502_G_C	4.00E-01	4.25E-06	5.33E-01	9.99E-02	1.60E-01	3.67E-02	
1_74505_G_A	3.59E-01	5.29E-02	8.20E-01	3.37E-02	1.48E-01	1.34E-02	
1_74514_A_G	1.55E-01	5.99E-01	3.91E-01	1.34E-01	1.56E-01	5.06E-02	
1_74526_C_T	1.07E-01	7.96E-06	2.68E-03	-2.97E-01	9.79E-02	1.76E-01	
1_74536_T_C	5.41E-01	6.79E-02	6.10E-01	-6.00E-02	1.17E-01	3.01E-02	
1_74574_A_G	3.97E-01	1.61E-04	2.38E-01	1.33E-01	1.13E-01	6.95E-02	
1_74586_T_C	4.90E-01	2.90E-02	8.59E-01	-3.30E-02	1.86E-01	1.05E-02	
1_74601_T_C	6.55E-02	5.36E-03	6.07E-01	8.27E-02	1.61E-01	3.03E-02	
1_74612_T_C	4.14E-01	4.47E-08	7.22E-01	4.10E-02	1.15E-01	2.10E-02	
1_74616_C_G	5.17E-01	1.15E-02	7.43E-01	3.76E-02	1.15E-01	1.93E-02	
1_74625_C_T	2.69E-01	1.46E-09	1.48E-02	3.01E-01	1.23E-01	1.43E-01	
1_74634_C_T	3.17E-01	5.03E-04	2.29E-02	2.74E-01	1.20E-01	1.34E-01	
1_74640_G_C	4.28E-01	2.13E-04	5.44E-01	1.05E-01	1.74E-01	3.58E-02	
1_74643_T_C	4.07E-01	5.29E-06	3.76E-01	1.58E-01	1.78E-01	5.22E-02	
1_74650_C_T	7.93E-02	2.56E-02	2.25E-01	2.15E-01	1.76E-01	7.15E-02	
1_74661_A_G	5.34E-01	3.62E-02	8.42E-01	-2.30E-02	1.16E-01	1.17E-02	
1_74673_A_G	5.00E-01	1.28E-02	9.02E-01	-1.34E-02	1.09E-01	7.25E-03	
1_74697_T_C	4.34E-01	3.85E-06	2.77E-01	1.08E-01	9.87E-02	6.41E-02	
1_74703_T_C	5.00E-01	6.39E-03	6.13E-01	5.36E-02	1.06E-01	2.98E-02	
1_74709_C_T	5.86E-02	1.77E-01	7.65E-01	-3.63E-02	1.21E-01	1.77E-02	
1_74714_G_A	4.10E-01	1.96E-08	6.36E-01	5.60E-02	1.18E-01	2.79E-02	
1_74717_G_C	5.38E-01	5.00E-02	8.05E-01	-2.90E-02	1.18E-01	1.45E-02	
1_74723_G_A	4.10E-01	1.96E-08	6.36E-01	5.60E-02	1.18E-01	2.79E-02	
1_74732_T_C	6.55E-02	1.10E-03	6.60E-01	1.03E-01	2.33E-01	2.60E-02	
1_74733_C_G	4.79E-01	2.18E-03	8.66E-01	-1.85E-02	1.10E-01	9.92E-03	
1_74736_A_G	7.24E-02	5.32E-06	3.74E-01	-2.53E-01	2.84E-01	5.24E-02	
1_74738_C_G	4.10E-01	1.96E-08	6.36E-01	5.60E-02	1.18E-01	2.79E-02	
1_74748_T_C	5.10E-01	3.70E-02	4.86E-01	-7.63E-02	1.09E-01	4.11E-02	
1_74752_G_C	5.24E-01	2.38E-02	8.04E-01	2.96E-02	1.19E-01	1.46E-02	
1_74764_C_A	8.28E-02	1.95E-04	7.85E-01	7.26E-02	2.66E-01	1.61E-02	
1_74765_G_A	8.28E-02	1.95E-04	7.85E-01	7.26E-02	2.66E-01	1.61E-02	
1_74776_C_T	5.17E-02	4.11E-01	8.47E-01	-2.47E-02	1.28E-01	1.14E-02	
1_74785_G_A	4.90E-01	3.10E-04	5.38E-01	6.78E-02	1.10E-01	3.63E-02	
1_74787_T_C	4.79E-01	2.18E-03	5.19E-01	6.21E-02	9.62E-02	3.80E-02	
1_74791_C_G	4.10E-01	1.96E-08	6.36E-01	5.60E-02	1.18E-01	2.79E-02	
1_74793_C_G	4.07E-01	9.77E-02	4.84E-01	7.04E-02	1.00E-01	4.13E-02	
1_74802_T_C	1.79E-01	1.56E-01	2.30E-02	-2.98E-01	1.30E-01	1.34E-01	
1_74806_G_A	8.62E-02	9.74E-05	8.39E-01	5.18E-02	2.54E-01	1.20E-02	
1_74808_T_C	5.21E-01	1.67E-02	7.74E-01	3.37E-02	1.17E-01	1.69E-02	
1_74817_G_A	1.34E-01	9.47E-01	7.68E-01	3.43E-02	1.16E-01	1.74E-02	
1_74826_T_C	4.31E-01	1.94E-06	9.76E-01	3.17E-03	1.06E-01	1.77E-03	
1_74831_T_C	4.10E-01	1.96E-08	6.36E-01	5.60E-02	1.18E-01	2.79E-02	
1_74838_T_C	3.79E-01	1.05E-08	5.26E-02	1.75E-01	8.99E-02	1.14E-01	
1_74844_T_C	7.59E-02	2.02E-05	3.22E-02	-3.16E-01	1.47E-01	1.26E-01	
1_74848_G_T	5.24E-01	2.38E-02	8.04E-01	2.96E-02	1.19E-01	1.46E-02	
1_74850_C_G	5.24E-01	2.38E-02	8.04E-01	2.96E-02	1.19E-01	1.46E-02	
1_74863_T_C	5.00E-01	7.53E-02	5.21E-01	-6.76E-02	1.05E-01	3.78E-02	
1_74873_G_A	5.52E-02	2.57E-05	4.50E-01	-1.84E-01	2.43E-01	4.46E-02	bad-chisq
1_74887_T_A	1.14E-01	2.69E-07	3.38E-01	-4.75E-01	4.96E-01	5.64E-02	
1_74890_G_C	5.21E-01	1.67E-02	7.59E-01	3.57E-02	1.16E-01	1.81E-02	
1_74895_C_G	6.21E-02	5.12E-05	7.68E-01	-8.06E-02	2.73E-01	1.74E-02	
1_74900_T_G	4.10E-01	1.96E-08	6.36E-01	5.60E-02	1.18E-01	2.79E-02	
1_74915_A_G	5.52E-02	1.53E-03	7.82E-01	-7.08E-02	2.56E-01	1.63E-02	
1_74916_G_A	2.17E-01	5.96E-01	6.96E-01	-3.78E-02	9.65E-02	2.31E-02	
1_95424_C_T	9.31E-02	3.54E-06	8.01E-01	-7.56E-02	3.00E-01	1.48E-02	
1_95432_G_A	1.14E-01	2.69E-07	3.38E-01	-4.75E-01	4.96E-01	5.64E-02	
1_95433_C_T	5.86E-02	1.08E-04	6.39E-01	-1.10E-01	2.34E-01	2.77E-02	
1_95445_G_C	1.07E-01	1.66E-07	1.69E-01	-4.37E-01	3.17E-01	8.10E-02	
1_95454_T_C	5.17E-02	3.04E-03	8.86E-01	-4.00E-02	2.79E-01	8.44E-03	
1_95456_C_T	1.69E-01	4.96E-03	5.44E-02	-1.56E-01	8.06E-02	1.13E-01	
1_95464_G_C	1.14E-01	2.69E-07	3.38E-01	-4.75E-01	4.96E-01	5.64E-02	
1_95466_G_A	3.14E-01	8.98E-03	8.58E-01	2.72E-02	1.52E-01	1.06E-02	
1_95467_A_T	1.00E-01	9.50E-08	3.12E-01	-3.09E-01	3.05E-01	5.96E-02	
1_95472_T_C	3.31E-01	7.48E-04	6.13E-01	6.93E-02	1.37E-01	2.98E-02	
1_95490_C_G	1.07E-01	1.66E-07	1.69E-01	-4.37E-01	3.17E-01	8.10E-02	
1_95493_C_T	2.52E-01	1.83E-06	9.91E-02	2.50E-01	1.51E-01	9.70E-02	
1_95496_G_C	6.21E-02	3.73E-04	7.90E-01	-7.30E-02	2.74E-01	1.57E-02	
1_95508_T_C	4.62E-01	6.50E-02	2.54E-01	-1.58E-01	1.39E-01	6.72E-02	
1_95511_G_C	1.24E-01	1.63E-04	5.39E-01	-6.83E-02	1.11E-01	3.62E-02	
1_95520_G_C	8.28E-02	4.18E-03	2.65E-01	-1.64E-01	1.46E-01	6.57E-02	
1_95529_C_T	2.48E-01	3.82E-08	4.05E-01	1.43E-01	1.71E-01	4.91E-02	
1_95535_A_G	3.24E-01	7.71E-03	6.84E-02	2.51E-01	1.37E-01	1.07E-01	
1_95547_C_G	8.62E-02	2.27E-03	9.83E-01	3.28E-03	1.52E-01	1.27E-03	
1_95550_G_C	5.21E-01	5.00E-05	2.44E-01	-9.29E-02	7.96E-02	6.86E-02	
1_95556_G_C	7.24E-02	1.48E-03	6.78E-01	1.09E-01	2.62E-01	2.45E-02	
1_95586_A_G	3.93E-01	1.01E-06	4.01E-01	1.34E-01	1.59E-01	4.95E-02	
1_95587_C_T	3.07E-01	6.24E-03	2.20E-01	-8.75E-02	7.13E-02	7.22E-02	
1_95602_T_G	1.14E-01	2.69E-07	3.38E-01	-4.75E-01	4.96E-01	5.64E-02	
1_95604_G_C	1.14E-01	2.69E-07	3.38E-01	-4.75E-01	4.96E-01	5.64E-02	
1_95613_T_C	4.76E-01	7.56E-02	2.84E-01	-1.60E-01	1.49E-01	6.32E-02	
1_95619_G_A	5.17E-02	5.48E-05	1.21E-01	-3.16E-01	2.03E-01	9.13E-02	bad-chisq
1_95643_G_C	1.07E-01	1.63E-01	9.08E-01	1.57E-02	1.36E-01	6.80E-03	
1_95650_G_A	1.14E-01	7.45E-02	6.82E-01	-5.12E-02	1.25E-01	2.42E-02	
1_95651_G_C	1.72E-01	8.00E-03	5.02E-01	-6.22E-02	9.25E-02	3.96E-02	
1_95653_A_C	1.86E-01	3.06E-03	3.02E-01	-9.33E-02	9.02E-02	6.09E-02	
1_95700_G_C	6.55E-02	1.82E-04	5.46E-01	-1.58E-01	2.62E-01	3.56E-02	
1_95721_T_C	2.28E-01	3.27E-02	2.03E-01	-1.73E-01	1.36E-01	7.49E-02	
1_95730_G_C	7.59E-02	2.48E-06	5.27E-01	-1.70E-01	2.69E-01	3.73E-02	
1_95766_G_C	4.90E-01	2.90E-02	8.59E-01	-3.30E-02	1.86E-01	1.05E-02	
1_95772_C_G	5.17E-02	4.68E-04	4.55E-01	-1.32E-01	1.77E-01	4.40E-02	
1_95781_C_G	1.03E-01	8.84E-05	1.40E-01	-2.28E-01	1.54E-01	8.69E-02	
1_95787_C_G	8.28E-02	5.27E-07	3.32E-01	-3.00E-01	3.09E-01	5.72E-02	
1_95790_C_T	4.41E-01	7.13E-04	6.10E-01	8.81E-02	1.73E-01	3.00E-02	
1_95817_C_G	3.93E-01	3.38E-06	7.10E-01	6.34E-02	1.71E-01	2.19E-02	
1_95823_T_C	1.21E-01	6.93E-01	6.09E-01	8.68E-02	1.69E-01	3.02E-02	
1_95871_C_G	1.00E-01	7.53E-02	5.22E-02	2.33E-01	1.19E-01	1.14E-01	
1_95874_G_A	8.28E-02	4.52E-06	9.94E-01	1.58E-03	2.20E-01	4.23E-04	
1_95885_C_A	1.17E-01	8.71E-07	9.29E-01	-3.00E-02	3.35E-01	5.29E-03	
1_95892_C_G	8.24E-01	1.25E-02	3.96E-01	7.15E-02	8.42E-02	5.00E-02	
1_95893_G_A	9.31E-02	2.35E-05	9.53E-01	-1.70E-02	2.86E-01	3.51E-03	
1_95898_G_C	7.24E-02	5.32E-06	7.51E-01	-7.77E-02	2.44E-01	1.87E-02	
1_95913_G_A	4.14E-01	1.98E-05	4.72E-01	1.24E-01	1.72E-01	4.24E-02	
1_95934_G_A	4.76E-01	1.28E-02	4.98E-01	1.43E-01	2.10E-01	3.99E-02	
1_95937_C_G	7.93E-02	3.88E-04	6.73E-01	1.12E-01	2.66E-01	2.49E-02	
1_95961_C_T	4.24E-01	3.14E-04	8.84E-01	2.20E-02	1.51E-01	8.61E-03	
1_95985_A_G	8.97E-02	4.81E-05	1.56E-01	-2.72E-01	1.91E-01	8.36E-02	
1_95986_C_G	1.14E-01	2.69E-07	3.38E-01	-4.75E-01	4.96E-01	5.64E-02	
1_95991_T_C	8.97E-02	7.47E-06	8.34E-01	-5.25E-02	2.50E-01	1.24E-02	
1_95996_A_G	2.17E-01	1.88E-10	2.35E-02	4.07E-01	1.79E-01	1.33E-01	
1_95997_G_A	1.10E-01	2.90E-01	5.78E-01	9.83E-02	1.77E-01	3.28E-02	
1_96000_A_G	1.00E-01	5.48E-06	8.99E-01	3.41E-02	2.68E-01	7.51E-03	
1_96001_T_C	2.07E-01	1.72E-02	5.26E-01	1.11E-01	1.75E-01	3.74E-02	
1_96007_A_G	1.14E-01	2.69E-07	3.38E-01	-4.75E-01	4.96E-01	5.64E-02	
1_96015_T_C	3.55E-01	1.99E-02	8.83E-01	2.20E-02	1.49E-01	8.71E-03	
1_96019_C_G	9.31E-02	3.54E-06	6.21E-01	-1.28E-01	2.58E-01	2.92E-02	
1_96025_G_A	2.97E-01	3.02E-05	7.82E-01	4.21E-02	1.52E-01	1.63E-02	
1_96033_C_T	5.86E-02	1.83E-02	8.04E-03	-3.71E-01	1.39E-01	1.55E-01	
1_96054_G_A	2.28E-01	3.27E-02	8.71E-01	-2.03E-02	1.25E-01	9.58E-03	
1_96075_C_T	1.14E-01	5.11E-02	3.02E-02	2.02E-01	9.27E-02	1.27E-01	
1_96084_A_G	7.59E-02	1.37E-04	6.76E-01	-8.44E-02	2.02E-01	2.47E-02	
1_96090_A_G	1.59E-01	3.03E-01	8.05E-01	3.66E-02	1.48E-01	1.46E-02	
1_96097_C_T	7.59E-02	8.29E-01	1.92E-01	1.76E-01	1.35E-01	7.68E-02	
1_96111_C_G	4.83E-01	7.10E-03	9.02E-01	2.00E-02	1.62E-01	7.25E-03	
1_96114_T_C	4.45E-01	4.93E-04	4.94E-01	1.13E-01	1.64E-01	4.03E-02	
1_96123_T_C	4.34E-01	3.23E-03	4.43E-01	1.16E-01	1.51E-01	4.52E-02	
1_96129_C_T	1.14E-01	7.45E-02	3.38E-02	2.51E-01	1.18E-01	1.25E-01	
1_96144_G_A	7.24E-02	5.32E-06	3.85E-01	-1.85E-01	2.12E-01	5.12E-02	
1_96145_G_T	1.14E-01	2.69E-07	3.38E-01	-4.75E-01	4.96E-01	5.64E-02	
1_96159_T_C	4.00E-01	3.88E-05	2.01E-01	1.72E-01	1.34E-01	7.53E-02	
1_96174_T_C	4.34E-01	2.50E-04	5.21E-01	9.86E-02	1.53E-01	3.78E-02	
1_96186_G_C	4.00E-01	4.25E-06	6.31E-01	7.88E-02	1.64E-01	2.83E-02	
1_96189_C_T	9.31E-02	3.54E-06	5.89E-01	-1.30E-01	2.40E-01	3.18E-02	
1_96192_T_C	4.76E-01	1.28E-02	4.98E-01	1.43E-01	2.10E-01	3.99E-02	
1_96213_A_G	1.55E-01	1.32E-01	1.97E-01	1.59E-01	1.23E-01	7.59E-02	
1_96214_C_T	4.28E-01	1.16E-03	9.68E-01	3.18E-03	8.00E-02	2.34E-03	
1_96222_G_C	3.07E-01	1.48E-03	5.02E-01	8.53E-02	1.27E-01	3.96E-02	
1_96225_T_C	5.59E-01	1.89E-02	6.45E-01	-3.96E-02	8.60E-02	2.71E-02	
1_96233_A_G	5.41E-01	2.66E-01	6.66E-02	-1.85E-01	1.01E-01	1.08E-01	
1_96237_T_C	5.21E-01	8.50E-03	5.29E-01	-5.02E-02	7.97E-02	3.71E-02	
1_96239_C_A	1.10E-01	5.79E-07	5.38E-01	-2.44E-01	3.96E-01	3.63E-02	
1_96261_A_G	5.79E-01	1.23E-01	4.74E-01	-6.56E-02	9.15E-02	4.22E-02	
1_96266_G_C	4.76E-01	1.28E-02	4.98E-01	1.43E-01	2.10E-01	3.99E-02	
1_96267_C_G	1.03E-01	8.84E-05	4.85E-01	1.58E-01	2.26E-01	4.12E-02	
1_96282_C_T	2.21E-01	3.95E-09	9.02E-02	2.71E-01	1.59E-01	9.97E-02	
1_96288_C_T	4.17E-01	3.63E-07	5.47E-01	9.76E-02	1.62E-01	3.55E-02	
1_96291_C_G	7.59E-02	2.48E-06	5.93E-01	-1.41E-01	2.64E-01	3.15E-02	
1_96293_T_C	5.52E-02	3.31E-02	3.10E-01	-1.78E-01	1.75E-01	5.98E-02	
1_96295_G_A	1.03E-01	2.54E-01	7.89E-01	4.54E-02	1.70E-01	1.58E-02	
1_96309_G_T	8.62E-02	6.05E-01	9.20E-01	1.08E-02	1.07E-01	5.96E-03	
1_96318_C_T	3.76E-01	1.84E-08	8.59E-01	3.24E-02	1.83E-01	1.05E-02	
1_96327_G_C	3.93E-01	1.01E-06	4.92E-01	1.13E-01	1.64E-01	4.05E-02	
1_96351_G_A	6.90E-02	1.14E-05	4.94E-01	-1.29E-01	1.88E-01	4.03E-02	
1_96357_G_A	7.59E-02	2.48E-06	4.47E-01	-1.84E-01	2.41E-01	4.48E-02	
1_96364_G_T	1.14E-01	2.69E-07	3.38E-01	-4.75E-01	4.96E-01	5.64E-02	
1_96365_A_C	1.17E-01	1.24E-07	1.21E-01	-5.26E-01	3.38E-01	9.13E-02	
1_96369_C_T	1.10E-01	4.88E-02	2.43E-01	-1.08E-01	9.23E-02	6.88E-02	
1_96375_C_T	9.31E-02	5.78E-01	8.42E-01	2.03E-02	1.02E-01	1.18E-02	
1_96385_A_C	8.62E-02	9.74E-05	6.69E-01	1.02E-01	2.38E-01	2.52E-02	
1_96398_C_A	4.55E-01	4.62E-03	1.20E-01	2.73E-01	1.75E-01	9.16E-02	
1_96399_A_G	5.86E-02	1.08E-04	8.83E-01	-3.24E-02	2.20E-01	8.66E-03	
1_96402_G_C	1.07E-01	1.23E-06	7.46E-01	-1.06E-01	3.27E-01	1.91E-02	
1_96405_G_C	5.52E-02	2.25E-04	8.83E-01	-3.98E-02	2.71E-01	8.67E-03	
1_96422_C_A	1.14E-01	2.69E-07	3.38E-01	-4.75E-01	4.96E-01	5.64E-02	
1_96429_C_G	6.90E-02	1.14E-05	4.91E-01	-2.15E-01	3.12E-01	4.06E-02	
1_96442_T_C	3.69E-01	8.01E-02	9.62E-01	-7.57E-03	1.57E-01	2.84E-03	
1_96450_A_C	7.93E-02	3.88E-04	6.73E-01	1.12E-01	2.66E-01	2.49E-02	
1_96459_G_A	4.21E-01	2.40E-05	6.18E-02	2.81E-01	1.50E-01	1.10E-01	
1_98733_C_G	5.52E-02	1.53E-03	8.17E-01	-6.52E-02	2.82E-01	1.36E-02	
1_98734_A_G	1.14E-01	2.69E-07	3.38E-01	-4.75E-01	4.96E-01	5.64E-02	
1_98772_G_C	4.76E-01	1.28E-02	4.98E-01	1.43E-01	2.10E-01	3.99E-02	
1_98775_C_A	7.59E-02	2.02E-05	4.24E-01	-2.23E-01	2.78E-01	4.72E-02	
1_98782_G_A	6.90E-02	1.14E-05	4.91E-01	-2.15E-01	3.12E-01	4.06E-02	
1_98796_C_G	9.66E-02	1.67E-06	6.05E-01	-1.52E-01	2.94E-01	3.05E-02	
1_98814_C_G	1.14E-01	2.69E-07	3.38E-01	-4.75E-01	4.96E-01	5.64E-02	
1_98823_C_T	1.14E-01	2.69E-07	3.38E-01	-4.75E-01	4.96E-01	5.64E-02	
1_98844_T_C	4.76E-01	1.28E-02	4.98E-01	1.43E-01	2.10E-01	3.99E-02	
1_98868_C_T	2.21E-01	6.74E-10	4.81E-02	3.35E-01	1.69E-01	1.16E-01	
1_98883_G_A	1.21E-01	2.59E-06	9.01E-01	2.94E-02	2.35E-01	7.37E-03	
1_98884_A_G	4.52E-01	5.68E-04	5.62E-01	9.79E-02	1.68E-01	3.42E-02	
1_98892_C_T	9.31E-02	3.54E-06	3.49E-01	-2.59E-01	2.76E-01	5.52E-02	
1_98898_C_T	1.00E-01	7.53E-02	3.51E-01	1.87E-01	2.01E-01	5.49E-02	
1_98904_A_G	6.55E-02	2.42E-05	7.23E-01	-9.79E-02	2.76E-01	2.09E-02	
1_98914_C_T	1.14E-01	2.69E-07	3.38E-01	-4.75E-01	4.96E-01	5.64E-02	
1_98934_G_C	1.17E-01	3.28E-01	6.29E-01	-9.05E-02	1.87E-01	2.85E-02	
1_98949_C_T	1.14E-01	3.44E-08	1.22E-01	-3.19E-01	2.06E-01	9.10E-02	
1_98967_C_G	6.90E-02	2.83E-03	5.36E-01	1.52E-01	2.45E-01	3.65E-02	
1_98982_G_A	2.38E-01	9.93E-03	1.01E-01	-2.37E-01	1.44E-01	9.64E-02	
1_98999_G_A	5.52E-02	2.25E-04	8.83E-01	-3.98E-02	2.71E-01	8.67E-03	
1_99003_G_A	6.21E-02	1.00E-02	5.68E-01	9.91E-02	1.73E-01	3.37E-02	
1_99022_T_C	6.55E-02	1.82E-04	6.38E-01	-1.18E-01	2.50E-01	2.78E-02	
1_99025_C_A	4.24E-01	1.22E-04	4.60E-01	1.23E-01	1.67E-01	4.35E-02	
1_99033_C_T	1.28E-01	4.89E-01	7.01E-01	-5.17E-02	1.34E-01	2.27E-02	
1_99066_T_C	1.38E-01	3.87E-07	3.58E-01	-1.85E-01	2.01E-01	5.42E-02	
1_99079_C_T	7.24E-02	1.48E-03	5.25E-01	-1.09E-01	1.71E-01	3.75E-02	
1_99096_T_C	6.21E-02	3.73E-04	9.32E-01	-2.10E-02	2.45E-01	5.04E-03	
1_99108_G_C	6.55E-02	2.42E-05	6.15E-01	-1.34E-01	2.66E-01	2.96E-02	
1_99120_G_C	2.52E-01	1.05E-07	4.83E-02	3.03E-01	1.53E-01	1.16E-01	
1_99135_A_G	4.00E-01	1.32E-05	5.66E-01	7.69E-02	1.34E-01	3.39E-02	
1_99159_T_C	4.55E-01	9.47E-03	3.40E-01	-1.17E-01	1.22E-01	5.62E-02	
1_99174_C_G	1.00E-01	7.78E-07	4.48E-01	-2.02E-01	2.67E-01	4.47E-02	
1_99211_T_C	4.76E-01	1.28E-02	4.98E-01	1.43E-01	2.10E-01	3.99E-02	
1_99239_A_G	1.07E-01	1.23E-06	7.10E-01	-1.21E-01	3.26E-01	2.19E-02	
1_132999_C_G	1.03E-01	1.26E-01	4.86E-01	1.30E-01	1.87E-01	4.10E-02	
1_133008_T_C	4.21E-01	6.78E-05	4.71E-01	9.21E-02	1.28E-01	4.25E-02	
1_133014_G_A	1.24E-01	1.63E-04	5.25E-01	-1.00E-01	1.58E-01	3.75E-02	
1_133038_G_C	5.17E-02	4.68E-04	1.50E-01	-2.85E-01	1.98E-01	8.48E-02	
1_133100_T_C	1.34E-01	1.25E-02	2.63E-01	1.22E-01	1.09E-01	6.60E-02	
1_133104_A_G	1.97E-01	1.05E-01	2.28E-01	-1.49E-01	1.23E-01	7.11E-02	
1_133120_A_G	5.17E-02	3.04E-03	8.17E-01	-6.33E-02	2.74E-01	1.36E-02	
1_133124_T_C	1.14E-01	2.69E-07	3.38E-01	-4.75E-01	4.96E-01	5.64E-02	
1_133128_T_C	5.52E-01	3.25E-02	8.49E-01	-1.72E-02	8.98E-02	1.13E-02	
1_133133_A_T	1.48E-01	8.77E-01	6.08E-01	-8.24E-02	1.60E-01	3.03E-02	
1_133135_C_A	4.62E-01	2.41E-03	4.21E-01	1.56E-01	1.94E-01	4.75E-02	
1_133136_G_A	3.62E-01	4.16E-02	9.38E-01	-1.26E-02	1.61E-01	4.62E-03	
1_133137_G_A	2.45E-01	1.33E-08	3.52E-01	1.65E-01	1.78E-01	5.48E-02	
1_177286_T_C	5.41E-01	1.11E-02	5.57E-01	6.76E-02	1.15E-01	3.46E-02	
1_177289_C_T	1.10E-01	1.88E-02	3.60E-01	-9.95E-02	1.09E-01	5.39E-02	
1_177297_G_A	8.28E-02	5.27E-07	3.32E-01	-3.00E-01	3.09E-01	5.72E-02	
1_177318_T_C	4.03E-01	7.88E-07	2.88E-01	1.31E-01	1.23E-01	6.26E-02	
1_177333_C_G	5.86E-02	1.08E-04	7.50E-01	-9.19E-02	2.88E-01	1.88E-02	
1_177351_C_G	1.07E-01	1.23E-06	8.88E-01	-4.26E-02	3.03E-01	8.30E-03	
1_177354_C_T	1.10E-01	4.88E-02	8.61E-01	-1.89E-02	1.08E-01	1.03E-02	
1_177360_C_T	1.14E-01	2.69E-07	3.38E-01	-4.75E-01	4.96E-01	5.64E-02	
1_177363_C_G	1.14E-01	2.69E-07	3.38E-01	-4.75E-01	4.96E-01	5.64E-02	
1_177369_C_T	1.24E-01	2.10E-01	6.38E-01	-4.19E-02	8.90E-02	2.78E-02	
1_177393_T_C	5.03E-01	4.66E-03	1.38E-01	1.39E-01	9.34E-02	8.72E-02	
1_177405_G_C	1.14E-01	2.69E-07	3.38E-01	-4.75E-01	4.96E-01	5.64E-02	
1_177445_C_G	9.31E-02	1.38E-01	7.70E-01	5.26E-02	1.80E-01	1.72E-02	
1_177459_C_G	5.86E-02	1.08E-04	7.50E-01	-9.19E-02	2.88E-01	1.88E-02	
1_177474_G_A	3.17E-01	1.26E-03	8.52E-02	2.23E-01	1.29E-01	1.01E-01	
1_177492_C_G	7.93E-02	9.60E-06	6.95E-01	-9.74E-02	2.48E-01	2.31E-02	
1_177501_C_T	5.83E-01	3.55E-01	6.19E-01	-3.41E-02	6.85E-02	2.93E-02	
1_177504_C_G	5.17E-02	5.48E-05	4.00E-01	-2.17E-01	2.57E-01	4.96E-02	bad-chisq
1_177514_G_A	6.90E-02	1.14E-05	4.91E-01	-2.15E-01	3.12E-01	4.06E-02	
1_177561_G_A	6.21E-02	5.58E-06	2.27E-01	-2.83E-01	2.34E-01	7.11E-02	bad-chisq
1_177573_G_C	2.14E-01	7.30E-03	6.05E-01	9.88E-02	1.91E-01	3.05E-02	
1_177579_T_C	3.97E-01	5.91E-05	1.24E-01	2.12E-01	1.38E-01	9.05E-02	
1_177588_C_T	6.21E-02	2.16E-03	6.25E-01	-7.98E-02	1.63E-01	2.88E-02	
1_177597_G_C	6.90E-02	1.14E-05	4.91E-01	-2.15E-01	3.12E-01	4.06E-02	
1_177600_G_C	9.31E-02	8.83E-01	3.61E-02	2.17E-01	1.03E-01	1.23E-01	
1_177606_T_C	4.66E-01	7.81E-03	4.25E-01	1.42E-01	1.78E-01	4.70E-02	
1_177612_G_A	8.97E-02	1.22E-03	1.73E-01	-1.71E-01	1.25E-01	8.03E-02	
1_177613_A_G	6.90E-02	1.14E-05	4.91E-01	-2.15E-01	3.12E-01	4.06E-02	
1_177630_C_G	1.03E-01	2.61E-06	7.28E-01	-1.02E-01	2.93E-01	2.05E-02	
1_177633_C_T	9.31E-02	8.83E-01	5.02E-01	6.75E-02	1.01E-01	3.95E-02	
1_177642_G_C	1.10E-01	5.79E-07	6.23E-01	-1.77E-01	3.60E-01	2.90E-02	
1_177648_G_A	5.52E-02	8.04E-03	5.21E-01	1.46E-01	2.28E-01	3.78E-02	
1_177651_C_G	8.28E-02	1.95E-04	8.73E-01	3.84E-02	2.40E-01	9.42E-03	
1_177660_G_A	1.28E-01	7.26E-02	6.88E-01	4.29E-02	1.07E-01	2.37E-02	
1_177661_T_C	4.86E-01	1.82E-04	1.07E-01	1.42E-01	8.75E-02	9.49E-02	
1_177672_C_T	5.52E-02	1.53E-03	9.45E-01	-1.49E-02	2.13E-01	4.10E-03	
1_177678_C_G	1.14E-01	2.69E-07	3.38E-01	-4.75E-01	4.96E-01	5.64E-02	
1_177693_C_A	1.03E-01	5.49E-02	9.02E-04	3.16E-01	9.43E-02	1.94E-01	
1_177708_G_A	6.90E-02	1.14E-05	4.91E-01	-2.15E-01	3.12E-01	4.06E-02	
1_177723_A_G	8.28E-02	5.27E-07	3.32E-01	-3.00E-01	3.09E-01	5.72E-02	
1_177726_C_G	1.31E-01	4.43E-05	2.76E-01	2.19E-01	2.00E-01	6.42E-02	
1_177732_C_T	3.48E-01	1.76E-02	4.68E-01	9.13E-02	1.25E-01	4.28E-02	
1_177738_G_C	1.07E-01	1.23E-06	7.93E-01	-8.47E-02	3.23E-01	1.55E-02	
1_177748_A_C	5.52E-01	1.75E-02	5.02E-01	7.79E-02	1.16E-01	3.96E-02	
1_177753_G_C	1.14E-01	2.69E-07	3.38E-01	-4.75E-01	4.96E-01	5.64E-02	
1_177759_G_A	6.90E-02	1.14E-05	4.91E-01	-2.15E-01	3.12E-01	4.06E-02	
1_177783_G_C	6.55E-02	1.82E-04	9.60E-01	-1.18E-02	2.37E-01	2.93E-03	
1_177790_C_T	6.21E-02	5.42E-01	6.62E-01	5.46E-02	1.25E-01	2.58E-02	
1_177801_G_A	1.17E-01	8.09E-01	9.95E-02	1.97E-01	1.19E-01	9.69E-02	
1_177802_C_T	2.55E-01	4.73E-10	1.60E-02	2.76E-01	1.14E-01	1.41E-01	
1_177831_C_T	6.21E-02	5.12E-05	6.93E-01	-1.10E-01	2.79E-01	2.33E-02	
1_177832_A_T	6.90E-02	1.14E-05	4.91E-01	-2.15E-01	3.12E-01	4.06E-02	
1_177834_C_G	9.66E-02	1.14E-05	9.83E-01	-6.73E-03	3.07E-01	1.29E-03	
1_177840_G_C	7.24E-02	6.64E-01	8.64E-01	-2.01E-02	1.18E-01	1.01E-02	
1_177867_C_G	6.55E-02	2.42E-05	6.15E-01	-1.34E-01	2.66E-01	2.96E-02	
1_177873_G_C	1.21E-01	2.61E-01	8.44E-01	-3.89E-02	1.97E-01	1.16E-02	
1_177887_A_G	7.24E-02	5.32E-06	6.67E-01	-1.12E-01	2.61E-01	2.53E-02	
1_177906_C_T	8.28E-02	3.25E-05	7.19E-01	-8.84E-02	2.45E-01	2.12E-02	
1_177930_A_G	3.38E-01	1.01E-07	6.35E-01	4.84E-02	1.02E-01	2.80E-02	
1_177941_G_A	6.28E-01	5.29E-07	2.09E-02	1.74E-01	7.47E-02	1.36E-01	
1_177942_A_G	6.03E-01	1.35E-08	1.63E-02	1.81E-01	7.49E-02	1.41E-01	
1_177987_G_T	2.00E-01	3.80E-02	5.14E-01	1.17E-01	1.79E-01	3.85E-02	
1_178050_A_G	5.17E-02	5.48E-05	3.18E-01	-2.00E-01	2.00E-01	5.88E-02	bad-chisq
1_178086_G_A	6.90E-02	1.14E-05	4.91E-01	-2.15E-01	3.12E-01	4.06E-02	
1_178095_C_T	2.34E-01	2.77E-03	5.78E-01	-1.06E-01	1.90E-01	3.28E-02	
1_178116_C_T	6.90E-02	5.54E-04	8.99E-01	-2.98E-02	2.35E-01	7.48E-03	
1_178206_C_T	1.72E-01	6.49E-01	6.88E-01	-5.23E-02	1.30E-01	2.37E-02	
1_178221_C_T	5.86E-02	7.57E-04	9.61E-01	1.17E-02	2.39E-01	2.88E-03	
1_178227_C_A	1.03E-01	4.30E-08	1.30E-01	-5.40E-01	3.56E-01	8.90E-02	
1_178236_C_T	7.59E-02	1.37E-04	9.92E-01	-2.51E-03	2.47E-01	5.99E-04	
1_178238_A_T	7.59E-02	2.02E-05	6.36E-01	-1.12E-01	2.37E-01	2.79E-02	
1_178239_C_T	1.10E-01	5.79E-07	6.18E-01	-1.81E-01	3.62E-01	2.94E-02	
1_178255_G_A	1.90E-01	3.19E-01	2.63E-01	-1.66E-01	1.48E-01	6.59E-02	
1_178269_G_A	5.86E-02	1.08E-04	7.50E-01	-9.19E-02	2.88E-01	1.88E-02	
1_178272_G_C	7.24E-02	4.24E-05	5.21E-01	-1.78E-01	2.78E-01	3.78E-02	
1_178308_C_G	1.14E-01	2.69E-07	3.38E-01	-4.75E-01	4.96E-01	5.64E-02	
1_178341_C_T	1.00E-01	3.32E-05	6.24E-01	1.08E-01	2.20E-01	2.89E-02	
1_178344_C_T	2.17E-01	1.88E-10	2.35E-02	4.07E-01	1.79E-01	1.33E-01	
1_178345_A_T	2.17E-01	1.88E-10	2.35E-02	4.07E-01	1.79E-01	1.33E-01	
1_178347_C_G	9.66E-02	1.14E-05	8.36E-01	-6.26E-02	3.02E-01	1.22E-02	
1_178348_C_T	3.41E-01	6.83E-10	7.92E-02	2.80E-01	1.59E-01	1.03E-01	
1_178374_C_T	6.21E-02	1.11E-01	3.88E-01	1.33E-01	1.54E-01	5.09E-02	
1_178398_G_C	1.62E-01	5.75E-01	8.94E-01	-2.24E-02	1.67E-01	7.88E-03	
1_178446_C_T	5.17E-02	3.04E-03	7.85E-01	6.51E-02	2.39E-01	1.61E-02	
1_178449_G_A	8.97E-02	4.81E-05	9.76E-01	9.08E-03	3.03E-01	1.76E-03	
1_178452_T_C	1.03E-01	2.61E-06	8.92E-01	-4.18E-02	3.08E-01	7.99E-03	
1_178458_T_C	1.55E-01	3.22E-07	1.05E-01	-2.61E-01	1.61E-01	9.53E-02	
1_178461_C_G	5.86E-02	1.08E-04	7.50E-01	-9.19E-02	2.88E-01	1.88E-02	
1_178476_T_C	4.38E-01	4.26E-04	7.54E-01	5.10E-02	1.63E-01	1.85E-02	
1_178486_T_A	6.90E-02	8.81E-05	6.02E-01	-1.55E-01	2.97E-01	3.08E-02	
1_178563_G_C	3.38E-01	2.49E-10	5.23E-02	3.26E-01	1.67E-01	1.14E-01	
1_178684_T_C	5.52E-02	1.53E-03	7.80E-01	-6.80E-02	2.43E-01	1.65E-02	
1_178689_C_G	1.86E-01	5.99E-01	2.75E-01	-1.56E-01	1.42E-01	6.42E-02	
1_178716_C_T	1.59E-01	7.88E-01	8.78E-02	-2.52E-01	1.47E-01	1.00E-01	
1_178725_G_A	1.07E-01	1.23E-06	7.10E-01	-1.21E-01	3.26E-01	2.19E-02	
1_178734_G_A	8.62E-02	2.27E-03	6.82E-01	-7.02E-02	1.71E-01	2.42E-02	
1_178737_G_A	5.86E-02	1.08E-04	8.99E-01	-3.24E-02	2.54E-01	7.52E-03	
1_178746_T_C	3.86E-01	1.44E-08	6.52E-01	8.09E-02	1.79E-01	2.66E-02	
1_178752_T_C	2.79E-01	7.82E-06	2.38E-01	1.86E-01	1.58E-01	6.94E-02	
1_178761_G_A	1.55E-01	8.97E-01	4.70E-01	-1.09E-01	1.50E-01	4.26E-02	
1_178770_C_G	1.14E-01	2.69E-07	3.38E-01	-4.75E-01	4.96E-01	5.64E-02	
1_178777_T_C	2.21E-01	1.61E-02	1.79E-01	-1.92E-01	1.43E-01	7.91E-02	
1_178779_G_T	5.52E-02	3.31E-02	4.58E-01	-1.34E-01	1.80E-01	4.38E-02	
1_178788_T_C	1.07E-01	1.97E-01	4.88E-01	1.25E-01	1.80E-01	4.09E-02	
1_178794_A_G	2.17E-01	1.88E-10	2.35E-02	4.07E-01	1.79E-01	1.33E-01	
1_178818_T_C	6.21E-02	1.00E-02	5.16E-01	-1.03E-01	1.58E-01	3.83E-02	
1_178821_G_C	8.97E-02	4.81E-05	9.76E-01	9.08E-03	3.03E-01	1.76E-03	
1_178827_C_T	2.52E-01	4.53E-07	1.79E-01	1.76E-01	1.31E-01	7.91E-02	
1_178845_C_T	4.17E-01	3.70E-05	6.46E-01	7.25E-02	1.58E-01	2.71E-02	
1_178848_C_G	6.55E-02	1.82E-04	7.25E-01	-9.21E-02	2.62E-01	2.07E-02	
1_178856_C_G	6.90E-02	1.14E-05	4.91E-01	-2.15E-01	3.12E-01	4.06E-02	
1_178860_G_A	5.17E-02	1.52E-02	4.64E-01	1.64E-01	2.23E-01	4.32E-02	
1_200439_T_C	1.07E-01	1.23E-06	7.93E-01	-8.47E-02	3.23E-01	1.55E-02	
1_200469_G_T	3.62E-01	2.16E-09	2.84E-01	2.23E-01	2.08E-01	6.31E-02	
1_200490_C_T	2.17E-01	1.88E-10	2.35E-02	4.07E-01	1.79E-01	1.33E-01	
1_200506_C_T	1.03E-01	1.26E-01	4.14E-01	1.56E-01	1.91E-01	4.81E-02	
1_200517_C_T	5.17E-02	3.04E-03	8.86E-01	-4.00E-02	2.79E-01	8.44E-03	
1_200520_C_T	8.62E-02	9.74E-05	8.56E-01	4.99E-02	2.74E-01	1.07E-02	
1_200556_A_G	2.48E-01	7.42E-07	1.35E-01	2.13E-01	1.42E-01	8.79E-02	
1_208897_T_A	1.14E-01	2.69E-07	3.38E-01	-4.75E-01	4.96E-01	5.64E-02	
1_208930_G_A	3.90E-01	3.37E-08	1.96E-01	2.29E-01	1.77E-01	7.61E-02	
1_208974_C_T	1.21E-01	4.48E-01	5.38E-01	1.07E-01	1.73E-01	3.63E-02	
1_208980_C_T	2.66E-01	4.53E-05	2.02E-01	1.77E-01	1.38E-01	7.52E-02	
1_209025_G_A	1.83E-01	5.08E-01	2.42E-01	-1.63E-01	1.39E-01	6.89E-02	
1_209031_T_C	6.21E-02	3.73E-04	6.15E-01	-1.31E-01	2.60E-01	2.97E-02	
1_209037_C_T	7.24E-02	7.09E-02	5.39E-01	9.13E-02	1.48E-01	3.62E-02	
1_209040_G_C	8.28E-02	5.27E-07	3.32E-01	-3.00E-01	3.09E-01	5.72E-02	
1_209049_C_T	8.62E-02	1.11E-01	1.98E-01	1.91E-01	1.48E-01	7.57E-02	
1_238967_T_A	8.28E-02	5.27E-07	3.32E-01	-3.00E-01	3.09E-01	5.72E-02	
1_238971_C_A	8.97E-02	9.84E-07	3.09E-01	-3.15E-01	3.09E-01	6.00E-02	
1_238973_A_G	1.90E-01	5.70E-02	5.87E-01	-9.23E-02	1.70E-01	3.20E-02	
1_238975_T_C	6.55E-02	1.10E-03	5.47E-01	-1.14E-01	1.89E-01	3.55E-02	
1_238992_A_T	6.90E-02	1.14E-05	4.91E-01	-2.15E-01	3.12E-01	4.06E-02	
1_239026_T_C	3.41E-01	6.83E-10	7.69E-03	3.80E-01	1.41E-01	1.56E-01	
1_239029_G_C	1.00E-01	7.53E-02	3.51E-01	1.87E-01	2.01E-01	5.49E-02	
1_239038_C_T	3.48E-01	8.33E-08	5.12E-02	2.67E-01	1.36E-01	1.15E-01	
1_239042_C_T	8.28E-02	5.27E-07	3.32E-01	-3.00E-01	3.09E-01	5.72E-02	
1_239043_T_G	6.90E-02	1.14E-05	4.91E-01	-2.15E-01	3.12E-01	4.06E-02	
1_239054_C_A	8.62E-02	2.12E-06	4.95E-01	-1.69E-01	2.48E-01	4.02E-02	
1_239059_C_G	6.90E-02	1.14E-05	4.68E-01	-1.92E-01	2.64E-01	4.28E-02	
1_239063_A_G	6.90E-02	1.14E-05	4.91E-01	-2.15E-01	3.12E-01	4.06E-02	
1_239068_G_A	7.59E-02	2.48E-06	3.74E-01	-2.05E-01	2.31E-01	5.24E-02	
1_239074_G_A	7.24E-02	2.76E-04	3.49E-01	-1.66E-01	1.77E-01	5.52E-02	
1_239111_C_A	1.14E-01	2.69E-07	3.38E-01	-4.75E-01	4.96E-01	5.64E-02	
1_239131_T_C	6.14E-01	1.01E-01	1.94E-01	-1.12E-01	8.60E-02	7.65E-02	
1_239132_T_C	6.31E-01	3.40E-01	1.47E-01	-1.29E-01	8.87E-02	8.54E-02	
1_239146_C_G	4.52E-01	1.33E-03	5.53E-01	1.04E-01	1.75E-01	3.50E-02	
1_239158_C_T	3.17E-01	2.98E-03	9.41E-02	2.48E-01	1.48E-01	9.85E-02	
1_239165_A_G	1.10E-01	5.79E-07	5.38E-01	-2.44E-01	3.96E-01	3.63E-02	
1_239173_C_G	1.10E-01	5.79E-07	7.15E-01	-1.31E-01	3.60E-01	2.15E-02	
1_239177_G_A	8.28E-02	1.95E-04	7.46E-01	8.67E-02	2.67E-01	1.91E-02	
1_239179_G_C	1.07E-01	1.23E-06	7.93E-01	-8.47E-02	3.23E-01	1.55E-02	
1_239180_C_A	1.14E-01	2.69E-07	3.38E-01	-4.75E-01	4.96E-01	5.64E-02	
1_239193_T_C	1.14E-01	2.69E-07	3.38E-01	-4.75E-01	4.96E-01	5.64E-02	
1_239197_A_G	7.59E-02	3.52E-03	2.08E-01	-2.20E-01	1.74E-01	7.41E-02	
1_239206_T_C	1.24E-01	2.06E-01	2.33E-01	1.89E-01	1.59E-01	7.02E-02	
1_239213_G_A	1.38E-01	3.87E-07	8.44E-02	-3.58E-01	2.07E-01	1.02E-01	
1_239218_A_G	4.38E-01	6.30E-05	3.93E-01	1.31E-01	1.53E-01	5.04E-02	
1_239230_C_T	7.59E-02	1.37E-04	8.65E-01	4.47E-02	2.63E-01	1.00E-02	
1_239234_T_C	4.52E-01	1.33E-03	3.60E-01	1.26E-01	1.37E-01	5.40E-02	
1_239247_C_G	6.90E-02	1.14E-05	4.91E-01	-2.15E-01	3.12E-01	4.06E-02	
1_239251_T_C	1.14E-01	2.62E-04	6.92E-01	5.82E-02	1.47E-01	2.34E-02	
1_239266_G_C	6.90E-02	5.54E-04	7.81E-01	6.58E-02	2.36E-01	1.64E-02	
1_239293_C_G	1.03E-01	3.61E-07	2.94E-01	-2.93E-01	2.79E-01	6.18E-02	
1_239303_T_C	4.52E-01	2.98E-03	2.84E-01	1.63E-01	1.52E-01	6.31E-02	
1_239312_A_G	1.14E-01	2.69E-07	3.38E-01	-4.75E-01	4.96E-01	5.64E-02	
1_239316_T_G	1.14E-01	2.69E-07	3.38E-01	-4.75E-01	4.96E-01	5.64E-02	
1_239318_G_A	6.55E-02	1.82E-04	8.23E-01	-5.99E-02	2.68E-01	1.32E-02	
1_239327_G_A	5.86E-02	1.08E-04	7.13E-01	-9.18E-02	2.49E-01	2.17E-02	
1_239339_G_A	1.14E-01	2.69E-07	3.38E-01	-4.75E-01	4.96E-01	5.64E-02	
1_239341_G_C	4.76E-01	1.28E-02	4.98E-01	1.43E-01	2.10E-01	3.99E-02	
1_239344_C_T	2.17E-01	1.88E-10	2.35E-02	4.07E-01	1.79E-01	1.33E-01	
1_239359_C_T	9.66E-02	1.14E-05	8.36E-01	-6.26E-02	3.02E-01	1.22E-02	
1_241543_A_T	2.38E-01	7.79E-07	5.66E-02	2.78E-01	1.45E-01	1.12E-01	
1_241565_G_C	6.90E-02	8.81E-05	6.02E-01	-1.55E-01	2.97E-01	3.08E-02	
1_241573_C_T	8.62E-02	9.74E-05	8.56E-01	4.99E-02	2.74E-01	1.07E-02	
1_241575_G_A	8.97E-02	4.81E-05	9.76E-01	9.08E-03	3.03E-01	1.76E-03	
1_241600_A_G	1.07E-01	1.23E-06	7.46E-01	-1.06E-01	3.27E-01	1.91E-02	
1_241604_G_C	1.14E-01	2.69E-07	3.38E-01	-4.75E-01	4.96E-01	5.64E-02	
1_241612_G_A	4.72E-01	8.67E-03	7.20E-01	6.26E-02	1.75E-01	2.11E-02	
1_241620_G_C	4.76E-01	1.28E-02	4.98E-01	1.43E-01	2.10E-01	3.99E-02	
1_241621_C_G	4.34E-01	3.46E-05	1.04E-01	2.48E-01	1.52E-01	9.58E-02	
1_241624_A_G	7.59E-02	2.48E-06	2.65E-01	-2.54E-01	2.27E-01	6.57E-02	
1_241636_C_T	2.52E-01	1.05E-07	5.47E-01	9.68E-02	1.61E-01	3.55E-02	
1_241642_C_T	1.76E-01	3.47E-01	7.65E-01	-4.90E-02	1.64E-01	1.76E-02	
1_241645_T_C	4.76E-01	1.28E-02	4.98E-01	1.43E-01	2.10E-01	3.99E-02	
1_241649_G_A	3.62E-01	2.16E-09	2.84E-01	2.23E-01	2.08E-01	6.31E-02	
1_241654_C_T	4.48E-01	8.19E-04	6.75E-01	6.91E-02	1.65E-01	2.47E-02	
1_241658_A_G	4.24E-01	1.22E-04	1.71E-01	2.00E-01	1.46E-01	8.07E-02	
1_241673_T_C	4.79E-01	9.58E-03	5.23E-01	1.14E-01	1.77E-01	3.77E-02	
1_241678_G_A	7.59E-02	7.61E-04	3.00E-01	-1.63E-01	1.57E-01	6.11E-02	
1_241696_C_T	2.21E-01	1.06E-10	9.34E-03	3.90E-01	1.49E-01	1.52E-01	
1_241705_C_T	5.52E-02	2.25E-04	6.62E-01	-1.08E-01	2.46E-01	2.58E-02	
1_241711_G_C	4.79E-01	9.58E-03	7.47E-01	5.64E-02	1.75E-01	1.90E-02	
1_241714_T_C	4.45E-01	1.17E-03	3.18E-01	1.19E-01	1.19E-01	5.89E-02	
1_241753_G_C	5.86E-02	7.57E-04	9.90E-01	-3.11E-03	2.54E-01	7.23E-04	
1_241792_C_G	3.83E-01	3.67E-07	5.61E-01	1.03E-01	1.77E-01	3.43E-02	
1_241813_T_C	1.00E-01	5.48E-06	9.33E-01	2.12E-02	2.51E-01	4.98E-03	
1_241825_C_T	1.48E-01	4.11E-01	7.72E-01	4.33E-02	1.49E-01	1.71E-02	
1_241837_T_C	5.72E-01	2.21E-02	9.71E-01	3.43E-03	9.29E-02	2.18E-03	
1_241849_C_T	2.55E-01	6.24E-08	2.50E-01	1.92E-01	1.67E-01	6.78E-02	
1_241852_T_C	2.83E-01	4.42E-04	1.05E-01	2.32E-01	1.42E-01	9.55E-02	
1_241867_G_A	2.90E-01	6.86E-06	2.88E-01	1.32E-01	1.24E-01	6.27E-02	
1_241870_C_G	6.90E-02	1.14E-05	5.95E-01	-1.33E-01	2.49E-01	3.14E-02	
1_241873_C_T	2.48E-01	1.75E-07	4.72E-02	2.70E-01	1.36E-01	1.17E-01	
1_241888_G_A	2.07E-01	2.26E-01	6.70E-01	5.70E-02	1.33E-01	2.51E-02	
1_241912_T_C	5.45E-01	3.95E-03	9.01E-01	1.23E-02	9.89E-02	7.33E-03	
1_241927_G_A	9.31E-02	2.35E-05	9.53E-01	-1.70E-02	2.86E-01	3.51E-03	
1_241936_G_C	7.93E-02	6.69E-05	9.78E-01	8.12E-03	2.91E-01	1.64E-03	
1_241942_C_G	7.93E-02	9.60E-06	3.58E-01	-2.60E-01	2.83E-01	5.41E-02	
1_241945_C_T	2.55E-01	6.24E-08	2.34E-01	1.69E-01	1.42E-01	7.01E-02	
1_241948_G_A	7.24E-02	1.77E-01	8.90E-01	1.74E-02	1.25E-01	8.19E-03	
1_241957_A_G	3.21E-01	1.27E-04	8.47E-01	2.10E-02	1.08E-01	1.14E-02	
1_241963_T_C	5.17E-02	4.68E-04	9.26E-01	-1.90E-02	2.05E-01	5.44E-03	
1_241966_C_G	1.00E-01	5.48E-06	7.91E-01	-7.57E-02	2.85E-01	1.56E-02	
1_241979_C_T	1.00E-01	3.03E-03	4.10E-01	-9.77E-02	1.18E-01	4.86E-02	
1_241996_G_A	1.00E-01	5.48E-06	7.91E-01	-7.57E-02	2.85E-01	1.56E-02	
1_242005_G_A	1.41E-01	1.16E-04	8.24E-01	-2.75E-02	1.24E-01	1.31E-02	
1_242014_C_G	8.97E-02	4.67E-02	5.70E-01	7.62E-02	1.34E-01	3.35E-02	
1_242020_C_T	3.83E-01	1.63E-02	2.31E-01	1.36E-01	1.13E-01	7.05E-02	
1_242032_C_G	8.97E-02	4.81E-05	9.76E-01	9.08E-03	3.03E-01	1.76E-03	
1_242052_C_A	1.14E-01	2.69E-07	3.38E-01	-4.75E-01	4.96E-01	5.64E-02	
1_242062_G_A	4.00E-01	1.08E-04	3.91E-01	1.23E-01	1.43E-01	5.06E-02	
1_242073_C_A	1.10E-01	5.79E-07	5.38E-01	-2.44E-01	3.96E-01	3.63E-02	
1_242090_T_C	4.79E-01	3.44E-02	5.72E-01	-9.83E-02	1.74E-01	3.33E-02	
1_242095_G_A	1.34E-01	7.13E-02	9.33E-01	-1.04E-02	1.23E-01	4.98E-03	
1_242116_G_C	4.45E-01	1.17E-03	6.43E-01	7.59E-02	1.64E-01	2.73E-02	
1_242122_A_G	8.62E-02	2.12E-06	7.47E-01	-7.41E-02	2.30E-01	1.90E-02	
1_242125_G_C	7.59E-02	2.02E-05	4.61E-01	-2.03E-01	2.75E-01	4.34E-02	
1_242137_T_C	4.72E-01	8.67E-03	4.73E-01	1.44E-01	2.00E-01	4.23E-02	
1_242143_T_C	4.52E-01	5.68E-04	3.55E-01	1.55E-01	1.67E-01	5.45E-02	
1_242149_C_T	2.21E-01	6.74E-10	3.47E-02	3.65E-01	1.72E-01	1.24E-01	
1_242152_T_C	4.62E-01	1.05E-02	8.10E-01	4.47E-02	1.86E-01	1.42E-02	
1_242156_C_T	5.17E-02	3.04E-03	8.40E-01	4.56E-02	2.26E-01	1.19E-02	
1_242168_T_C	4.62E-01	1.07E-03	4.36E-01	1.25E-01	1.61E-01	4.59E-02	
1_242185_G_A	3.14E-01	3.21E-06	9.23E-01	-9.78E-03	1.02E-01	5.67E-03	
1_242186_C_T	2.79E-01	7.82E-06	3.42E-01	1.46E-01	1.54E-01	5.60E-02	
1_242189_C_A	7.24E-02	4.24E-05	5.44E-01	-1.73E-01	2.85E-01	3.58E-02	
1_242193_G_A	1.14E-01	2.69E-07	3.38E-01	-4.75E-01	4.96E-01	5.64E-02	
1_242200_C_G	2.34E-01	2.77E-03	5.78E-01	-1.06E-01	1.90E-01	3.28E-02	
1_242207_C_G	1.14E-01	2.69E-07	3.38E-01	-4.75E-01	4.96E-01	5.64E-02	
1_242209_G_A	1.17E-01	3.28E-01	4.09E-01	1.36E-01	1.65E-01	4.87E-02	
1_242215_T_C	1.69E-01	2.20E-01	4.63E-01	1.10E-01	1.50E-01	4.33E-02	
1_242216_T_C	4.52E-01	6.30E-03	2.23E-01	2.04E-01	1.67E-01	7.17E-02	
1_242218_C_T	2.62E-01	1.68E-06	4.86E-01	1.12E-01	1.61E-01	4.11E-02	
1_242236_T_C	2.34E-01	2.77E-03	5.78E-01	-1.06E-01	1.90E-01	3.28E-02	
1_242239_T_C	2.17E-01	1.88E-10	2.35E-02	4.07E-01	1.79E-01	1.33E-01	
1_242242_C_G	6.90E-02	8.81E-05	9.36E-01	-1.90E-02	2.37E-01	4.71E-03	
1_242244_A_G	1.34E-01	1.30E-07	8.74E-02	-3.85E-01	2.24E-01	1.01E-01	
1_242260_C_T	5.86E-02	1.77E-01	5.50E-01	-7.37E-02	1.23E-01	3.53E-02	
1_242272_G_A	6.55E-02	5.36E-03	4.39E-01	1.52E-01	1.96E-01	4.56E-02	
1_242290_C_A	2.41E-01	4.44E-09	2.42E-01	2.22E-01	1.90E-01	6.89E-02	
1_242293_T_C	5.52E-01	3.37E-04	5.46E-01	-4.52E-02	7.47E-02	3.56E-02	
1_242296_G_C	5.52E-02	3.31E-02	4.93E-02	-2.88E-01	1.46E-01	1.16E-01	
1_242304_G_T	1.03E-01	4.30E-08	1.30E-01	-5.40E-01	3.56E-01	8.90E-02	
1_242316_G_A	1.62E-01	5.75E-01	9.20E-01	-1.67E-02	1.66E-01	5.94E-03	
1_242335_T_C	4.72E-01	8.67E-03	4.62E-01	1.43E-01	1.94E-01	4.34E-02	
1_242343_T_C	8.52E-01	2.48E-01	3.35E-01	-9.05E-02	9.37E-02	5.68E-02	
1_242354_A_T	2.41E-01	4.44E-09	2.42E-01	2.22E-01	1.90E-01	6.89E-02	
1_242365_C_T	6.55E-02	2.42E-05	6.43E-01	-1.30E-01	2.81E-01	2.73E-02	
1_242375_G_T	6.21E-02	5.12E-05	8.53E-01	-4.74E-02	2.56E-01	1.09E-02	
1_242395_T_C	1.59E-01	1.76E-01	2.40E-01	-1.74E-01	1.48E-01	6.93E-02	
1_242401_C_A	9.31E-02	2.82E-01	9.05E-01	1.79E-02	1.49E-01	7.07E-03	
1_242403_G_A	3.55E-01	6.68E-02	4.36E-01	1.44E-01	1.85E-01	4.60E-02	
1_242416_G_A	2.69E-01	8.81E-06	5.42E-01	9.93E-02	1.63E-01	3.59E-02	
1_242422_T_C	3.34E-01	6.59E-03	7.86E-01	-4.08E-02	1.50E-01	1.60E-02	
1_242424_A_C	8.28E-02	4.52E-06	6.96E-01	-1.05E-01	2.69E-01	2.30E-02	
1_242428_G_C	2.41E-01	4.44E-09	2.42E-01	2.22E-01	1.90E-01	6.89E-02	
1_242434_A_G	4.00E-01	4.25E-06	8.10E-01	3.78E-02	1.57E-01	1.42E-02	
1_242449_T_C	2.21E-01	1.61E-02	7.22E-01	-6.34E-02	1.78E-01	2.09E-02	
1_242452_T_G	4.76E-01	1.28E-02	4.98E-01	1.43E-01	2.10E-01	3.99E-02	
1_242455_T_C	5.00E-01	6.39E-03	4.03E-01	7.71E-02	9.22E-02	4.92E-02	
1_242461_T_C	4.62E-01	1.05E-02	7.87E-01	4.91E-02	1.82E-01	1.59E-02	
1_242467_C_G	5.86E-02	1.08E-04	7.50E-01	-9.19E-02	2.88E-01	1.88E-02	
1_242471_C_T	2.79E-01	7.82E-06	3.15E-01	1.50E-01	1.49E-01	5.92E-02	
1_242497_T_C	4.76E-01	1.28E-02	4.98E-01	1.43E-01	2.10E-01	3.99E-02	
1_242543_C_T	4.28E-01	2.13E-04	7.49E-01	4.91E-02	1.53E-01	1.89E-02	
1_242551_C_G	4.03E-01	2.65E-06	3.88E-01	1.44E-01	1.67E-01	5.09E-02	
1_242557_T_C	7.24E-02	5.32E-06	3.74E-01	-2.53E-01	2.84E-01	5.24E-02	
1_242560_C_G	3.45E-01	1.82E-09	2.08E-01	1.96E-01	1.55E-01	7.41E-02	
1_242564_G_C	8.62E-02	9.74E-05	8.56E-01	4.99E-02	2.74E-01	1.07E-02	
1_242566_G_C	2.72E-01	1.52E-06	9.20E-01	-1.56E-02	1.55E-01	5.94E-03	
1_242575_T_C	3.21E-01	8.85E-04	9.16E-01	1.41E-02	1.34E-01	6.19E-03	
1_242626_T_C	5.07E-01	2.64E-02	9.42E-01	1.31E-02	1.78E-01	4.32E-03	
1_242638_A_G	3.90E-01	3.37E-08	2.02E-01	2.14E-01	1.67E-01	7.52E-02	
1_242642_A_C	3.79E-01	1.67E-07	5.50E-01	1.09E-01	1.82E-01	3.53E-02	
1_242643_A_G	3.79E-01	1.67E-07	5.50E-01	1.09E-01	1.82E-01	3.53E-02	
1_242648_T_C	4.72E-01	8.67E-03	4.21E-01	1.57E-01	1.95E-01	4.74E-02	
1_242660_G_A	3.69E-01	2.10E-07	8.59E-01	3.02E-02	1.71E-01	1.04E-02	
1_257623_T_C	6.90E-02	2.83E-03	5.79E-01	1.43E-01	2.58E-01	3.27E-02	
1_257632_T_C	2.45E-01	1.21E-06	3.28E-02	3.01E-01	1.40E-01	1.25E-01	
1_257653_G_C	7.59E-02	2.02E-05	4.59E-01	-2.04E-01	2.75E-01	4.36E-02	
1_257656_C_G	7.93E-02	6.69E-05	9.64E-01	-9.89E-03	2.19E-01	2.66E-03	
1_257659_C_T	2.83E-01	1.36E-06	4.30E-01	1.06E-01	1.34E-01	4.65E-02	
1_257661_C_G	2.28E-01	6.91E-03	7.10E-01	-6.44E-02	1.73E-01	2.19E-02	
1_257676_G_C	1.21E-01	2.61E-01	8.44E-01	-3.89E-02	1.97E-01	1.16E-02	
1_257683_C_G	1.45E-01	4.78E-01	2.22E-01	-2.02E-01	1.65E-01	7.19E-02	
1_257704_C_T	6.90E-02	2.83E-03	5.67E-01	1.01E-01	1.76E-01	3.38E-02	
1_257706_C_T	9.31E-02	2.35E-05	7.96E-02	-3.08E-01	1.75E-01	1.03E-01	
1_257713_A_G	1.86E-01	1.50E-01	3.84E-01	1.43E-01	1.64E-01	5.13E-02	
1_257722_C_T	1.48E-01	8.77E-01	7.82E-01	-4.29E-02	1.55E-01	1.64E-02	
1_257728_A_G	4.31E-01	1.86E-05	4.28E-02	2.82E-01	1.39E-01	1.19E-01	
1_257730_T_C	2.62E-01	9.94E-08	9.31E-01	1.50E-02	1.72E-01	5.14E-03	
1_257750_C_T	1.24E-01	2.10E-01	6.89E-01	-5.30E-02	1.32E-01	2.36E-02	
1_257755_A_G	3.17E-01	6.63E-03	6.08E-02	2.85E-01	1.51E-01	1.10E-01	
1_257764_C_G	1.10E-01	5.79E-07	5.38E-01	-2.44E-01	3.96E-01	3.63E-02	
1_257765_T_C	7.93E-02	9.60E-06	3.58E-01	-2.60E-01	2.83E-01	5.41E-02	
1_257779_G_C	1.03E-01	3.61E-07	2.91E-01	-2.96E-01	2.79E-01	6.22E-02	
1_257786_C_T	3.55E-01	6.68E-02	4.36E-01	1.44E-01	1.85E-01	4.60E-02	
1_257789_C_T	1.31E-01	3.57E-01	5.43E-01	5.32E-02	8.74E-02	3.58E-02	
1_257827_T_C	9.03E-01	2.39E-01	2.13E-01	-1.33E-01	1.06E-01	7.33E-02	
1_257835_C_G	1.14E-01	2.69E-07	3.38E-01	-4.75E-01	4.96E-01	5.64E-02	
1_257839_T_C	4.48E-01	3.37E-04	2.22E-01	1.67E-01	1.36E-01	7.19E-02	
1_257846_T_G	1.90E-01	1.09E-01	6.45E-01	-7.73E-02	1.67E-01	2.72E-02	
1_257851_G_C	2.41E-01	4.44E-09	2.42E-01	2.22E-01	1.90E-01	6.89E-02	
1_257861_G_C	6.55E-02	1.82E-04	6.98E-01	-9.90E-02	2.55E-01	2.29E-02	
1_257866_G_C	7.93E-02	3.88E-04	5.83E-01	1.15E-01	2.10E-01	3.24E-02	
1_257867_T_G	2.62E-01	4.23E-07	3.99E-01	1.41E-01	1.67E-01	4.97E-02	
1_257878_G_A	5.17E-02	4.68E-04	6.79E-01	-9.42E-02	2.27E-01	2.44E-02	
1_257879_G_A	1.21E-01	2.61E-01	8.44E-01	-3.89E-02	1.97E-01	1.16E-02	
1_257881_G_C	1.31E-01	6.28E-01	7.11E-01	-6.36E-02	1.72E-01	2.18E-02	
1_257885_T_C	4.66E-01	3.76E-03	3.72E-01	1.57E-01	1.75E-01	5.26E-02	
1_257896_C_G	3.52E-01	4.79E-02	3.72E-01	1.56E-01	1.74E-01	5.26E-02	
1_257905_T_C	2.66E-01	5.92E-08	2.69E-01	1.66E-01	1.50E-01	6.51E-02	
1_257906_G_C	4.76E-01	1.37E-03	3.42E-01	1.55E-01	1.63E-01	5.60E-02	
1_257911_C_T	1.07E-01	3.65E-01	7.08E-01	-5.89E-02	1.57E-01	2.20E-02	
1_257914_C_T	2.76E-01	1.23E-05	6.27E-01	7.01E-02	1.44E-01	2.87E-02	
1_257923_G_C	5.17E-02	5.48E-05	5.20E-01	-1.52E-01	2.36E-01	3.79E-02	bad-chisq
1_257944_T_C	3.48E-01	1.10E-04	2.50E-01	1.26E-01	1.09E-01	6.78E-02	
1_257956_C_T	2.52E-01	1.05E-07	6.21E-01	7.90E-02	1.59E-01	2.92E-02	
1_257965_C_T	6.55E-02	1.82E-04	3.91E-01	-2.06E-01	2.41E-01	5.05E-02	
1_257972_C_A	1.14E-01	2.69E-07	3.38E-01	-4.75E-01	4.96E-01	5.64E-02	
1_257975_A_G	8.62E-02	2.41E-01	7.99E-01	-4.26E-02	1.68E-01	1.50E-02	
1_257997_T_A	1.10E-01	4.88E-02	1.27E-01	-2.05E-01	1.34E-01	8.99E-02	
1_258003_T_C	1.90E-01	1.94E-01	9.33E-01	-1.27E-02	1.50E-01	4.99E-03	
1_258007_C_T	2.45E-01	1.33E-08	5.28E-01	1.10E-01	1.75E-01	3.72E-02	
1_258013_A_G	1.38E-01	9.34E-01	6.20E-01	-8.60E-02	1.73E-01	2.92E-02	
1_258031_C_G	9.66E-02	1.14E-05	8.36E-01	-6.26E-02	3.02E-01	1.22E-02	
1_258035_C_A	1.14E-01	2.69E-07	3.38E-01	-4.75E-01	4.96E-01	5.64E-02	
1_258036_G_A	1.14E-01	2.69E-07	3.38E-01	-4.75E-01	4.96E-01	5.64E-02	
1_258044_T_C	1.38E-01	9.34E-01	6.84E-01	-7.17E-02	1.76E-01	2.40E-02	
1_258048_T_C	1.62E-01	9.80E-06	3.86E-02	-2.32E-01	1.12E-01	1.22E-01	
1_258055_C_T	2.59E-01	1.66E-07	3.49E-02	2.90E-01	1.37E-01	1.24E-01	
1_258061_C_G	1.97E-01	5.50E-02	5.46E-01	-9.88E-02	1.63E-01	3.56E-02	
1_258062_A_G	2.34E-01	2.77E-03	5.78E-01	-1.06E-01	1.90E-01	3.28E-02	
1_258084_T_C	1.38E-01	9.34E-01	6.04E-01	-8.93E-02	1.72E-01	3.06E-02	
1_258087_T_C	1.10E-01	5.79E-07	3.14E-01	-2.69E-01	2.66E-01	5.93E-02	
1_258098_C_G	1.14E-01	2.69E-07	3.38E-01	-4.75E-01	4.96E-01	5.64E-02	
1_258104_A_G	6.55E-02	1.78E-01	1.46E-02	-3.43E-01	1.40E-01	1.43E-01	
1_258116_C_G	8.97E-02	4.81E-05	9.76E-01	9.08E-03	3.03E-01	1.76E-03	
1_258118_A_G	9.66E-02	1.14E-05	8.87E-01	3.35E-02	2.36E-01	8.37E-03	
1_258121_C_T	2.17E-01	1.18E-09	1.48E-01	2.33E-01	1.61E-01	8.51E-02	
1_258143_A_G	7.24E-02	2.76E-04	3.30E-01	-1.55E-01	1.58E-01	5.75E-02	
1_258145_T_C	1.31E-01	6.28E-01	4.03E-01	1.30E-01	1.55E-01	4.93E-02	
1_258149_G_A	3.90E-01	8.20E-09	3.24E-01	1.60E-01	1.62E-01	5.81E-02	
1_258151_C_G	1.41E-01	9.11E-01	2.81E-01	-1.71E-01	1.58E-01	6.36E-02	
1_258152_G_A	1.34E-01	1.30E-07	1.95E-01	-2.67E-01	2.06E-01	7.64E-02	
1_258154_G_C	5.10E-01	3.70E-02	7.24E-01	-5.87E-02	1.66E-01	2.08E-02	
1_271618_G_A	5.86E-02	7.57E-04	8.85E-01	3.65E-02	2.52E-01	8.54E-03	
1_271651_C_T	7.59E-02	7.61E-04	7.70E-01	8.28E-02	2.83E-01	1.72E-02	
1_271654_C_T	7.59E-02	7.61E-04	7.70E-01	8.28E-02	2.83E-01	1.72E-02	
1_271657_C_G	7.59E-02	7.61E-04	7.70E-01	8.28E-02	2.83E-01	1.72E-02	
1_271678_C_G	6.55E-02	2.42E-05	4.65E-01	-1.71E-01	2.33E-01	4.30E-02	
1_271720_A_G	2.10E-01	8.80E-11	8.53E-03	4.39E-01	1.66E-01	1.54E-01	
1_271738_G_A	3.03E-01	8.53E-04	7.42E-01	4.66E-02	1.42E-01	1.94E-02	
1_271741_C_G	7.93E-01	7.39E-01	6.74E-02	-1.44E-01	7.84E-02	1.08E-01	
1_271759_G_C	7.93E-02	6.69E-05	6.75E-01	-1.02E-01	2.42E-01	2.47E-02	
1_271780_G_C	7.59E-02	8.17E-01	1.60E-01	-2.02E-01	1.43E-01	8.28E-02	
1_271831_A_G	9.31E-02	2.82E-01	8.59E-01	-2.95E-02	1.66E-01	1.05E-02	
1_271846_G_C	2.72E-01	5.63E-04	4.76E-02	-2.90E-01	1.46E-01	1.16E-01	
1_271912_G_T	1.10E-01	5.79E-07	6.18E-01	-1.81E-01	3.62E-01	2.94E-02	
1_271924_G_C	8.97E-02	7.47E-06	9.39E-01	-2.06E-02	2.67E-01	4.54E-03	
1_271927_C_G	1.90E-01	1.09E-01	8.62E-01	-2.61E-02	1.50E-01	1.03E-02	
1_271928_A_C	1.86E-01	1.50E-01	8.88E-01	-2.07E-02	1.46E-01	8.33E-03	
1_271957_G_C	1.14E-01	2.69E-07	3.38E-01	-4.75E-01	4.96E-01	5.64E-02	
1_271966_C_T	2.55E-01	2.75E-02	2.84E-01	1.30E-01	1.21E-01	6.31E-02	
1_271972_C_T	8.28E-02	1.95E-04	7.76E-01	6.67E-02	2.34E-01	1.68E-02	
1_271996_C_G	8.28E-02	5.27E-07	3.32E-01	-3.00E-01	3.09E-01	5.72E-02	
1_272071_G_C	1.34E-01	4.56E-06	6.08E-01	9.39E-02	1.83E-01	3.02E-02	
1_272077_C_G	1.14E-01	2.69E-07	3.38E-01	-4.75E-01	4.96E-01	5.64E-02	
1_278254_T_C	8.10E-01	5.70E-02	2.97E-01	8.24E-02	7.89E-02	6.14E-02	
1_278260_T_C	3.28E-01	1.44E-09	1.00E-02	3.04E-01	1.17E-01	1.51E-01	
1_278269_T_C	1.59E-01	4.51E-02	6.71E-01	5.60E-02	1.32E-01	2.51E-02	
1_278281_T_C	4.55E-01	9.36E-04	3.54E-01	1.60E-01	1.72E-01	5.46E-02	
1_278296_C_T	3.21E-01	2.10E-02	1.04E-01	2.45E-01	1.50E-01	9.58E-02	
1_278323_C_G	2.17E-01	9.28E-02	4.20E-01	-1.12E-01	1.39E-01	4.75E-02	
1_278344_C_T	5.52E-02	1.53E-03	8.34E-01	-4.55E-02	2.17E-01	1.23E-02	
1_278362_C_G	2.17E-01	1.88E-10	2.35E-02	4.07E-01	1.79E-01	1.33E-01	
1_278369_G_C	6.21E-02	5.58E-06	2.57E-01	-2.52E-01	2.22E-01	6.68E-02	bad-chisq
1_278398_C_T	7.24E-02	1.48E-03	3.71E-02	-2.86E-01	1.37E-01	1.22E-01	
1_278401_G_C	7.07E-01	5.38E-01	8.39E-02	-1.28E-01	7.40E-02	1.02E-01	
1_278407_G_A	7.93E-02	9.60E-06	3.51E-01	-2.41E-01	2.58E-01	5.50E-02	
1_278410_G_C	4.48E-01	8.19E-04	5.42E-01	9.77E-02	1.60E-01	3.60E-02	
1_278425_C_T	2.03E-01	5.30E-02	6.42E-01	-6.19E-02	1.33E-01	2.74E-02	
1_278437_A_G	4.72E-01	8.67E-03	4.21E-01	1.57E-01	1.95E-01	4.74E-02	
1_278440_G_A	2.72E-01	6.10E-05	2.65E-01	1.54E-01	1.38E-01	6.57E-02	
1_278453_T_A	8.28E-02	1.95E-04	7.83E-01	7.35E-02	2.66E-01	1.63E-02	
1_278455_G_C	6.21E-02	2.16E-03	5.97E-01	1.32E-01	2.49E-01	3.12E-02	
1_278458_C_G	2.72E-01	5.58E-06	5.93E-02	2.66E-01	1.41E-01	1.11E-01	
1_278470_A_G	2.21E-01	1.06E-10	1.09E-02	4.29E-01	1.67E-01	1.49E-01	
1_278491_C_T	8.97E-02	4.67E-02	7.55E-01	4.60E-02	1.47E-01	1.84E-02	
1_278494_G_A	7.93E-02	9.60E-06	3.04E-01	-1.92E-01	1.87E-01	6.05E-02	
1_278497_T_C	4.62E-01	2.41E-03	3.54E-01	1.57E-01	1.69E-01	5.46E-02	
1_278512_A_G	6.90E-02	5.54E-04	8.81E-01	3.41E-02	2.28E-01	8.83E-03	
1_278549_C_T	8.28E-02	4.76E-01	9.10E-01	-1.22E-02	1.07E-01	6.70E-03	
1_278560_C_G	3.83E-01	9.87E-08	2.82E-02	3.16E-01	1.43E-01	1.29E-01	
1_278581_C_G	6.21E-02	5.12E-05	5.34E-01	-1.42E-01	2.27E-01	3.67E-02	
1_278593_C_T	2.76E-01	1.22E-04	1.54E-01	2.00E-01	1.40E-01	8.40E-02	
1_278656_C_T	1.03E-01	4.84E-02	7.98E-01	3.17E-02	1.24E-01	1.51E-02	
1_278667_A_C	1.14E-01	2.69E-07	3.38E-01	-4.75E-01	4.96E-01	5.64E-02	
1_278707_C_T	3.17E-01	6.64E-05	1.76E-01	1.60E-01	1.18E-01	7.96E-02	
1_278710_C_G	1.69E-01	5.52E-01	1.60E-01	-2.10E-01	1.49E-01	8.28E-02	
1_278743_C_T	5.52E-02	1.53E-03	7.67E-01	6.82E-02	2.30E-01	1.75E-02	
1_278747_T_C	5.66E-01	1.06E-03	3.14E-01	8.73E-02	8.65E-02	5.93E-02	
1_278755_A_G	8.69E-01	1.70E-06	2.38E-01	1.68E-01	1.42E-01	6.95E-02	
1_304351_C_T	4.83E-01	7.10E-03	1.59E-01	2.52E-01	1.78E-01	8.30E-02	
1_304369_C_T	4.17E-01	2.57E-08	3.69E-01	1.10E-01	1.23E-01	5.30E-02	
1_304405_G_T	8.97E-02	4.81E-05	9.76E-01	9.08E-03	3.03E-01	1.76E-03	
1_304435_G_A	1.59E-01	4.81E-01	2.43E-01	-1.67E-01	1.43E-01	6.88E-02	
1_304450_C_G	1.14E-01	2.69E-07	3.38E-01	-4.75E-01	4.96E-01	5.64E-02	
1_304456_G_A	8.28E-02	3.25E-05	7.28E-01	-7.94E-02	2.28E-01	2.05E-02	
1_304471_C_T	2.21E-01	6.74E-10	4.81E-02	3.35E-01	1.69E-01	1.16E-01	
1_304481_C_T	6.55E-02	1.82E-04	8.24E-01	-5.93E-02	2.66E-01	1.31E-02	
1_304504_G_A	8.62E-02	9.74E-05	8.56E-01	4.99E-02	2.74E-01	1.07E-02	
1_304510_C_T	7.93E-02	3.88E-04	6.31E-01	1.18E-01	2.45E-01	2.83E-02	
1_304519_C_T	1.55E-01	5.99E-01	3.10E-01	-1.48E-01	1.45E-01	5.98E-02	
1_304540_C_T	8.62E-02	2.41E-07	3.72E-01	-1.98E-01	2.21E-01	5.26E-02	
1_304555_C_G	7.24E-02	6.64E-01	9.42E-01	9.34E-03	1.29E-01	4.27E-03	
1_304559_G_A	5.17E-02	5.48E-05	4.00E-01	-2.17E-01	2.57E-01	4.96E-02	bad-chisq
1_304567_G_A	8.28E-02	1.95E-04	9.46E-01	1.87E-02	2.74E-01	4.01E-03	
1_304588_T_C	5.55E-01	4.51E-02	4.97E-01	5.27E-02	7.75E-02	4.00E-02	
1_304615_C_G	2.00E-01	7.53E-02	3.90E-01	-1.11E-01	1.29E-01	5.07E-02	
1_304682_G_A	8.28E-02	3.25E-05	8.69E-01	-4.21E-02	2.54E-01	9.76E-03	
1_304705_G_C	5.52E-02	2.25E-04	9.59E-01	1.30E-02	2.54E-01	3.01E-03	
1_304717_A_G	6.90E-02	4.04E-02	8.55E-02	2.75E-01	1.59E-01	1.01E-01	
1_304732_C_T	7.93E-02	3.88E-04	7.45E-01	7.98E-02	2.45E-01	1.92E-02	
1_304735_G_C	6.21E-02	5.12E-05	4.38E-01	-1.71E-01	2.20E-01	4.57E-02	
1_304748_C_G	4.52E-01	2.98E-03	7.34E-01	6.24E-02	1.83E-01	2.01E-02	
1_304750_G_A	4.52E-01	2.98E-03	7.34E-01	6.24E-02	1.83E-01	2.01E-02	
1_304780_C_T	2.10E-01	8.80E-11	8.53E-03	4.39E-01	1.66E-01	1.54E-01	
1_304798_C_T	6.90E-02	8.81E-05	9.25E-01	2.04E-02	2.15E-01	5.58E-03	
1_304801_G_A	6.55E-02	2.12E-02	5.37E-01	-9.76E-02	1.58E-01	3.64E-02	
1_304813_C_T	1.07E-01	3.38E-03	2.39E-01	-1.53E-01	1.29E-01	6.94E-02	
1_304819_G_A	8.62E-02	1.56E-05	4.57E-01	-1.77E-01	2.38E-01	4.38E-02	
1_304822_G_A	8.28E-02	4.52E-06	5.12E-01	-1.72E-01	2.62E-01	3.86E-02	
1_304846_C_G	8.97E-02	9.84E-07	5.72E-01	-1.37E-01	2.43E-01	3.33E-02	
1_304852_C_G	4.59E-01	7.03E-03	3.76E-01	1.27E-01	1.43E-01	5.22E-02	
1_304867_C_T	1.14E-01	5.07E-01	1.99E-01	1.18E-01	9.16E-02	7.56E-02	
1_304903_G_C	9.31E-02	1.38E-01	7.82E-01	5.24E-02	1.89E-01	1.63E-02	
1_304934_G_T	7.93E-02	9.60E-06	3.58E-01	-2.60E-01	2.83E-01	5.41E-02	
1_326158_C_T	1.17E-01	3.28E-01	4.39E-01	1.34E-01	1.73E-01	4.56E-02	
1_326167_T_C	5.31E-01	4.65E-02	6.06E-01	-6.12E-02	1.19E-01	3.04E-02	
1_326173_G_C	1.93E-01	5.76E-01	1.30E-01	-1.66E-01	1.09E-01	8.91E-02	
1_326188_C_T	2.45E-01	1.33E-08	3.51E-01	1.66E-01	1.78E-01	5.49E-02	
1_326197_G_C	2.17E-01	1.88E-10	2.35E-02	4.07E-01	1.79E-01	1.33E-01	
1_326219_A_C	9.66E-02	1.14E-05	8.36E-01	-6.26E-02	3.02E-01	1.22E-02	
1_326230_T_C	2.76E-01	6.87E-01	8.42E-01	1.53E-02	7.65E-02	1.18E-02	
1_326242_C_G	5.72E-01	4.04E-02	7.07E-01	2.68E-02	7.10E-02	2.22E-02	
1_326260_C_G	7.41E-01	1.88E-02	2.66E-01	8.42E-02	7.55E-02	6.55E-02	
1_326302_C_G	2.31E-01	4.26E-09	1.97E-01	2.00E-01	1.54E-01	7.60E-02	
1_326305_T_C	4.93E-01	1.16E-02	8.17E-01	3.88E-02	1.68E-01	1.36E-02	
1_326308_C_G	3.59E-01	9.14E-02	9.75E-01	-3.95E-03	1.24E-01	1.88E-03	
1_326353_A_G	5.21E-01	1.67E-02	6.58E-01	4.54E-02	1.02E-01	2.61E-02	
1_326356_G_C	1.48E-01	6.09E-01	1.92E-01	-2.05E-01	1.57E-01	7.69E-02	
1_326362_C_T	2.55E-01	6.24E-08	4.17E-02	2.42E-01	1.18E-01	1.20E-01	
1_326393_G_A	1.10E-01	5.79E-07	6.18E-01	-1.81E-01	3.62E-01	2.94E-02	
1_326401_C_T	1.59E-01	5.53E-01	3.97E-01	-1.27E-01	1.50E-01	4.99E-02	
1_326405_A_G	1.24E-01	3.65E-01	5.06E-01	-1.22E-01	1.83E-01	3.92E-02	
1_326422_G_C	2.21E-01	4.90E-01	2.19E-01	9.29E-02	7.55E-02	7.24E-02	
1_326423_A_G	3.03E-01	1.85E-03	3.97E-01	-9.17E-02	1.08E-01	4.99E-02	
1_326424_G_A	5.69E-01	5.18E-02	9.93E-01	8.89E-04	1.01E-01	5.21E-04	
1_326425_T_C	4.90E-01	3.10E-04	4.89E-01	6.05E-02	8.72E-02	4.08E-02	
1_326426_A_G	5.62E-01	1.35E-01	9.02E-01	-8.76E-03	7.08E-02	7.30E-03	
1_326427_C_G	1.72E-01	8.00E-03	6.09E-01	-7.91E-02	1.55E-01	3.01E-02	
1_326430_A_C	1.66E-01	2.91E-01	5.08E-01	-1.07E-01	1.61E-01	3.90E-02	
1_326434_T_C	2.45E-01	9.56E-03	2.87E-01	-1.10E-01	1.03E-01	6.28E-02	
1_326435_C_G	5.86E-02	1.08E-04	7.50E-01	-9.19E-02	2.88E-01	1.88E-02	
1_326438_G_T	1.45E-01	4.78E-01	2.22E-01	-2.02E-01	1.65E-01	7.19E-02	
1_326465_A_C	3.79E-01	1.17E-01	5.17E-01	7.04E-02	1.08E-01	3.82E-02	
1_326467_C_G	3.79E-01	1.17E-01	5.17E-01	7.04E-02	1.08E-01	3.82E-02	
1_326470_T_C	1.55E-01	1.45E-04	3.14E-01	-1.00E-01	9.94E-02	5.94E-02	
1_326476_G_A	6.21E-02	2.16E-03	8.62E-01	3.45E-02	1.99E-01	1.02E-02	
1_326477_A_G	1.10E-01	5.79E-07	6.23E-01	-1.77E-01	3.60E-01	2.90E-02	
1_326482_T_C	1.97E-01	3.06E-01	5.28E-01	8.14E-02	1.29E-01	3.72E-02	
1_326506_T_C	7.24E-02	2.76E-04	3.44E-02	-2.93E-01	1.38E-01	1.24E-01	
1_326514_G_C	3.03E-01	1.85E-03	3.97E-01	-9.17E-02	1.08E-01	4.99E-02	
1_326522_G_C	1.45E-01	4.78E-01	2.22E-01	-2.02E-01	1.65E-01	7.19E-02	
1_326523_C_A	1.45E-01	4.78E-01	2.22E-01	-2.02E-01	1.65E-01	7.19E-02	
1_326542_A_G	1.76E-01	3.47E-01	1.64E-01	-1.96E-01	1.41E-01	8.19E-02	
1_326569_C_T	5.17E-02	5.84E-02	1.63E-01	-1.82E-01	1.30E-01	8.22E-02	
1_326572_G_C	6.21E-02	7.09E-01	8.41E-01	2.90E-02	1.44E-01	1.19E-02	
1_326584_C_T	9.66E-02	4.77E-02	3.44E-01	-1.17E-01	1.24E-01	5.57E-02	
1_326604_T_C	7.24E-02	6.30E-01	4.26E-01	-1.08E-01	1.35E-01	4.69E-02	
1_326615_G_C	5.52E-02	1.53E-03	7.43E-01	-8.86E-02	2.70E-01	1.94E-02	
1_326635_C_G	2.62E-01	2.18E-08	2.15E-01	1.40E-01	1.13E-01	7.30E-02	
1_326647_G_C	1.41E-01	1.26E-02	2.18E-01	1.29E-01	1.05E-01	7.26E-02	
1_326650_C_T	4.00E-01	1.29E-06	6.61E-01	6.61E-02	1.51E-01	2.58E-02	
1_326658_A_G	1.17E-01	1.24E-07	1.21E-01	-5.26E-01	3.38E-01	9.13E-02	
1_326669_G_A	1.14E-01	2.69E-07	3.38E-01	-4.75E-01	4.96E-01	5.64E-02	
1_326670_C_A	1.14E-01	2.69E-07	3.38E-01	-4.75E-01	4.96E-01	5.64E-02	
1_326671_C_T	7.59E-02	2.02E-05	7.74E-01	-6.28E-02	2.18E-01	1.70E-02	
1_326677_A_G	2.17E-01	1.88E-10	2.35E-02	4.07E-01	1.79E-01	1.33E-01	
1_326685_A_G	1.14E-01	2.69E-07	3.38E-01	-4.75E-01	4.96E-01	5.64E-02	
1_326686_G_C	1.14E-01	2.69E-07	3.38E-01	-4.75E-01	4.96E-01	5.64E-02	
1_326693_A_C	7.59E-02	2.02E-05	6.35E-01	-1.24E-01	2.60E-01	2.80E-02	
1_326713_C_T	2.69E-01	2.95E-05	5.76E-02	2.87E-01	1.50E-01	1.12E-01	
1_326737_C_T	2.34E-01	3.14E-02	2.43E-01	-1.56E-01	1.33E-01	6.87E-02	
1_326738_A_C	1.10E-01	5.79E-07	6.18E-01	-1.81E-01	3.62E-01	2.94E-02	
1_326770_C_T	1.66E-01	8.26E-01	1.69E-01	-1.87E-01	1.36E-01	8.09E-02	
1_326787_G_C	1.14E-01	2.69E-07	3.38E-01	-4.75E-01	4.96E-01	5.64E-02	
1_327592_C_G	3.55E-01	1.81E-01	8.70E-01	-2.16E-02	1.31E-01	9.69E-03	
1_327594_A_T	9.66E-02	1.14E-05	9.83E-01	-6.73E-03	3.07E-01	1.29E-03	
1_327622_G_C	5.52E-02	1.53E-03	8.17E-01	-6.52E-02	2.82E-01	1.36E-02	
1_327631_T_C	4.90E-01	2.17E-01	1.99E-02	-2.77E-01	1.18E-01	1.37E-01	
1_327636_T_C	1.48E-01	6.09E-01	1.92E-01	-2.05E-01	1.57E-01	7.69E-02	
1_327643_C_T	8.28E-02	3.25E-05	8.55E-01	-4.08E-02	2.23E-01	1.08E-02	
1_327644_G_C	9.66E-02	1.14E-05	8.36E-01	-6.26E-02	3.02E-01	1.22E-02	
1_327652_C_T	7.59E-02	3.52E-03	2.53E-01	-1.77E-01	1.54E-01	6.74E-02	
1_327673_C_T	6.21E-02	3.73E-04	2.34E-01	-1.98E-01	1.66E-01	7.00E-02	
1_327682_T_C	4.86E-01	3.73E-02	2.81E-01	-1.42E-01	1.32E-01	6.35E-02	
1_327686_T_A	4.97E-01	3.15E-02	8.42E-01	-3.51E-02	1.76E-01	1.18E-02	
1_327712_G_C	5.17E-02	4.89E-06	9.69E-02	-3.82E-01	2.29E-01	9.77E-02	bad-chisq
1_327719_G_C	1.45E-01	7.63E-01	3.65E-01	-1.47E-01	1.62E-01	5.34E-02	
1_327721_G_A	3.10E-01	4.07E-04	3.58E-01	1.19E-01	1.29E-01	5.42E-02	
1_327757_C_G	4.45E-01	5.63E-03	2.43E-01	-1.53E-01	1.31E-01	6.88E-02	
1_327774_T_C	3.24E-01	5.69E-02	7.61E-01	-3.78E-02	1.24E-01	1.80E-02	
1_327791_A_G	7.93E-02	3.88E-04	7.68E-01	7.41E-02	2.52E-01	1.74E-02	
1_327792_C_T	1.14E-01	2.69E-07	3.38E-01	-4.75E-01	4.96E-01	5.64E-02	
1_327796_C_G	1.66E-01	1.97E-02	5.19E-01	-8.70E-02	1.35E-01	3.80E-02	
1_327813_C_A	7.59E-02	7.61E-04	3.65E-01	1.52E-01	1.68E-01	5.34E-02	
1_327824_G_A	3.45E-01	1.17E-02	9.02E-01	-1.23E-02	1.00E-01	7.24E-03	
1_327827_A_G	5.86E-02	7.57E-04	2.61E-01	-1.87E-01	1.66E-01	6.62E-02	
1_327844_G_C	2.48E-01	1.75E-07	4.59E-01	9.82E-02	1.32E-01	4.37E-02	
1_327845_C_A	7.59E-02	7.61E-04	1.57E-01	-2.31E-01	1.63E-01	8.34E-02	
1_327847_G_C	7.24E-02	2.76E-04	4.48E-01	-1.90E-01	2.50E-01	4.47E-02	
1_327848_G_A	1.14E-01	2.69E-07	3.38E-01	-4.75E-01	4.96E-01	5.64E-02	
1_327851_G_A	4.72E-01	1.70E-02	9.03E-01	1.51E-02	1.24E-01	7.18E-03	
1_327854_G_T	5.17E-01	2.05E-01	9.71E-01	-3.23E-03	8.98E-02	2.12E-03	
1_327859_C_G	6.62E-01	1.33E-04	6.22E-01	-4.37E-02	8.84E-02	2.91E-02	
1_327862_C_T	4.41E-01	6.16E-02	6.50E-01	4.46E-02	9.81E-02	2.68E-02	
1_327865_C_T	4.38E-01	4.84E-02	9.55E-01	5.71E-03	1.00E-01	3.35E-03	
1_327866_A_G	5.79E-01	6.84E-02	7.69E-01	-2.68E-02	9.10E-02	1.73E-02	
1_327890_G_A	5.86E-02	1.08E-04	8.17E-01	4.92E-02	2.12E-01	1.37E-02	
1_327895_C_T	3.45E-01	7.41E-11	2.62E-02	3.71E-01	1.66E-01	1.31E-01	
1_327896_G_A	1.10E-01	5.79E-07	7.17E-01	-1.30E-01	3.60E-01	2.13E-02	
1_327901_C_G	1.14E-01	2.69E-07	3.38E-01	-4.75E-01	4.96E-01	5.64E-02	
1_327902_A_G	1.14E-01	2.69E-07	3.38E-01	-4.75E-01	4.96E-01	5.64E-02	
1_327903_A_T	1.10E-01	5.79E-07	7.17E-01	-1.30E-01	3.60E-01	2.13E-02	
1_327934_A_G	1.86E-01	9.33E-01	3.95E-01	-1.14E-01	1.34E-01	5.01E-02	
1_327938_C_A	3.72E-01	1.73E-01	9.89E-01	1.73E-03	1.23E-01	8.32E-04	
1_327953_G_A	1.66E-01	4.41E-02	3.54E-01	-1.20E-01	1.29E-01	5.46E-02	
1_327957_C_G	1.10E-01	5.79E-07	6.18E-01	-1.81E-01	3.62E-01	2.94E-02	
1_327977_C_A	2.34E-01	1.50E-02	1.84E-01	-1.93E-01	1.45E-01	7.82E-02	
1_327978_A_G	2.55E-01	2.53E-03	1.93E-01	-2.02E-01	1.55E-01	7.66E-02	
1_327988_C_T	2.21E-01	1.06E-10	1.04E-02	4.33E-01	1.68E-01	1.50E-01	
1_327994_G_A	1.93E-01	1.44E-01	8.81E-01	2.05E-02	1.37E-01	8.79E-03	
1_327999_C_A	1.14E-01	2.69E-07	3.38E-01	-4.75E-01	4.96E-01	5.64E-02	
1_328001_A_G	1.17E-01	5.36E-06	8.15E-01	5.09E-02	2.17E-01	1.38E-02	
1_328012_C_G	5.17E-02	5.48E-05	4.73E-01	-1.66E-01	2.30E-01	4.23E-02	bad-chisq
1_328027_C_T	2.28E-01	3.32E-11	5.50E-03	3.72E-01	1.33E-01	1.63E-01	
1_328031_G_T	1.07E-01	1.23E-06	8.95E-01	-3.93E-02	2.98E-01	7.77E-03	
1_328042_G_A	8.28E-02	9.85E-04	3.87E-01	-1.23E-01	1.42E-01	5.10E-02	
1_328054_G_C	6.21E-02	3.73E-04	9.49E-01	1.38E-02	2.15E-01	3.79E-03	
1_328127_C_A	1.90E-01	3.19E-01	4.17E-01	-1.10E-01	1.35E-01	4.79E-02	
1_328156_A_G	7.07E-01	6.95E-03	1.14E-01	1.49E-01	9.41E-02	9.30E-02	
1_328157_G_T	4.97E-01	4.66E-03	7.38E-01	3.45E-02	1.03E-01	1.97E-02	
1_328159_C_G	5.62E-01	2.38E-06	9.93E-01	8.90E-04	1.04E-01	5.02E-04	
1_328162_G_C	5.72E-01	2.74E-07	7.74E-01	3.15E-02	1.10E-01	1.69E-02	
1_328183_G_A	1.41E-01	6.51E-01	3.94E-01	7.53E-02	8.83E-02	5.02E-02	
1_328189_C_G	2.24E-01	2.28E-09	4.31E-02	3.14E-01	1.55E-01	1.19E-01	
1_328216_C_T	5.52E-02	8.04E-03	6.74E-01	9.44E-02	2.24E-01	2.48E-02	
1_328225_C_T	6.55E-02	6.98E-01	4.11E-01	1.16E-01	1.41E-01	4.84E-02	
1_328252_G_A	1.66E-01	8.58E-05	6.13E-01	-6.66E-02	1.31E-01	2.98E-02	
1_328532_G_T	6.55E-02	1.82E-04	7.25E-01	-9.21E-02	2.62E-01	2.07E-02	
1_328537_C_T	2.41E-01	4.44E-09	2.42E-01	2.22E-01	1.90E-01	6.89E-02	
1_328538_T_G	1.14E-01	2.69E-07	3.38E-01	-4.75E-01	4.96E-01	5.64E-02	
1_328539_C_A	1.14E-01	2.69E-07	3.38E-01	-4.75E-01	4.96E-01	5.64E-02	
1_328570_G_A	1.62E-01	6.85E-01	8.77E-01	-1.98E-02	1.28E-01	9.11E-03	
1_328576_G_A	5.86E-02	1.08E-04	9.27E-01	-2.30E-02	2.52E-01	5.39E-03	
1_328582_T_C	4.79E-01	2.28E-06	1.14E-01	1.42E-01	8.93E-02	9.31E-02	
1_328610_G_A	1.34E-01	2.27E-05	3.32E-01	-1.62E-01	1.67E-01	5.71E-02	
1_328612_G_C	1.48E-01	1.39E-06	2.35E-01	-2.09E-01	1.76E-01	7.00E-02	
1_328622_T_C	6.66E-01	2.09E-02	4.60E-01	-5.31E-02	7.18E-02	4.35E-02	
1_328661_A_G	1.14E-01	2.69E-07	3.38E-01	-4.75E-01	4.96E-01	5.64E-02	
1_328662_A_G	1.14E-01	2.69E-07	3.38E-01	-4.75E-01	4.96E-01	5.64E-02	
1_328667_A_C	1.00E-01	5.48E-06	7.19E-01	-1.31E-01	3.63E-01	2.12E-02	
1_328668_T_C	1.00E-01	5.48E-06	7.19E-01	-1.31E-01	3.63E-01	2.12E-02	
1_328681_C_G	7.24E-02	1.48E-03	7.81E-01	-5.19E-02	1.86E-01	1.64E-02	
1_328699_G_C	2.66E-01	1.38E-05	3.44E-01	1.23E-01	1.30E-01	5.58E-02	
1_328711_C_T	5.17E-02	4.11E-01	5.99E-01	-8.39E-02	1.59E-01	3.10E-02	
1_328723_C_G	6.90E-02	1.14E-05	6.93E-01	-9.08E-02	2.29E-01	2.33E-02	
1_328741_C_T	3.76E-01	7.37E-08	8.55E-01	-2.69E-02	1.47E-01	1.08E-02	
1_328747_C_G	1.17E-01	2.90E-05	4.82E-01	-1.17E-01	1.66E-01	4.15E-02	
1_328759_C_G	2.34E-01	2.77E-03	5.78E-01	-1.06E-01	1.90E-01	3.28E-02	
1_328780_G_C	1.69E-01	5.52E-01	1.60E-01	-2.10E-01	1.49E-01	8.28E-02	
1_328782_C_T	3.62E-01	2.49E-03	8.61E-01	1.46E-02	8.32E-02	1.03E-02	
1_328786_C_T	5.52E-02	8.04E-03	4.22E-01	-1.16E-01	1.44E-01	4.74E-02	
1_328791_C_A	8.97E-02	9.84E-07	3.09E-01	-3.15E-01	3.09E-01	6.00E-02	
1_328792_C_G	3.83E-01	9.87E-08	4.66E-01	1.31E-01	1.80E-01	4.30E-02	
1_328793_G_A	1.14E-01	2.69E-07	3.38E-01	-4.75E-01	4.96E-01	5.64E-02	
1_328797_C_A	6.21E-02	3.73E-04	7.90E-01	-7.30E-02	2.74E-01	1.57E-02	
1_328801_A_G	4.00E-01	2.83E-04	1.19E-02	3.12E-01	1.23E-01	1.47E-01	
1_328802_C_T	1.59E-01	2.91E-03	3.06E-01	-8.49E-02	8.27E-02	6.04E-02	
1_328810_C_T	3.38E-01	3.20E-03	6.89E-01	-2.91E-02	7.25E-02	2.36E-02	
1_328813_T_C	7.24E-01	8.91E-01	6.35E-01	-3.31E-02	6.95E-02	2.80E-02	
1_328832_C_A	5.17E-02	5.48E-05	2.86E-01	-2.49E-01	2.33E-01	6.29E-02	bad-chisq
1_328846_C_T	8.62E-02	2.27E-03	4.20E-01	-1.24E-01	1.54E-01	4.75E-02	
1_328858_C_G	4.52E-01	6.30E-03	1.08E-01	2.69E-01	1.67E-01	9.46E-02	
1_328866_T_C	1.93E-01	5.76E-01	5.99E-01	-7.32E-02	1.39E-01	3.10E-02	
1_328876_C_T	5.83E-01	1.39E-04	5.42E-02	1.35E-01	6.98E-02	1.13E-01	
1_328880_A_G	6.90E-02	5.54E-04	6.45E-01	1.09E-01	2.36E-01	2.71E-02	
1_328889_G_C	7.59E-02	2.02E-05	4.24E-01	-2.23E-01	2.78E-01	4.72E-02	
1_328892_C_T	1.21E-01	3.08E-04	6.90E-01	-6.04E-02	1.51E-01	2.35E-02	
1_328904_T_C	5.72E-01	1.16E-01	6.55E-01	-3.88E-02	8.68E-02	2.63E-02	
1_328909_A_G	1.10E-01	7.64E-01	2.17E-01	1.15E-01	9.34E-02	7.27E-02	
1_328918_T_C	1.10E-01	3.84E-06	1.22E-01	-2.72E-01	1.76E-01	9.09E-02	
1_328924_T_C	1.03E-01	1.81E-02	1.71E-01	-1.32E-01	9.63E-02	8.06E-02	
1_328927_C_G	7.93E-02	9.60E-06	1.12E-01	-2.66E-01	1.67E-01	9.36E-02	
1_328972_G_A	2.66E-01	2.57E-07	5.96E-01	5.90E-02	1.11E-01	3.13E-02	
1_328988_G_A	1.03E-01	3.61E-07	3.15E-01	-2.96E-01	2.94E-01	5.91E-02	
1_328997_G_T	1.14E-01	2.69E-07	3.38E-01	-4.75E-01	4.96E-01	5.64E-02	
1_329002_T_C	4.59E-01	1.32E-01	7.18E-01	3.16E-02	8.74E-02	2.13E-02	
1_329014_A_G	3.10E-01	3.54E-02	1.41E-01	-1.17E-01	7.93E-02	8.66E-02	
1_329032_C_G	1.62E-01	1.14E-08	2.97E-02	-3.00E-01	1.38E-01	1.28E-01	
1_329035_G_C	6.21E-02	5.12E-05	6.93E-01	-1.10E-01	2.79E-01	2.33E-02	
1_329040_C_G	1.62E-01	1.14E-08	2.97E-02	-3.00E-01	1.38E-01	1.28E-01	
1_329471_G_A	1.14E-01	2.69E-07	3.38E-01	-4.75E-01	4.96E-01	5.64E-02	
1_329473_C_T	5.17E-02	3.04E-03	1.30E-01	-2.43E-01	1.60E-01	8.91E-02	
1_329494_C_G	2.45E-01	2.89E-07	1.03E-01	2.43E-01	1.49E-01	9.60E-02	
1_329521_G_A	5.93E-01	7.84E-01	7.41E-01	-2.28E-02	6.91E-02	1.95E-02	
1_329536_C_T	5.17E-02	1.52E-02	7.45E-01	-5.49E-02	1.69E-01	1.92E-02	
1_329539_C_G	5.86E-02	1.20E-05	1.95E-01	-3.04E-01	2.34E-01	7.63E-02	bad-chisq
1_329540_A_G	1.14E-01	2.69E-07	3.38E-01	-4.75E-01	4.96E-01	5.64E-02	
1_329554_G_C	5.52E-02	1.53E-03	8.17E-01	-6.52E-02	2.82E-01	1.36E-02	
1_329557_G_A	1.79E-01	8.56E-01	2.86E-01	8.58E-02	8.02E-02	6.29E-02	
1_329574_C_A	1.14E-01	2.69E-07	3.38E-01	-4.75E-01	4.96E-01	5.64E-02	
1_329590_A_G	3.79E-01	2.43E-09	2.43E-01	2.09E-01	1.79E-01	6.88E-02	
1_329611_C_G	2.97E-01	3.02E-05	1.94E-01	1.54E-01	1.18E-01	7.64E-02	
1_329630_C_T	2.31E-01	7.50E-10	4.46E-03	4.05E-01	1.41E-01	1.67E-01	
1_329635_G_A	1.00E-01	3.32E-05	1.75E-01	-2.01E-01	1.47E-01	7.99E-02	
1_329638_C_G	6.55E-02	1.10E-03	4.95E-01	-1.35E-01	1.98E-01	4.03E-02	
1_329648_C_A	7.93E-02	9.60E-06	3.20E-01	-2.61E-01	2.62E-01	5.86E-02	
1_329656_A_G	4.52E-01	1.33E-03	7.10E-01	5.94E-02	1.59E-01	2.20E-02	
1_329667_A_C	7.59E-02	2.48E-06	5.27E-01	-1.70E-01	2.69E-01	3.73E-02	
1_329668_G_C	5.52E-02	2.25E-04	9.39E-01	-1.98E-02	2.57E-01	4.54E-03	
1_329671_T_C	5.10E-01	2.02E-02	9.16E-01	-1.41E-02	1.34E-01	6.21E-03	
1_329677_C_T	5.17E-02	5.84E-02	8.04E-02	-2.37E-01	1.35E-01	1.03E-01	
1_329734_C_G	2.17E-01	1.88E-10	2.35E-02	4.07E-01	1.79E-01	1.33E-01	
1_329737_C_T	4.14E-01	5.66E-05	8.39E-01	3.06E-02	1.50E-01	1.20E-02	
1_329760_A_G	1.62E-01	4.67E-01	7.54E-01	-3.73E-02	1.19E-01	1.85E-02	
1_329764_C_T	1.48E-01	6.09E-01	9.46E-01	-7.59E-03	1.13E-01	3.97E-03	
1_329776_A_G	4.83E-01	7.10E-03	3.28E-01	1.80E-01	1.84E-01	5.76E-02	
1_329785_A_G	2.45E-01	1.21E-06	1.26E-01	2.36E-01	1.54E-01	9.01E-02	
1_329800_T_C	9.66E-02	1.14E-05	1.28E-01	-2.48E-01	1.63E-01	8.95E-02	
1_329801_T_G	1.03E-01	2.61E-06	8.71E-01	-4.59E-02	2.82E-01	9.60E-03	
1_329824_C_G	1.62E-01	1.27E-02	4.38E-01	-1.13E-01	1.45E-01	4.57E-02	
1_329827_C_T	5.17E-02	3.04E-03	5.97E-01	-9.07E-02	1.71E-01	3.12E-02	
1_329830_C_T	2.45E-01	4.56E-10	5.58E-03	3.90E-01	1.40E-01	1.62E-01	
1_329847_A_C	1.45E-01	4.78E-01	2.22E-01	-2.02E-01	1.65E-01	7.19E-02	
1_329851_C_T	5.17E-02	5.84E-02	6.45E-01	-7.12E-02	1.54E-01	2.72E-02	
1_329863_A_G	2.03E-01	2.93E-01	3.26E-01	-1.26E-01	1.28E-01	5.78E-02	
1_329864_G_A	4.00E-01	1.32E-05	7.04E-01	6.64E-02	1.74E-01	2.24E-02	
1_329865_C_G	4.17E-01	1.02E-04	7.20E-01	5.91E-02	1.65E-01	2.11E-02	
1_329872_G_C	3.79E-01	2.09E-06	1.64E-01	1.97E-01	1.41E-01	8.20E-02	
1_329887_G_A	2.48E-01	3.82E-08	3.65E-01	1.57E-01	1.73E-01	5.33E-02	
1_329903_C_A	5.86E-02	4.19E-03	7.55E-01	8.14E-02	2.60E-01	1.84E-02	
1_329912_A_G	1.14E-01	2.69E-07	3.38E-01	-4.75E-01	4.96E-01	5.64E-02	
1_329913_G_A	1.14E-01	2.69E-07	3.38E-01	-4.75E-01	4.96E-01	5.64E-02	
1_329914_C_T	1.83E-01	3.33E-01	1.70E-01	-1.78E-01	1.30E-01	8.08E-02	
1_329915_G_T	1.45E-01	4.78E-01	2.22E-01	-2.02E-01	1.65E-01	7.19E-02	
1_329923_T_C	4.34E-01	6.19E-04	4.43E-01	-8.99E-02	1.17E-01	4.52E-02	
1_329929_C_G	5.52E-02	1.53E-03	8.17E-01	-6.52E-02	2.82E-01	1.36E-02	
1_329932_T_C	1.03E-01	8.84E-05	2.91E-01	-1.77E-01	1.68E-01	6.22E-02	
1_329937_A_G	6.90E-02	1.14E-05	4.91E-01	-2.15E-01	3.12E-01	4.06E-02	
1_329941_T_C	9.66E-02	6.69E-05	4.50E-02	-2.78E-01	1.38E-01	1.18E-01	
1_329947_G_A	2.48E-01	7.42E-07	1.37E-01	2.22E-01	1.49E-01	8.75E-02	
1_329950_A_G	5.86E-02	1.08E-04	8.32E-01	4.88E-02	2.29E-01	1.25E-02	
1_329951_T_C	3.10E-01	5.67E-03	6.61E-02	2.88E-01	1.56E-01	1.08E-01	
1_329959_T_C	4.72E-01	8.67E-03	4.21E-01	1.57E-01	1.94E-01	4.74E-02	
1_329960_G_A	6.90E-02	1.14E-05	4.91E-01	-2.15E-01	3.12E-01	4.06E-02	
1_329966_A_G	8.62E-02	2.41E-07	2.39E-01	-3.41E-01	2.89E-01	6.93E-02	
1_329972_C_T	6.21E-02	1.00E-02	2.16E-01	-2.06E-01	1.67E-01	7.29E-02	
1_329998_T_A	1.14E-01	2.69E-07	3.38E-01	-4.75E-01	4.96E-01	5.64E-02	
1_330000_T_A	6.21E-02	5.12E-05	7.68E-01	-8.06E-02	2.73E-01	1.74E-02	
1_330040_T_C	4.17E-01	3.70E-05	6.77E-01	6.67E-02	1.60E-01	2.46E-02	
1_330044_T_A	8.28E-02	5.27E-07	3.32E-01	-3.00E-01	3.09E-01	5.72E-02	
1_330045_T_C	8.28E-02	5.27E-07	3.32E-01	-3.00E-01	3.09E-01	5.72E-02	
1_330049_G_A	2.21E-01	6.67E-02	3.80E-01	-1.15E-01	1.31E-01	5.17E-02	
1_330050_T_C	5.86E-02	7.57E-04	7.12E-01	-8.93E-02	2.42E-01	2.17E-02	
1_330059_C_T	2.59E-01	9.80E-06	4.10E-01	1.14E-01	1.39E-01	4.86E-02	
1_330064_T_C	4.93E-01	5.78E-03	4.29E-01	1.12E-01	1.41E-01	4.66E-02	
1_330068_T_G	1.14E-01	2.69E-07	3.38E-01	-4.75E-01	4.96E-01	5.64E-02	
1_330080_C_T	2.59E-01	2.70E-06	4.45E-02	3.11E-01	1.54E-01	1.18E-01	
1_330092_G_A	8.97E-02	4.81E-05	9.76E-01	9.08E-03	3.03E-01	1.76E-03	
1_330100_T_C	4.28E-01	5.34E-04	8.49E-01	-3.26E-02	1.71E-01	1.13E-02	
1_330133_C_T	6.21E-02	2.16E-03	3.56E-01	-1.66E-01	1.80E-01	5.44E-02	
1_330147_T_C	6.90E-02	1.14E-05	4.91E-01	-2.15E-01	3.12E-01	4.06E-02	
1_330151_G_C	6.21E-02	3.73E-04	7.01E-01	8.66E-02	2.26E-01	2.26E-02	
1_330174_C_G	4.79E-01	4.69E-03	4.32E-01	-1.01E-01	1.28E-01	4.63E-02	
1_330178_C_T	1.45E-01	4.78E-01	2.22E-01	-2.02E-01	1.65E-01	7.19E-02	
1_330183_A_T	3.93E-01	2.87E-07	3.41E-01	-1.34E-01	1.40E-01	5.61E-02	
1_330190_C_T	1.00E-01	3.23E-01	9.78E-01	3.25E-03	1.17E-01	1.64E-03	
1_330247_A_G	4.45E-01	2.64E-03	7.15E-01	6.65E-02	1.82E-01	2.15E-02	
1_330265_C_T	2.21E-01	6.74E-10	4.87E-02	3.34E-01	1.69E-01	1.16E-01	
1_330269_G_A	3.90E-01	1.31E-07	5.34E-01	-9.15E-02	1.47E-01	3.67E-02	
1_330283_G_A	2.24E-01	4.71E-02	9.44E-01	-5.37E-03	7.61E-02	4.16E-03	
1_330284_G_A	4.34E-01	1.19E-05	9.99E-01	1.03E-04	1.25E-01	4.86E-05	
1_330290_C_T	4.28E-01	9.79E-06	5.85E-01	-7.20E-02	1.32E-01	3.22E-02	
1_330299_G_A	1.45E-01	4.78E-01	2.22E-01	-2.02E-01	1.65E-01	7.19E-02	
1_330308_G_A	3.45E-01	2.31E-02	8.98E-01	-1.42E-02	1.10E-01	7.59E-03	
1_330322_C_T	5.17E-02	3.04E-03	5.64E-01	-9.84E-02	1.71E-01	3.40E-02	
1_330353_C_T	6.21E-02	5.42E-01	9.66E-01	5.18E-03	1.21E-01	2.53E-03	
1_330356_A_T	1.45E-01	4.78E-01	2.22E-01	-2.02E-01	1.65E-01	7.19E-02	
1_330361_T_C	7.59E-02	7.61E-04	5.84E-01	-8.97E-02	1.64E-01	3.22E-02	
1_330379_C_T	2.10E-01	1.71E-01	9.35E-01	6.10E-03	7.50E-02	4.79E-03	
1_330380_A_G	6.55E-02	1.10E-03	5.29E-01	1.43E-01	2.26E-01	3.71E-02	
1_330403_T_C	5.17E-02	1.75E-01	2.75E-01	2.09E-01	1.91E-01	6.43E-02	
1_330421_C_T	2.07E-01	3.67E-02	4.70E-01	5.98E-02	8.27E-02	4.26E-02	
1_330422_T_C	4.72E-01	3.16E-02	4.82E-01	5.07E-02	7.21E-02	4.15E-02	
1_330446_A_G	6.21E-02	3.73E-04	5.42E-01	-1.32E-01	2.17E-01	3.59E-02	
1_330460_T_C	4.69E-01	1.21E-03	8.08E-01	-2.98E-02	1.23E-01	1.43E-02	
1_330471_A_C	1.07E-01	1.23E-06	7.10E-01	-1.21E-01	3.26E-01	2.19E-02	
1_330492_T_A	8.28E-02	5.27E-07	3.32E-01	-3.00E-01	3.09E-01	5.72E-02	
1_330502_C_T	1.31E-01	6.28E-01	6.98E-01	5.35E-02	1.38E-01	2.29E-02	
1_330512_A_T	4.07E-01	4.76E-07	6.31E-01	-6.66E-02	1.38E-01	2.83E-02	
1_330514_C_G	1.90E-01	3.19E-01	2.66E-01	-1.42E-01	1.27E-01	6.56E-02	
1_330520_G_C	3.83E-01	2.50E-08	8.80E-01	-2.35E-02	1.56E-01	8.88E-03	
1_330554_A_G	2.62E-01	5.75E-03	3.60E-01	-1.30E-01	1.42E-01	5.40E-02	
1_330556_C_T	2.41E-01	1.08E-07	5.29E-02	3.02E-01	1.55E-01	1.14E-01	
1_330579_C_T	3.69E-01	1.33E-01	7.34E-01	4.23E-02	1.24E-01	2.01E-02	
1_330580_C_G	2.10E-01	1.13E-02	3.35E-01	1.73E-01	1.79E-01	5.68E-02	
1_330588_C_G	3.69E-01	1.33E-01	7.34E-01	4.23E-02	1.24E-01	2.01E-02	
1_330594_C_G	2.48E-01	1.75E-07	7.26E-01	4.46E-02	1.27E-01	2.07E-02	
1_330603_A_G	1.14E-01	2.69E-07	3.38E-01	-4.75E-01	4.96E-01	5.64E-02	
1_330604_T_C	1.03E-01	2.61E-06	4.45E-01	-1.33E-01	1.74E-01	4.50E-02	
1_330620_C_A	1.03E-01	1.26E-01	4.14E-01	1.56E-01	1.91E-01	4.81E-02	
1_330645_C_T	7.93E-02	9.60E-06	3.58E-01	-2.60E-01	2.83E-01	5.41E-02	
1_330650_C_T	5.52E-02	1.53E-03	1.51E-02	-3.37E-01	1.38E-01	1.43E-01	
1_330655_C_T	2.34E-01	1.31E-08	4.45E-02	3.12E-01	1.54E-01	1.18E-01	
1_330658_G_A	6.21E-02	3.71E-02	3.38E-02	-2.68E-01	1.26E-01	1.25E-01	
1_330662_A_G	9.66E-02	1.45E-03	4.44E-01	-1.23E-01	1.60E-01	4.51E-02	
1_330668_G_A	4.00E-01	2.26E-01	2.51E-01	-1.34E-01	1.17E-01	6.77E-02	
1_330682_G_A	6.90E-02	5.54E-04	1.34E-01	-2.09E-01	1.39E-01	8.82E-02	
1_330699_G_A	4.76E-01	5.85E-04	8.34E-01	-2.73E-02	1.30E-01	1.24E-02	
1_330700_C_T	5.86E-02	1.83E-02	7.87E-02	4.00E-01	2.26E-01	1.03E-01	
1_330703_C_T	9.31E-02	6.44E-04	2.22E-01	-1.69E-01	1.38E-01	7.19E-02	
1_330707_C_T	5.52E-02	2.25E-04	2.24E-01	-2.66E-01	2.18E-01	7.16E-02	
1_330713_T_A	1.14E-01	2.69E-07	3.38E-01	-4.75E-01	4.96E-01	5.64E-02	
1_330728_C_T	2.21E-01	1.06E-10	4.89E-03	4.72E-01	1.66E-01	1.65E-01	
1_330731_C_T	1.10E-01	1.51E-01	5.00E-01	1.08E-01	1.60E-01	3.98E-02	
1_330740_G_A	2.48E-01	6.23E-03	1.92E-01	-1.98E-01	1.51E-01	7.68E-02	
1_330751_T_C	2.72E-01	6.10E-05	9.45E-01	-7.73E-03	1.12E-01	4.06E-03	
1_330754_C_G	5.10E-01	3.70E-02	5.60E-01	-8.38E-02	1.43E-01	3.44E-02	
1_330755_T_C	2.55E-01	2.53E-03	5.42E-02	-2.10E-01	1.09E-01	1.13E-01	
1_330760_G_A	1.00E-01	1.02E-02	6.19E-01	6.12E-02	1.23E-01	2.94E-02	
1_330783_T_C	1.10E-01	5.79E-07	7.17E-01	-1.30E-01	3.60E-01	2.13E-02	
1_330785_A_G	1.00E-01	5.48E-06	4.89E-01	1.73E-01	2.50E-01	4.08E-02	
1_330793_C_G	7.59E-02	2.02E-05	7.35E-01	-7.50E-02	2.21E-01	2.00E-02	
1_330805_T_C	5.00E-01	7.53E-02	1.93E-01	-1.66E-01	1.27E-01	7.66E-02	
1_330808_G_C	2.69E-01	2.95E-05	9.66E-01	4.98E-03	1.18E-01	2.48E-03	
1_330835_C_G	7.93E-02	6.69E-05	3.83E-01	-1.70E-01	1.95E-01	5.14E-02	
1_330839_G_T	1.79E-01	6.24E-01	3.72E-01	-1.32E-01	1.47E-01	5.26E-02	
1_330847_G_A	2.97E-01	3.02E-05	3.16E-02	2.63E-01	1.22E-01	1.26E-01	
1_330857_G_A	6.90E-02	1.19E-06	3.00E-01	-2.26E-01	2.18E-01	6.11E-02	bad-chisq
1_330867_C_G	2.17E-01	1.88E-10	2.35E-02	4.07E-01	1.79E-01	1.33E-01	
1_330886_C_T	6.90E-02	5.19E-01	8.95E-01	1.49E-02	1.13E-01	7.76E-03	
1_330890_C_T	9.31E-02	2.35E-05	4.17E-01	1.68E-01	2.07E-01	4.79E-02	
1_330906_C_G	2.45E-01	6.44E-08	6.85E-01	5.28E-02	1.30E-01	2.40E-02	
1_330926_G_A	7.93E-02	9.60E-06	3.58E-01	-2.60E-01	2.83E-01	5.41E-02	
1_330931_A_G	4.48E-01	8.51E-03	5.88E-01	-6.22E-02	1.15E-01	3.20E-02	
1_330932_C_T	6.55E-02	1.78E-01	8.74E-01	-2.21E-02	1.39E-01	9.38E-03	
1_330946_C_G	5.17E-02	4.68E-04	8.92E-01	-3.42E-02	2.51E-01	8.02E-03	
1_330962_T_A	2.48E-01	1.75E-07	7.17E-01	4.56E-02	1.26E-01	2.14E-02	
1_330973_G_A	5.17E-02	4.68E-04	8.81E-01	-3.52E-02	2.36E-01	8.79E-03	
1_330980_C_A	7.59E-02	1.37E-04	9.50E-01	1.37E-02	2.21E-01	3.66E-03	
1_330994_C_T	1.28E-01	9.85E-01	8.26E-01	-3.25E-02	1.48E-01	1.29E-02	
1_330996_C_A	1.14E-01	2.69E-07	3.38E-01	-4.75E-01	4.96E-01	5.64E-02	
1_330998_G_A	9.66E-02	1.14E-05	8.36E-01	-6.26E-02	3.02E-01	1.22E-02	
1_331012_C_A	1.00E-01	7.53E-02	3.51E-01	1.87E-01	2.01E-01	5.49E-02	
1_331018_T_C	2.31E-01	1.03E-02	2.95E-01	-1.36E-01	1.30E-01	6.17E-02	
1_331054_C_T	1.17E-01	1.37E-04	4.15E-01	-9.65E-02	1.18E-01	4.81E-02	
1_331070_G_A	1.14E-01	2.69E-07	3.38E-01	-4.75E-01	4.96E-01	5.64E-02	
1_331071_G_A	1.14E-01	2.69E-07	3.38E-01	-4.75E-01	4.96E-01	5.64E-02	
1_331082_A_T	1.00E-01	9.50E-08	1.26E-01	-4.04E-01	2.63E-01	9.00E-02	
1_331083_G_C	1.28E-01	8.81E-08	1.38E-01	-3.60E-01	2.42E-01	8.73E-02	
1_331089_A_C	3.97E-01	6.17E-07	5.04E-01	-9.21E-02	1.38E-01	3.94E-02	
1_331096_C_G	3.07E-01	5.92E-04	5.13E-01	7.20E-02	1.10E-01	3.85E-02	
1_331097_A_G	6.55E-02	5.36E-03	1.69E-02	-3.56E-01	1.48E-01	1.40E-01	
1_331108_C_T	1.31E-01	3.57E-01	9.05E-01	1.04E-02	8.73E-02	7.00E-03	
1_331114_C_T	5.17E-02	3.04E-03	1.50E-01	-2.49E-01	1.72E-01	8.47E-02	
1_331120_A_G	3.17E-01	2.74E-02	5.61E-01	-6.72E-02	1.15E-01	3.43E-02	
1_331129_A_G	9.66E-02	1.14E-05	1.82E-01	-1.87E-01	1.40E-01	7.87E-02	
1_331130_A_G	9.66E-02	1.02E-01	4.99E-01	1.15E-01	1.70E-01	3.98E-02	
1_331132_C_T	5.17E-02	4.68E-04	3.61E-01	-1.70E-01	1.86E-01	5.39E-02	
1_331133_A_T	1.14E-01	2.69E-07	3.38E-01	-4.75E-01	4.96E-01	5.64E-02	
1_331134_G_C	1.14E-01	2.69E-07	3.38E-01	-4.75E-01	4.96E-01	5.64E-02	
1_331145_A_G	4.07E-01	4.76E-07	6.31E-01	-6.66E-02	1.38E-01	2.83E-02	
1_331147_C_G	6.55E-02	5.36E-03	2.75E-01	2.40E-01	2.20E-01	6.43E-02	
1_331150_C_T	2.59E-01	3.31E-05	3.74E-01	1.24E-01	1.40E-01	5.24E-02	
1_331154_A_C	5.14E-01	5.10E-02	4.90E-01	-1.03E-01	1.49E-01	4.07E-02	
1_331161_C_T	1.14E-01	2.69E-07	3.38E-01	-4.75E-01	4.96E-01	5.64E-02	
1_331171_G_C	5.52E-02	2.75E-01	7.36E-01	-4.95E-02	1.47E-01	1.99E-02	
1_331225_C_G	4.97E-01	9.36E-02	1.16E-01	-2.21E-01	1.40E-01	9.25E-02	
1_331229_G_A	9.66E-02	1.67E-06	7.81E-01	-7.38E-02	2.65E-01	1.64E-02	
1_331238_G_A	1.07E-01	4.46E-05	8.40E-01	3.39E-02	1.68E-01	1.19E-02	
1_331240_C_T	2.79E-01	2.20E-06	3.23E-01	-1.32E-01	1.34E-01	5.82E-02	
1_331243_G_A	4.07E-01	1.63E-06	9.58E-01	7.22E-03	1.38E-01	3.07E-03	
1_331252_C_G	3.38E-01	2.05E-02	5.50E-01	6.80E-02	1.14E-01	3.52E-02	
1_331253_A_T	2.48E-01	1.75E-07	7.82E-01	3.49E-02	1.26E-01	1.64E-02	
1_331265_G_A	9.31E-02	2.35E-05	5.49E-01	1.41E-01	2.35E-01	3.53E-02	
1_331268_T_G	1.14E-01	2.69E-07	3.38E-01	-4.75E-01	4.96E-01	5.64E-02	
1_331279_G_A	1.41E-01	5.69E-01	9.41E-01	-9.68E-03	1.30E-01	4.38E-03	
1_331291_G_A	6.90E-02	2.83E-03	7.89E-01	-4.14E-02	1.55E-01	1.58E-02	
1_331315_T_C	3.24E-01	7.71E-03	8.61E-01	1.89E-02	1.08E-01	1.03E-02	
1_331339_C_G	4.90E-01	7.85E-03	5.48E-01	-8.13E-02	1.35E-01	3.55E-02	
1_331348_C_T	4.76E-01	3.19E-05	7.62E-02	-1.21E-01	6.82E-02	1.04E-01	
1_331358_G_A	2.38E-01	9.93E-03	4.01E-02	-2.27E-01	1.10E-01	1.21E-01	
1_331372_C_T	2.69E-01	2.45E-06	3.36E-01	1.19E-01	1.23E-01	5.67E-02	
1_331377_A_C	4.00E-01	3.72E-07	6.37E-01	-6.24E-02	1.32E-01	2.78E-02	
1_331384_T_C	4.86E-01	1.06E-02	2.72E-01	-1.38E-01	1.25E-01	6.47E-02	
1_331387_C_T	1.24E-01	8.52E-01	9.88E-01	-2.30E-03	1.49E-01	9.08E-04	
1_331406_C_T	2.38E-01	1.80E-07	1.11E-01	2.45E-01	1.53E-01	9.38E-02	
1_331408_C_G	3.83E-01	2.37E-01	7.20E-02	-2.17E-01	1.20E-01	1.06E-01	
1_331420_A_G	2.14E-01	1.27E-01	9.04E-01	1.44E-02	1.20E-01	7.11E-03	
1_331421_C_T	8.28E-02	4.18E-03	2.37E-01	-1.34E-01	1.13E-01	6.97E-02	
1_331447_C_T	9.31E-02	2.82E-01	8.40E-01	-3.42E-02	1.69E-01	1.19E-02	
1_331453_C_G	2.69E-01	5.51E-03	1.01E-01	-1.91E-01	1.16E-01	9.66E-02	
1_331461_T_C	5.86E-02	1.08E-04	7.50E-01	-9.19E-02	2.88E-01	1.88E-02	
1_331464_C_A	1.97E-01	3.06E-01	4.37E-01	-1.09E-01	1.41E-01	4.58E-02	
1_331476_G_C	2.07E-01	3.67E-02	1.14E-01	-1.98E-01	1.25E-01	9.29E-02	
1_331518_A_G	2.45E-01	6.44E-08	6.85E-01	5.28E-02	1.30E-01	2.40E-02	
1_331522_G_C	7.59E-02	7.61E-04	7.62E-01	-5.31E-02	1.76E-01	1.78E-02	
1_331526_A_G	1.14E-01	2.69E-07	3.38E-01	-4.75E-01	4.96E-01	5.64E-02	
1_331527_A_C	1.14E-01	2.69E-07	3.38E-01	-4.75E-01	4.96E-01	5.64E-02	
1_331543_C_T	4.72E-01	4.20E-03	5.40E-01	-4.26E-02	6.95E-02	3.61E-02	
1_331550_G_A	1.14E-01	2.69E-07	3.38E-01	-4.75E-01	4.96E-01	5.64E-02	
1_331551_C_A	8.28E-02	5.27E-07	3.32E-01	-3.00E-01	3.09E-01	5.72E-02	
1_331552_C_G	1.07E-01	1.66E-07	2.94E-01	-3.14E-01	2.99E-01	6.18E-02	
1_331555_G_A	1.45E-01	9.72E-01	3.22E-01	8.63E-02	8.69E-02	5.84E-02	
1_331560_C_T	1.55E-01	4.33E-01	6.21E-01	-7.39E-02	1.49E-01	2.92E-02	
1_331563_C_A	1.48E-01	6.09E-01	1.14E-01	-2.49E-01	1.57E-01	9.29E-02	
1_331567_G_C	3.97E-01	1.71E-07	4.62E-01	1.03E-01	1.40E-01	4.33E-02	
1_331573_G_A	2.62E-01	2.15E-05	7.33E-01	4.07E-02	1.19E-01	2.01E-02	
1_331574_G_T	3.00E-01	1.75E-04	7.74E-01	3.23E-02	1.12E-01	1.70E-02	
1_331588_G_C	2.34E-01	3.14E-02	5.03E-01	-9.35E-02	1.39E-01	3.95E-02	
1_331597_C_T	1.28E-01	7.36E-01	5.10E-01	-9.20E-02	1.39E-01	3.88E-02	
1_331627_G_A	1.24E-01	8.52E-01	8.79E-01	2.32E-02	1.53E-01	8.95E-03	
1_331633_A_G	2.59E-01	6.94E-07	2.70E-02	3.13E-01	1.41E-01	1.30E-01	
1_331660_C_T	8.97E-02	4.81E-05	7.30E-01	-6.76E-02	1.96E-01	2.04E-02	
1_331663_C_G	1.14E-01	2.69E-07	3.38E-01	-4.75E-01	4.96E-01	5.64E-02	
1_331675_G_T	7.59E-02	2.48E-06	5.93E-01	-1.41E-01	2.64E-01	3.15E-02	
1_331681_T_C	8.62E-02	1.56E-05	6.35E-01	-1.29E-01	2.72E-01	2.80E-02	
1_331688_C_T	6.55E-02	2.58E-06	8.85E-02	-3.63E-01	2.12E-01	1.00E-01	bad-chisq
1_332971_A_G	1.45E-01	9.72E-01	3.97E-01	1.46E-01	1.72E-01	5.00E-02	
1_332983_C_A	1.45E-01	4.78E-01	2.22E-01	-2.02E-01	1.65E-01	7.19E-02	
1_332996_A_C	7.93E-02	9.60E-06	3.58E-01	-2.60E-01	2.83E-01	5.41E-02	
1_333002_G_C	2.17E-01	1.88E-10	2.35E-02	4.07E-01	1.79E-01	1.33E-01	
1_333007_C_T	1.45E-01	4.78E-01	2.22E-01	-2.02E-01	1.65E-01	7.19E-02	
1_333010_C_G	1.45E-01	4.78E-01	2.22E-01	-2.02E-01	1.65E-01	7.19E-02	
1_333011_G_C	2.17E-01	1.88E-10	2.35E-02	4.07E-01	1.79E-01	1.33E-01	
1_333014_A_G	1.07E-01	1.23E-06	7.93E-01	-8.47E-02	3.23E-01	1.55E-02	
1_333015_G_C	6.55E-02	5.36E-03	5.14E-01	1.69E-01	2.59E-01	3.85E-02	
1_333023_G_C	5.86E-02	1.08E-04	7.50E-01	-9.19E-02	2.88E-01	1.88E-02	
1_333032_T_G	4.76E-01	1.28E-02	4.98E-01	1.43E-01	2.10E-01	3.99E-02	
1_333049_C_T	3.00E-01	1.22E-03	7.71E-02	2.55E-01	1.44E-01	1.04E-01	
1_333056_G_A	8.28E-02	4.52E-06	6.10E-01	-1.26E-01	2.47E-01	3.01E-02	
1_333058_C_T	9.31E-02	7.95E-01	1.08E-01	1.66E-01	1.03E-01	9.45E-02	
1_333059_G_A	5.59E-01	2.19E-03	4.44E-02	1.97E-01	9.77E-02	1.18E-01	
1_333063_G_C	7.59E-02	2.02E-05	4.24E-01	-2.23E-01	2.78E-01	4.72E-02	
1_333071_G_T	1.14E-01	2.69E-07	3.38E-01	-4.75E-01	4.96E-01	5.64E-02	
1_333085_A_G	1.90E-01	4.88E-01	2.88E-01	-1.59E-01	1.49E-01	6.25E-02	
1_333088_C_G	9.31E-02	2.35E-05	9.30E-01	-2.45E-02	2.80E-01	5.16E-03	
1_333112_A_G	4.59E-01	3.35E-03	5.42E-01	1.10E-01	1.80E-01	3.59E-02	
1_333118_C_G	2.45E-01	1.67E-03	1.09E-01	-2.40E-01	1.49E-01	9.44E-02	
1_333121_C_G	2.62E-01	1.68E-06	4.12E-02	3.24E-01	1.58E-01	1.20E-01	
1_333127_G_A	1.38E-01	2.60E-03	2.55E-01	-1.41E-01	1.24E-01	6.71E-02	
1_333148_C_T	2.83E-01	7.90E-10	2.29E-01	1.39E-01	1.15E-01	7.08E-02	
1_333154_A_G	4.03E-01	2.66E-03	8.73E-01	2.02E-02	1.26E-01	9.45E-03	
1_333157_T_C	2.55E-01	9.95E-04	1.46E-01	-1.96E-01	1.35E-01	8.55E-02	
1_333166_C_G	1.45E-01	4.78E-01	2.22E-01	-2.02E-01	1.65E-01	7.19E-02	
1_333169_C_T	4.03E-01	7.88E-07	3.30E-01	1.59E-01	1.62E-01	5.74E-02	
1_333194_C_T	5.86E-02	7.57E-04	9.94E-01	2.02E-03	2.48E-01	4.80E-04	
1_333196_C_G	6.55E-02	1.82E-04	7.37E-01	-8.96E-02	2.66E-01	1.98E-02	
1_333205_C_T	2.38E-01	3.85E-08	1.61E-01	1.98E-01	1.41E-01	8.26E-02	
1_333209_A_G	1.14E-01	2.69E-07	3.38E-01	-4.75E-01	4.96E-01	5.64E-02	
1_333223_C_T	1.45E-01	4.78E-01	2.22E-01	-2.02E-01	1.65E-01	7.19E-02	
1_333224_G_A	1.14E-01	2.69E-07	3.38E-01	-4.75E-01	4.96E-01	5.64E-02	
1_333247_C_T	6.21E-02	3.73E-04	9.30E-01	-2.24E-02	2.56E-01	5.14E-03	
1_371380_C_A	1.14E-01	2.69E-07	3.38E-01	-4.75E-01	4.96E-01	5.64E-02	
1_371381_T_C	1.00E-01	5.48E-06	7.19E-01	-1.31E-01	3.63E-01	2.12E-02	
1_371396_C_T	5.17E-02	5.48E-05	5.30E-01	-1.54E-01	2.45E-01	3.71E-02	bad-chisq
1_371399_C_T	8.62E-02	9.74E-05	8.59E-01	4.43E-02	2.49E-01	1.05E-02	
1_371402_T_C	1.14E-01	2.69E-07	3.38E-01	-4.75E-01	4.96E-01	5.64E-02	
1_371405_C_G	9.66E-02	1.67E-06	5.84E-01	-1.42E-01	2.59E-01	3.23E-02	
1_371426_A_G	4.21E-01	2.54E-06	7.15E-01	4.51E-02	1.24E-01	2.15E-02	
1_371463_G_A	3.79E-01	1.86E-01	5.21E-01	-1.02E-01	1.59E-01	3.79E-02	
1_371474_A_G	2.28E-01	3.86E-05	5.69E-01	-4.63E-02	8.12E-02	3.36E-02	
1_371475_C_G	3.66E-01	5.44E-09	6.34E-01	9.00E-02	1.89E-01	2.81E-02	
1_371479_C_T	1.14E-01	2.69E-07	3.38E-01	-4.75E-01	4.96E-01	5.64E-02	
1_371480_G_C	8.28E-02	5.27E-07	3.32E-01	-3.00E-01	3.09E-01	5.72E-02	
1_371489_C_G	5.17E-02	4.68E-04	7.89E-01	-7.50E-02	2.80E-01	1.58E-02	
1_371492_C_T	6.90E-02	5.54E-04	9.83E-01	5.19E-03	2.37E-01	1.29E-03	
1_371513_C_T	8.97E-02	1.62E-02	3.80E-01	-1.06E-01	1.21E-01	5.17E-02	
1_371522_T_C	2.31E-01	2.24E-08	2.82E-02	3.30E-01	1.50E-01	1.29E-01	
1_371531_T_C	4.62E-01	4.48E-04	8.51E-01	-2.05E-02	1.09E-01	1.11E-02	
1_371532_A_G	1.14E-01	2.69E-07	3.38E-01	-4.75E-01	4.96E-01	5.64E-02	
1_371533_C_A	1.14E-01	2.69E-07	3.38E-01	-4.75E-01	4.96E-01	5.64E-02	
1_371556_T_C	4.41E-01	1.66E-03	2.53E-01	1.58E-01	1.38E-01	6.73E-02	
1_371589_A_G	1.10E-01	5.79E-07	5.54E-01	-2.08E-01	3.51E-01	3.49E-02	
1_371601_A_T	2.14E-01	7.30E-03	6.05E-01	9.88E-02	1.91E-01	3.05E-02	
1_371609_C_T	2.69E-01	3.50E-08	1.21E-01	1.77E-01	1.14E-01	9.13E-02	
1_371612_C_T	4.83E-01	3.40E-03	7.13E-01	4.29E-02	1.17E-01	2.17E-02	
1_371613_C_G	1.72E-01	3.02E-03	1.98E-02	-1.88E-01	8.04E-02	1.37E-01	
1_371621_A_G	5.03E-01	9.53E-03	8.15E-01	2.97E-02	1.27E-01	1.38E-02	
1_371636_G_C	4.17E-01	3.63E-07	5.36E-01	6.83E-02	1.10E-01	3.65E-02	
1_371639_C_T	2.83E-01	2.28E-07	1.89E-01	-1.02E-01	7.77E-02	7.74E-02	
1_371663_C_T	2.38E-01	4.28E-03	4.53E-01	-9.07E-02	1.21E-01	4.42E-02	
1_371666_C_G	8.97E-02	4.81E-05	9.76E-01	9.08E-03	3.03E-01	1.76E-03	
1_371681_G_A	5.17E-02	5.48E-05	2.98E-01	-2.56E-01	2.45E-01	6.13E-02	bad-chisq
1_371687_C_T	1.24E-01	5.85E-01	7.78E-01	3.97E-02	1.41E-01	1.66E-02	
1_371696_C_G	8.62E-02	1.56E-05	5.27E-01	-1.68E-01	2.65E-01	3.73E-02	
1_371699_G_C	3.10E-01	4.07E-04	6.40E-01	6.06E-02	1.30E-01	2.76E-02	
1_371711_C_G	3.48E-01	3.37E-02	7.46E-01	4.47E-02	1.38E-01	1.91E-02	
1_371726_G_A	7.93E-02	1.15E-06	4.63E-01	-1.83E-01	2.49E-01	4.33E-02	
1_371729_C_T	2.17E-01	1.88E-10	6.35E-03	4.54E-01	1.65E-01	1.60E-01	
1_371748_A_G	1.14E-01	2.69E-07	3.38E-01	-4.75E-01	4.96E-01	5.64E-02	
1_371749_T_C	1.14E-01	2.69E-07	3.38E-01	-4.75E-01	4.96E-01	5.64E-02	
1_371753_G_A	2.17E-01	1.88E-10	2.35E-02	4.07E-01	1.79E-01	1.33E-01	
1_371768_C_T	9.31E-02	6.44E-04	7.69E-01	5.19E-02	1.76E-01	1.73E-02	
1_371774_C_G	9.66E-02	1.14E-05	8.42E-01	-6.40E-02	3.21E-01	1.17E-02	
1_371783_T_C	2.00E-01	3.80E-02	6.63E-01	-5.10E-02	1.17E-01	2.57E-02	
1_371787_C_T	2.66E-01	2.57E-07	9.82E-01	3.68E-03	1.66E-01	1.31E-03	
1_371789_C_G	3.76E-01	1.43E-01	8.09E-01	-4.10E-02	1.70E-01	1.42E-02	
1_371790_A_C	1.14E-01	2.69E-07	3.38E-01	-4.75E-01	4.96E-01	5.64E-02	
1_371820_C_T	1.03E-01	6.77E-01	6.54E-01	-6.32E-02	1.41E-01	2.64E-02	
1_371831_G_A	1.14E-01	2.69E-07	3.38E-01	-4.75E-01	4.96E-01	5.64E-02	
1_371852_G_C	5.86E-02	1.08E-04	8.68E-01	-3.90E-02	2.34E-01	9.83E-03	
1_371858_C_T	2.72E-01	1.91E-05	9.86E-02	2.33E-01	1.41E-01	9.72E-02	
1_371860_A_C	3.93E-01	4.63E-09	4.40E-01	1.05E-01	1.36E-01	4.55E-02	
1_371861_A_G	5.31E-01	1.37E-02	6.16E-01	6.59E-02	1.31E-01	2.95E-02	
1_371868_G_T	2.14E-01	3.53E-02	8.56E-01	-2.95E-02	1.62E-01	1.07E-02	
1_371876_G_A	9.31E-02	2.35E-05	9.52E-01	1.61E-02	2.65E-01	3.58E-03	
1_371885_T_C	4.79E-01	1.90E-03	3.09E-01	-6.76E-02	6.63E-02	6.00E-02	
1_371888_G_C	7.45E-01	3.99E-01	5.68E-01	-4.28E-02	7.49E-02	3.37E-02	
1_371903_A_G	8.34E-01	9.02E-02	3.95E-01	6.96E-02	8.16E-02	5.02E-02	
1_371909_C_T	2.21E-01	3.95E-09	2.42E-02	3.40E-01	1.50E-01	1.32E-01	
1_371930_C_T	3.17E-01	1.26E-03	3.70E-02	3.10E-01	1.48E-01	1.23E-01	
1_371931_C_A	8.28E-02	1.95E-04	9.46E-01	1.87E-02	2.74E-01	4.01E-03	
1_371939_T_C	2.97E-01	9.15E-05	1.05E-01	2.18E-01	1.34E-01	9.54E-02	
1_371948_T_C	5.93E-01	3.18E-01	5.16E-01	-4.55E-02	6.99E-02	3.83E-02	
1_371951_G_C	9.31E-02	2.35E-05	8.99E-01	3.39E-02	2.68E-01	7.46E-03	
1_371966_C_G	3.83E-01	1.73E-03	7.59E-01	2.74E-02	8.92E-02	1.81E-02	
1_371969_C_T	4.41E-01	3.14E-08	3.86E-01	8.39E-02	9.67E-02	5.11E-02	
1_371975_C_T	8.62E-02	2.12E-06	2.60E-01	-1.98E-01	1.75E-01	6.63E-02	
1_371990_C_G	2.86E-01	3.01E-04	3.69E-02	2.93E-01	1.40E-01	1.23E-01	
1_371996_G_C	6.90E-02	5.54E-04	9.72E-01	-7.99E-03	2.30E-01	2.04E-03	
1_372038_T_C	1.59E-01	3.03E-01	7.62E-01	4.19E-02	1.38E-01	1.79E-02	
1_372044_C_G	6.55E-02	1.82E-04	6.98E-01	-9.90E-02	2.55E-01	2.29E-02	
1_372089_T_C	6.59E-01	1.83E-01	7.58E-01	-2.50E-02	8.11E-02	1.82E-02	
1_372104_G_A	1.45E-01	4.69E-02	4.33E-01	-6.65E-02	8.47E-02	4.62E-02	
1_372120_T_C	5.17E-02	4.68E-04	9.98E-01	5.40E-04	2.72E-01	1.17E-04	
1_372134_T_C	3.86E-01	4.38E-02	9.55E-01	5.19E-03	9.14E-02	3.35E-03	
1_472836_A_G	6.90E-02	8.81E-05	6.02E-01	-1.55E-01	2.97E-01	3.08E-02	
1_472853_C_T	6.90E-02	1.14E-05	4.91E-01	-2.15E-01	3.12E-01	4.06E-02	
1_472894_A_G	5.86E-02	7.57E-04	7.16E-01	-9.54E-02	2.62E-01	2.14E-02	
1_472910_C_G	1.14E-01	2.69E-07	3.38E-01	-4.75E-01	4.96E-01	5.64E-02	
1_472911_G_A	1.14E-01	2.69E-07	3.38E-01	-4.75E-01	4.96E-01	5.64E-02	
1_472928_C_G	7.24E-02	1.48E-03	6.76E-01	1.09E-01	2.62E-01	2.47E-02	
1_472957_T_A	1.14E-01	2.69E-07	3.38E-01	-4.75E-01	4.96E-01	5.64E-02	
1_472980_C_T	7.93E-02	7.57E-03	8.98E-01	1.84E-02	1.43E-01	7.55E-03	
1_472986_C_T	7.93E-02	3.88E-04	6.73E-01	1.12E-01	2.66E-01	2.49E-02	
1_472988_G_C	1.66E-01	6.76E-01	9.01E-01	-2.12E-02	1.71E-01	7.33E-03	
1_472990_A_G	5.52E-02	1.53E-03	8.17E-01	-6.52E-02	2.82E-01	1.36E-02	
1_472991_G_A	1.00E-01	5.48E-06	7.19E-01	-1.31E-01	3.63E-01	2.12E-02	
1_483639_G_A	5.52E-02	3.31E-02	3.91E-01	1.78E-01	2.08E-01	5.05E-02	
1_483653_A_G	4.41E-01	7.13E-04	9.17E-01	-1.66E-02	1.58E-01	6.18E-03	
1_483663_C_G	1.07E-01	1.23E-06	7.93E-01	-8.47E-02	3.23E-01	1.55E-02	
1_483665_A_G	2.83E-01	4.95E-06	9.28E-01	-1.39E-02	1.54E-01	5.30E-03	
1_483696_C_G	2.34E-01	2.77E-03	5.78E-01	-1.06E-01	1.90E-01	3.28E-02	
1_483701_T_C	6.90E-02	5.54E-04	5.83E-01	1.16E-01	2.11E-01	3.24E-02	
1_483704_C_T	5.17E-02	5.84E-02	3.45E-01	-1.68E-01	1.78E-01	5.57E-02	
1_483710_G_A	3.45E-01	1.08E-03	5.18E-01	8.48E-02	1.31E-01	3.81E-02	
1_483717_G_A	1.17E-01	6.79E-03	2.57E-01	-1.41E-01	1.24E-01	6.68E-02	
1_483725_T_C	2.93E-01	3.81E-04	8.28E-01	3.19E-02	1.47E-01	1.28E-02	
1_483737_G_A	3.90E-01	1.65E-06	6.82E-01	6.77E-02	1.65E-01	2.41E-02	
1_483743_C_G	1.00E-01	5.48E-06	7.19E-01	-1.31E-01	3.63E-01	2.12E-02	
1_483746_C_T	6.55E-02	2.12E-02	3.11E-01	-1.43E-01	1.41E-01	5.97E-02	
1_483785_A_G	7.24E-02	6.50E-03	4.93E-01	1.25E-01	1.83E-01	4.04E-02	
1_483786_C_T	5.52E-02	1.53E-03	1.71E-01	-2.39E-01	1.74E-01	8.06E-02	
1_483800_C_T	3.03E-01	9.40E-03	9.95E-01	-4.96E-04	7.24E-02	4.04E-04	
1_483810_C_A	1.14E-01	2.69E-07	3.38E-01	-4.75E-01	4.96E-01	5.64E-02	
1_483811_G_A	1.14E-01	2.69E-07	3.38E-01	-4.75E-01	4.96E-01	5.64E-02	
1_483836_T_C	6.55E-02	5.36E-03	4.51E-01	1.61E-01	2.13E-01	4.44E-02	
1_483857_G_A	1.00E-01	5.48E-06	7.19E-01	-1.31E-01	3.63E-01	2.12E-02	
1_483900_A_G	3.86E-01	2.58E-05	6.73E-01	5.58E-02	1.32E-01	2.49E-02	
1_483908_C_T	6.55E-02	2.12E-02	1.87E-01	-1.52E-01	1.15E-01	7.77E-02	
1_483912_A_G	4.21E-01	6.78E-05	9.05E-01	-1.76E-02	1.48E-01	7.00E-03	
1_483926_A_G	3.14E-01	3.39E-05	9.80E-01	2.93E-03	1.15E-01	1.50E-03	
1_483938_G_C	4.66E-01	3.76E-03	4.29E-01	1.43E-01	1.81E-01	4.66E-02	
1_483950_T_C	9.31E-02	1.33E-04	6.45E-01	1.00E-01	2.18E-01	2.71E-02	
1_483975_A_C	2.41E-01	4.44E-09	2.42E-01	2.22E-01	1.90E-01	6.89E-02	
1_483986_T_C	1.66E-01	1.97E-02	9.82E-01	3.32E-03	1.44E-01	1.36E-03	
1_483992_C_T	5.52E-02	8.04E-03	7.23E-01	7.26E-02	2.04E-01	2.09E-02	
1_500702_C_T	6.21E-02	5.12E-05	6.93E-01	-1.10E-01	2.79E-01	2.33E-02	
1_500724_C_G	1.45E-01	4.78E-01	2.22E-01	-2.02E-01	1.65E-01	7.19E-02	
1_500744_C_G	1.00E-01	5.48E-06	8.61E-01	-4.77E-02	2.73E-01	1.03E-02	
1_500747_T_C	3.59E-01	9.14E-02	7.82E-01	4.82E-02	1.74E-01	1.63E-02	
1_500757_G_A	1.14E-01	2.69E-07	3.38E-01	-4.75E-01	4.96E-01	5.64E-02	
1_500786_A_G	1.14E-01	1.05E-03	7.04E-01	-5.53E-02	1.45E-01	2.24E-02	
1_500798_G_A	2.97E-01	9.15E-05	6.42E-01	-6.71E-02	1.44E-01	2.74E-02	
1_500801_G_C	6.90E-02	1.14E-05	4.91E-01	-2.15E-01	3.12E-01	4.06E-02	
1_500802_G_A	2.59E-01	1.57E-03	1.29E-01	-2.47E-01	1.62E-01	8.93E-02	
1_500804_C_T	2.03E-01	1.78E-01	3.50E-01	-1.29E-01	1.37E-01	5.51E-02	
1_500810_C_T	7.59E-02	7.61E-04	8.09E-01	5.19E-02	2.15E-01	1.43E-02	
1_500816_C_G	4.45E-01	4.93E-04	3.40E-01	1.49E-01	1.55E-01	5.63E-02	
1_500827_C_A	7.24E-02	4.24E-05	5.44E-01	-1.73E-01	2.85E-01	3.58E-02	
1_500834_G_C	4.45E-01	2.64E-03	9.56E-01	8.70E-03	1.59E-01	3.22E-03	
1_500849_G_A	2.62E-01	2.15E-05	1.44E-01	2.14E-01	1.46E-01	8.60E-02	
1_500850_G_A	2.00E-01	2.36E-01	2.34E-01	-1.73E-01	1.45E-01	7.01E-02	
1_500858_A_G	6.21E-02	3.73E-04	7.13E-01	7.80E-02	2.12E-01	2.17E-02	
1_500862_G_A	1.24E-01	2.06E-01	7.82E-01	-4.47E-02	1.61E-01	1.64E-02	
1_500867_G_C	2.79E-01	8.09E-05	6.94E-02	2.70E-01	1.48E-01	1.07E-01	
1_500878_A_C	1.14E-01	2.69E-07	3.38E-01	-4.75E-01	4.96E-01	5.64E-02	
1_500915_G_C	4.72E-01	8.67E-03	4.62E-01	1.43E-01	1.94E-01	4.34E-02	
1_500921_A_G	1.03E-01	2.61E-06	1.04E-01	-2.89E-01	1.77E-01	9.58E-02	
1_500927_C_T	2.76E-01	4.00E-05	1.08E-01	2.35E-01	1.46E-01	9.46E-02	
1_500930_A_G	2.28E-01	6.91E-03	1.16E-01	-2.34E-01	1.49E-01	9.24E-02	
1_500959_C_A	1.45E-01	4.78E-01	2.22E-01	-2.02E-01	1.65E-01	7.19E-02	
1_500963_G_A	1.24E-01	7.16E-06	1.55E-01	-2.75E-01	1.93E-01	8.38E-02	
1_500968_G_A	8.62E-02	9.74E-05	8.56E-01	4.99E-02	2.74E-01	1.07E-02	
1_503093_T_C	1.14E-01	2.69E-07	3.38E-01	-4.75E-01	4.96E-01	5.64E-02	
1_503099_G_A	1.07E-01	1.23E-06	6.26E-01	-1.13E-01	2.33E-01	2.87E-02	
1_503118_C_A	6.90E-02	8.81E-05	6.02E-01	-1.55E-01	2.97E-01	3.08E-02	
1_503123_G_A	3.76E-01	1.07E-05	7.48E-02	2.29E-01	1.28E-01	1.05E-01	
1_503144_T_C	6.21E-02	3.73E-04	9.30E-01	-2.24E-02	2.56E-01	5.14E-03	
1_503156_C_T	6.55E-02	6.78E-02	1.98E-01	2.19E-01	1.69E-01	7.58E-02	
1_503162_A_G	3.90E-01	1.31E-07	3.25E-01	1.73E-01	1.76E-01	5.79E-02	
1_503165_C_T	5.17E-02	4.68E-04	8.53E-01	-3.98E-02	2.15E-01	1.09E-02	
1_503175_C_T	2.41E-01	4.76E-07	1.15E-01	2.39E-01	1.52E-01	9.27E-02	
1_503183_T_C	6.10E-01	2.38E-02	6.78E-01	-3.47E-02	8.36E-02	2.45E-02	
1_503195_C_T	7.93E-02	1.76E-01	2.95E-01	-1.20E-01	1.14E-01	6.17E-02	
1_503210_T_C	8.28E-02	3.25E-05	8.14E-01	-5.62E-02	2.39E-01	1.38E-02	
1_503213_G_C	1.07E-01	1.23E-06	7.10E-01	-1.21E-01	3.26E-01	2.19E-02	
1_503220_C_T	6.55E-02	1.10E-03	6.69E-01	1.02E-01	2.37E-01	2.52E-02	
1_503243_A_G	4.28E-01	2.13E-04	6.22E-01	7.65E-02	1.55E-01	2.90E-02	
1_503249_G_C	3.97E-01	6.76E-06	1.89E-01	1.93E-01	1.47E-01	7.73E-02	
1_503279_G_A	5.17E-02	4.68E-04	8.27E-01	-4.52E-02	2.07E-01	1.29E-02	
1_503282_C_T	2.59E-01	9.80E-06	6.04E-01	-6.58E-02	1.27E-01	3.06E-02	
1_503283_A_G	4.21E-01	1.10E-03	2.52E-01	1.68E-01	1.46E-01	6.75E-02	
1_503296_C_A	3.41E-01	6.83E-10	7.99E-02	2.79E-01	1.59E-01	1.03E-01	
1_503307_C_T	1.14E-01	2.69E-07	3.38E-01	-4.75E-01	4.96E-01	5.64E-02	
1_503310_T_C	4.34E-01	1.45E-03	2.25E-01	1.72E-01	1.42E-01	7.14E-02	
1_503323_G_C	8.28E-02	5.27E-07	3.32E-01	-3.00E-01	3.09E-01	5.72E-02	
1_503334_C_T	2.52E-01	4.53E-07	1.99E-01	1.78E-01	1.38E-01	7.56E-02	
1_503385_A_G	4.76E-01	1.28E-02	4.98E-01	1.43E-01	2.10E-01	3.99E-02	
1_503390_A_G	1.86E-01	8.12E-02	6.79E-01	-6.13E-02	1.48E-01	2.44E-02	
1_503393_C_T	2.41E-01	4.44E-09	2.42E-01	2.22E-01	1.90E-01	6.89E-02	
1_503399_A_G	6.55E-02	1.10E-03	1.83E-01	-2.02E-01	1.51E-01	7.84E-02	
1_503405_G_A	3.07E-01	7.72E-03	1.67E-01	1.96E-01	1.41E-01	8.14E-02	
1_503406_A_G	1.14E-01	2.69E-07	3.38E-01	-4.75E-01	4.96E-01	5.64E-02	
1_503411_C_T	2.21E-01	6.74E-10	3.77E-02	3.50E-01	1.68E-01	1.22E-01	
1_503413_T_G	1.21E-01	1.90E-06	2.69E-01	1.17E-01	1.05E-01	6.51E-02	
1_503417_T_C	2.93E-01	3.81E-04	5.52E-02	2.77E-01	1.44E-01	1.13E-01	
1_503422_G_A	9.66E-02	1.14E-05	8.36E-01	-6.26E-02	3.02E-01	1.22E-02	
1_503435_G_A	7.93E-02	9.60E-06	3.28E-02	-3.65E-01	1.70E-01	1.25E-01	
1_503444_C_T	5.17E-02	3.04E-03	1.22E-01	-2.64E-01	1.70E-01	9.10E-02	
1_503516_G_A	2.24E-01	3.84E-10	1.37E-02	4.04E-01	1.63E-01	1.45E-01	
1_503519_A_G	5.48E-01	1.26E-03	5.45E-01	5.13E-02	8.47E-02	3.57E-02	
1_503528_G_A	1.48E-01	1.39E-06	2.35E-01	-2.09E-01	1.76E-01	7.00E-02	
1_503537_C_T	1.45E-01	5.23E-01	2.68E-01	-1.42E-01	1.28E-01	6.52E-02	
1_503549_C_G	6.90E-01	7.12E-04	2.16E-01	9.15E-02	7.37E-02	7.29E-02	
1_503585_C_G	5.52E-02	8.04E-03	4.45E-01	-1.27E-01	1.66E-01	4.50E-02	
1_503591_G_A	1.03E-01	1.68E-03	9.50E-02	-1.91E-01	1.14E-01	9.82E-02	
1_503600_C_T	7.59E-02	8.29E-01	2.05E-01	1.39E-01	1.10E-01	7.47E-02	
1_503605_G_A	1.14E-01	2.69E-07	3.38E-01	-4.75E-01	4.96E-01	5.64E-02	
1_503606_C_T	7.93E-02	3.88E-04	4.77E-01	1.63E-01	2.28E-01	4.19E-02	
1_503607_A_G	2.38E-01	7.66E-09	2.36E-01	1.72E-01	1.45E-01	6.99E-02	
1_503612_A_G	5.52E-02	2.25E-04	8.83E-01	-3.98E-02	2.71E-01	8.67E-03	
1_503613_C_T	5.86E-02	1.77E-01	4.83E-02	-2.66E-01	1.34E-01	1.16E-01	
1_503624_G_A	1.14E-01	2.69E-07	3.38E-01	-4.75E-01	4.96E-01	5.64E-02	
1_503627_T_C	2.21E-01	7.11E-03	2.70E-01	-1.56E-01	1.41E-01	6.50E-02	
1_503633_C_T	1.52E-01	5.01E-01	2.09E-01	-1.81E-01	1.44E-01	7.39E-02	
1_503641_T_C	1.14E-01	2.69E-07	3.38E-01	-4.75E-01	4.96E-01	5.64E-02	
1_503684_T_C	4.28E-01	2.89E-05	7.94E-01	3.81E-02	1.45E-01	1.54E-02	
1_503703_C_A	1.10E-01	5.79E-07	7.15E-01	-1.31E-01	3.60E-01	2.15E-02	
1_503709_G_A	1.52E-01	7.50E-01	6.68E-02	-2.69E-01	1.46E-01	1.08E-01	
1_503719_G_A	7.93E-02	6.69E-05	7.78E-01	-6.21E-02	2.20E-01	1.66E-02	
1_503720_A_G	6.55E-02	2.42E-05	5.20E-01	-1.37E-01	2.13E-01	3.80E-02	
1_515771_A_G	1.07E-01	1.94E-08	8.09E-03	-4.06E-01	1.52E-01	1.55E-01	
1_515777_G_C	4.55E-01	3.90E-04	9.70E-01	5.39E-03	1.44E-01	2.20E-03	
1_515780_C_G	6.90E-02	1.14E-05	6.79E-01	-9.90E-02	2.39E-01	2.44E-02	
1_515804_C_G	1.07E-01	1.23E-06	7.10E-01	-1.21E-01	3.26E-01	2.19E-02	
1_515805_G_C	1.14E-01	2.69E-07	3.38E-01	-4.75E-01	4.96E-01	5.64E-02	
1_549583_G_A	1.14E-01	2.69E-07	3.38E-01	-4.75E-01	4.96E-01	5.64E-02	
1_549584_C_A	5.52E-02	1.53E-03	8.17E-01	-6.52E-02	2.82E-01	1.36E-02	
1_549595_T_A	4.14E-01	5.66E-05	7.58E-01	-2.39E-02	7.75E-02	1.82E-02	
1_549621_C_T	1.14E-01	2.69E-07	3.38E-01	-4.75E-01	4.96E-01	5.64E-02	
1_549648_G_A	2.48E-01	3.82E-08	2.28E-01	1.74E-01	1.44E-01	7.11E-02	
1_549662_C_A	2.17E-01	1.88E-10	2.35E-02	4.07E-01	1.79E-01	1.33E-01	
1_549666_A_G	1.55E-01	1.28E-02	7.95E-02	-1.50E-01	8.52E-02	1.03E-01	
1_549674_G_C	4.38E-01	1.07E-01	6.42E-01	-3.62E-02	7.77E-02	2.74E-02	
1_549698_C_G	2.31E-01	1.76E-03	4.29E-01	-1.41E-01	1.78E-01	4.66E-02	
1_549701_C_T	5.52E-02	2.25E-04	9.21E-01	-2.46E-02	2.47E-01	5.88E-03	
1_549743_T_C	6.90E-02	5.54E-04	9.27E-01	1.93E-02	2.10E-01	5.40E-03	
1_549747_G_T	8.28E-02	5.27E-07	3.32E-01	-3.00E-01	3.09E-01	5.72E-02	
1_549767_G_C	7.59E-02	2.02E-05	4.61E-01	-2.03E-01	2.75E-01	4.34E-02	
1_549770_C_G	3.14E-01	1.25E-02	2.87E-02	-1.64E-01	7.47E-02	1.29E-01	
1_549785_C_T	7.24E-02	6.30E-01	2.12E-01	-1.99E-01	1.59E-01	7.34E-02	
1_549788_C_G	5.86E-02	4.19E-03	6.36E-01	-7.42E-02	1.57E-01	2.79E-02	
1_549803_G_C	1.55E-01	3.06E-02	4.59E-02	-1.64E-01	8.17E-02	1.17E-01	
1_549812_T_C	1.59E-01	1.53E-07	9.81E-02	-2.68E-01	1.61E-01	9.73E-02	
1_549830_G_C	8.62E-02	1.56E-05	7.56E-01	-7.98E-02	2.56E-01	1.84E-02	
1_549848_C_G	1.14E-01	9.33E-01	9.26E-01	1.39E-02	1.49E-01	5.51E-03	
1_549857_C_G	1.00E-01	7.78E-07	5.20E-01	-1.66E-01	2.59E-01	3.79E-02	
1_549878_C_T	5.17E-02	3.04E-03	9.91E-01	-2.72E-03	2.30E-01	6.98E-04	
1_549887_A_G	8.10E-01	1.09E-01	4.20E-01	-6.46E-02	8.01E-02	4.75E-02	
1_549902_G_A	4.55E-01	4.90E-01	3.72E-01	-7.69E-02	8.60E-02	5.26E-02	
1_549908_G_A	7.93E-02	6.69E-05	9.78E-01	8.12E-03	2.91E-01	1.64E-03	
1_549947_C_G	1.03E-01	3.61E-07	2.91E-01	-2.96E-01	2.79E-01	6.22E-02	
1_549980_C_G	6.21E-02	3.73E-04	6.00E-01	-1.31E-01	2.49E-01	3.09E-02	
1_550016_T_C	5.28E-01	9.31E-03	2.02E-01	9.81E-02	7.67E-02	7.51E-02	
1_550055_G_A	3.41E-01	3.06E-05	3.04E-01	1.04E-01	1.01E-01	6.06E-02	
1_550076_C_G	1.14E-01	2.69E-07	3.38E-01	-4.75E-01	4.96E-01	5.64E-02	
1_550085_C_G	1.10E-01	5.79E-07	7.17E-01	-1.30E-01	3.58E-01	2.14E-02	
1_550094_G_A	7.24E-02	2.36E-02	7.40E-02	-1.98E-01	1.11E-01	1.05E-01	
1_550100_G_C	7.59E-02	2.02E-05	4.61E-01	-2.03E-01	2.75E-01	4.34E-02	
1_550154_T_C	3.45E-01	5.27E-04	1.21E-01	-1.46E-01	9.41E-02	9.12E-02	
1_550193_G_C	5.52E-02	1.53E-03	8.17E-01	-6.52E-02	2.82E-01	1.36E-02	
1_550194_G_A	7.93E-02	9.60E-06	3.20E-01	-2.61E-01	2.62E-01	5.86E-02	
1_550232_C_G	6.21E-01	1.07E-01	6.04E-01	-4.11E-02	7.92E-02	3.05E-02	
1_550235_T_C	6.10E-01	1.26E-01	4.89E-01	-5.41E-02	7.82E-02	4.08E-02	
1_550268_G_C	6.21E-02	5.58E-06	4.67E-01	-1.62E-01	2.23E-01	4.29E-02	bad-chisq
1_550287_G_A	3.69E-01	2.10E-07	6.29E-01	4.33E-02	8.95E-02	2.85E-02	
1_550292_G_A	7.24E-02	2.76E-04	8.20E-01	5.91E-02	2.59E-01	1.34E-02	
1_550316_C_T	1.28E-01	1.50E-01	8.95E-01	1.27E-02	9.56E-02	7.81E-03	
1_550325_C_G	8.62E-02	9.74E-05	8.56E-01	4.99E-02	2.74E-01	1.07E-02	
1_550373_C_T	2.07E-01	1.72E-02	3.77E-01	-1.36E-01	1.54E-01	5.21E-02	
1_550418_C_T	2.17E-01	1.18E-09	1.48E-01	2.36E-01	1.63E-01	8.53E-02	
1_550433_G_C	6.21E-02	5.12E-05	4.48E-01	-1.64E-01	2.15E-01	4.47E-02	
1_550439_G_A	9.31E-02	3.54E-06	2.17E-01	-3.20E-01	2.59E-01	7.27E-02	
1_550445_C_G	5.86E-02	7.57E-04	8.83E-01	-3.41E-02	2.31E-01	8.69E-03	
1_550475_C_T	1.07E-01	4.46E-05	3.97E-01	-1.47E-01	1.74E-01	5.00E-02	
1_550508_G_C	8.28E-02	5.27E-07	3.32E-01	-3.00E-01	3.09E-01	5.72E-02	
1_550517_C_G	6.55E-02	1.82E-04	3.14E-01	-1.97E-01	1.96E-01	5.93E-02	
1_550520_C_T	5.17E-02	4.68E-04	7.89E-01	-7.50E-02	2.80E-01	1.58E-02	
1_550535_A_G	2.31E-01	2.75E-01	4.79E-02	1.73E-01	8.72E-02	1.16E-01	
1_550547_C_T	2.21E-01	1.06E-10	4.29E-03	4.50E-01	1.56E-01	1.67E-01	
1_552239_G_C	9.66E-02	1.14E-05	8.36E-01	-6.26E-02	3.02E-01	1.22E-02	
1_552242_C_T	1.48E-01	4.11E-01	2.07E-01	1.17E-01	9.27E-02	7.43E-02	
1_552248_G_C	5.86E-02	4.19E-03	8.19E-01	4.58E-02	1.99E-01	1.35E-02	
1_552251_C_G	9.31E-02	2.35E-05	3.71E-01	1.80E-01	2.01E-01	5.27E-02	
1_552290_C_T	4.07E-01	5.29E-06	4.26E-01	1.24E-01	1.56E-01	4.69E-02	
1_552305_C_G	9.66E-02	1.45E-03	2.70E-01	1.87E-01	1.69E-01	6.50E-02	
1_552306_G_C	2.17E-01	1.88E-10	2.35E-02	4.07E-01	1.79E-01	1.33E-01	
1_552314_G_C	2.38E-01	7.66E-09	2.77E-01	1.72E-01	1.58E-01	6.40E-02	
1_552317_T_C	1.38E-01	3.87E-07	8.44E-02	-3.58E-01	2.07E-01	1.02E-01	
1_552318_C_A	1.14E-01	2.69E-07	3.38E-01	-4.75E-01	4.96E-01	5.64E-02	
1_552319_G_A	1.14E-01	2.69E-07	3.38E-01	-4.75E-01	4.96E-01	5.64E-02	
1_552359_T_C	4.59E-01	3.35E-03	7.21E-01	5.91E-02	1.65E-01	2.11E-02	
1_552362_C_T	1.03E-01	2.32E-01	6.18E-01	-4.74E-02	9.51E-02	2.94E-02	
1_552381_T_C	4.31E-01	1.43E-04	5.26E-01	9.60E-02	1.51E-01	3.74E-02	
1_552387_G_C	2.17E-01	1.88E-10	2.35E-02	4.07E-01	1.79E-01	1.33E-01	
1_552392_C_T	4.14E-01	2.04E-01	1.63E-01	1.09E-01	7.83E-02	8.21E-02	
1_552401_A_G	4.59E-01	1.52E-03	3.48E-01	1.61E-01	1.71E-01	5.53E-02	
1_552407_T_C	4.21E-01	2.40E-05	4.32E-01	1.29E-01	1.63E-01	4.63E-02	
1_552413_C_G	5.79E-01	6.12E-03	9.38E-01	7.12E-03	9.10E-02	4.61E-03	
1_552416_C_G	1.69E-01	5.52E-01	1.60E-01	-2.10E-01	1.49E-01	8.28E-02	
1_552437_C_T	7.59E-02	1.37E-04	8.57E-01	3.82E-02	2.11E-01	1.07E-02	
1_552440_C_T	9.66E-02	4.77E-02	4.00E-01	-1.03E-01	1.23E-01	4.96E-02	
1_552441_G_T	1.72E-01	6.49E-01	2.53E-01	-1.66E-01	1.44E-01	6.74E-02	
1_552443_C_G	2.03E-01	1.78E-01	3.19E-01	-1.32E-01	1.32E-01	5.88E-02	
1_552449_G_A	2.00E-01	1.38E-01	6.76E-01	-5.67E-02	1.35E-01	2.47E-02	
1_552453_C_T	6.55E-02	1.10E-03	6.41E-01	-9.45E-02	2.02E-01	2.75E-02	
1_552456_T_C	4.79E-01	9.58E-03	5.20E-01	1.11E-01	1.72E-01	3.79E-02	
1_552471_C_A	7.59E-02	2.48E-06	5.27E-01	-1.70E-01	2.69E-01	3.73E-02	
1_552475_A_G	4.10E-01	3.06E-05	6.02E-01	8.18E-02	1.57E-01	3.08E-02	
1_552477_A_G	2.17E-01	1.88E-10	2.35E-02	4.07E-01	1.79E-01	1.33E-01	
1_552524_C_G	6.90E-02	1.14E-05	7.89E-01	-5.82E-02	2.17E-01	1.58E-02	
1_552533_C_T	2.93E-01	1.37E-04	4.03E-02	2.98E-01	1.44E-01	1.20E-01	
1_552534_G_T	2.17E-01	1.88E-10	2.35E-02	4.07E-01	1.79E-01	1.33E-01	
1_552535_C_T	5.52E-02	2.25E-04	9.03E-01	-3.10E-02	2.55E-01	7.17E-03	
1_552542_A_C	4.72E-01	8.67E-03	4.21E-01	1.57E-01	1.95E-01	4.74E-02	
1_552566_G_C	8.62E-02	9.74E-05	7.84E-01	6.47E-02	2.35E-01	1.62E-02	
1_552572_G_A	9.31E-02	2.35E-05	3.58E-01	-1.60E-01	1.73E-01	5.42E-02	
1_552575_G_A	6.21E-02	5.42E-01	7.84E-01	-3.27E-02	1.19E-01	1.62E-02	
1_552579_C_T	2.21E-01	6.74E-10	4.15E-02	3.46E-01	1.69E-01	1.20E-01	
1_552587_T_C	3.07E-01	2.59E-05	1.60E-01	1.78E-01	1.26E-01	8.27E-02	
1_552593_G_C	2.17E-01	1.88E-10	2.35E-02	4.07E-01	1.79E-01	1.33E-01	
1_552620_C_G	4.76E-01	1.28E-02	4.98E-01	1.43E-01	2.10E-01	3.99E-02	
1_552630_T_C	4.79E-01	1.86E-02	6.89E-01	-6.61E-02	1.65E-01	2.36E-02	
1_552634_G_A	4.90E-01	2.90E-02	8.59E-01	-3.30E-02	1.86E-01	1.05E-02	
1_552642_C_T	1.14E-01	2.69E-07	3.38E-01	-4.75E-01	4.96E-01	5.64E-02	
1_552660_G_A	6.21E-02	3.73E-04	6.53E-01	-1.16E-01	2.58E-01	2.65E-02	
1_552662_T_C	4.72E-01	8.67E-03	4.06E-01	1.60E-01	1.93E-01	4.89E-02	
1_552664_C_A	4.76E-01	1.28E-02	4.98E-01	1.43E-01	2.10E-01	3.99E-02	
1_552665_G_A	8.62E-02	8.55E-03	1.03E-01	-2.28E-01	1.40E-01	9.59E-02	
1_552672_G_C	1.48E-01	1.36E-01	7.79E-01	-4.12E-02	1.47E-01	1.65E-02	
1_552680_T_C	3.59E-01	2.91E-02	9.54E-01	8.40E-03	1.47E-01	3.37E-03	
1_552695_C_G	1.00E-01	5.48E-06	8.96E-01	3.60E-02	2.76E-01	7.69E-03	
1_552697_C_A	8.97E-02	4.81E-05	8.53E-01	4.79E-02	2.59E-01	1.09E-02	
1_552707_A_G	5.17E-02	4.68E-04	5.56E-01	-1.37E-01	2.32E-01	3.47E-02	
1_552719_T_C	4.69E-01	5.76E-03	3.59E-01	1.67E-01	1.82E-01	5.41E-02	
1_552722_C_G	4.76E-01	1.28E-02	4.98E-01	1.43E-01	2.10E-01	3.99E-02	
1_552728_C_T	2.21E-01	1.22E-01	8.65E-01	1.28E-02	7.50E-02	1.00E-02	
1_552729_G_A	4.48E-01	3.37E-04	2.89E-01	1.82E-01	1.72E-01	6.24E-02	
1_552744_A_G	8.62E-02	9.74E-05	8.93E-01	3.81E-02	2.84E-01	7.90E-03	
1_552746_C_G	6.21E-02	3.73E-04	6.53E-01	-1.16E-01	2.58E-01	2.65E-02	
1_552749_G_C	1.21E-01	3.14E-02	6.26E-01	-5.87E-02	1.20E-01	2.87E-02	
1_552755_G_C	1.59E-01	7.78E-05	3.95E-01	-1.12E-01	1.31E-01	5.01E-02	
1_552764_G_C	1.38E-01	2.23E-06	4.98E-02	-2.98E-01	1.51E-01	1.15E-01	
1_552774_C_T	2.59E-01	6.94E-07	4.47E-02	2.92E-01	1.45E-01	1.18E-01	
1_552777_C_T	7.93E-02	1.87E-03	2.86E-01	-1.51E-01	1.42E-01	6.28E-02	
1_552812_T_C	5.03E-01	1.85E-02	8.70E-01	2.76E-02	1.68E-01	9.67E-03	
1_552820_A_G	2.17E-01	1.88E-10	2.35E-02	4.07E-01	1.79E-01	1.33E-01	
1_552823_A_G	4.28E-01	2.13E-04	1.54E-01	2.16E-01	1.51E-01	8.39E-02	
1_552827_G_A	7.59E-02	7.61E-04	2.73E-01	-1.52E-01	1.38E-01	6.46E-02	
1_552854_C_G	2.41E-01	1.08E-07	4.16E-02	3.08E-01	1.50E-01	1.20E-01	
1_552860_T_C	2.86E-01	2.01E-03	2.28E-01	1.76E-01	1.45E-01	7.10E-02	
1_552872_C_T	2.79E-01	6.42E-04	2.65E-01	1.65E-01	1.48E-01	6.57E-02	
1_552875_G_C	3.93E-01	3.17E-05	1.80E-01	1.60E-01	1.19E-01	7.90E-02	
1_552911_C_G	1.83E-01	5.08E-01	3.34E-01	-1.41E-01	1.46E-01	5.69E-02	
1_552914_C_T	2.66E-01	1.96E-01	2.64E-01	-9.53E-02	8.52E-02	6.57E-02	
1_552917_G_C	8.97E-02	4.81E-05	8.50E-01	-3.68E-02	1.94E-01	1.12E-02	
1_552927_A_C	1.48E-01	6.09E-01	2.12E-01	-1.97E-01	1.57E-01	7.35E-02	
1_552928_A_G	1.45E-01	4.78E-01	2.22E-01	-2.02E-01	1.65E-01	7.19E-02	
1_552962_G_C	6.90E-02	8.81E-05	6.02E-01	-1.55E-01	2.97E-01	3.08E-02	
1_552974_C_G	1.55E-01	3.94E-01	8.14E-01	2.00E-02	8.50E-02	1.39E-02	
1_552975_G_A	2.21E-01	1.61E-02	7.22E-01	-6.34E-02	1.78E-01	2.09E-02	
1_552979_C_G	1.14E-01	2.69E-07	3.38E-01	-4.75E-01	4.96E-01	5.64E-02	
1_552983_C_T	7.24E-02	3.73E-01	8.35E-01	-2.30E-02	1.10E-01	1.23E-02	
1_553022_C_G	8.28E-02	1.95E-04	8.40E-01	3.51E-02	1.74E-01	1.19E-02	
1_553025_G_C	6.55E-02	1.82E-04	8.71E-01	-3.03E-02	1.86E-01	9.61E-03	
1_553052_G_C	1.97E-01	1.86E-01	9.34E-01	1.28E-02	1.54E-01	4.87E-03	
1_553055_C_G	5.62E-01	3.39E-03	9.13E-01	9.41E-03	8.60E-02	6.45E-03	
1_553065_C_T	1.07E-01	1.23E-06	7.46E-01	-1.06E-01	3.27E-01	1.91E-02	
1_553067_C_G	3.55E-01	6.68E-02	4.36E-01	1.44E-01	1.85E-01	4.60E-02	
1_553074_C_T	6.55E-02	1.10E-03	7.77E-01	6.67E-02	2.35E-01	1.67E-02	
1_567005_G_A	5.17E-02	1.52E-02	1.18E-01	-2.44E-01	1.56E-01	9.20E-02	
1_567006_T_C	5.34E-01	4.30E-04	4.44E-01	5.93E-02	7.74E-02	4.51E-02	
1_567015_C_T	2.41E-01	4.44E-09	2.42E-01	2.22E-01	1.90E-01	6.89E-02	
1_567017_C_G	3.55E-01	6.68E-02	4.36E-01	1.44E-01	1.85E-01	4.60E-02	
1_567027_G_T	2.62E-01	9.94E-08	9.31E-01	1.50E-02	1.72E-01	5.14E-03	
1_567044_T_C	3.28E-01	1.20E-02	4.97E-01	-9.89E-02	1.46E-01	4.00E-02	
1_567065_C_G	5.52E-02	2.25E-04	9.03E-01	-3.10E-02	2.55E-01	7.17E-03	
1_567098_C_T	2.10E-01	8.80E-11	8.53E-03	4.39E-01	1.66E-01	1.54E-01	
1_567103_A_T	3.83E-01	9.87E-08	3.84E-01	1.48E-01	1.69E-01	5.13E-02	
1_567104_C_T	2.45E-01	1.21E-06	3.07E-01	1.49E-01	1.46E-01	6.02E-02	
1_567159_C_A	2.41E-01	4.44E-09	2.42E-01	2.22E-01	1.90E-01	6.89E-02	
1_567167_C_T	1.21E-01	4.86E-01	7.96E-01	-3.53E-02	1.37E-01	1.52E-02	
1_567170_G_A	2.45E-01	1.33E-08	3.19E-01	1.78E-01	1.78E-01	5.88E-02	
1_567172_C_A	2.41E-01	4.44E-09	2.42E-01	2.22E-01	1.90E-01	6.89E-02	
1_567173_C_G	4.14E-01	1.98E-05	8.15E-02	2.50E-01	1.43E-01	1.02E-01	
1_567200_C_T	2.52E-01	6.84E-06	7.94E-02	2.40E-01	1.36E-01	1.03E-01	
1_567215_T_C	7.24E-02	4.24E-05	8.50E-01	-4.31E-02	2.28E-01	1.11E-02	
1_567238_C_G	5.86E-02	7.34E-01	4.54E-01	-1.08E-01	1.44E-01	4.41E-02	
1_567242_G_C	1.45E-01	2.41E-04	4.22E-01	-1.07E-01	1.33E-01	4.74E-02	
1_567248_A_G	9.66E-02	3.36E-04	6.45E-01	9.05E-02	1.96E-01	2.72E-02	
1_567249_G_C	1.14E-01	2.69E-07	3.38E-01	-4.75E-01	4.96E-01	5.64E-02	
1_567250_C_A	1.14E-01	2.69E-07	3.38E-01	-4.75E-01	4.96E-01	5.64E-02	
1_567269_C_G	1.07E-01	3.05E-02	2.06E-01	-1.20E-01	9.46E-02	7.45E-02	
1_567296_G_A	2.10E-01	8.80E-11	8.53E-03	4.39E-01	1.66E-01	1.54E-01	
1_567314_C_G	4.07E-01	1.62E-05	6.93E-01	6.37E-02	1.61E-01	2.33E-02	
1_567329_C_T	8.62E-02	2.12E-06	5.22E-01	-1.72E-01	2.69E-01	3.77E-02	
1_567330_G_T	1.14E-01	2.69E-07	3.38E-01	-4.75E-01	4.96E-01	5.64E-02	
1_567335_C_T	7.59E-02	8.17E-01	7.86E-01	3.11E-02	1.14E-01	1.60E-02	
1_567339_A_G	1.14E-01	2.69E-07	3.38E-01	-4.75E-01	4.96E-01	5.64E-02	
1_567340_A_C	8.97E-02	4.81E-05	9.76E-01	9.08E-03	3.03E-01	1.76E-03	
1_567341_G_C	1.10E-01	5.79E-07	6.18E-01	-1.81E-01	3.62E-01	2.94E-02	
1_567350_C_T	1.24E-01	7.16E-06	2.10E-01	-1.78E-01	1.42E-01	7.38E-02	
1_567365_G_C	2.76E-01	1.20E-08	7.38E-01	4.57E-02	1.37E-01	1.97E-02	
1_567389_T_C	1.31E-01	2.78E-07	1.16E-01	-3.43E-01	2.17E-01	9.25E-02	
1_586796_C_T	1.31E-01	2.78E-07	1.69E-01	-2.84E-01	2.06E-01	8.10E-02	
1_586800_C_T	2.24E-01	1.37E-06	8.08E-02	-1.59E-01	9.08E-02	1.03E-01	
1_586826_G_A	1.76E-01	2.88E-02	6.74E-01	-6.59E-02	1.56E-01	2.48E-02	
1_586841_A_G	4.66E-01	4.72E-07	9.93E-01	-8.79E-04	1.01E-01	5.13E-04	
1_586868_C_T	5.17E-02	4.11E-01	9.45E-01	-8.98E-03	1.30E-01	4.08E-03	
1_586872_G_A	3.24E-01	7.63E-07	6.11E-01	4.91E-02	9.66E-02	3.00E-02	
1_586886_C_T	2.48E-01	1.47E-09	7.43E-02	2.94E-01	1.64E-01	1.05E-01	
1_586889_T_C	5.07E-01	3.37E-03	8.87E-01	1.54E-02	1.08E-01	8.37E-03	
1_586901_G_A	7.24E-02	1.48E-03	2.82E-01	-1.71E-01	1.59E-01	6.34E-02	
1_586904_T_C	2.34E-01	3.14E-02	9.30E-01	1.35E-02	1.53E-01	5.20E-03	
1_586913_A_G	1.03E-01	8.84E-05	9.06E-02	-2.30E-01	1.36E-01	9.96E-02	
1_586928_T_C	1.14E-01	2.69E-07	3.38E-01	-4.75E-01	4.96E-01	5.64E-02	
1_586962_G_T	3.90E-01	6.09E-02	9.20E-01	-1.00E-02	1.00E-01	5.91E-03	
1_586973_A_G	8.28E-02	2.53E-01	5.79E-01	-6.05E-02	1.09E-01	3.27E-02	
1_586982_C_G	5.52E-02	2.25E-04	9.89E-01	3.02E-03	2.27E-01	7.83E-04	
1_586985_T_C	4.31E-01	3.67E-04	1.71E-01	1.81E-01	1.32E-01	8.07E-02	
1_586994_G_A	5.52E-02	8.04E-03	9.97E-01	-8.10E-04	1.87E-01	2.55E-04	
1_586997_T_C	2.07E-01	5.26E-07	3.56E-02	-1.77E-01	8.40E-02	1.23E-01	
1_587024_G_C	1.07E-01	7.96E-06	7.96E-01	-5.18E-02	2.01E-01	1.52E-02	
1_587051_G_A	1.24E-01	3.65E-01	7.55E-01	-5.69E-02	1.82E-01	1.84E-02	
1_587053_G_T	2.34E-01	2.77E-03	5.78E-01	-1.06E-01	1.90E-01	3.28E-02	
1_587058_G_A	2.21E-01	1.61E-02	7.22E-01	-6.34E-02	1.78E-01	2.09E-02	
1_587063_T_C	1.79E-01	1.56E-01	6.83E-01	-5.87E-02	1.44E-01	2.41E-02	
1_587069_T_C	2.34E-01	2.77E-03	5.78E-01	-1.06E-01	1.90E-01	3.28E-02	
1_587076_A_G	2.52E-01	1.62E-03	4.76E-01	-1.10E-01	1.54E-01	4.20E-02	
1_587084_C_T	4.97E-01	1.94E-03	8.27E-01	2.15E-02	9.84E-02	1.29E-02	
1_609728_A_G	1.21E-01	2.61E-01	8.44E-01	-3.89E-02	1.97E-01	1.16E-02	
1_609734_G_A	1.38E-01	6.69E-01	4.53E-01	-1.10E-01	1.46E-01	4.42E-02	
1_609737_C_T	5.52E-02	2.57E-05	3.53E-01	-2.27E-01	2.44E-01	5.47E-02	bad-chisq
1_609740_G_A	7.59E-02	2.02E-05	3.08E-01	-1.97E-01	1.93E-01	6.00E-02	
1_609743_G_C	1.24E-01	2.06E-01	7.90E-01	4.88E-02	1.83E-01	1.57E-02	
1_609746_C_G	1.21E-01	2.61E-01	9.71E-01	-6.29E-03	1.73E-01	2.14E-03	
1_609749_T_C	1.24E-01	2.06E-01	7.90E-01	4.88E-02	1.83E-01	1.57E-02	
1_609752_A_G	1.45E-01	7.10E-01	6.02E-01	-7.76E-02	1.49E-01	3.07E-02	
1_609753_A_C	1.24E-01	2.06E-01	7.90E-01	4.88E-02	1.83E-01	1.57E-02	
1_609767_C_G	2.93E-01	4.63E-05	9.88E-01	-1.94E-03	1.31E-01	8.71E-04	
1_609782_C_G	6.90E-02	8.81E-05	7.24E-01	-8.91E-02	2.52E-01	2.08E-02	
1_609799_G_A	7.24E-02	2.76E-04	8.62E-01	4.35E-02	2.50E-01	1.02E-02	
1_609806_A_G	4.28E-01	2.89E-05	8.99E-01	1.89E-02	1.48E-01	7.49E-03	
1_609821_G_A	1.31E-01	9.21E-06	9.20E-01	-1.66E-02	1.65E-01	5.93E-03	
1_609824_G_C	9.31E-02	2.35E-05	9.30E-01	-2.45E-02	2.80E-01	5.16E-03	
1_609827_A_G	7.93E-02	9.60E-06	6.07E-01	-1.04E-01	2.02E-01	3.04E-02	
1_609851_C_G	2.72E-01	3.89E-07	2.18E-01	2.06E-01	1.67E-01	7.26E-02	
1_609854_T_C	7.24E-02	4.24E-05	9.48E-01	1.68E-02	2.59E-01	3.81E-03	
1_609857_C_T	2.45E-01	1.33E-08	3.19E-01	1.78E-01	1.78E-01	5.88E-02	
1_609859_A_T	1.79E-01	2.68E-01	4.27E-01	-1.18E-01	1.48E-01	4.68E-02	
1_609863_T_C	9.66E-02	1.14E-05	7.76E-01	6.49E-02	2.27E-01	1.68E-02	
1_609872_T_C	3.41E-01	1.56E-02	3.61E-01	1.43E-01	1.56E-01	5.38E-02	
1_609900_G_T	1.17E-01	8.71E-07	8.59E-01	6.03E-02	3.40E-01	1.04E-02	
1_609903_C_T	7.93E-02	1.15E-06	2.55E-01	-2.72E-01	2.38E-01	6.70E-02	
1_609905_C_G	1.14E-01	2.69E-07	3.38E-01	-4.75E-01	4.96E-01	5.64E-02	
1_609908_G_A	2.76E-01	1.23E-05	4.66E-01	1.12E-01	1.54E-01	4.30E-02	
1_609909_C_A	1.00E-01	5.48E-06	7.19E-01	-1.31E-01	3.63E-01	2.12E-02	
1_609912_C_G	4.83E-01	7.10E-03	1.86E-01	2.01E-01	1.52E-01	7.79E-02	
1_611254_A_G	5.52E-02	8.04E-03	5.49E-01	1.36E-01	2.27E-01	3.53E-02	
1_611256_C_G	1.14E-01	2.69E-07	3.38E-01	-4.75E-01	4.96E-01	5.64E-02	
1_611268_A_G	4.17E-01	1.82E-06	3.32E-01	-7.06E-02	7.27E-02	5.71E-02	
1_611293_A_C	6.55E-02	2.42E-05	5.94E-01	-1.55E-01	2.91E-01	3.14E-02	
1_611297_A_G	9.31E-02	4.54E-07	4.11E-01	-1.96E-01	2.38E-01	4.85E-02	
1_611298_T_C	4.10E-01	2.85E-07	1.50E-01	2.35E-01	1.63E-01	8.48E-02	
1_611304_C_G	6.90E-02	1.14E-05	4.91E-01	-2.15E-01	3.12E-01	4.06E-02	
1_611306_G_A	1.76E-01	6.09E-02	9.03E-01	1.86E-02	1.53E-01	7.17E-03	
1_611314_C_T	2.76E-01	4.00E-05	6.78E-01	6.58E-02	1.58E-01	2.45E-02	
1_611330_G_A	1.72E-01	4.42E-01	7.02E-01	5.02E-02	1.31E-01	2.26E-02	
1_611331_C_A	2.24E-01	2.28E-09	6.52E-02	3.02E-01	1.63E-01	1.08E-01	
1_611356_A_T	2.62E-01	9.94E-08	9.31E-01	1.50E-02	1.72E-01	5.14E-03	
1_611361_C_T	3.48E-01	3.37E-02	3.97E-01	1.43E-01	1.69E-01	4.99E-02	
1_611362_T_G	1.14E-01	2.69E-07	3.38E-01	-4.75E-01	4.96E-01	5.64E-02	
1_611364_G_A	2.34E-01	2.77E-03	5.78E-01	-1.06E-01	1.90E-01	3.28E-02	
1_611381_G_A	3.66E-01	5.83E-02	9.68E-01	-6.21E-03	1.53E-01	2.38E-03	
1_611396_C_G	2.45E-01	1.33E-08	3.21E-01	1.77E-01	1.78E-01	5.85E-02	
1_611411_C_G	7.93E-02	6.69E-05	9.59E-01	1.14E-02	2.23E-01	3.01E-03	
1_611412_G_A	9.66E-02	1.14E-05	8.36E-01	-6.26E-02	3.02E-01	1.22E-02	
1_611420_G_C	5.17E-02	4.33E-01	7.58E-01	-4.90E-02	1.59E-01	1.81E-02	
1_611424_G_C	1.21E-01	2.61E-01	8.44E-01	-3.89E-02	1.97E-01	1.16E-02	
1_611457_A_G	3.66E-01	5.83E-02	3.35E-01	1.62E-01	1.67E-01	5.69E-02	
1_611489_G_A	3.03E-01	8.53E-04	5.26E-01	9.15E-02	1.44E-01	3.74E-02	
1_611504_G_C	1.14E-01	2.69E-07	3.38E-01	-4.75E-01	4.96E-01	5.64E-02	
1_611510_G_C	4.21E-01	2.40E-05	5.39E-01	1.02E-01	1.66E-01	3.62E-02	
1_611511_C_T	4.07E-01	1.63E-06	3.28E-01	1.77E-01	1.80E-01	5.77E-02	
1_611537_G_A	1.17E-01	5.36E-06	2.57E-01	-1.81E-01	1.60E-01	6.67E-02	
1_611546_G_C	9.66E-02	1.02E-01	5.55E-01	1.14E-01	1.93E-01	3.48E-02	
1_611552_A_G	1.93E-01	1.89E-06	1.36E-02	-2.19E-01	8.84E-02	1.45E-01	
1_611561_C_T	5.17E-02	1.52E-02	4.94E-01	1.65E-01	2.42E-01	4.03E-02	
1_611577_T_G	5.17E-02	5.48E-05	5.05E-01	-1.61E-01	2.42E-01	3.93E-02	bad-chisq
1_611581_C_T	2.10E-01	8.80E-11	8.53E-03	4.39E-01	1.66E-01	1.54E-01	
1_611666_C_T	5.17E-02	3.04E-03	2.23E-01	-1.95E-01	1.60E-01	7.18E-02	
1_611672_C_T	8.28E-02	4.52E-06	7.14E-01	-9.26E-02	2.52E-01	2.16E-02	
1_611676_C_A	6.90E-02	1.14E-05	4.91E-01	-2.15E-01	3.12E-01	4.06E-02	
1_611677_A_T	9.66E-02	1.67E-06	6.05E-01	-1.52E-01	2.94E-01	3.05E-02	
1_611717_T_C	2.79E-01	3.39E-03	2.55E-01	-1.25E-01	1.10E-01	6.70E-02	
1_611720_C_G	4.72E-01	8.67E-03	1.58E-01	2.72E-01	1.92E-01	8.32E-02	
1_611732_T_C	4.76E-01	6.40E-03	6.37E-01	8.12E-02	1.72E-01	2.78E-02	
1_611738_G_C	2.31E-01	7.50E-10	6.90E-02	3.17E-01	1.74E-01	1.07E-01	
1_611741_G_A	6.90E-02	5.54E-04	9.50E-01	1.46E-02	2.31E-01	3.73E-03	
1_611750_G_C	1.07E-01	1.97E-01	5.49E-01	1.07E-01	1.79E-01	3.53E-02	
1_611751_C_G	2.14E-01	7.30E-03	6.05E-01	9.88E-02	1.91E-01	3.05E-02	
1_611752_A_C	2.14E-01	7.30E-03	6.05E-01	9.88E-02	1.91E-01	3.05E-02	
1_611753_G_C	1.48E-01	6.25E-01	5.11E-01	1.07E-01	1.62E-01	3.87E-02	
1_611754_G_T	1.07E-01	1.97E-01	4.88E-01	1.25E-01	1.80E-01	4.09E-02	
1_611769_C_T	1.38E-01	9.34E-01	3.67E-01	1.51E-01	1.67E-01	5.32E-02	
1_611783_G_T	1.00E-01	7.53E-02	3.51E-01	1.87E-01	2.01E-01	5.49E-02	
1_611787_C_T	3.52E-01	2.60E-02	7.72E-02	2.70E-01	1.52E-01	1.04E-01	
1_611815_G_A	5.52E-02	8.04E-03	5.55E-01	1.42E-01	2.40E-01	3.48E-02	
1_621536_A_G	2.83E-01	5.02E-03	2.04E-01	-9.66E-02	7.58E-02	7.49E-02	
1_621545_T_A	1.03E-01	2.61E-06	8.67E-01	-4.73E-02	2.82E-01	9.87E-03	
1_621578_G_T	1.00E-01	5.48E-06	7.19E-01	-1.31E-01	3.63E-01	2.12E-02	
1_621579_C_T	6.90E-02	1.14E-05	4.91E-01	-2.15E-01	3.12E-01	4.06E-02	
1_621584_T_C	4.66E-01	1.54E-02	9.19E-01	1.76E-02	1.72E-01	6.03E-03	
1_621602_G_C	7.93E-02	9.60E-06	6.48E-01	-1.16E-01	2.53E-01	2.69E-02	
1_621611_G_A	7.59E-02	1.37E-04	9.41E-01	1.69E-02	2.28E-01	4.36E-03	
1_621613_C_T	1.10E-01	5.79E-07	6.18E-01	-1.81E-01	3.62E-01	2.94E-02	
1_621626_C_G	9.66E-02	2.08E-07	3.88E-01	-2.40E-01	2.77E-01	5.09E-02	
1_621627_T_C	9.66E-02	2.08E-07	3.57E-01	-2.58E-01	2.80E-01	5.43E-02	
1_621635_C_T	2.76E-01	1.23E-05	4.79E-01	1.12E-01	1.58E-01	4.18E-02	
1_621659_C_G	2.86E-01	1.08E-05	9.69E-01	5.56E-03	1.42E-01	2.31E-03	
1_621662_G_C	1.07E-01	3.38E-03	5.00E-01	-7.46E-02	1.10E-01	3.98E-02	
1_621663_C_G	1.14E-01	2.69E-07	3.38E-01	-4.75E-01	4.96E-01	5.64E-02	
1_621668_A_G	1.76E-01	2.11E-01	5.23E-01	9.44E-02	1.48E-01	3.76E-02	
1_621680_G_A	3.69E-01	2.50E-02	8.14E-01	3.42E-02	1.45E-01	1.39E-02	
1_621695_G_A	3.17E-01	1.26E-03	9.53E-01	-8.38E-03	1.43E-01	3.45E-03	
1_621707_G_A	7.24E-02	2.76E-04	8.20E-01	5.91E-02	2.59E-01	1.34E-02	
1_621725_G_C	2.14E-01	4.95E-11	3.76E-03	4.99E-01	1.71E-01	1.70E-01	
1_621731_C_G	3.55E-01	9.02E-04	6.28E-01	5.42E-02	1.12E-01	2.86E-02	
1_621756_C_T	1.07E-01	1.63E-01	2.52E-01	-1.43E-01	1.24E-01	6.74E-02	
1_621760_C_T	1.07E-01	1.97E-01	5.26E-01	1.14E-01	1.80E-01	3.73E-02	
1_621773_C_T	2.45E-01	1.33E-08	3.21E-01	1.77E-01	1.78E-01	5.85E-02	
1_621806_C_T	3.28E-01	1.20E-02	4.85E-01	-9.74E-02	1.39E-01	4.12E-02	
1_621815_G_C	5.86E-02	7.57E-04	9.80E-01	5.74E-03	2.32E-01	1.46E-03	
1_621842_A_G	4.41E-01	7.13E-04	9.83E-01	-2.93E-03	1.39E-01	1.25E-03	
1_621848_C_T	8.97E-02	4.81E-05	2.20E-01	-1.86E-01	1.51E-01	7.23E-02	
1_621860_C_G	1.00E-01	5.53E-01	7.82E-01	-3.49E-02	1.26E-01	1.63E-02	
1_621898_G_A	1.14E-01	2.69E-07	3.38E-01	-4.75E-01	4.96E-01	5.64E-02	
1_621899_C_T	6.90E-02	8.81E-05	4.65E-01	-1.46E-01	1.99E-01	4.31E-02	
1_621905_G_C	1.10E-01	5.79E-07	7.17E-01	-1.30E-01	3.58E-01	2.14E-02	
1_621914_G_C	5.52E-02	1.53E-03	8.17E-01	5.66E-02	2.44E-01	1.37E-02	
1_621947_G_C	2.76E-01	3.51E-06	9.45E-01	-1.13E-02	1.63E-01	4.10E-03	
1_621950_G_C	1.14E-01	2.69E-07	3.38E-01	-4.75E-01	4.96E-01	5.64E-02	
1_621971_A_G	3.76E-01	7.37E-08	5.73E-01	9.36E-02	1.66E-01	3.32E-02	
1_621974_G_C	1.10E-01	5.79E-07	7.17E-01	-1.30E-01	3.58E-01	2.14E-02	
1_621989_T_C	4.52E-01	1.33E-03	2.18E-01	1.53E-01	1.24E-01	7.26E-02	
1_622007_G_C	3.83E-01	5.56E-02	6.55E-01	6.25E-02	1.40E-01	2.63E-02	
1_622021_C_G	1.00E-01	5.48E-06	7.19E-01	-1.31E-01	3.63E-01	2.12E-02	
1_622046_C_T	6.21E-02	2.16E-03	5.73E-01	1.35E-01	2.38E-01	3.33E-02	
1_622058_C_G	6.21E-02	3.73E-04	7.92E-01	6.18E-02	2.34E-01	1.56E-02	
1_622067_G_A	6.55E-02	1.10E-03	8.52E-01	3.46E-02	1.85E-01	1.10E-02	
1_622070_G_C	7.24E-02	2.76E-04	9.66E-01	-1.07E-02	2.48E-01	2.54E-03	
1_622085_G_A	8.62E-02	9.74E-05	2.62E-01	-1.80E-01	1.60E-01	6.60E-02	
1_622100_T_C	7.93E-02	7.30E-02	2.43E-01	-1.53E-01	1.31E-01	6.88E-02	
1_622103_C_G	2.76E-01	1.23E-05	4.64E-01	1.11E-01	1.52E-01	4.32E-02	
1_622113_C_T	1.00E-01	8.43E-01	8.90E-01	-1.94E-02	1.40E-01	8.15E-03	
1_622127_A_G	3.41E-01	8.68E-07	2.99E-01	-1.40E-01	1.35E-01	6.12E-02	
1_622181_G_A	2.97E-01	1.73E-03	1.03E-01	2.40E-01	1.47E-01	9.60E-02	
1_622184_C_T	2.55E-01	4.73E-10	2.29E-02	2.86E-01	1.25E-01	1.34E-01	
1_622226_G_C	1.00E-01	5.48E-06	7.19E-01	-1.31E-01	3.63E-01	2.12E-02	
1_622259_C_T	3.17E-01	2.74E-02	1.82E-01	2.09E-01	1.56E-01	7.86E-02	
1_622262_G_A	3.10E-01	2.51E-03	1.54E-02	3.67E-01	1.50E-01	1.42E-01	
1_622265_C_T	1.14E-01	7.72E-01	6.35E-01	4.55E-02	9.56E-02	2.80E-02	
1_622274_C_T	6.90E-02	1.14E-05	7.31E-01	-8.38E-02	2.43E-01	2.03E-02	
1_622289_C_T	6.55E-02	1.10E-03	9.91E-01	2.53E-03	2.24E-01	6.66E-04	
1_622292_G_A	2.62E-01	9.94E-08	1.99E-02	2.98E-01	1.27E-01	1.37E-01	
1_622300_G_A	6.21E-02	5.12E-05	6.75E-01	-9.98E-02	2.38E-01	2.47E-02	
1_622428_A_G	3.28E-01	2.38E-02	6.52E-02	3.09E-01	1.67E-01	1.08E-01	
1_622443_G_A	1.31E-01	2.00E-02	3.58E-01	-8.75E-02	9.51E-02	5.42E-02	
1_622446_C_G	2.72E-01	1.52E-06	9.71E-01	-5.59E-03	1.55E-01	2.13E-03	
1_622449_A_G	5.52E-02	2.25E-04	8.14E-01	-6.04E-02	2.57E-01	1.38E-02	
1_622452_C_T	9.66E-02	6.69E-05	3.17E-01	-1.76E-01	1.76E-01	5.89E-02	
1_622464_G_C	8.28E-02	1.95E-04	9.46E-01	1.87E-02	2.74E-01	4.01E-03	
1_622476_C_T	8.62E-02	1.56E-05	6.41E-01	-1.14E-01	2.45E-01	2.75E-02	
1_622479_G_A	7.59E-02	1.37E-04	9.19E-01	2.58E-02	2.53E-01	6.01E-03	
1_622494_T_C	2.34E-01	1.11E-01	2.21E-01	9.13E-02	7.45E-02	7.20E-02	
1_622497_C_G	2.79E-01	2.36E-04	1.73E-01	1.97E-01	1.44E-01	8.03E-02	
1_622500_G_A	1.86E-01	3.06E-03	3.89E-01	-6.67E-02	7.73E-02	5.08E-02	
1_622509_G_A	4.28E-01	5.34E-04	4.71E-01	5.41E-02	7.50E-02	4.25E-02	
1_622539_A_G	5.14E-01	1.53E-02	3.07E-01	7.22E-02	7.06E-02	6.02E-02	
1_622554_A_G	5.38E-01	1.12E-04	3.31E-01	7.69E-02	7.90E-02	5.73E-02	
1_622557_C_T	5.17E-02	1.52E-02	7.34E-01	6.35E-02	1.86E-01	2.01E-02	
1_622599_G_A	2.41E-01	4.44E-09	2.42E-01	2.22E-01	1.90E-01	6.89E-02	
1_622605_G_C	1.79E-01	8.42E-02	8.12E-01	3.56E-02	1.50E-01	1.40E-02	
1_622629_G_A	3.62E-01	5.47E-03	1.19E-01	1.72E-01	1.10E-01	9.18E-02	
1_622644_G_A	6.21E-02	2.16E-03	6.38E-01	-7.67E-02	1.63E-01	2.77E-02	
1_622650_A_G	6.90E-01	9.71E-05	5.30E-01	4.63E-02	7.36E-02	3.71E-02	
1_622653_T_C	3.86E-01	2.39E-02	5.42E-01	7.28E-02	1.19E-01	3.59E-02	
1_622657_G_C	1.00E-01	5.48E-06	7.19E-01	-1.31E-01	3.63E-01	2.12E-02	
1_622658_C_T	1.00E-01	5.48E-06	7.19E-01	-1.31E-01	3.63E-01	2.12E-02	
1_622662_A_G	4.55E-01	4.62E-03	5.25E-01	-8.87E-02	1.40E-01	3.74E-02	
1_622695_C_G	8.62E-02	9.74E-05	7.64E-01	7.11E-02	2.37E-01	1.77E-02	
1_622723_T_A	1.14E-01	2.69E-07	3.38E-01	-4.75E-01	4.96E-01	5.64E-02	
1_622725_G_A	1.79E-01	2.68E-01	4.81E-01	-9.65E-02	1.37E-01	4.15E-02	
1_622732_A_T	5.52E-02	1.53E-03	8.17E-01	-6.52E-02	2.82E-01	1.36E-02	
1_622745_C_A	1.24E-01	1.24E-06	9.19E-01	-2.68E-02	2.64E-01	5.98E-03	
1_622748_C_T	3.62E-01	2.16E-09	2.84E-01	2.23E-01	2.08E-01	6.31E-02	
1_622749_A_G	4.45E-01	1.17E-03	5.12E-01	1.04E-01	1.59E-01	3.86E-02	
1_622760_G_A	5.86E-02	7.57E-04	9.33E-01	-2.06E-02	2.47E-01	4.92E-03	
1_622767_G_A	4.24E-01	1.54E-05	6.34E-01	6.28E-02	1.32E-01	2.80E-02	
1_622776_C_T	1.10E-01	3.84E-06	2.25E-01	-2.27E-01	1.86E-01	7.15E-02	
1_622779_C_G	4.66E-01	7.43E-04	2.35E-01	1.96E-01	1.65E-01	6.99E-02	
1_622782_C_T	1.76E-01	2.11E-01	8.88E-01	2.09E-02	1.48E-01	8.33E-03	
1_622791_T_C	3.93E-01	3.38E-06	6.07E-01	8.91E-02	1.73E-01	3.03E-02	
1_622803_C_G	4.52E-01	2.98E-03	5.42E-01	1.01E-01	1.66E-01	3.60E-02	
1_622815_G_A	8.97E-02	9.84E-07	7.14E-02	-3.18E-01	1.75E-01	1.06E-01	
1_622866_G_C	8.28E-02	9.85E-04	1.74E-01	-2.19E-01	1.61E-01	8.01E-02	
1_622869_G_A	5.34E-01	1.71E-04	5.88E-01	4.21E-02	7.77E-02	3.19E-02	
1_622872_G_A	1.14E-01	2.69E-07	3.38E-01	-4.75E-01	4.96E-01	5.64E-02	
1_622884_G_A	2.69E-01	1.50E-01	8.80E-01	-1.18E-02	7.77E-02	8.93E-03	
1_622887_C_G	2.62E-01	5.46E-01	9.32E-01	6.71E-03	7.84E-02	5.04E-03	
1_622893_A_G	5.17E-02	1.52E-02	4.34E-01	2.02E-01	2.57E-01	4.61E-02	
1_622902_G_A	5.52E-02	2.25E-04	3.38E-01	-2.04E-01	2.13E-01	5.64E-02	
1_622914_G_A	3.00E-01	1.96E-05	7.45E-01	4.68E-02	1.44E-01	1.92E-02	
1_622924_G_T	5.34E-01	1.51E-08	1.16E-01	1.27E-01	8.08E-02	9.24E-02	
1_622932_G_A	9.31E-02	2.87E-02	5.33E-01	-7.84E-02	1.26E-01	3.67E-02	
1_622941_T_C	4.00E-01	3.72E-07	9.03E-03	3.35E-01	1.28E-01	1.53E-01	
1_622970_A_G	2.00E-01	3.80E-02	4.41E-01	-1.24E-01	1.61E-01	4.54E-02	
1_622977_C_T	4.03E-01	2.52E-05	6.10E-01	-7.86E-02	1.54E-01	3.01E-02	
1_622986_A_G	7.59E-02	2.02E-05	7.11E-01	-8.70E-02	2.34E-01	2.19E-02	
1_622992_A_G	6.21E-02	2.16E-03	6.82E-01	7.81E-02	1.90E-01	2.42E-02	
1_623008_G_C	8.97E-02	4.81E-05	9.76E-01	9.08E-03	3.03E-01	1.76E-03	
1_623010_A_G	7.59E-02	2.48E-06	2.73E-01	-2.52E-01	2.30E-01	6.46E-02	
1_623016_C_T	3.69E-01	1.33E-08	4.29E-01	1.48E-01	1.87E-01	4.66E-02	
1_623028_C_T	1.38E-01	7.94E-01	5.41E-01	9.87E-02	1.61E-01	3.61E-02	
1_623040_C_G	3.83E-01	3.67E-07	7.47E-01	5.31E-02	1.65E-01	1.90E-02	
1_623043_G_A	4.21E-01	8.03E-06	1.85E-01	2.08E-01	1.57E-01	7.81E-02	
1_623046_G_A	7.24E-02	5.32E-06	1.89E-01	-3.18E-01	2.41E-01	7.73E-02	
1_623055_G_C	2.72E-01	1.91E-05	6.77E-01	5.76E-02	1.38E-01	2.46E-02	
1_623064_A_G	8.62E-02	2.12E-06	5.03E-01	-1.90E-01	2.83E-01	3.95E-02	
1_623069_A_G	1.62E-01	2.29E-01	6.74E-01	6.78E-02	1.61E-01	2.48E-02	
1_623082_T_C	1.28E-01	8.81E-08	1.38E-01	-3.60E-01	2.42E-01	8.73E-02	
1_634994_C_G	1.72E-01	8.62E-01	9.45E-01	-9.61E-03	1.40E-01	4.05E-03	
1_635000_G_C	1.45E-01	9.72E-01	9.96E-01	7.03E-04	1.35E-01	3.06E-04	
1_635027_C_T	9.66E-02	6.69E-05	5.16E-01	1.39E-01	2.14E-01	3.83E-02	
1_635031_T_G	8.28E-02	5.27E-07	3.32E-01	-3.00E-01	3.09E-01	5.72E-02	
1_635032_C_G	8.28E-02	5.27E-07	3.32E-01	-3.00E-01	3.09E-01	5.72E-02	
1_635035_C_T	6.21E-02	5.12E-05	6.93E-01	-1.10E-01	2.79E-01	2.33E-02	
1_635058_C_G	1.14E-01	2.69E-07	3.38E-01	-4.75E-01	4.96E-01	5.64E-02	
1_635093_C_G	9.31E-02	3.54E-06	8.01E-01	-7.56E-02	3.00E-01	1.48E-02	
1_635105_C_G	6.90E-02	1.14E-05	4.91E-01	-2.15E-01	3.12E-01	4.06E-02	
1_635180_C_G	3.52E-01	2.66E-09	2.65E-01	1.69E-01	1.52E-01	6.56E-02	
1_635225_T_C	5.10E-01	1.05E-02	3.99E-01	1.31E-01	1.55E-01	4.97E-02	
1_635254_A_G	2.52E-01	1.05E-07	4.30E-01	1.34E-01	1.69E-01	4.65E-02	
1_635268_T_G	1.14E-01	2.69E-07	3.38E-01	-4.75E-01	4.96E-01	5.64E-02	
1_635276_C_G	3.48E-01	6.08E-02	8.25E-01	-3.36E-02	1.52E-01	1.30E-02	
1_635308_C_T	1.28E-01	1.84E-05	2.11E-01	2.65E-01	2.11E-01	7.37E-02	
1_635312_C_T	5.17E-02	3.04E-03	2.15E-01	-2.28E-01	1.84E-01	7.30E-02	
1_635321_C_G	1.97E-01	1.86E-01	9.95E-01	9.34E-04	1.65E-01	3.34E-04	
1_635334_C_T	2.10E-01	6.59E-04	3.81E-02	-1.57E-01	7.54E-02	1.22E-01	
1_635351_C_T	9.66E-02	6.68E-01	1.63E-01	1.39E-01	9.95E-02	8.21E-02	
1_635357_G_C	9.31E-02	4.96E-08	1.31E-01	-3.75E-01	2.48E-01	8.88E-02	
1_635399_A_G	3.03E-01	3.98E-05	5.96E-01	5.58E-02	1.05E-01	3.13E-02	
1_635429_C_T	5.52E-02	2.25E-04	9.00E-01	-3.20E-02	2.55E-01	7.39E-03	
1_635435_G_C	7.59E-02	7.61E-04	5.42E-01	1.49E-01	2.44E-01	3.60E-02	
1_635438_C_T	1.17E-01	5.36E-06	1.93E-01	-2.28E-01	1.75E-01	7.67E-02	
1_635474_G_C	4.21E-01	1.10E-03	2.50E-01	1.69E-01	1.47E-01	6.78E-02	
1_635501_C_T	8.28E-02	5.27E-07	3.59E-01	-1.86E-01	2.02E-01	5.40E-02	
1_635516_G_A	4.34E-01	3.23E-03	5.34E-02	2.47E-01	1.27E-01	1.14E-01	
1_635522_C_G	9.31E-02	1.33E-04	1.65E-01	-2.01E-01	1.44E-01	8.17E-02	
1_635607_C_T	5.52E-02	2.25E-04	9.39E-01	-1.98E-02	2.57E-01	4.54E-03	
1_635609_G_C	2.45E-01	1.33E-08	3.29E-01	1.42E-01	1.46E-01	5.75E-02	
1_635610_C_T	3.55E-01	3.61E-04	8.36E-01	-1.68E-02	8.13E-02	1.22E-02	
1_635681_C_T	6.55E-02	2.58E-06	1.24E-01	-3.56E-01	2.31E-01	9.05E-02	bad-chisq
1_635696_C_T	5.17E-02	4.89E-06	9.83E-02	-3.64E-01	2.19E-01	9.73E-02	bad-chisq
1_635726_T_C	1.38E-01	5.99E-08	2.78E-02	-4.48E-01	2.03E-01	1.29E-01	
1_635735_G_C	5.86E-02	6.38E-02	3.24E-01	1.60E-01	1.62E-01	5.82E-02	
1_635753_G_A	2.10E-01	2.49E-02	3.57E-01	-1.44E-01	1.56E-01	5.43E-02	
1_635762_G_A	7.93E-02	6.69E-05	7.32E-01	-8.53E-02	2.49E-01	2.02E-02	
1_635768_C_G	5.52E-02	1.53E-03	4.13E-01	-1.93E-01	2.35E-01	4.82E-02	
1_677499_G_C	5.17E-02	3.04E-03	8.58E-01	-4.92E-02	2.75E-01	1.06E-02	
1_677504_G_C	1.72E-01	8.00E-03	3.36E-01	1.37E-01	1.42E-01	5.67E-02	
1_677513_G_C	6.34E-01	4.19E-06	2.14E-02	-2.00E-01	8.63E-02	1.35E-01	
1_677516_T_C	6.24E-01	9.12E-05	9.50E-02	-1.36E-01	8.14E-02	9.82E-02	
1_677519_G_C	7.24E-02	1.48E-03	6.04E-01	1.18E-01	2.28E-01	3.06E-02	
1_677521_C_G	9.31E-02	2.35E-05	9.71E-01	-9.84E-03	2.69E-01	2.16E-03	
1_677522_C_T	7.24E-02	7.09E-02	2.60E-01	-1.23E-01	1.09E-01	6.64E-02	
1_677528_A_G	6.97E-01	1.27E-10	9.42E-04	-2.95E-01	8.82E-02	1.93E-01	
1_677540_C_T	9.66E-02	6.68E-01	1.39E-01	1.50E-01	1.01E-01	8.70E-02	
1_677552_C_T	6.55E-02	5.36E-03	7.75E-01	6.23E-02	2.18E-01	1.68E-02	
1_677557_G_C	9.66E-02	1.14E-05	8.93E-01	-4.08E-02	3.03E-01	7.92E-03	
1_677570_T_C	3.34E-01	3.96E-02	4.01E-01	7.45E-02	8.87E-02	4.95E-02	
1_677579_C_G	8.97E-02	4.81E-05	4.46E-01	1.81E-01	2.37E-01	4.49E-02	
1_677582_C_T	6.55E-02	1.10E-03	8.72E-01	3.67E-02	2.28E-01	9.48E-03	
1_677609_C_T	1.52E-01	1.82E-01	6.37E-01	-3.97E-02	8.40E-02	2.78E-02	
1_677612_G_A	8.28E-02	1.95E-04	9.46E-01	1.87E-02	2.74E-01	4.01E-03	
1_677625_C_T	1.14E-01	2.69E-07	3.38E-01	-4.75E-01	4.96E-01	5.64E-02	
1_677633_G_A	7.93E-02	3.88E-04	3.24E-02	-2.41E-01	1.12E-01	1.26E-01	
1_677642_C_G	9.31E-02	2.35E-05	9.73E-01	9.74E-03	2.83E-01	2.03E-03	
1_677654_G_A	7.59E-02	1.37E-04	9.92E-01	-2.51E-03	2.47E-01	5.99E-04	
1_677709_T_C	5.31E-01	4.13E-06	2.37E-02	1.98E-01	8.73E-02	1.33E-01	
1_677717_G_C	8.28E-02	8.82E-01	1.98E-02	2.66E-01	1.14E-01	1.37E-01	
1_677720_T_C	7.76E-01	2.28E-09	2.00E-01	-1.85E-01	1.44E-01	7.54E-02	
1_677723_C_T	5.86E-02	9.30E-02	1.35E-02	3.07E-01	1.24E-01	1.45E-01	
1_677724_C_A	8.62E-02	2.12E-06	4.25E-01	-2.14E-01	2.67E-01	4.70E-02	
1_677735_C_G	1.41E-01	4.28E-01	5.05E-01	6.13E-02	9.19E-02	3.93E-02	
1_677753_G_C	5.38E-01	1.05E-02	9.96E-01	-4.32E-04	9.42E-02	2.70E-04	
1_677760_A_C	1.93E-01	8.02E-06	1.57E-02	-1.95E-01	8.01E-02	1.42E-01	
1_677765_G_C	5.79E-01	4.59E-04	1.09E-01	-1.41E-01	8.74E-02	9.43E-02	
1_677786_T_C	3.14E-01	8.98E-03	1.21E-01	2.09E-01	1.35E-01	9.12E-02	
1_677792_G_C	9.66E-02	1.14E-05	9.81E-01	-7.26E-03	3.01E-01	1.42E-03	
1_677801_C_G	3.03E-01	1.18E-01	9.15E-01	-8.21E-03	7.65E-02	6.32E-03	
1_677805_C_T	2.10E-01	8.80E-11	8.53E-03	4.39E-01	1.66E-01	1.54E-01	
1_677853_C_T	1.79E-01	1.72E-01	1.94E-01	1.26E-01	9.66E-02	7.64E-02	
1_677897_A_G	5.24E-01	3.19E-05	1.52E-01	1.34E-01	9.36E-02	8.43E-02	
1_677900_C_T	2.24E-01	1.26E-08	7.85E-02	2.52E-01	1.42E-01	1.03E-01	
1_677906_G_A	6.90E-02	8.81E-05	7.91E-01	-6.20E-02	2.34E-01	1.56E-02	
1_677909_A_G	7.24E-02	5.32E-06	2.21E-01	-2.79E-01	2.28E-01	7.20E-02	
1_677921_G_A	2.10E-01	8.80E-11	8.53E-03	4.39E-01	1.66E-01	1.54E-01	
1_677930_G_A	4.24E-01	8.21E-03	3.87E-01	8.21E-02	9.47E-02	5.10E-02	
1_677933_G_C	1.03E-01	1.63E-05	7.83E-01	-5.12E-02	1.86E-01	1.63E-02	
1_677945_C_G	5.17E-02	8.03E-01	4.60E-01	1.22E-01	1.64E-01	4.35E-02	
1_677970_G_A	8.97E-02	4.81E-05	9.76E-01	9.08E-03	3.03E-01	1.76E-03	
1_677971_C_T	1.14E-01	2.69E-07	3.38E-01	-4.75E-01	4.96E-01	5.64E-02	
1_677975_C_T	1.17E-01	2.18E-01	8.51E-01	1.81E-02	9.63E-02	1.11E-02	
1_678002_C_T	5.17E-02	7.75E-01	1.95E-01	-1.95E-01	1.50E-01	7.64E-02	
1_678059_C_G	1.45E-01	6.11E-05	8.49E-01	3.28E-02	1.73E-01	1.12E-02	
1_678074_C_G	1.14E-01	2.69E-07	3.38E-01	-4.75E-01	4.96E-01	5.64E-02	
1_678086_C_T	2.10E-01	8.80E-11	8.53E-03	4.39E-01	1.66E-01	1.54E-01	
1_678110_G_A	5.86E-02	6.38E-02	1.05E-01	-1.87E-01	1.15E-01	9.53E-02	
1_678116_T_C	3.21E-01	2.12E-01	9.96E-01	-3.67E-04	7.57E-02	2.86E-04	
1_678149_G_C	9.66E-02	1.14E-05	1.11E-01	-2.97E-01	1.86E-01	9.37E-02	
1_678152_C_G	1.31E-01	2.78E-07	1.68E-01	-2.85E-01	2.06E-01	8.11E-02	
1_678176_G_A	1.03E-01	2.61E-06	8.67E-01	-4.73E-02	2.82E-01	9.87E-03	
1_678224_T_C	4.66E-01	3.05E-04	4.79E-01	9.92E-02	1.40E-01	4.17E-02	
1_678239_G_A	3.10E-01	2.23E-07	8.34E-02	-1.29E-01	7.42E-02	1.02E-01	
1_678299_C_G	9.31E-02	3.54E-06	7.28E-01	-7.62E-02	2.19E-01	2.05E-02	
1_678300_G_A	5.17E-02	4.11E-01	3.12E-01	1.72E-01	1.70E-01	5.95E-02	
1_678316_C_T	1.14E-01	2.69E-07	3.38E-01	-4.75E-01	4.96E-01	5.64E-02	
1_683282_C_G	1.10E-01	5.79E-07	6.18E-01	-1.81E-01	3.62E-01	2.94E-02	
1_683315_G_A	7.24E-02	3.73E-01	9.88E-01	-1.73E-03	1.18E-01	8.62E-04	
1_683318_C_G	1.14E-01	2.69E-07	3.38E-01	-4.75E-01	4.96E-01	5.64E-02	
1_683324_C_G	1.34E-01	2.27E-05	8.65E-02	-2.55E-01	1.48E-01	1.01E-01	
1_683330_G_C	1.10E-01	5.79E-07	6.18E-01	-1.81E-01	3.62E-01	2.94E-02	
1_683360_C_G	1.00E-01	7.78E-07	3.57E-01	-2.40E-01	2.60E-01	5.43E-02	
1_683363_C_T	2.69E-01	2.95E-05	6.04E-02	2.79E-01	1.48E-01	1.10E-01	
1_683366_T_C	4.86E-01	6.89E-05	9.90E-01	1.28E-03	9.99E-02	7.58E-04	
1_683384_T_C	3.72E-01	8.88E-04	5.49E-01	5.69E-02	9.49E-02	3.53E-02	
1_683390_G_A	5.52E-02	2.25E-04	2.84E-01	-2.33E-01	2.17E-01	6.31E-02	
1_683399_G_C	6.90E-02	1.14E-05	6.05E-01	-1.21E-01	2.33E-01	3.05E-02	
1_683405_G_A	1.00E-01	5.48E-06	7.19E-01	-1.31E-01	3.63E-01	2.12E-02	
1_683408_A_G	4.28E-01	1.92E-01	6.32E-01	-4.73E-02	9.85E-02	2.83E-02	
1_683414_C_T	5.52E-02	8.04E-03	1.96E-01	-2.26E-01	1.75E-01	7.62E-02	
1_683416_A_T	1.31E-01	6.28E-01	8.85E-01	2.10E-02	1.44E-01	8.56E-03	
1_683423_G_A	6.90E-02	8.81E-05	6.36E-01	-1.19E-01	2.50E-01	2.79E-02	
1_683439_T_G	2.17E-01	1.88E-10	2.35E-02	4.07E-01	1.79E-01	1.33E-01	
1_683444_G_A	5.52E-02	2.57E-05	4.23E-01	-1.77E-01	2.21E-01	4.73E-02	bad-chisq
1_683453_G_A	1.17E-01	5.72E-04	2.98E-01	-1.39E-01	1.34E-01	6.13E-02	
1_683480_A_G	9.34E-01	6.98E-01	8.04E-01	-2.90E-02	1.17E-01	1.46E-02	
1_683499_C_T	5.86E-02	4.19E-03	3.03E-02	-3.37E-01	1.55E-01	1.27E-01	
1_683504_C_T	5.86E-02	4.19E-03	3.62E-01	-1.79E-01	1.96E-01	5.37E-02	
1_683519_C_T	6.21E-02	1.11E-01	3.59E-01	-1.10E-01	1.20E-01	5.41E-02	
1_683564_G_A	1.52E-01	7.92E-03	6.84E-01	-4.05E-02	9.95E-02	2.40E-02	
1_683591_C_T	8.62E-02	9.74E-05	8.75E-01	-2.98E-02	1.89E-01	9.29E-03	
1_683615_C_T	3.24E-01	7.91E-03	5.85E-01	-5.02E-02	9.19E-02	3.22E-02	
1_683618_G_C	9.66E-02	1.14E-05	8.36E-01	-6.26E-02	3.02E-01	1.22E-02	
1_683654_G_C	5.17E-02	3.04E-03	8.86E-01	-4.00E-02	2.79E-01	8.44E-03	
1_683663_G_C	5.17E-02	3.04E-03	7.85E-01	6.51E-02	2.39E-01	1.61E-02	
1_683666_G_A	7.59E-02	7.61E-04	5.95E-01	-1.00E-01	1.88E-01	3.14E-02	
1_683672_A_G	3.48E-01	8.33E-08	8.22E-01	2.91E-02	1.29E-01	1.33E-02	
1_683696_C_G	7.93E-02	1.15E-06	2.14E-01	-2.87E-01	2.31E-01	7.32E-02	
1_683702_C_G	2.17E-01	1.88E-10	2.35E-02	4.07E-01	1.79E-01	1.33E-01	
1_683747_G_C	1.21E-01	4.09E-07	5.52E-01	-1.68E-01	2.82E-01	3.51E-02	
1_683798_G_C	4.21E-01	5.79E-08	4.76E-01	6.77E-02	9.48E-02	4.20E-02	
1_683819_A_G	6.90E-02	2.66E-01	7.45E-01	-3.91E-02	1.20E-01	1.92E-02	
1_683825_T_C	3.90E-01	4.42E-03	9.66E-01	-4.04E-03	9.62E-02	2.48E-03	
1_683831_C_T	2.17E-01	1.88E-10	2.35E-02	4.07E-01	1.79E-01	1.33E-01	
1_683837_G_C	3.28E-01	2.92E-10	1.18E-01	2.13E-01	1.36E-01	9.19E-02	
1_683840_A_G	1.79E-01	8.42E-02	1.73E-01	-1.83E-01	1.34E-01	8.03E-02	
1_683867_C_T	5.17E-02	3.04E-03	9.17E-01	-2.67E-02	2.55E-01	6.15E-03	
1_683915_G_C	5.52E-02	1.53E-03	7.82E-01	-7.08E-02	2.56E-01	1.63E-02	
1_683921_G_A	1.03E-01	2.61E-06	8.31E-01	5.64E-02	2.65E-01	1.26E-02	
1_683996_G_A	5.52E-02	1.53E-03	4.17E-01	-1.66E-01	2.04E-01	4.78E-02	
1_683999_A_G	4.48E-01	1.49E-07	4.82E-01	6.58E-02	9.35E-02	4.14E-02	
1_684005_C_G	1.21E-01	2.59E-06	6.52E-02	-3.61E-01	1.95E-01	1.08E-01	
1_684014_C_G	3.21E-01	7.90E-02	8.34E-01	-1.68E-02	8.01E-02	1.24E-02	
1_684029_G_C	8.28E-02	1.95E-04	8.86E-01	-2.61E-02	1.82E-01	8.45E-03	
1_684038_C_T	1.38E-01	7.63E-03	2.13E-01	-1.15E-01	9.20E-02	7.34E-02	
1_684074_G_A	1.79E-01	1.56E-01	9.03E-01	1.62E-02	1.33E-01	7.16E-03	
1_684083_C_T	9.31E-02	7.51E-02	8.49E-01	-2.10E-02	1.11E-01	1.12E-02	
1_684086_G_A	7.59E-02	2.48E-06	2.76E-01	-2.94E-01	2.69E-01	6.42E-02	
1_684089_C_G	1.62E-01	1.58E-04	8.82E-02	-1.56E-01	9.13E-02	1.00E-01	
1_684092_G_C	2.21E-01	7.11E-03	9.58E-01	-7.85E-03	1.51E-01	3.07E-03	
1_684095_C_T	2.79E-01	8.09E-05	1.03E-01	2.29E-01	1.40E-01	9.59E-02	
1_684101_A_G	2.93E-01	4.63E-05	8.71E-01	-2.30E-02	1.42E-01	9.54E-03	
1_684109_G_A	1.14E-01	2.29E-01	9.38E-01	1.29E-02	1.66E-01	4.57E-03	
1_684113_G_C	2.28E-01	7.33E-09	7.81E-02	2.77E-01	1.57E-01	1.04E-01	
1_684149_C_G	6.90E-02	1.14E-05	4.91E-01	-2.15E-01	3.12E-01	4.06E-02	
1_684152_G_C	5.17E-02	3.04E-03	8.86E-01	-4.00E-02	2.79E-01	8.44E-03	
1_684164_G_A	1.17E-01	5.36E-06	9.28E-01	2.03E-02	2.25E-01	5.32E-03	
1_684182_G_A	5.17E-02	4.68E-04	8.57E-01	-3.71E-02	2.06E-01	1.06E-02	
1_684197_C_G	7.59E-02	7.61E-04	7.70E-01	8.28E-02	2.83E-01	1.72E-02	
1_684221_C_T	5.21E-01	5.59E-07	1.11E-01	1.29E-01	8.05E-02	9.39E-02	
1_684242_C_T	5.17E-02	8.03E-01	2.69E-01	1.51E-01	1.36E-01	6.52E-02	
1_684260_G_T	5.21E-01	1.90E-03	7.33E-01	-3.50E-02	1.03E-01	2.01E-02	
1_684266_G_A	5.52E-02	8.04E-03	5.53E-01	1.66E-01	2.80E-01	3.50E-02	
1_684334_A_C	5.52E-02	1.53E-03	8.17E-01	-6.52E-02	2.82E-01	1.36E-02	
1_684335_G_A	4.17E-01	3.47E-03	9.22E-01	1.17E-02	1.18E-01	5.81E-03	
1_684336_G_A	2.10E-01	8.80E-11	8.53E-03	4.39E-01	1.66E-01	1.54E-01	
1_684350_T_C	9.66E-02	1.67E-06	6.05E-01	-1.52E-01	2.94E-01	3.05E-02	
1_684369_C_G	7.93E-02	1.15E-06	3.88E-01	-1.87E-01	2.17E-01	5.09E-02	
1_684383_G_C	1.14E-01	2.69E-07	3.38E-01	-4.75E-01	4.96E-01	5.64E-02	
1_684451_G_A	6.55E-02	5.36E-03	4.60E-01	1.78E-01	2.41E-01	4.35E-02	
1_684455_C_T	5.52E-02	6.41E-01	2.53E-01	1.77E-01	1.54E-01	6.74E-02	
1_684465_A_C	2.72E-01	5.58E-06	1.92E-01	1.91E-01	1.46E-01	7.69E-02	
1_684485_C_G	2.48E-01	1.75E-07	4.10E-01	1.19E-01	1.44E-01	4.85E-02	
1_684506_T_C	4.69E-01	2.71E-03	9.58E-01	7.86E-03	1.51E-01	3.07E-03	
1_684512_T_C	7.24E-02	2.76E-04	9.20E-01	-2.27E-02	2.25E-01	5.94E-03	
1_684517_T_C	2.34E-01	6.50E-08	7.58E-02	2.85E-01	1.60E-01	1.04E-01	
1_684524_G_A	1.41E-01	1.26E-02	7.29E-01	3.15E-02	9.08E-02	2.04E-02	
1_684529_G_A	7.59E-02	7.61E-04	2.91E-01	-1.69E-01	1.60E-01	6.23E-02	
1_684536_T_C	3.00E-01	1.75E-04	2.66E-01	1.46E-01	1.31E-01	6.55E-02	
1_684547_G_C	6.90E-02	8.81E-05	6.02E-01	-1.55E-01	2.97E-01	3.08E-02	
1_684565_T_C	6.21E-02	3.73E-04	8.20E-01	-5.83E-02	2.56E-01	1.34E-02	
1_684566_C_G	9.31E-02	3.54E-06	6.21E-01	-1.28E-01	2.58E-01	2.92E-02	
1_684578_G_C	2.55E-01	2.64E-01	8.31E-01	1.64E-02	7.70E-02	1.26E-02	
1_684585_C_T	1.14E-01	7.45E-02	2.34E-01	-1.09E-01	9.17E-02	7.01E-02	
1_684599_C_G	6.21E-02	5.12E-05	5.64E-01	-1.30E-01	2.25E-01	3.40E-02	
1_684630_T_C	1.14E-01	2.69E-07	3.38E-01	-4.75E-01	4.96E-01	5.64E-02	
1_684632_C_T	1.17E-01	8.09E-01	9.29E-01	1.23E-02	1.38E-01	5.27E-03	
1_684650_C_G	1.76E-01	1.82E-04	7.17E-01	-5.06E-02	1.39E-01	2.14E-02	
1_684651_A_C	1.45E-01	1.39E-05	4.66E-01	1.09E-01	1.49E-01	4.30E-02	
1_684652_A_G	1.10E-01	5.79E-07	7.15E-01	-1.31E-01	3.60E-01	2.15E-02	
1_684663_T_A	5.52E-02	2.75E-01	1.05E-01	-2.51E-01	1.54E-01	9.54E-02	
1_684680_C_T	3.28E-01	5.23E-03	7.14E-01	2.66E-02	7.27E-02	2.16E-02	
1_684692_G_C	8.62E-02	9.74E-05	8.93E-01	3.81E-02	2.84E-01	7.90E-03	
1_684693_T_G	1.14E-01	2.69E-07	3.38E-01	-4.75E-01	4.96E-01	5.64E-02	
1_684694_C_A	1.14E-01	2.69E-07	3.38E-01	-4.75E-01	4.96E-01	5.64E-02	
1_684703_A_G	1.17E-01	3.28E-01	7.43E-01	-5.12E-02	1.56E-01	1.94E-02	
1_684713_T_C	4.69E-01	1.16E-02	4.58E-01	1.17E-01	1.58E-01	4.37E-02	
1_684731_T_C	1.34E-01	6.79E-01	8.92E-01	1.69E-02	1.25E-01	7.98E-03	
1_684766_C_A	6.86E-01	1.25E-02	1.73E-01	1.07E-01	7.86E-02	8.02E-02	
1_684773_A_G	8.28E-02	4.51E-02	9.45E-01	-8.03E-03	1.17E-01	4.06E-03	
1_684787_C_T	8.97E-02	4.81E-05	9.76E-01	9.08E-03	3.03E-01	1.76E-03	
1_684803_T_C	5.17E-02	5.48E-05	2.86E-01	-2.49E-01	2.33E-01	6.29E-02	bad-chisq
1_684812_G_A	9.66E-02	1.14E-05	9.75E-01	-5.46E-03	1.72E-01	1.87E-03	
1_684842_G_A	5.86E-02	1.83E-02	7.42E-01	6.25E-02	1.90E-01	1.94E-02	
1_684849_A_G	4.79E-01	4.69E-03	9.10E-01	1.79E-02	1.58E-01	6.66E-03	
1_684884_C_T	5.52E-02	8.04E-03	1.41E-01	-2.28E-01	1.54E-01	8.67E-02	
1_684890_T_C	4.24E-01	1.79E-03	2.12E-01	1.44E-01	1.15E-01	7.35E-02	
1_684912_C_A	1.10E-01	5.79E-07	6.23E-01	-1.77E-01	3.60E-01	2.90E-02	
1_684913_A_G	1.03E-01	2.61E-06	9.01E-01	3.34E-02	2.70E-01	7.31E-03	
1_684917_C_T	4.38E-01	1.02E-03	4.22E-01	1.01E-01	1.26E-01	4.74E-02	
1_684920_C_T	6.90E-02	2.83E-03	1.83E-01	-2.18E-01	1.63E-01	7.84E-02	
1_684932_T_C	4.69E-01	5.76E-03	3.24E-01	1.27E-01	1.29E-01	5.81E-02	
1_684942_G_A	1.14E-01	5.73E-05	2.54E-01	-2.08E-01	1.82E-01	6.72E-02	
1_684946_A_G	1.14E-01	2.69E-07	3.38E-01	-4.75E-01	4.96E-01	5.64E-02	
1_684954_A_T	9.31E-02	2.35E-05	9.71E-01	-9.84E-03	2.69E-01	2.16E-03	
1_684975_C_T	6.21E-02	1.11E-01	2.56E-01	1.95E-01	1.71E-01	6.69E-02	
1_684987_G_A	5.52E-02	3.25E-01	2.16E-01	1.58E-01	1.27E-01	7.28E-02	
1_684995_C_G	6.14E-01	9.01E-03	8.80E-01	1.04E-02	6.88E-02	8.91E-03	
1_684998_C_T	6.21E-02	2.16E-03	3.53E-01	-1.69E-01	1.81E-01	5.47E-02	
1_685033_G_A	5.17E-02	5.48E-05	4.88E-01	-1.66E-01	2.40E-01	4.09E-02	bad-chisq
1_685061_C_T	3.45E-01	3.79E-10	6.71E-02	2.54E-01	1.38E-01	1.08E-01	
1_685064_T_C	3.38E-01	1.02E-02	7.47E-01	3.82E-02	1.18E-01	1.90E-02	
1_685079_C_T	5.86E-02	4.19E-03	4.59E-02	-3.07E-01	1.53E-01	1.17E-01	
1_685089_C_T	6.21E-02	3.71E-02	2.17E-01	-1.71E-01	1.38E-01	7.27E-02	
1_685094_C_T	5.17E-02	4.11E-01	1.30E-01	2.42E-01	1.59E-01	8.92E-02	
1_685103_G_C	5.17E-02	4.68E-04	6.89E-01	-1.01E-01	2.53E-01	2.36E-02	
1_685116_G_A	1.45E-01	1.39E-05	4.93E-01	-1.19E-01	1.73E-01	4.04E-02	
1_685127_T_C	1.10E-01	5.79E-07	6.23E-01	-1.77E-01	3.60E-01	2.90E-02	
1_685141_C_A	1.10E-01	5.79E-07	5.38E-01	-2.44E-01	3.96E-01	3.63E-02	
1_685143_G_C	8.62E-02	9.74E-05	8.93E-01	3.81E-02	2.84E-01	7.90E-03	
1_685144_C_A	1.07E-01	1.23E-06	7.41E-01	-1.08E-01	3.28E-01	1.95E-02	
1_685164_T_C	7.28E-01	1.88E-01	6.10E-01	3.54E-02	6.94E-02	3.01E-02	
1_685168_A_G	1.00E-01	7.78E-07	1.26E-01	-2.83E-01	1.85E-01	9.00E-02	
1_685169_G_A	4.21E-01	9.42E-07	5.90E-01	-3.90E-02	7.24E-02	3.18E-02	
1_707555_G_A	6.55E-02	2.42E-05	2.26E-01	-2.47E-01	2.04E-01	7.13E-02	
1_707563_C_T	6.55E-02	5.36E-03	7.82E-01	-4.57E-02	1.65E-01	1.63E-02	
1_707578_C_T	6.90E-02	8.81E-05	6.02E-01	-1.55E-01	2.97E-01	3.08E-02	
1_707583_G_C	5.17E-02	5.48E-05	5.82E-01	-1.37E-01	2.49E-01	3.24E-02	bad-chisq
1_707596_A_G	1.10E-01	4.04E-01	9.78E-01	-2.56E-03	9.24E-02	1.63E-03	
1_707632_C_T	1.00E-01	3.23E-01	9.07E-01	2.00E-02	1.71E-01	6.87E-03	
1_707637_G_C	6.21E-02	5.12E-05	3.88E-01	-1.84E-01	2.13E-01	5.08E-02	
1_707640_C_T	5.52E-02	8.04E-03	5.53E-01	1.66E-01	2.80E-01	3.50E-02	
1_707689_C_T	7.24E-02	4.24E-05	5.12E-01	-1.33E-01	2.03E-01	3.87E-02	
1_707736_T_C	1.69E-01	2.20E-01	2.19E-01	-1.54E-01	1.25E-01	7.24E-02	
1_707760_C_T	2.76E-01	4.00E-05	5.88E-01	6.95E-02	1.28E-01	3.19E-02	
1_707787_C_T	6.55E-02	1.82E-04	1.33E-01	-2.74E-01	1.82E-01	8.85E-02	
1_707797_C_T	1.38E-01	5.45E-01	5.47E-01	8.19E-02	1.36E-01	3.55E-02	
1_707811_G_A	2.14E-01	3.32E-10	1.88E-02	3.73E-01	1.58E-01	1.38E-01	
1_707814_C_T	7.59E-02	1.37E-04	8.79E-01	-3.23E-02	2.13E-01	8.96E-03	
1_707820_G_C	1.86E-01	1.50E-01	1.81E-01	-1.78E-01	1.33E-01	7.87E-02	
1_707826_C_T	4.21E-01	1.81E-04	7.57E-01	2.17E-02	7.02E-02	1.82E-02	
1_707880_G_C	3.17E-01	2.98E-03	7.77E-02	2.47E-01	1.39E-01	1.04E-01	
1_707904_G_C	5.17E-01	4.00E-02	8.03E-01	1.78E-02	7.14E-02	1.47E-02	
1_707907_A_G	5.48E-01	7.26E-02	2.19E-01	8.86E-02	7.18E-02	7.24E-02	
1_707908_T_C	7.24E-02	1.48E-03	6.34E-01	1.09E-01	2.28E-01	2.81E-02	
1_707919_C_T	2.03E-01	5.30E-02	3.83E-01	-6.47E-02	7.40E-02	5.15E-02	
1_707938_C_T	1.55E-01	1.28E-02	8.24E-01	2.00E-02	8.98E-02	1.31E-02	
1_707946_C_T	8.97E-02	2.46E-01	7.38E-01	-4.57E-02	1.36E-01	1.97E-02	
1_707989_G_A	6.55E-02	2.42E-05	6.47E-01	-1.29E-01	2.80E-01	2.70E-02	
1_708025_A_G	5.86E-02	8.69E-01	4.41E-01	9.41E-02	1.22E-01	4.55E-02	
1_708030_T_C	7.72E-01	6.39E-02	6.33E-01	3.39E-02	7.11E-02	2.81E-02	
1_708033_C_G	5.17E-02	1.52E-02	2.87E-01	-1.61E-01	1.51E-01	6.27E-02	
1_708057_T_C	2.48E-01	2.88E-02	5.32E-01	-8.16E-02	1.30E-01	3.69E-02	
1_708069_G_A	1.03E-01	1.63E-05	1.82E-01	-2.13E-01	1.59E-01	7.86E-02	
1_708088_G_T	6.90E-02	1.14E-05	4.91E-01	-2.15E-01	3.12E-01	4.06E-02	
1_708090_G_C	6.90E-02	1.14E-05	4.91E-01	-2.15E-01	3.12E-01	4.06E-02	
1_708168_C_T	3.03E-01	7.50E-04	5.55E-01	4.45E-02	7.52E-02	3.48E-02	
1_708195_C_G	5.86E-02	6.38E-02	2.12E-01	-2.08E-01	1.66E-01	7.35E-02	
1_708225_C_G	5.07E-01	4.05E-02	6.60E-01	3.05E-02	6.92E-02	2.59E-02	
1_708264_C_T	3.21E-01	4.33E-06	1.43E-01	1.27E-01	8.65E-02	8.62E-02	
1_708301_C_T	7.59E-02	1.37E-04	5.11E-01	-1.49E-01	2.26E-01	3.87E-02	
1_708321_T_C	4.90E-01	2.90E-02	5.44E-01	-9.64E-02	1.59E-01	3.58E-02	
1_708324_C_T	6.90E-02	5.54E-04	2.96E-01	-1.85E-01	1.77E-01	6.16E-02	
1_708330_C_T	5.86E-02	5.03E-01	2.33E-01	1.54E-01	1.29E-01	7.03E-02	
1_708336_G_A	2.21E-01	6.74E-10	1.13E-02	4.02E-01	1.58E-01	1.49E-01	
1_708354_A_G	3.41E-01	1.14E-01	2.54E-01	8.39E-02	7.34E-02	6.72E-02	
1_708357_C_G	3.69E-01	6.28E-03	1.03E-01	-1.55E-01	9.47E-02	9.60E-02	
1_708360_T_C	4.72E-01	1.94E-03	9.54E-01	6.73E-03	1.17E-01	3.39E-03	
1_708387_C_T	5.17E-02	1.75E-01	1.15E-02	-3.48E-01	1.37E-01	1.48E-01	
1_708399_C_T	5.86E-02	4.19E-03	8.85E-01	2.71E-02	1.88E-01	8.50E-03	
1_708424_T_C	8.79E-01	2.59E-06	5.46E-03	2.92E-01	1.04E-01	1.63E-01	
1_708439_T_C	4.38E-01	6.30E-05	9.47E-01	7.45E-03	1.12E-01	3.93E-03	
1_708447_A_G	1.07E-01	2.17E-04	4.10E-01	-1.21E-01	1.47E-01	4.85E-02	
1_708468_G_A	6.21E-02	3.73E-04	6.50E-01	-1.17E-01	2.58E-01	2.67E-02	
1_708480_G_C	2.55E-01	9.95E-04	2.13E-01	-1.89E-01	1.52E-01	7.34E-02	
1_708484_G_C	2.24E-01	2.32E-02	7.22E-02	-2.08E-01	1.15E-01	1.06E-01	
1_708507_T_C	9.31E-02	1.33E-04	2.67E-01	-1.63E-01	1.46E-01	6.54E-02	
1_708513_G_A	9.31E-02	3.54E-06	8.01E-01	-7.56E-02	3.00E-01	1.48E-02	
1_708516_C_T	1.31E-01	1.04E-01	7.19E-01	-3.19E-02	8.86E-02	2.12E-02	
1_708588_G_C	3.69E-01	5.45E-08	7.37E-01	-5.45E-02	1.62E-01	1.98E-02	
1_708603_C_T	7.59E-02	7.61E-04	2.52E-01	-1.78E-01	1.55E-01	6.75E-02	
1_708606_G_A	4.76E-01	1.93E-01	8.82E-01	1.09E-02	7.33E-02	8.73E-03	
1_708610_G_T	1.34E-01	6.79E-01	5.02E-01	5.84E-02	8.69E-02	3.96E-02	
1_708621_G_C	4.28E-01	2.89E-05	8.23E-01	2.58E-02	1.16E-01	1.32E-02	
1_708624_G_A	7.93E-02	6.69E-05	9.78E-01	8.12E-03	2.91E-01	1.64E-03	
1_751417_A_G	1.10E-01	5.79E-07	5.55E-01	-2.07E-01	3.51E-01	3.48E-02	
1_751426_C_T	1.14E-01	2.69E-07	3.38E-01	-4.75E-01	4.96E-01	5.64E-02	
1_751435_C_A	1.14E-01	2.69E-07	3.38E-01	-4.75E-01	4.96E-01	5.64E-02	
1_751436_C_A	1.14E-01	2.69E-07	3.38E-01	-4.75E-01	4.96E-01	5.64E-02	
1_751437_C_T	2.55E-01	4.31E-06	4.31E-02	2.65E-01	1.31E-01	1.19E-01	
1_751442_A_C	3.79E-01	1.17E-01	9.69E-01	6.24E-03	1.62E-01	2.27E-03	
1_751445_A_G	2.24E-01	1.79E-03	6.29E-01	-7.49E-02	1.55E-01	2.85E-02	
1_751513_C_G	9.66E-02	1.14E-05	8.36E-01	-6.26E-02	3.02E-01	1.22E-02	
1_751518_C_G	4.52E-01	5.68E-04	6.37E-01	-6.53E-02	1.38E-01	2.78E-02	
1_751548_C_G	6.90E-02	8.81E-05	8.76E-01	-3.63E-02	2.32E-01	9.24E-03	
1_751551_A_G	4.55E-01	3.90E-04	8.15E-01	3.49E-02	1.49E-01	1.38E-02	
1_751552_G_A	3.14E-01	1.00E-04	3.49E-01	1.31E-01	1.40E-01	5.52E-02	
1_751554_G_C	4.97E-01	1.69E-02	7.39E-01	5.67E-02	1.70E-01	1.96E-02	
1_751560_G_C	1.03E-01	1.26E-01	7.12E-01	6.76E-02	1.83E-01	2.18E-02	
1_751569_G_C	9.31E-02	1.38E-01	7.73E-01	5.23E-02	1.81E-01	1.70E-02	
1_751572_C_T	6.21E-02	5.12E-05	6.93E-01	-1.10E-01	2.79E-01	2.33E-02	
1_751584_G_A	2.90E-01	1.94E-06	6.43E-01	5.48E-02	1.18E-01	2.74E-02	
1_751604_A_G	7.59E-02	2.48E-06	2.76E-01	-2.94E-01	2.69E-01	6.42E-02	
1_751618_G_A	1.14E-01	2.69E-07	3.38E-01	-4.75E-01	4.96E-01	5.64E-02	
1_751630_C_T	1.14E-01	2.69E-07	3.38E-01	-4.75E-01	4.96E-01	5.64E-02	
1_751635_T_C	2.45E-01	4.14E-03	9.89E-01	-1.99E-03	1.44E-01	8.12E-04	
1_751637_G_C	1.14E-01	2.69E-07	3.38E-01	-4.75E-01	4.96E-01	5.64E-02	
1_751640_G_A	1.14E-01	2.69E-07	3.38E-01	-4.75E-01	4.96E-01	5.64E-02	
1_751665_G_A	1.14E-01	2.69E-07	3.38E-01	-4.75E-01	4.96E-01	5.64E-02	
1_751668_C_G	1.14E-01	2.69E-07	3.38E-01	-4.75E-01	4.96E-01	5.64E-02	
1_751704_G_C	3.24E-01	2.35E-04	9.02E-01	1.66E-02	1.35E-01	7.24E-03	
1_751729_C_T	2.86E-01	4.45E-10	1.31E-01	1.80E-01	1.19E-01	8.88E-02	
1_751762_A_G	5.52E-02	3.31E-02	6.85E-01	9.09E-02	2.24E-01	2.39E-02	
1_751776_G_C	1.03E-01	2.61E-06	9.77E-01	8.01E-03	2.83E-01	1.67E-03	
1_751783_A_G	4.14E-01	6.05E-07	4.38E-01	-8.25E-02	1.06E-01	4.57E-02	
1_751809_T_C	4.00E-01	4.25E-06	7.97E-01	-3.97E-02	1.55E-01	1.51E-02	
1_751887_C_T	4.72E-01	5.73E-07	8.86E-01	1.17E-02	8.14E-02	8.47E-03	
1_751923_C_G	1.07E-01	8.07E-01	9.35E-01	8.10E-03	9.96E-02	4.79E-03	
1_751929_A_G	5.72E-01	2.21E-02	2.27E-01	-9.88E-02	8.16E-02	7.12E-02	
1_751953_G_A	1.03E-01	4.14E-04	7.21E-01	-4.59E-02	1.28E-01	2.11E-02	
1_752019_T_C	5.00E-01	2.43E-02	8.68E-01	-2.47E-02	1.49E-01	9.78E-03	
1_752073_G_C	6.21E-02	3.73E-04	3.90E-02	-3.13E-01	1.51E-01	1.21E-01	
1_752124_C_G	6.55E-02	2.12E-02	8.04E-01	4.28E-02	1.72E-01	1.46E-02	
1_752130_C_G	1.00E-01	5.48E-06	7.19E-01	-1.31E-01	3.63E-01	2.12E-02	
1_752168_T_C	5.14E-01	5.10E-02	5.62E-01	-8.22E-02	1.42E-01	3.42E-02	
1_752199_A_G	3.86E-01	5.79E-08	8.40E-01	2.90E-02	1.44E-01	1.19E-02	
1_752203_C_A	1.00E-01	5.48E-06	7.19E-01	-1.31E-01	3.63E-01	2.12E-02	
1_752211_C_G	1.48E-01	6.25E-01	8.18E-01	-3.34E-02	1.45E-01	1.36E-02	
1_752223_A_G	2.79E-01	2.60E-05	6.16E-01	-7.41E-02	1.48E-01	2.95E-02	
1_752229_T_C	4.59E-01	6.51E-04	7.13E-01	4.84E-02	1.31E-01	2.17E-02	
1_752234_G_A	6.21E-02	5.12E-05	8.10E-01	-6.34E-02	2.63E-01	1.42E-02	
1_762845_A_G	5.17E-02	3.04E-03	8.86E-01	-4.00E-02	2.79E-01	8.44E-03	
1_762857_A_G	4.76E-01	1.28E-02	8.45E-01	-2.99E-02	1.53E-01	1.15E-02	
1_762875_C_A	1.14E-01	2.69E-07	3.38E-01	-4.75E-01	4.96E-01	5.64E-02	
1_762884_A_G	7.45E-01	3.99E-01	4.49E-01	-5.76E-02	7.60E-02	4.46E-02	
1_762888_C_T	9.31E-02	2.35E-05	9.35E-01	2.27E-02	2.78E-01	4.80E-03	
1_762891_T_C	4.45E-01	5.63E-03	7.47E-02	2.27E-01	1.27E-01	1.05E-01	
1_762898_G_A	6.55E-02	5.36E-03	5.14E-01	1.69E-01	2.59E-01	3.85E-02	
1_762940_C_G	8.83E-01	8.99E-01	4.56E-01	-6.80E-02	9.10E-02	4.40E-02	
1_762949_C_T	3.69E-01	7.51E-03	8.31E-01	-1.52E-02	7.11E-02	1.26E-02	
1_762955_G_A	5.17E-02	1.52E-02	4.78E-01	1.88E-01	2.65E-01	4.18E-02	
1_762988_A_G	3.41E-01	3.22E-09	7.16E-03	3.04E-01	1.12E-01	1.58E-01	
1_763000_A_G	3.86E-01	2.67E-06	1.22E-01	1.86E-01	1.20E-01	9.10E-02	
1_763036_G_C	5.86E-02	1.08E-04	5.12E-01	-1.50E-01	2.29E-01	3.86E-02	
1_763039_C_T	5.17E-02	1.52E-02	6.03E-01	1.28E-01	2.45E-01	3.07E-02	
1_763042_G_A	1.14E-01	1.10E-05	9.39E-01	1.62E-02	2.13E-01	4.48E-03	
1_763081_A_G	8.07E-01	5.76E-01	5.37E-01	-4.89E-02	7.92E-02	3.64E-02	
1_763087_C_G	6.90E-02	1.14E-05	4.91E-01	-2.15E-01	3.12E-01	4.06E-02	
1_763090_G_C	1.00E-01	1.02E-02	6.48E-01	6.92E-02	1.51E-01	2.69E-02	
1_763096_T_C	1.45E-01	2.01E-02	5.65E-02	-1.85E-01	9.64E-02	1.12E-01	
1_763106_A_G	3.00E-01	2.44E-01	8.58E-01	-1.26E-02	7.02E-02	1.06E-02	
1_763123_G_C	6.55E-02	1.82E-04	9.52E-01	-1.28E-02	2.12E-01	3.57E-03	
1_763171_G_A	7.59E-02	2.48E-06	5.67E-01	-1.41E-01	2.46E-01	3.37E-02	
1_763174_A_G	3.72E-01	5.48E-05	4.43E-01	-5.22E-02	6.79E-02	4.52E-02	
1_763180_G_A	7.24E-02	2.76E-04	6.27E-01	8.54E-02	1.75E-01	2.87E-02	
1_763190_C_T	2.69E-01	8.80E-02	7.71E-01	-2.20E-02	7.53E-02	1.72E-02	
1_763198_A_G	8.28E-02	5.14E-08	5.36E-02	-4.37E-01	2.25E-01	1.13E-01	bad-chisq
1_763204_G_C	9.66E-02	6.69E-05	6.54E-01	-7.99E-02	1.78E-01	2.64E-02	
1_763210_C_G	1.07E-01	1.23E-06	7.41E-01	-1.08E-01	3.28E-01	1.95E-02	
1_763213_C_T	7.21E-01	3.39E-03	5.41E-01	4.22E-02	6.90E-02	3.60E-02	
1_763216_G_C	5.52E-02	2.25E-04	2.05E-01	-2.26E-01	1.78E-01	7.46E-02	
1_763228_C_A	6.55E-02	2.42E-05	6.43E-01	-1.30E-01	2.81E-01	2.73E-02	
1_763261_C_T	8.62E-02	3.47E-01	8.56E-01	-1.85E-02	1.02E-01	1.07E-02	
1_763264_T_C	3.76E-01	1.84E-08	4.48E-02	2.19E-01	1.09E-01	1.18E-01	
1_763303_C_T	2.10E-01	8.80E-11	8.53E-03	4.39E-01	1.66E-01	1.54E-01	
1_763307_C_G	1.07E-01	1.23E-06	7.10E-01	-1.21E-01	3.26E-01	2.19E-02	
1_763311_A_G	1.14E-01	2.69E-07	3.38E-01	-4.75E-01	4.96E-01	5.64E-02	
1_763312_T_C	6.45E-01	1.02E-01	8.44E-01	1.45E-02	7.35E-02	1.16E-02	
1_763315_C_G	2.86E-01	6.22E-06	7.02E-02	-1.26E-01	6.92E-02	1.06E-01	
1_763321_C_T	2.03E-01	5.30E-02	2.13E-01	-9.30E-02	7.45E-02	7.33E-02	
1_763342_C_T	9.31E-02	2.66E-03	3.46E-01	-1.17E-01	1.24E-01	5.56E-02	
1_763348_C_T	6.90E-02	1.14E-05	4.91E-01	-2.15E-01	3.12E-01	4.06E-02	
1_763351_T_C	9.48E-01	1.87E-01	3.14E-02	-2.70E-01	1.25E-01	1.26E-01	
1_763388_C_A	1.14E-01	2.69E-07	3.38E-01	-4.75E-01	4.96E-01	5.64E-02	
1_763395_G_A	1.52E-01	1.16E-07	1.99E-02	-3.83E-01	1.64E-01	1.37E-01	
1_763405_C_T	1.45E-01	9.90E-02	1.93E-01	-1.14E-01	8.71E-02	7.66E-02	
1_763453_G_A	7.59E-02	2.60E-01	1.84E-01	-1.58E-01	1.19E-01	7.82E-02	
1_763465_C_T	1.41E-01	1.16E-04	9.71E-01	-5.10E-03	1.42E-01	2.11E-03	
1_763471_C_G	8.28E-02	1.95E-04	6.37E-01	1.16E-01	2.45E-01	2.78E-02	
1_763480_G_A	1.86E-01	8.12E-02	3.81E-01	-6.92E-02	7.88E-02	5.17E-02	
1_763483_G_C	5.86E-02	7.57E-04	6.37E-01	-7.86E-02	1.66E-01	2.78E-02	
1_763525_T_C	8.62E-02	2.12E-06	8.77E-01	-3.50E-02	2.25E-01	9.15E-03	
1_763543_C_T	3.24E-01	3.53E-03	9.35E-01	-1.15E-02	1.41E-01	4.82E-03	
1_763546_G_C	2.76E-01	3.51E-06	9.45E-01	-1.13E-02	1.63E-01	4.10E-03	
1_763549_T_C	3.45E-01	2.31E-02	1.48E-01	-1.81E-01	1.25E-01	8.52E-02	
1_763552_G_C	3.76E-01	1.43E-01	8.09E-01	-4.10E-02	1.70E-01	1.42E-02	
1_763588_C_T	5.52E-02	1.07E-01	5.89E-01	8.56E-02	1.58E-01	3.18E-02	
1_763592_C_T	2.17E-01	1.88E-10	2.35E-02	4.07E-01	1.79E-01	1.33E-01	
1_763660_C_T	8.97E-02	6.16E-01	5.19E-01	-9.67E-02	1.50E-01	3.80E-02	
1_763665_G_A	4.76E-01	2.44E-02	8.43E-01	3.11E-02	1.56E-01	1.17E-02	
1_763669_C_T	4.38E-01	4.26E-04	2.59E-01	1.32E-01	1.17E-01	6.66E-02	
1_763693_C_G	2.55E-01	1.13E-06	2.38E-02	3.20E-01	1.41E-01	1.33E-01	
1_763696_G_A	6.90E-02	5.54E-04	8.80E-01	-3.47E-02	2.29E-01	8.94E-03	
1_763748_T_G	5.52E-02	1.53E-03	8.17E-01	-6.52E-02	2.82E-01	1.36E-02	
1_763751_G_T	9.66E-02	1.14E-05	8.93E-01	-4.08E-02	3.03E-01	7.92E-03	
1_763755_C_G	1.14E-01	2.69E-07	3.38E-01	-4.75E-01	4.96E-01	5.64E-02	
1_763762_C_G	5.17E-02	4.68E-04	4.09E-01	-1.78E-01	2.15E-01	4.87E-02	
1_763785_G_C	1.17E-01	1.24E-07	1.39E-01	-4.89E-01	3.30E-01	8.71E-02	
1_763793_A_G	5.52E-02	1.53E-03	7.76E-01	6.34E-02	2.23E-01	1.68E-02	
1_763797_G_C	1.14E-01	2.69E-07	3.38E-01	-4.75E-01	4.96E-01	5.64E-02	
1_763798_C_G	5.17E-02	4.68E-04	9.17E-01	2.51E-02	2.40E-01	6.17E-03	
1_763801_C_T	6.55E-02	1.82E-04	9.59E-01	1.22E-02	2.39E-01	3.01E-03	
1_763813_C_G	2.10E-01	4.74E-03	9.67E-01	-5.71E-03	1.39E-01	2.42E-03	
1_763820_A_G	1.14E-01	2.69E-07	3.38E-01	-4.75E-01	4.96E-01	5.64E-02	
1_763873_C_G	6.41E-01	4.58E-04	8.53E-01	-1.33E-02	7.20E-02	1.09E-02	
1_763874_G_C	3.28E-01	5.53E-11	1.58E-02	3.12E-01	1.29E-01	1.42E-01	
1_763876_G_A	6.72E-01	1.11E-02	7.04E-01	-2.72E-02	7.16E-02	2.24E-02	
1_763894_G_A	5.52E-02	2.25E-04	3.74E-01	-1.90E-01	2.13E-01	5.24E-02	
1_763897_G_C	7.93E-02	3.88E-04	6.73E-01	1.12E-01	2.66E-01	2.49E-02	
1_763924_C_T	2.41E-01	6.46E-03	3.17E-01	8.00E-02	7.97E-02	5.90E-02	
1_763925_G_C	4.38E-01	5.01E-03	6.08E-02	2.48E-01	1.32E-01	1.10E-01	
1_763951_C_T	8.28E-02	1.49E-02	8.92E-02	-2.13E-01	1.25E-01	1.00E-01	
1_787813_G_C	2.03E-01	2.58E-02	5.13E-01	1.11E-01	1.69E-01	3.85E-02	
1_787819_C_G	1.62E-01	2.29E-01	5.62E-01	9.48E-02	1.63E-01	3.42E-02	
1_787822_A_G	4.31E-01	6.17E-06	2.15E-01	1.89E-01	1.52E-01	7.30E-02	
1_787825_C_G	1.24E-01	1.63E-04	2.26E-01	2.20E-01	1.82E-01	7.14E-02	
1_787826_G_C	1.14E-01	2.69E-07	3.38E-01	-4.75E-01	4.96E-01	5.64E-02	
1_787830_C_T	6.90E-02	8.81E-05	4.22E-01	-2.00E-01	2.49E-01	4.73E-02	
1_787838_C_G	1.14E-01	2.69E-07	3.38E-01	-4.75E-01	4.96E-01	5.64E-02	
1_787843_G_C	4.76E-01	1.28E-02	4.98E-01	1.43E-01	2.10E-01	3.99E-02	
1_787867_C_T	1.48E-01	8.58E-01	1.91E-01	-1.85E-01	1.42E-01	7.69E-02	
1_787870_C_T	2.72E-01	3.89E-07	1.44E-01	2.08E-01	1.42E-01	8.61E-02	
1_787873_G_A	4.72E-01	4.20E-03	9.62E-01	7.83E-03	1.65E-01	2.80E-03	
1_787918_C_G	5.86E-02	1.20E-05	3.19E-01	-2.46E-01	2.46E-01	5.87E-02	bad-chisq
1_787927_C_G	4.07E-01	5.29E-06	3.76E-01	1.58E-01	1.78E-01	5.22E-02	
1_787940_C_G	3.55E-01	1.50E-09	2.97E-01	1.64E-01	1.57E-01	6.14E-02	
1_787943_G_A	1.14E-01	2.69E-07	3.38E-01	-4.75E-01	4.96E-01	5.64E-02	
1_787954_C_T	6.79E-01	4.08E-04	8.96E-01	9.14E-03	6.97E-02	7.72E-03	
1_787972_T_C	4.14E-01	3.93E-04	8.10E-03	3.47E-01	1.30E-01	1.55E-01	
1_787984_T_C	4.59E-01	3.35E-03	4.42E-01	-1.21E-01	1.57E-01	4.54E-02	
1_787987_G_C	1.14E-01	2.62E-04	2.97E-01	2.09E-01	2.00E-01	6.15E-02	
1_787990_C_G	1.10E-01	4.93E-04	3.00E-01	1.65E-01	1.59E-01	6.11E-02	
1_788005_T_C	1.79E-01	4.24E-01	8.57E-01	2.61E-02	1.44E-01	1.07E-02	
1_788014_A_G	3.72E-01	1.72E-09	1.53E-01	2.22E-01	1.55E-01	8.41E-02	
1_788056_A_G	1.17E-01	5.42E-01	9.45E-01	-1.19E-02	1.73E-01	4.06E-03	
1_788059_G_A	1.00E-01	1.67E-01	6.96E-01	6.92E-02	1.77E-01	2.31E-02	
1_788065_T_C	2.38E-01	1.72E-03	2.12E-01	-2.22E-01	1.77E-01	7.35E-02	
1_788069_G_A	2.10E-01	8.80E-11	8.53E-03	4.39E-01	1.66E-01	1.54E-01	
1_788077_T_G	4.69E-01	2.71E-03	9.02E-01	2.00E-02	1.62E-01	7.30E-03	
1_788083_G_C	4.45E-01	1.17E-03	6.00E-01	7.57E-02	1.44E-01	3.09E-02	
1_788131_G_C	5.55E-01	2.50E-02	7.28E-01	4.35E-02	1.25E-01	2.05E-02	
1_788143_G_C	3.62E-01	3.98E-08	8.26E-01	3.40E-02	1.55E-01	1.30E-02	
1_788149_T_C	4.48E-01	4.11E-03	4.81E-01	9.55E-02	1.35E-01	4.16E-02	
1_788152_T_C	1.03E-01	1.63E-05	9.83E-01	-4.23E-03	1.95E-01	1.28E-03	
1_788155_C_G	8.28E-02	3.25E-05	6.94E-01	-9.22E-02	2.34E-01	2.32E-02	
1_788156_C_G	7.24E-02	4.24E-05	5.44E-01	-1.73E-01	2.85E-01	3.58E-02	
1_788172_G_A	6.21E-02	2.16E-03	5.12E-01	1.47E-01	2.24E-01	3.87E-02	
1_788200_T_C	7.93E-02	9.60E-06	7.64E-01	-6.47E-02	2.15E-01	1.77E-02	
1_788205_A_G	3.97E-01	2.10E-06	6.19E-01	8.39E-02	1.68E-01	2.93E-02	
1_788206_G_A	4.34E-01	6.19E-04	9.22E-01	1.53E-02	1.57E-01	5.76E-03	
1_803860_T_C	4.69E-01	5.76E-03	9.47E-01	-1.05E-02	1.59E-01	3.89E-03	
1_803861_C_A	1.14E-01	2.69E-07	3.38E-01	-4.75E-01	4.96E-01	5.64E-02	
1_803862_G_A	1.14E-01	2.69E-07	3.38E-01	-4.75E-01	4.96E-01	5.64E-02	
1_803867_G_A	4.10E-01	3.06E-05	1.94E-01	1.96E-01	1.51E-01	7.65E-02	
1_803875_G_A	5.86E-02	7.57E-04	9.46E-01	-1.60E-02	2.35E-01	4.01E-03	
1_803881_C_T	5.52E-02	1.07E-01	4.38E-01	1.37E-01	1.76E-01	4.57E-02	
1_803885_T_A	5.52E-02	1.53E-03	8.17E-01	-6.52E-02	2.82E-01	1.36E-02	
1_803968_C_T	6.55E-02	6.78E-02	9.22E-01	1.53E-02	1.57E-01	5.76E-03	
1_803975_G_A	2.31E-01	4.41E-03	7.19E-01	-6.41E-02	1.78E-01	2.12E-02	
1_803977_C_T	3.66E-01	5.92E-05	8.40E-03	-2.08E-01	7.83E-02	1.55E-01	
1_803986_G_C	4.52E-01	5.68E-04	1.85E-01	2.25E-01	1.69E-01	7.81E-02	
1_803989_C_G	3.10E-01	1.04E-03	5.77E-01	8.45E-02	1.51E-01	3.29E-02	
1_803994_A_C	6.21E-02	5.12E-05	6.30E-01	-1.18E-01	2.45E-01	2.84E-02	
1_803996_A_C	1.14E-01	2.69E-07	3.38E-01	-4.75E-01	4.96E-01	5.64E-02	
1_804005_A_C	1.14E-01	2.69E-07	3.38E-01	-4.75E-01	4.96E-01	5.64E-02	
1_804015_C_T	5.86E-02	1.08E-04	9.65E-01	-1.10E-02	2.53E-01	2.56E-03	
1_804025_G_C	2.10E-01	1.71E-01	4.10E-01	-1.14E-01	1.38E-01	4.86E-02	
1_804029_G_A	9.31E-02	3.54E-06	2.78E-01	-2.83E-01	2.61E-01	6.39E-02	
1_804034_C_T	1.10E-01	6.38E-03	9.48E-01	-7.85E-03	1.20E-01	3.86E-03	
1_804046_T_C	3.14E-01	8.98E-03	1.17E-01	2.35E-01	1.50E-01	9.22E-02	
1_804067_C_G	2.69E-01	2.95E-05	6.26E-02	2.80E-01	1.50E-01	1.09E-01	
1_804095_G_A	8.97E-02	7.47E-06	6.30E-01	-1.32E-01	2.73E-01	2.84E-02	
1_804099_C_G	1.90E-01	3.19E-01	1.25E-01	-1.98E-01	1.28E-01	9.04E-02	
1_804106_G_A	3.76E-01	6.99E-03	7.05E-01	-3.04E-02	8.02E-02	2.23E-02	
1_804115_C_G	8.62E-02	2.41E-07	2.39E-01	-3.41E-01	2.89E-01	6.93E-02	
1_804129_C_T	1.24E-01	2.06E-01	7.82E-01	-4.47E-02	1.61E-01	1.64E-02	
1_804142_C_T	2.90E-01	2.04E-04	2.83E-02	2.81E-01	1.28E-01	1.29E-01	
1_804154_C_T	1.10E-01	6.38E-03	6.89E-01	-4.08E-02	1.02E-01	2.36E-02	
1_804178_T_C	3.31E-01	4.14E-03	8.19E-01	-3.33E-02	1.45E-01	1.35E-02	
1_804184_C_T	2.52E-01	1.05E-07	4.66E-01	1.20E-01	1.64E-01	4.30E-02	
1_804187_G_C	5.52E-02	2.25E-04	5.87E-01	-1.14E-01	2.09E-01	3.20E-02	
1_804191_C_T	5.52E-02	2.25E-04	9.00E-01	-3.20E-02	2.55E-01	7.39E-03	
1_804211_A_G	4.14E-01	6.05E-07	2.24E-01	1.83E-01	1.51E-01	7.16E-02	
1_804217_T_C	2.21E-01	1.22E-01	3.57E-01	-1.34E-01	1.45E-01	5.43E-02	
1_804223_A_G	3.00E-01	1.22E-03	2.19E-01	1.76E-01	1.43E-01	7.24E-02	
1_804250_C_G	6.90E-02	8.81E-05	7.41E-02	-3.04E-01	1.70E-01	1.05E-01	
1_804251_G_A	2.17E-01	1.88E-10	2.35E-02	4.07E-01	1.79E-01	1.33E-01	
1_804254_A_G	1.38E-01	3.87E-07	8.44E-02	-3.58E-01	2.07E-01	1.02E-01	
1_804255_T_C	7.93E-02	9.60E-06	3.58E-01	-2.60E-01	2.83E-01	5.41E-02	
1_804269_A_G	6.90E-02	8.81E-05	7.96E-02	-2.98E-01	1.70E-01	1.03E-01	
1_804277_C_G	1.14E-01	4.06E-01	6.24E-01	8.19E-02	1.67E-01	2.89E-02	
1_804292_G_C	1.72E-01	1.04E-03	3.18E-01	-1.02E-01	1.02E-01	5.88E-02	
1_804298_C_G	1.14E-01	5.73E-05	3.30E-01	-1.65E-01	1.69E-01	5.74E-02	
1_804301_C_T	2.34E-01	3.14E-02	2.42E-01	-1.57E-01	1.34E-01	6.89E-02	
1_804304_T_C	9.28E-01	9.81E-01	4.90E-01	-7.55E-02	1.09E-01	4.07E-02	
1_804310_C_T	6.55E-02	2.42E-05	9.06E-01	-2.70E-02	2.29E-01	6.94E-03	
1_804316_G_C	4.31E-01	5.31E-05	5.18E-01	1.00E-01	1.55E-01	3.81E-02	
1_804328_C_G	2.52E-01	4.00E-03	1.96E-01	-1.97E-01	1.52E-01	7.62E-02	
1_804350_T_A	5.17E-02	3.04E-03	9.80E-01	6.41E-03	2.59E-01	1.46E-03	
1_804352_G_C	5.17E-01	5.06E-04	4.01E-01	8.87E-02	1.05E-01	4.95E-02	
1_804358_A_G	1.45E-01	4.78E-01	2.22E-01	-2.02E-01	1.65E-01	7.19E-02	
1_804367_C_T	7.93E-02	6.88E-01	8.56E-01	2.55E-02	1.40E-01	1.07E-02	
1_804376_C_T	1.00E-01	5.53E-01	7.01E-01	-4.42E-02	1.15E-01	2.27E-02	
1_804379_G_A	1.21E-01	3.14E-02	7.75E-01	-3.19E-02	1.11E-01	1.69E-02	
1_804391_A_G	2.55E-01	2.53E-03	1.93E-01	-2.02E-01	1.55E-01	7.67E-02	
1_804394_C_T	4.76E-01	1.28E-02	4.98E-01	1.43E-01	2.10E-01	3.99E-02	
1_804412_C_G	2.28E-01	1.16E-01	1.94E-01	-1.62E-01	1.25E-01	7.65E-02	
1_804419_C_A	7.24E-02	1.48E-03	7.06E-01	7.81E-02	2.07E-01	2.23E-02	
1_804428_T_C	8.28E-02	5.27E-07	3.32E-01	-3.00E-01	3.09E-01	5.72E-02	
1_804436_C_T	3.66E-01	4.00E-03	1.21E-01	1.53E-01	9.85E-02	9.12E-02	
1_804442_C_T	2.28E-01	7.33E-09	8.95E-02	2.69E-01	1.58E-01	9.99E-02	
1_804447_T_C	6.90E-02	1.14E-05	4.91E-01	-2.15E-01	3.12E-01	4.06E-02	
1_804448_G_C	6.55E-02	2.42E-05	6.47E-01	-1.29E-01	2.80E-01	2.70E-02	
1_804449_C_T	7.59E-02	2.02E-05	2.18E-01	-2.03E-01	1.64E-01	7.25E-02	
1_804506_A_G	1.14E-01	2.69E-07	3.38E-01	-4.75E-01	4.96E-01	5.64E-02	
1_804517_G_A	2.31E-01	1.03E-02	8.43E-02	-2.34E-01	1.35E-01	1.02E-01	
1_804556_C_T	5.52E-02	9.57E-01	7.53E-01	4.37E-02	1.39E-01	1.85E-02	
1_804574_C_G	2.69E-01	1.50E-01	6.61E-01	-4.34E-02	9.91E-02	2.58E-02	
1_804577_T_C	5.62E-01	2.69E-02	7.48E-01	3.86E-02	1.20E-01	1.89E-02	
1_804580_A_G	5.31E-01	1.37E-02	5.08E-01	8.03E-02	1.21E-01	3.91E-02	
1_804589_G_T	6.90E-02	8.81E-05	6.02E-01	-1.55E-01	2.97E-01	3.08E-02	
1_804649_T_C	7.24E-02	9.81E-01	4.49E-01	8.49E-02	1.12E-01	4.47E-02	
1_804658_G_A	1.14E-01	2.69E-07	3.38E-01	-4.75E-01	4.96E-01	5.64E-02	
1_805729_T_C	1.14E-01	2.69E-07	3.38E-01	-4.75E-01	4.96E-01	5.64E-02	
1_805753_C_T	1.03E-01	1.63E-05	1.55E-01	-2.55E-01	1.79E-01	8.37E-02	
1_805765_G_A	6.55E-02	2.42E-05	5.94E-01	-1.55E-01	2.91E-01	3.14E-02	
1_805771_T_C	5.52E-02	1.53E-03	8.17E-01	-6.52E-02	2.82E-01	1.36E-02	
1_805792_A_G	1.17E-01	3.28E-01	6.36E-02	2.87E-01	1.54E-01	1.09E-01	
1_805810_C_T	6.90E-02	1.14E-05	4.91E-01	-2.15E-01	3.12E-01	4.06E-02	
1_805822_G_C	1.03E-01	7.17E-01	5.51E-01	-7.78E-02	1.30E-01	3.51E-02	
1_805859_G_T	8.28E-02	5.27E-07	3.32E-01	-3.00E-01	3.09E-01	5.72E-02	
1_805870_C_T	5.86E-02	9.30E-02	9.29E-02	2.52E-01	1.49E-01	9.89E-02	
1_805876_C_G	3.55E-01	6.68E-02	4.36E-01	1.44E-01	1.85E-01	4.60E-02	
1_805879_T_C	1.07E-01	1.23E-06	8.11E-02	-3.19E-01	1.82E-01	1.03E-01	
1_805882_C_G	5.86E-02	4.19E-03	3.85E-01	-1.40E-01	1.61E-01	5.12E-02	
1_805890_C_G	6.90E-02	1.14E-05	4.91E-01	-2.15E-01	3.12E-01	4.06E-02	
1_805893_G_A	6.90E-02	1.14E-05	4.91E-01	-2.15E-01	3.12E-01	4.06E-02	
1_805895_G_A	1.34E-01	5.29E-01	3.90E-01	-1.43E-01	1.66E-01	5.06E-02	
1_805896_T_C	1.97E-01	4.68E-01	6.28E-01	-6.64E-02	1.37E-01	2.86E-02	
1_805898_A_G	6.90E-02	1.14E-05	4.91E-01	-2.15E-01	3.12E-01	4.06E-02	
1_805902_A_G	6.90E-02	1.14E-05	4.91E-01	-2.15E-01	3.12E-01	4.06E-02	
1_805906_C_T	1.03E-01	1.26E-01	4.15E-01	1.51E-01	1.85E-01	4.81E-02	
1_805907_A_C	9.31E-02	3.54E-06	8.01E-01	-7.56E-02	3.00E-01	1.48E-02	
1_805908_A_G	1.76E-01	9.96E-01	7.36E-01	-4.66E-02	1.38E-01	1.99E-02	
1_805916_A_C	6.90E-02	1.14E-05	4.91E-01	-2.15E-01	3.12E-01	4.06E-02	
1_805917_C_G	6.90E-02	1.14E-05	4.91E-01	-2.15E-01	3.12E-01	4.06E-02	
1_805930_C_T	1.83E-01	2.81E-02	7.72E-01	3.43E-02	1.18E-01	1.71E-02	
1_805951_C_T	2.83E-01	3.75E-05	8.69E-01	1.32E-02	7.97E-02	9.74E-03	
1_805957_T_C	9.14E-01	2.73E-02	7.69E-01	3.22E-02	1.10E-01	1.73E-02	
1_805960_T_C	6.90E-02	8.81E-05	9.70E-01	-9.11E-03	2.39E-01	2.25E-03	
1_805963_C_T	2.41E-01	1.27E-04	5.57E-01	-4.57E-02	7.78E-02	3.46E-02	
1_805982_A_G	7.93E-02	9.60E-06	6.28E-01	-1.11E-01	2.29E-01	2.86E-02	
1_805999_C_G	3.14E-01	1.25E-02	4.36E-01	-6.43E-02	8.24E-02	4.59E-02	
1_806005_G_C	7.93E-02	9.60E-06	7.30E-01	-7.88E-02	2.28E-01	2.04E-02	
1_806011_T_C	1.14E-01	2.69E-07	3.38E-01	-4.75E-01	4.96E-01	5.64E-02	
1_806017_C_G	7.59E-02	2.02E-05	7.35E-01	-7.50E-02	2.21E-01	2.00E-02	
1_806032_T_G	6.90E-02	1.14E-05	4.91E-01	-2.15E-01	3.12E-01	4.06E-02	
1_806036_C_A	5.52E-02	8.04E-03	5.53E-01	1.66E-01	2.80E-01	3.50E-02	
1_806037_G_A	5.52E-02	8.04E-03	5.53E-01	1.66E-01	2.80E-01	3.50E-02	
1_806047_T_C	7.24E-02	1.77E-01	3.01E-01	1.29E-01	1.24E-01	6.09E-02	
1_806048_G_A	1.14E-01	2.69E-07	2.36E-01	-2.28E-01	1.92E-01	6.98E-02	
1_806053_G_A	7.24E-02	2.36E-02	8.23E-01	-3.03E-02	1.35E-01	1.32E-02	
1_806056_G_A	1.21E-01	1.18E-03	7.38E-01	4.17E-02	1.24E-01	1.98E-02	
1_806062_G_A	2.55E-01	9.95E-04	2.65E-01	-1.71E-01	1.53E-01	6.57E-02	
1_806098_T_C	2.79E-01	6.69E-05	4.72E-03	-2.66E-01	9.35E-02	1.65E-01	
1_806105_C_T	2.10E-01	8.80E-11	8.53E-03	4.39E-01	1.66E-01	1.54E-01	
1_806134_A_G	1.48E-01	6.82E-02	1.71E-01	-1.19E-01	8.66E-02	8.06E-02	
1_806158_C_T	2.17E-01	1.88E-10	2.35E-02	4.07E-01	1.79E-01	1.33E-01	
1_806161_G_C	3.72E-01	3.18E-08	4.74E-01	1.29E-01	1.80E-01	4.23E-02	
1_806164_T_C	4.17E-01	1.27E-05	7.95E-01	-2.83E-02	1.09E-01	1.53E-02	
1_806218_C_G	1.00E-01	5.48E-06	7.19E-01	-1.31E-01	3.63E-01	2.12E-02	
1_806233_G_C	1.14E-01	2.69E-07	3.38E-01	-4.75E-01	4.96E-01	5.64E-02	
1_806234_A_G	4.31E-01	1.43E-04	5.45E-01	1.08E-01	1.79E-01	3.57E-02	
1_806248_C_T	1.79E-01	8.56E-01	5.88E-01	-6.44E-02	1.19E-01	3.19E-02	
1_806251_C_T	7.93E-02	3.88E-04	2.76E-01	-1.73E-01	1.58E-01	6.42E-02	
1_806263_C_G	4.48E-01	4.11E-03	9.39E-02	2.66E-01	1.58E-01	9.85E-02	
1_806272_C_T	2.86E-01	5.02E-08	3.62E-02	2.47E-01	1.17E-01	1.23E-01	
1_806273_C_T	2.45E-01	1.33E-08	3.21E-01	1.77E-01	1.78E-01	5.85E-02	
1_806305_C_T	1.24E-01	8.52E-01	4.65E-01	-9.84E-02	1.34E-01	4.31E-02	
1_806308_C_T	2.24E-01	5.95E-11	8.41E-04	4.99E-01	1.48E-01	1.95E-01	
1_806314_C_T	7.24E-02	6.50E-03	8.72E-01	-2.34E-02	1.45E-01	9.52E-03	
1_806329_G_C	6.21E-02	5.58E-06	2.48E-01	-3.01E-01	2.60E-01	6.80E-02	bad-chisq
1_806335_G_A	6.90E-02	2.83E-03	6.16E-01	1.29E-01	2.56E-01	2.96E-02	
1_806346_C_G	2.17E-01	1.88E-10	2.35E-02	4.07E-01	1.79E-01	1.33E-01	
1_806351_A_C	1.97E-01	5.50E-02	5.25E-01	-1.05E-01	1.64E-01	3.75E-02	
1_806353_C_G	1.14E-01	2.69E-07	3.38E-01	-4.75E-01	4.96E-01	5.64E-02	
1_806372_G_A	1.38E-01	6.69E-01	2.72E-01	1.68E-01	1.53E-01	6.48E-02	
1_806416_G_A	7.59E-02	1.35E-02	7.15E-02	-2.43E-01	1.34E-01	1.06E-01	
1_806419_G_C	6.55E-02	5.36E-03	1.95E-01	2.98E-01	2.29E-01	7.64E-02	
1_806434_C_T	5.52E-02	1.53E-03	9.52E-01	1.38E-02	2.31E-01	3.54E-03	
1_806455_G_A	1.17E-01	3.87E-01	7.78E-01	2.58E-02	9.14E-02	1.66E-02	
1_806464_G_A	2.41E-01	4.76E-07	1.45E-01	2.16E-01	1.48E-01	8.57E-02	
1_806473_C_T	3.17E-01	3.35E-10	5.91E-02	2.46E-01	1.30E-01	1.11E-01	
1_806476_G_A	4.28E-01	1.91E-08	2.24E-01	1.43E-01	1.18E-01	7.16E-02	
1_806479_G_A	8.97E-02	4.57E-01	4.48E-01	-8.81E-02	1.16E-01	4.47E-02	
1_806485_G_C	5.17E-02	4.68E-04	6.98E-01	-9.56E-02	2.46E-01	2.29E-02	
1_806494_G_A	8.97E-02	1.10E-07	1.66E-01	-3.28E-01	2.36E-01	8.15E-02	
1_806497_G_C	7.59E-02	7.61E-04	7.70E-01	8.28E-02	2.83E-01	1.72E-02	
1_806503_C_T	7.24E-02	1.48E-03	6.09E-01	1.34E-01	2.61E-01	3.02E-02	
1_806506_G_C	5.14E-01	7.75E-03	2.53E-01	1.48E-01	1.29E-01	6.74E-02	
1_806509_G_C	5.17E-02	4.68E-04	9.25E-01	2.37E-02	2.53E-01	5.52E-03	
1_806524_A_G	2.76E-01	1.23E-05	4.54E-01	1.10E-01	1.47E-01	4.41E-02	
1_806533_A_G	2.34E-01	2.46E-09	1.98E-01	2.28E-01	1.77E-01	7.57E-02	
1_806548_A_G	4.79E-01	2.18E-03	6.20E-01	-4.54E-02	9.14E-02	2.93E-02	
1_806570_C_G	9.31E-02	2.35E-05	9.53E-01	-1.70E-02	2.86E-01	3.51E-03	
1_806577_G_C	1.14E-01	2.69E-07	3.38E-01	-4.75E-01	4.96E-01	5.64E-02	
1_806581_G_A	9.31E-02	2.35E-05	9.00E-01	3.37E-02	2.68E-01	7.42E-03	
1_806617_G_C	6.55E-02	1.82E-04	1.09E-01	-2.93E-01	1.82E-01	9.43E-02	
1_806621_G_A	6.55E-02	2.58E-06	1.85E-01	-3.19E-01	2.40E-01	7.81E-02	bad-chisq
1_806656_A_G	2.45E-01	1.33E-08	1.20E-01	2.55E-01	1.64E-01	9.16E-02	
1_806683_G_A	5.52E-02	1.07E-01	3.07E-02	-3.19E-01	1.47E-01	1.27E-01	
1_806695_T_C	9.45E-01	8.04E-03	9.41E-01	1.15E-02	1.56E-01	4.36E-03	
1_806704_C_G	5.86E-02	7.57E-04	7.16E-01	-9.54E-02	2.62E-01	2.14E-02	
1_806746_T_C	1.55E-01	1.73E-06	5.20E-01	-9.78E-02	1.52E-01	3.79E-02	
1_806752_A_G	7.59E-02	8.17E-01	1.02E-01	-2.35E-01	1.44E-01	9.61E-02	
1_806758_G_A	1.00E-01	3.23E-01	3.92E-02	-2.32E-01	1.12E-01	1.21E-01	
1_806761_G_C	5.86E-02	1.83E-02	3.15E-01	-1.54E-01	1.53E-01	5.92E-02	
1_806773_C_G	8.62E-02	9.74E-05	8.22E-01	5.59E-02	2.48E-01	1.33E-02	
1_806794_T_C	4.17E-01	1.78E-05	3.52E-02	-1.64E-01	7.77E-02	1.24E-01	
1_806827_C_G	7.10E-01	2.10E-01	7.80E-01	-2.14E-02	7.67E-02	1.65E-02	
1_806857_G_C	3.52E-01	2.02E-04	8.69E-01	-1.55E-02	9.42E-02	9.71E-03	
1_806881_G_A	5.38E-01	5.00E-02	2.27E-01	-1.19E-01	9.80E-02	7.12E-02	
1_806903_G_A	2.14E-01	7.30E-03	6.05E-01	9.88E-02	1.91E-01	3.05E-02	
1_806908_C_G	1.62E-01	4.08E-07	1.50E-01	-2.11E-01	1.46E-01	8.47E-02	
1_806909_A_C	1.14E-01	2.69E-07	3.38E-01	-4.75E-01	4.96E-01	5.64E-02	
1_806910_A_G	1.14E-01	2.69E-07	3.38E-01	-4.75E-01	4.96E-01	5.64E-02	
1_806920_G_A	8.28E-02	5.27E-07	3.32E-01	-3.00E-01	3.09E-01	5.72E-02	
1_806923_C_T	9.66E-02	7.09E-01	3.37E-01	9.41E-02	9.78E-02	5.66E-02	
1_806941_C_T	2.83E-01	2.20E-01	8.87E-01	1.13E-02	7.99E-02	8.36E-03	
1_806959_C_G	3.10E-01	5.17E-05	5.35E-01	8.44E-02	1.36E-01	3.66E-02	
1_806983_C_T	8.62E-02	2.41E-01	6.95E-01	5.88E-02	1.50E-01	2.31E-02	
1_806986_T_C	5.14E-01	4.56E-04	6.04E-01	-3.58E-02	6.90E-02	3.06E-02	
1_806992_C_T	2.38E-01	3.85E-08	1.04E-02	3.63E-01	1.41E-01	1.50E-01	
1_806995_T_C	1.38E-01	2.23E-06	2.58E-02	-2.42E-01	1.08E-01	1.31E-01	
1_807032_T_C	5.14E-01	2.86E-02	7.85E-01	3.42E-02	1.25E-01	1.61E-02	
1_807046_C_G	2.00E-01	2.36E-01	7.58E-01	3.82E-02	1.24E-01	1.82E-02	
1_807067_C_G	8.97E-02	4.81E-05	9.76E-01	9.08E-03	3.03E-01	1.76E-03	
1_807094_G_A	2.34E-01	2.46E-09	1.49E-01	1.85E-01	1.27E-01	8.50E-02	
1_807115_G_C	6.90E-02	2.83E-03	5.79E-01	1.43E-01	2.58E-01	3.27E-02	
1_807118_T_C	5.24E-01	6.25E-03	6.89E-01	3.34E-02	8.33E-02	2.36E-02	
1_807139_C_T	2.86E-01	3.49E-05	5.88E-01	6.28E-02	1.16E-01	3.20E-02	
1_807175_T_C	1.76E-01	2.11E-01	9.03E-01	-1.62E-02	1.32E-01	7.21E-03	
1_807181_T_C	5.97E-01	3.83E-02	7.64E-01	-2.24E-02	7.47E-02	1.77E-02	
1_807182_T_C	5.86E-01	6.63E-03	7.46E-01	-2.49E-02	7.69E-02	1.91E-02	
1_807202_G_C	1.10E-01	5.79E-07	7.17E-01	-1.30E-01	3.58E-01	2.14E-02	
1_807218_G_T	1.03E-01	3.61E-07	2.94E-01	-2.93E-01	2.79E-01	6.18E-02	
1_807241_C_G	9.41E-01	3.99E-01	9.86E-01	-2.27E-03	1.28E-01	1.05E-03	
1_807247_G_A	2.83E-01	8.62E-04	9.02E-02	-2.40E-01	1.41E-01	9.97E-02	
1_807253_A_G	1.45E-01	4.78E-01	2.22E-01	-2.02E-01	1.65E-01	7.19E-02	
1_807277_G_A	2.10E-01	8.80E-11	8.53E-03	4.39E-01	1.66E-01	1.54E-01	
1_807292_C_T	2.14E-01	3.32E-10	1.32E-02	4.00E-01	1.61E-01	1.45E-01	
1_807340_G_A	2.28E-01	1.56E-02	4.02E-01	-1.15E-01	1.37E-01	4.94E-02	
1_807343_G_C	7.24E-02	1.48E-03	7.05E-01	1.02E-01	2.69E-01	2.23E-02	
1_807346_C_T	5.17E-02	3.04E-03	9.94E-01	-1.63E-03	2.08E-01	4.63E-04	
1_807352_T_C	2.83E-01	4.95E-06	1.88E-01	1.50E-01	1.13E-01	7.76E-02	
1_807364_G_C	6.21E-02	5.12E-05	6.71E-01	-7.89E-02	1.86E-01	2.50E-02	
1_807370_C_G	8.97E-02	4.67E-02	7.60E-01	-4.12E-02	1.35E-01	1.80E-02	
1_807379_G_C	4.93E-01	1.22E-03	7.90E-01	3.32E-02	1.25E-01	1.57E-02	
1_807397_A_G	5.69E-01	2.20E-01	1.29E-01	-1.54E-01	1.01E-01	8.94E-02	
1_807400_C_G	1.00E-01	7.53E-02	3.51E-01	1.87E-01	2.01E-01	5.49E-02	
1_807424_G_A	1.21E-01	1.18E-02	4.73E-01	-7.39E-02	1.03E-01	4.23E-02	
1_807466_A_G	1.38E-01	7.94E-01	7.11E-01	6.13E-02	1.65E-01	2.18E-02	
1_807523_G_C	1.14E-01	2.69E-07	3.38E-01	-4.75E-01	4.96E-01	5.64E-02	
1_807541_C_G	3.62E-01	4.16E-02	9.38E-01	1.00E-02	1.28E-01	4.62E-03	
1_807544_C_T	2.66E-01	5.92E-08	6.24E-01	6.66E-02	1.35E-01	2.89E-02	
1_807547_C_G	5.17E-02	5.48E-05	1.30E-01	-2.77E-01	1.82E-01	8.92E-02	bad-chisq
1_807574_C_T	2.41E-01	4.44E-09	2.42E-01	2.22E-01	1.90E-01	6.89E-02	
1_807646_G_A	1.10E-01	5.79E-07	5.38E-01	-2.44E-01	3.96E-01	3.63E-02	
1_807649_G_C	5.52E-01	3.25E-02	7.55E-01	-3.22E-02	1.03E-01	1.84E-02	
1_807676_C_T	9.66E-02	1.15E-01	3.00E-01	-1.04E-01	1.00E-01	6.10E-02	
1_807721_C_T	2.28E-01	6.61E-01	2.93E-01	7.98E-02	7.58E-02	6.19E-02	
1_807722_G_T	1.00E-01	5.48E-06	7.19E-01	-1.31E-01	3.63E-01	2.12E-02	
1_807723_T_G	1.00E-01	5.48E-06	7.19E-01	-1.31E-01	3.63E-01	2.12E-02	
1_807724_C_G	7.93E-02	3.60E-01	8.90E-02	-2.52E-01	1.48E-01	1.00E-01	
1_807725_A_G	1.00E-01	7.53E-02	3.51E-01	1.87E-01	2.01E-01	5.49E-02	
1_807727_C_T	2.10E-01	2.49E-02	1.33E-01	-1.14E-01	7.56E-02	8.84E-02	
1_807730_C_T	5.52E-02	1.53E-03	1.36E-01	-2.90E-01	1.94E-01	8.78E-02	
1_807733_T_C	3.00E-01	4.77E-04	4.83E-01	9.59E-02	1.37E-01	4.13E-02	
1_807736_A_G	1.03E-01	1.26E-01	2.09E-01	2.15E-01	1.71E-01	7.40E-02	
1_807739_G_C	1.28E-01	9.85E-01	7.06E-01	6.37E-02	1.69E-01	2.23E-02	
1_807751_C_G	8.97E-02	4.81E-05	9.76E-01	9.08E-03	3.03E-01	1.76E-03	
1_807775_G_A	8.28E-02	4.52E-06	5.74E-01	-1.45E-01	2.58E-01	3.31E-02	
1_807778_G_C	6.55E-02	1.82E-04	6.96E-01	-9.98E-02	2.55E-01	2.31E-02	
1_807781_C_T	2.72E-01	1.52E-06	4.61E-01	9.81E-02	1.33E-01	4.34E-02	
1_807784_T_C	2.10E-01	1.13E-02	5.59E-01	1.05E-01	1.79E-01	3.45E-02	
1_807785_G_A	1.90E-01	1.09E-01	4.21E-01	1.37E-01	1.70E-01	4.75E-02	
1_807790_G_A	1.97E-01	5.50E-02	5.02E-01	1.14E-01	1.70E-01	3.96E-02	
1_807820_C_T	5.17E-02	1.52E-02	4.33E-01	1.65E-01	2.10E-01	4.62E-02	
1_807868_G_A	1.03E-01	2.61E-06	9.79E-01	-7.49E-03	2.85E-01	1.55E-03	
1_807871_G_C	9.31E-02	4.54E-07	4.18E-01	-2.06E-01	2.54E-01	4.78E-02	
1_807898_G_A	8.97E-02	4.81E-05	8.56E-01	4.68E-02	2.57E-01	1.07E-02	
1_807913_T_C	1.00E-01	9.50E-08	2.75E-01	-3.25E-01	2.97E-01	6.43E-02	
1_807922_C_G	6.55E-02	1.82E-04	5.46E-01	-1.58E-01	2.62E-01	3.56E-02	
1_807925_G_C	5.52E-02	1.53E-03	8.17E-01	-6.52E-02	2.82E-01	1.36E-02	
1_807928_C_T	1.66E-01	4.41E-02	2.97E-01	-1.32E-01	1.26E-01	6.14E-02	
1_807946_T_C	1.93E-01	2.46E-01	8.81E-01	2.39E-02	1.59E-01	8.86E-03	
1_807985_A_G	1.00E-01	5.48E-06	7.19E-01	-1.31E-01	3.63E-01	2.12E-02	
1_808006_C_G	1.00E-01	5.48E-06	7.19E-01	-1.31E-01	3.63E-01	2.12E-02	
1_808009_G_T	1.14E-01	2.29E-01	9.38E-01	1.29E-02	1.66E-01	4.57E-03	
1_808036_G_C	7.93E-02	9.60E-06	3.58E-01	-2.60E-01	2.83E-01	5.41E-02	
1_829823_C_A	5.86E-02	1.08E-04	7.13E-01	-9.31E-02	2.53E-01	2.17E-02	
1_829825_C_A	1.14E-01	2.69E-07	3.38E-01	-4.75E-01	4.96E-01	5.64E-02	
1_829849_C_T	5.17E-02	5.48E-05	4.47E-01	-1.72E-01	2.26E-01	4.48E-02	bad-chisq
1_829903_C_T	3.31E-01	1.07E-04	6.66E-01	4.86E-02	1.13E-01	2.54E-02	
1_829922_G_T	1.66E-01	6.76E-01	7.92E-01	-4.10E-02	1.56E-01	1.55E-02	
1_829927_G_A	1.03E-01	2.61E-06	8.92E-01	-4.18E-02	3.08E-01	7.99E-03	
1_829933_G_C	7.93E-02	9.60E-06	3.58E-01	-2.60E-01	2.83E-01	5.41E-02	
1_829945_C_T	5.86E-02	6.38E-02	5.01E-01	1.16E-01	1.73E-01	3.97E-02	
1_829950_C_T	6.21E-02	5.12E-05	7.68E-01	-8.06E-02	2.73E-01	1.74E-02	
1_829957_C_G	1.14E-01	2.69E-07	3.38E-01	-4.75E-01	4.96E-01	5.64E-02	
1_829963_C_G	1.14E-01	2.69E-07	3.38E-01	-4.75E-01	4.96E-01	5.64E-02	
1_829975_T_C	1.14E-01	2.69E-07	3.38E-01	-4.75E-01	4.96E-01	5.64E-02	
1_829987_T_C	8.28E-02	1.49E-02	7.49E-01	-4.04E-02	1.26E-01	1.89E-02	
1_830007_A_G	4.72E-01	5.12E-05	9.94E-01	9.46E-04	1.18E-01	4.71E-04	
1_830023_G_C	2.45E-01	2.06E-02	6.38E-01	-6.12E-02	1.30E-01	2.77E-02	
1_830062_C_G	1.14E-01	2.69E-07	3.38E-01	-4.75E-01	4.96E-01	5.64E-02	
1_830065_C_T	6.55E-02	1.10E-03	3.49E-01	1.81E-01	1.92E-01	5.52E-02	
1_830077_G_A	3.72E-01	7.62E-09	1.53E-01	1.83E-01	1.28E-01	8.41E-02	
1_830080_C_A	6.21E-02	2.71E-01	1.66E-01	-1.80E-01	1.29E-01	8.16E-02	
1_830098_T_C	3.28E-01	2.33E-03	9.20E-02	-1.69E-01	1.00E-01	9.91E-02	
1_830110_C_G	5.52E-02	1.53E-03	8.17E-01	-6.52E-02	2.82E-01	1.36E-02	
1_830131_G_A	5.86E-02	7.57E-04	6.70E-01	-9.72E-02	2.28E-01	2.51E-02	
1_830159_T_C	1.21E-01	4.09E-07	5.52E-01	-1.68E-01	2.82E-01	3.51E-02	
1_830176_G_A	1.79E-01	2.67E-05	5.94E-01	6.05E-02	1.14E-01	3.14E-02	
1_830182_C_T	5.52E-02	1.53E-03	9.43E-01	1.57E-02	2.19E-01	4.21E-03	
1_830197_C_G	1.31E-01	1.90E-04	8.53E-01	-3.02E-02	1.63E-01	1.09E-02	
1_830212_G_A	1.00E-01	1.67E-01	8.29E-01	2.86E-02	1.33E-01	1.27E-02	
1_830230_C_T	6.90E-02	1.14E-05	4.91E-01	-2.15E-01	3.12E-01	4.06E-02	
1_830233_G_A	8.28E-02	4.52E-06	1.97E-01	-2.38E-01	1.84E-01	7.61E-02	
1_830248_C_G	7.62E-01	9.43E-01	9.33E-01	-7.57E-03	8.94E-02	4.99E-03	
1_830260_C_G	8.28E-02	1.95E-04	9.46E-01	1.87E-02	2.74E-01	4.01E-03	
1_830272_C_T	5.17E-02	3.04E-03	9.45E-01	1.65E-02	2.40E-01	4.04E-03	
1_830293_G_C	6.66E-01	7.08E-05	2.00E-01	-1.39E-01	1.08E-01	7.55E-02	
1_830303_G_A	1.83E-01	5.90E-02	2.92E-01	-1.02E-01	9.68E-02	6.21E-02	
1_830321_A_G	5.86E-02	4.19E-03	7.75E-01	6.92E-02	2.42E-01	1.69E-02	
1_830326_C_T	7.59E-02	2.48E-06	3.33E-01	-2.22E-01	2.29E-01	5.71E-02	
1_830335_C_G	6.21E-02	5.12E-05	7.68E-01	-8.06E-02	2.73E-01	1.74E-02	
1_830368_G_C	1.21E-01	7.11E-05	5.36E-01	-8.55E-02	1.38E-01	3.65E-02	
1_830375_T_A	1.07E-01	1.66E-07	1.69E-01	-4.37E-01	3.17E-01	8.10E-02	
1_830395_G_A	4.59E-01	7.03E-03	9.50E-02	-1.29E-01	7.70E-02	9.82E-02	
1_830407_G_C	1.66E-01	2.91E-01	2.71E-01	-1.52E-01	1.38E-01	6.49E-02	
1_830410_C_G	1.00E-01	5.48E-06	9.94E-01	-2.00E-03	2.67E-01	4.41E-04	
1_830413_C_G	6.55E-02	2.42E-05	6.47E-01	-1.29E-01	2.80E-01	2.70E-02	
1_830425_C_G	8.97E-02	4.81E-05	9.76E-01	9.08E-03	3.03E-01	1.76E-03	
1_830437_C_G	2.72E-01	5.58E-06	4.69E-01	9.62E-02	1.33E-01	4.27E-02	
1_830443_G_A	1.21E-01	2.59E-06	1.38E-01	-2.54E-01	1.71E-01	8.74E-02	
1_830455_T_C	9.66E-02	1.67E-06	6.42E-01	-1.12E-01	2.41E-01	2.74E-02	
1_830464_C_G	1.59E-01	7.04E-01	4.33E-01	-1.15E-01	1.47E-01	4.62E-02	
1_830467_T_C	5.03E-01	1.85E-02	8.72E-01	2.72E-02	1.68E-01	9.53E-03	
1_830469_C_G	2.17E-01	4.90E-02	5.86E-01	-7.62E-02	1.40E-01	3.21E-02	
1_830488_C_G	5.17E-02	4.68E-04	9.85E-01	4.89E-03	2.58E-01	1.12E-03	
1_830494_C_G	7.59E-02	2.48E-06	3.33E-01	-2.22E-01	2.29E-01	5.71E-02	
1_830515_C_G	1.72E-01	2.79E-01	9.81E-01	3.25E-03	1.33E-01	1.44E-03	
1_830533_C_G	7.93E-02	9.60E-06	3.58E-01	-2.60E-01	2.83E-01	5.41E-02	
1_830539_C_T	1.00E-01	5.53E-01	7.36E-01	-4.17E-02	1.24E-01	1.99E-02	
1_830548_C_G	1.10E-01	5.79E-07	5.54E-01	-2.08E-01	3.51E-01	3.49E-02	
1_830560_C_T	1.24E-01	4.86E-02	5.03E-01	6.80E-02	1.01E-01	3.95E-02	
1_830578_C_G	1.14E-01	2.69E-07	3.38E-01	-4.75E-01	4.96E-01	5.64E-02	
1_830596_A_G	4.69E-01	1.82E-01	9.81E-01	1.76E-03	7.32E-02	1.41E-03	
1_830603_G_A	1.48E-01	8.77E-01	9.63E-01	-6.32E-03	1.35E-01	2.76E-03	
1_830608_C_G	8.97E-02	4.81E-05	9.80E-01	5.94E-03	2.40E-01	1.46E-03	
1_830614_A_G	8.28E-02	1.49E-02	3.95E-01	-1.16E-01	1.36E-01	5.01E-02	
1_830617_G_C	2.59E-01	3.70E-08	1.98E-01	1.89E-01	1.46E-01	7.58E-02	
1_830626_C_T	2.17E-01	1.88E-10	2.35E-02	4.07E-01	1.79E-01	1.33E-01	
1_830656_C_G	6.38E-01	4.99E-01	9.60E-02	-1.38E-01	8.27E-02	9.79E-02	
1_830776_A_G	2.86E-01	8.40E-07	4.57E-01	9.98E-02	1.34E-01	4.39E-02	
1_830791_A_G	4.45E-01	1.17E-03	9.35E-01	-1.17E-02	1.43E-01	4.82E-03	
1_830793_A_C	3.38E-01	2.15E-03	8.17E-01	3.48E-02	1.50E-01	1.36E-02	
1_830802_C_G	6.90E-02	8.81E-05	6.02E-01	-1.55E-01	2.97E-01	3.08E-02	
1_830806_C_G	1.00E-01	5.48E-06	8.99E-01	3.41E-02	2.68E-01	7.51E-03	
1_830845_G_C	4.24E-01	4.45E-05	8.34E-01	3.27E-02	1.55E-01	1.24E-02	
1_830909_A_C	5.52E-02	1.53E-03	8.17E-01	-6.52E-02	2.82E-01	1.36E-02	
1_830910_A_G	5.52E-02	1.53E-03	8.17E-01	-6.52E-02	2.82E-01	1.36E-02	
1_830948_G_C	4.62E-01	5.16E-03	9.63E-01	7.41E-03	1.60E-01	2.72E-03	
1_830956_T_C	2.69E-01	2.34E-03	8.83E-02	-2.18E-01	1.28E-01	1.00E-01	
1_830959_T_C	4.72E-01	1.94E-03	5.74E-01	8.64E-02	1.54E-01	3.31E-02	
1_830962_G_C	5.17E-02	5.48E-05	2.98E-01	-2.56E-01	2.45E-01	6.13E-02	bad-chisq
1_830965_C_G	7.24E-02	1.48E-03	6.00E-01	1.21E-01	2.30E-01	3.09E-02	
1_830971_G_C	1.10E-01	5.79E-07	6.23E-01	-1.77E-01	3.60E-01	2.90E-02	
1_830977_G_A	5.17E-02	4.33E-01	9.47E-01	-1.03E-02	1.56E-01	3.92E-03	
1_830986_T_C	4.69E-01	5.76E-03	2.35E-01	1.75E-01	1.47E-01	7.00E-02	
1_830989_G_C	8.62E-02	9.74E-05	8.93E-01	3.81E-02	2.84E-01	7.90E-03	
1_830995_G_C	3.72E-01	3.68E-10	4.11E-02	1.99E-01	9.72E-02	1.20E-01	
1_831016_A_G	6.55E-02	1.82E-04	2.88E-01	-1.86E-01	1.75E-01	6.25E-02	
1_843241_G_A	6.90E-02	1.18E-02	8.85E-01	-2.27E-02	1.57E-01	8.50E-03	
1_843244_C_G	4.41E-01	5.10E-02	8.54E-01	-2.59E-02	1.40E-01	1.09E-02	
1_843262_G_C	4.41E-01	3.65E-03	9.33E-01	1.23E-02	1.47E-01	4.94E-03	
1_843277_C_T	2.72E-01	1.91E-05	4.29E-01	1.05E-01	1.32E-01	4.66E-02	
1_843279_G_C	4.86E-01	1.06E-02	3.48E-01	1.85E-01	1.97E-01	5.54E-02	
1_843287_G_C	2.41E-01	1.44E-02	2.30E-01	-1.79E-01	1.49E-01	7.07E-02	
1_843301_C_T	2.93E-01	3.81E-04	5.92E-01	6.04E-02	1.13E-01	3.16E-02	
1_843310_C_G	8.97E-02	4.81E-05	8.92E-01	3.74E-02	2.75E-01	8.02E-03	
1_843322_G_C	2.52E-01	4.53E-07	2.93E-02	3.41E-01	1.56E-01	1.28E-01	
1_843325_G_C	7.24E-02	5.32E-06	2.25E-01	-3.10E-01	2.55E-01	7.14E-02	
1_843337_T_C	3.52E-01	8.37E-02	4.44E-01	1.19E-01	1.55E-01	4.51E-02	
1_843340_C_G	6.90E-02	1.18E-02	6.46E-01	-7.01E-02	1.52E-01	2.71E-02	
1_843349_C_G	5.17E-02	4.68E-04	7.49E-01	-7.69E-02	2.40E-01	1.88E-02	
1_843381_C_A	8.97E-02	4.81E-05	9.76E-01	9.08E-03	3.03E-01	1.76E-03	
1_843406_C_T	7.24E-02	2.76E-04	7.79E-01	5.41E-02	1.92E-01	1.66E-02	
1_843429_T_C	1.14E-01	2.69E-07	3.38E-01	-4.75E-01	4.96E-01	5.64E-02	
1_843439_T_C	4.55E-01	3.90E-04	1.11E-01	1.11E-01	6.97E-02	9.38E-02	
1_843443_C_G	3.62E-01	2.16E-09	2.84E-01	2.23E-01	2.08E-01	6.31E-02	
1_843448_C_G	1.90E-01	3.19E-01	2.09E-01	-1.73E-01	1.37E-01	7.40E-02	
1_843452_G_A	2.38E-01	3.85E-08	4.39E-02	3.08E-01	1.52E-01	1.18E-01	
1_843463_G_C	1.55E-01	5.99E-01	5.79E-01	-7.89E-02	1.42E-01	3.27E-02	
1_843481_T_C	4.21E-01	1.81E-04	6.77E-01	6.45E-02	1.55E-01	2.46E-02	
1_843490_G_A	8.62E-02	2.27E-03	2.78E-01	-1.78E-01	1.64E-01	6.39E-02	
1_843497_A_C	1.03E-01	4.30E-08	1.30E-01	-5.40E-01	3.56E-01	8.90E-02	
1_843498_A_G	1.14E-01	2.69E-07	3.38E-01	-4.75E-01	4.96E-01	5.64E-02	
1_843503_G_T	1.14E-01	2.69E-07	3.38E-01	-4.75E-01	4.96E-01	5.64E-02	
1_843506_G_T	9.31E-02	3.54E-06	8.01E-01	-7.56E-02	3.00E-01	1.48E-02	
1_843517_T_C	4.45E-01	1.17E-03	5.81E-01	9.20E-02	1.66E-01	3.26E-02	
1_843523_G_A	3.03E-01	1.18E-04	6.02E-01	7.34E-02	1.40E-01	3.08E-02	
1_843544_C_T	3.62E-01	2.02E-06	1.21E-01	1.27E-01	8.19E-02	9.12E-02	
1_843556_C_T	2.48E-01	7.77E-09	4.95E-03	4.02E-01	1.42E-01	1.65E-01	
1_843559_C_G	3.31E-01	3.47E-02	6.52E-02	3.20E-01	1.73E-01	1.08E-01	
1_843607_T_C	4.14E-01	5.66E-05	1.45E-01	1.88E-01	1.29E-01	8.57E-02	
1_843628_C_G	2.90E-01	5.56E-04	2.68E-01	1.57E-01	1.41E-01	6.52E-02	
1_843631_G_A	2.38E-01	3.81E-11	1.49E-03	4.00E-01	1.25E-01	1.86E-01	
1_843644_A_G	6.55E-02	1.82E-04	8.23E-01	-5.99E-02	2.68E-01	1.32E-02	
1_843652_G_A	5.86E-02	1.20E-05	1.68E-01	-2.57E-01	1.86E-01	8.11E-02	bad-chisq
1_843676_C_T	5.97E-01	2.38E-03	7.94E-01	1.80E-02	6.87E-02	1.54E-02	
1_843683_T_C	4.69E-01	5.76E-03	3.91E-01	1.57E-01	1.83E-01	5.06E-02	
1_859186_C_T	5.86E-02	7.57E-04	7.48E-01	-8.67E-02	2.69E-01	1.90E-02	
1_859198_A_G	4.52E-01	2.29E-04	7.66E-01	-3.82E-02	1.28E-01	1.75E-02	
1_859216_C_G	6.90E-02	2.83E-03	6.13E-01	1.30E-01	2.56E-01	2.98E-02	
1_859246_C_T	6.21E-02	1.00E-02	3.32E-01	2.17E-01	2.23E-01	5.71E-02	
1_859270_A_G	4.28E-01	5.34E-04	7.74E-01	-3.31E-02	1.15E-01	1.69E-02	
1_859291_G_C	5.17E-02	3.04E-03	8.86E-01	-4.00E-02	2.79E-01	8.44E-03	
1_859306_G_A	2.72E-01	5.58E-06	5.40E-01	9.09E-02	1.48E-01	3.62E-02	
1_859324_G_C	7.93E-02	6.69E-05	8.91E-01	-3.08E-02	2.24E-01	8.08E-03	
1_859336_C_T	3.86E-01	2.67E-06	1.84E-01	1.74E-01	1.30E-01	7.83E-02	
1_859396_C_G	9.66E-02	1.67E-06	6.05E-01	-1.52E-01	2.94E-01	3.05E-02	
1_859402_C_T	1.00E-01	2.97E-02	5.20E-01	-8.59E-02	1.33E-01	3.79E-02	
1_859407_C_T	6.55E-02	1.10E-03	9.97E-01	9.72E-04	2.29E-01	2.51E-04	
1_859418_C_A	1.14E-01	2.69E-07	3.38E-01	-4.75E-01	4.96E-01	5.64E-02	
1_859422_A_C	1.14E-01	2.69E-07	3.38E-01	-4.75E-01	4.96E-01	5.64E-02	
1_859425_C_T	1.24E-01	2.28E-03	9.93E-01	-1.15E-03	1.34E-01	5.06E-04	
1_859462_C_T	1.28E-01	4.89E-01	9.38E-02	2.50E-01	1.49E-01	9.86E-02	
1_859465_C_G	6.90E-02	1.14E-05	4.91E-01	-2.15E-01	3.12E-01	4.06E-02	
1_859480_T_C	9.03E-01	1.15E-01	3.67E-01	8.69E-02	9.61E-02	5.32E-02	
1_859486_C_G	7.24E-02	1.48E-03	6.09E-01	1.34E-01	2.61E-01	3.02E-02	
1_859498_C_T	7.24E-02	6.64E-01	8.22E-01	3.20E-02	1.42E-01	1.32E-02	
1_859549_G_C	5.52E-02	2.57E-05	1.85E-01	-3.39E-01	2.55E-01	7.80E-02	bad-chisq
1_859594_T_C	3.00E-01	1.22E-03	4.20E-01	-8.16E-02	1.01E-01	4.75E-02	
1_859672_A_G	1.28E-01	8.57E-05	9.04E-01	1.77E-02	1.46E-01	7.13E-03	
1_872407_G_C	6.21E-02	1.00E-02	3.26E-01	-1.78E-01	1.81E-01	5.79E-02	
1_872414_T_C	8.28E-02	3.25E-05	8.55E-01	-3.84E-02	2.10E-01	1.07E-02	
1_872427_A_C	7.24E-02	7.09E-02	1.90E-01	-1.52E-01	1.16E-01	7.72E-02	
1_872455_C_T	5.76E-01	4.04E-03	5.83E-01	-4.06E-02	7.39E-02	3.23E-02	
1_872467_T_C	7.79E-01	3.40E-02	5.36E-01	4.67E-02	7.53E-02	3.65E-02	
1_872496_G_C	7.93E-02	6.69E-05	8.87E-01	-3.33E-02	2.34E-01	8.38E-03	
1_872510_T_C	9.00E-01	3.23E-01	7.91E-01	2.56E-02	9.67E-02	1.56E-02	
1_872521_C_T	1.21E-01	4.48E-01	5.60E-01	8.86E-02	1.52E-01	3.43E-02	
1_872551_C_G	5.52E-02	1.53E-03	9.84E-01	-4.85E-03	2.35E-01	1.22E-03	
1_872561_C_T	1.90E-01	5.70E-02	1.25E-01	1.36E-01	8.85E-02	9.02E-02	
1_872567_A_C	1.14E-01	2.69E-07	3.38E-01	-4.75E-01	4.96E-01	5.64E-02	
1_872568_A_G	1.14E-01	2.69E-07	3.38E-01	-4.75E-01	4.96E-01	5.64E-02	
1_872569_G_C	7.59E-02	2.02E-05	4.95E-01	-1.62E-01	2.38E-01	4.02E-02	
1_872573_A_T	9.66E-02	1.14E-05	8.36E-01	-6.26E-02	3.02E-01	1.22E-02	
1_872575_G_A	2.17E-01	1.88E-10	2.35E-02	4.07E-01	1.79E-01	1.33E-01	
1_872577_A_G	1.07E-01	3.65E-01	6.76E-02	1.78E-01	9.69E-02	1.07E-01	
1_872578_G_A	7.59E-02	7.61E-04	7.87E-01	-6.07E-02	2.24E-01	1.60E-02	
1_872584_C_G	1.14E-01	2.69E-07	3.38E-01	-4.75E-01	4.96E-01	5.64E-02	
1_872585_A_G	1.10E-01	5.79E-07	7.15E-01	-1.31E-01	3.60E-01	2.15E-02	
1_872600_G_A	1.86E-01	1.86E-02	1.05E-01	1.47E-01	9.03E-02	9.53E-02	
1_872604_T_C	8.93E-01	5.30E-01	8.33E-01	-1.99E-02	9.42E-02	1.24E-02	
1_872606_G_A	6.90E-02	1.14E-05	5.09E-01	-1.71E-01	2.58E-01	3.90E-02	
1_872621_G_A	1.10E-01	5.79E-07	7.17E-01	-1.30E-01	3.60E-01	2.13E-02	
1_872622_T_C	1.14E-01	2.69E-07	3.38E-01	-4.75E-01	4.96E-01	5.64E-02	
1_872651_C_A	1.10E-01	5.79E-07	7.17E-01	-1.30E-01	3.58E-01	2.14E-02	
1_872659_C_G	1.14E-01	2.69E-07	3.38E-01	-4.75E-01	4.96E-01	5.64E-02	
1_872665_T_C	8.79E-01	3.14E-02	9.42E-01	7.20E-03	9.88E-02	4.29E-03	
1_872671_G_C	8.97E-02	9.84E-07	6.46E-01	-1.08E-01	2.35E-01	2.71E-02	
1_872707_A_G	1.17E-01	2.90E-05	5.73E-01	9.17E-02	1.63E-01	3.32E-02	
1_872722_G_C	7.93E-02	3.88E-04	4.99E-01	1.44E-01	2.12E-01	3.99E-02	
1_872737_G_C	7.24E-02	4.24E-05	4.76E-01	-1.70E-01	2.38E-01	4.20E-02	
1_872758_C_T	1.00E-01	3.03E-03	9.39E-02	-1.76E-01	1.05E-01	9.86E-02	
1_872760_C_G	1.00E-01	7.53E-02	3.51E-01	1.87E-01	2.01E-01	5.49E-02	
1_872773_A_G	1.10E-01	1.51E-01	2.87E-01	1.78E-01	1.67E-01	6.27E-02	
1_872791_C_T	1.66E-01	8.26E-01	9.06E-01	-1.50E-02	1.27E-01	6.96E-03	
1_872801_C_A	2.62E-01	5.75E-03	6.74E-01	-5.42E-02	1.29E-01	2.48E-02	
1_872802_G_A	1.10E-01	5.79E-07	6.18E-01	-1.81E-01	3.62E-01	2.94E-02	
1_872806_A_G	8.28E-02	3.25E-05	8.32E-01	-5.37E-02	2.52E-01	1.25E-02	
1_872816_T_C	1.14E-01	2.69E-07	3.38E-01	-4.75E-01	4.96E-01	5.64E-02	
1_872818_C_T	1.03E-01	2.61E-06	9.77E-01	8.01E-03	2.83E-01	1.67E-03	
1_872881_G_A	7.59E-02	7.61E-04	8.49E-02	-2.39E-01	1.38E-01	1.01E-01	
1_872908_G_A	8.28E-02	9.85E-04	9.40E-01	-1.08E-02	1.44E-01	4.43E-03	
1_873013_T_C	1.21E-01	7.11E-05	3.21E-01	-1.54E-01	1.55E-01	5.84E-02	
1_873044_G_A	5.52E-02	2.25E-04	9.59E-01	1.30E-02	2.54E-01	3.01E-03	
1_873064_G_C	9.66E-02	2.08E-07	3.35E-01	-2.71E-01	2.80E-01	5.69E-02	
1_873070_C_T	8.97E-02	4.81E-05	5.16E-01	-1.07E-01	1.65E-01	3.83E-02	
1_873095_C_G	7.59E-02	2.02E-05	4.23E-01	-2.11E-01	2.63E-01	4.72E-02	
1_873106_G_A	7.93E-02	3.88E-04	6.30E-01	1.19E-01	2.47E-01	2.84E-02	
1_873107_T_C	4.52E-01	1.33E-03	3.36E-01	1.30E-01	1.35E-01	5.67E-02	
1_873109_G_A	7.24E-02	1.48E-03	7.05E-01	1.02E-01	2.69E-01	2.23E-02	
1_873134_C_T	5.52E-02	2.25E-04	9.39E-01	-1.98E-02	2.57E-01	4.54E-03	
1_873140_G_A	1.14E-01	2.69E-07	3.38E-01	-4.75E-01	4.96E-01	5.64E-02	
1_873141_C_G	1.14E-01	2.69E-07	3.38E-01	-4.75E-01	4.96E-01	5.64E-02	
1_873142_C_G	4.10E-01	1.96E-08	6.01E-01	6.57E-02	1.25E-01	3.09E-02	
1_873145_T_C	3.83E-01	4.28E-06	7.13E-01	4.75E-02	1.29E-01	2.17E-02	
1_873148_A_G	1.28E-01	4.66E-01	7.34E-01	-3.02E-02	8.88E-02	2.00E-02	
1_898733_C_T	2.17E-01	1.88E-10	2.35E-02	4.07E-01	1.79E-01	1.33E-01	
1_898739_C_A	1.14E-01	2.69E-07	3.38E-01	-4.75E-01	4.96E-01	5.64E-02	
1_898747_C_T	3.62E-01	3.98E-08	1.47E-01	2.12E-01	1.46E-01	8.53E-02	
1_898759_C_G	1.14E-01	2.69E-07	3.38E-01	-4.75E-01	4.96E-01	5.64E-02	
1_898764_T_A	6.90E-02	1.14E-05	4.91E-01	-2.15E-01	3.12E-01	4.06E-02	
1_898772_T_G	6.90E-02	1.14E-05	4.91E-01	-2.15E-01	3.12E-01	4.06E-02	
1_898778_G_T	2.17E-01	1.88E-10	2.35E-02	4.07E-01	1.79E-01	1.33E-01	
1_898779_G_C	2.48E-01	1.75E-07	7.45E-02	2.55E-01	1.42E-01	1.05E-01	
1_898780_G_A	1.90E-01	6.36E-04	2.83E-01	-1.41E-01	1.31E-01	6.32E-02	
1_898781_C_T	2.17E-01	1.88E-10	2.35E-02	4.07E-01	1.79E-01	1.33E-01	
1_898810_C_G	8.97E-02	4.81E-05	9.76E-01	9.08E-03	3.03E-01	1.76E-03	
1_898825_C_T	1.79E-01	6.24E-01	4.18E-01	-1.09E-01	1.34E-01	4.77E-02	
1_898831_C_T	1.03E-01	1.81E-02	8.26E-01	2.39E-02	1.09E-01	1.30E-02	
1_898846_G_A	2.38E-01	3.85E-08	1.66E-02	3.21E-01	1.33E-01	1.41E-01	
1_898855_T_C	2.17E-01	9.28E-02	3.72E-01	-1.26E-01	1.41E-01	5.27E-02	
1_898858_C_T	8.97E-02	4.81E-05	2.28E-02	-2.71E-01	1.18E-01	1.34E-01	
1_898861_T_C	9.31E-02	4.54E-07	6.11E-01	-1.28E-01	2.52E-01	3.00E-02	
1_898868_G_A	1.97E-01	3.06E-01	2.48E-01	-1.66E-01	1.43E-01	6.80E-02	
1_898870_G_C	5.17E-02	5.84E-02	3.06E-01	2.06E-01	2.01E-01	6.03E-02	
1_898881_A_C	7.24E-02	6.50E-03	4.61E-01	1.39E-01	1.88E-01	4.34E-02	
1_898885_C_G	2.45E-01	2.89E-07	7.20E-02	2.74E-01	1.52E-01	1.06E-01	
1_898895_T_A	2.31E-01	2.23E-02	2.42E-01	-1.61E-01	1.37E-01	6.89E-02	
1_898912_C_T	3.86E-01	7.89E-07	1.29E-01	2.03E-01	1.33E-01	8.95E-02	
1_898924_G_C	3.76E-01	4.32E-09	1.92E-01	2.41E-01	1.84E-01	7.69E-02	
1_898933_G_C	7.59E-02	2.02E-05	4.59E-01	-2.04E-01	2.75E-01	4.36E-02	
1_898939_C_G	1.24E-01	1.07E-01	3.12E-01	-9.04E-02	8.93E-02	5.96E-02	
1_898942_T_C	8.62E-01	1.02E-01	9.19E-01	9.13E-03	8.97E-02	5.99E-03	
1_898945_C_T	6.55E-02	1.82E-04	5.48E-02	-3.09E-01	1.60E-01	1.13E-01	
1_898951_G_C	4.90E-01	2.90E-02	8.59E-01	-3.30E-02	1.86E-01	1.05E-02	
1_898963_C_G	2.24E-01	2.32E-02	1.20E-01	-2.28E-01	1.46E-01	9.15E-02	
1_898964_G_C	2.59E-01	1.57E-03	1.29E-01	-2.47E-01	1.62E-01	8.93E-02	
1_898966_A_G	2.21E-01	6.67E-02	3.11E-01	-1.42E-01	1.39E-01	5.98E-02	
1_898975_C_G	2.72E-01	1.91E-05	7.65E-02	2.60E-01	1.46E-01	1.04E-01	
1_898976_C_G	2.59E-01	1.57E-03	1.29E-01	-2.47E-01	1.62E-01	8.93E-02	
1_898979_A_C	2.59E-01	1.57E-03	1.29E-01	-2.47E-01	1.62E-01	8.93E-02	
1_899009_A_C	2.28E-01	2.17E-10	1.19E-02	4.24E-01	1.67E-01	1.48E-01	
1_899041_G_A	4.62E-01	7.50E-03	2.96E-02	-1.60E-01	7.31E-02	1.28E-01	
1_899044_G_C	3.31E-01	3.47E-02	6.52E-02	3.20E-01	1.73E-01	1.08E-01	
1_899047_C_G	3.31E-01	3.47E-02	6.52E-02	3.20E-01	1.73E-01	1.08E-01	
1_899066_T_C	5.86E-02	7.57E-04	7.48E-01	-8.67E-02	2.69E-01	1.90E-02	
1_899071_C_T	7.93E-02	6.69E-05	8.92E-01	-3.06E-02	2.25E-01	8.01E-03	
1_899077_A_G	4.17E-01	3.70E-05	9.17E-01	-1.56E-02	1.50E-01	6.11E-03	
1_899089_G_A	5.17E-02	4.11E-01	9.33E-01	-1.17E-02	1.39E-01	4.96E-03	
1_899090_C_A	8.62E-02	9.74E-05	8.93E-01	3.81E-02	2.84E-01	7.90E-03	
1_899095_G_C	6.90E-02	1.14E-05	4.91E-01	-2.15E-01	3.12E-01	4.06E-02	
1_899096_T_A	2.17E-01	1.88E-10	2.35E-02	4.07E-01	1.79E-01	1.33E-01	
1_899104_T_C	1.17E-01	2.90E-05	3.32E-02	-2.99E-01	1.40E-01	1.25E-01	
1_899110_C_G	1.41E-01	5.74E-06	5.20E-02	-2.96E-01	1.52E-01	1.14E-01	
1_899112_C_G	2.41E-01	4.76E-07	9.41E-02	2.67E-01	1.59E-01	9.85E-02	
1_899117_A_C	6.55E-02	2.42E-05	5.94E-01	-1.55E-01	2.91E-01	3.14E-02	
1_899118_T_A	6.55E-02	2.42E-05	5.94E-01	-1.55E-01	2.91E-01	3.14E-02	
1_899128_C_T	9.31E-02	2.35E-05	9.53E-01	-1.70E-02	2.86E-01	3.51E-03	
1_915503_A_G	1.28E-01	4.66E-01	7.34E-01	-3.02E-02	8.88E-02	2.00E-02	
1_915509_G_A	1.14E-01	2.69E-07	3.38E-01	-4.75E-01	4.96E-01	5.64E-02	
1_915511_C_G	7.24E-02	4.24E-05	5.21E-01	-1.78E-01	2.78E-01	3.78E-02	
1_915513_C_T	1.14E-01	2.69E-07	3.38E-01	-4.75E-01	4.96E-01	5.64E-02	
1_915537_A_G	1.17E-01	8.71E-07	8.59E-01	6.03E-02	3.40E-01	1.04E-02	
1_915539_A_G	7.93E-02	9.60E-06	3.58E-01	-2.60E-01	2.83E-01	5.41E-02	
1_915540_C_T	5.52E-02	1.53E-03	7.43E-01	-8.86E-02	2.70E-01	1.94E-02	
1_915547_C_G	3.24E-01	1.59E-02	6.69E-02	2.94E-01	1.60E-01	1.08E-01	
1_915550_C_T	5.17E-02	4.68E-04	9.85E-02	-2.98E-01	1.80E-01	9.72E-02	
1_915572_C_G	5.86E-02	7.57E-04	9.42E-01	1.59E-02	2.18E-01	4.28E-03	
1_915604_C_G	3.10E-01	4.07E-04	9.27E-02	2.33E-01	1.38E-01	9.89E-02	
1_915625_G_C	9.66E-02	1.14E-05	8.36E-01	-6.26E-02	3.02E-01	1.22E-02	
1_915634_C_G	6.90E-02	5.54E-04	7.51E-01	8.49E-02	2.67E-01	1.87E-02	
1_915635_T_C	8.28E-02	3.25E-05	6.54E-01	-1.10E-01	2.46E-01	2.64E-02	
1_915718_T_C	4.97E-01	3.15E-02	8.76E-01	-2.68E-02	1.71E-01	9.21E-03	
1_915724_C_G	6.21E-02	5.12E-05	7.68E-01	-8.06E-02	2.73E-01	1.74E-02	
1_915727_C_T	2.59E-01	3.31E-05	2.06E-01	1.75E-01	1.38E-01	7.45E-02	
1_915739_C_T	7.14E-01	1.34E-03	1.50E-01	1.48E-01	1.03E-01	8.47E-02	
1_915782_T_G	1.14E-01	1.10E-05	5.82E-01	1.28E-01	2.33E-01	3.24E-02	
1_915886_G_A	1.00E-01	1.02E-02	4.15E-01	1.29E-01	1.59E-01	4.80E-02	
1_915910_T_C	8.28E-02	4.52E-06	4.62E-01	-1.29E-01	1.75E-01	4.34E-02	
1_915919_C_T	1.83E-01	1.14E-01	6.60E-01	6.79E-02	1.54E-01	2.59E-02	
1_915922_C_G	7.93E-02	3.88E-04	7.74E-01	7.11E-02	2.47E-01	1.69E-02	
1_915925_G_A	1.79E-01	1.90E-02	8.50E-02	-1.38E-01	8.01E-02	1.01E-01	
1_915931_C_T	5.86E-02	5.03E-01	1.45E-01	1.76E-01	1.20E-01	8.59E-02	
1_915976_G_A	5.52E-02	3.25E-01	1.08E-01	2.07E-01	1.28E-01	9.47E-02	
1_915980_C_A	6.90E-02	1.14E-05	4.91E-01	-2.15E-01	3.12E-01	4.06E-02	
1_915991_G_A	2.14E-01	3.53E-02	7.57E-02	-1.28E-01	7.18E-02	1.04E-01	
1_915994_A_G	6.83E-01	1.66E-03	2.73E-02	1.66E-01	7.47E-02	1.30E-01	
1_916010_T_C	4.21E-01	3.92E-02	5.66E-01	-6.62E-02	1.15E-01	3.38E-02	
1_916036_G_C	1.14E-01	2.69E-07	3.38E-01	-4.75E-01	4.96E-01	5.64E-02	
1_916042_C_G	1.00E-01	5.48E-06	7.19E-01	-1.31E-01	3.63E-01	2.12E-02	
1_916048_C_T	9.66E-02	1.14E-05	7.12E-02	-2.96E-01	1.64E-01	1.06E-01	
1_916054_C_G	6.55E-02	1.10E-03	3.38E-01	-1.61E-01	1.68E-01	5.64E-02	
1_916063_A_G	9.66E-02	1.73E-02	1.54E-01	2.08E-01	1.45E-01	8.40E-02	
1_916083_T_C	8.97E-02	2.63E-04	5.72E-01	-7.75E-02	1.37E-01	3.33E-02	
1_916095_C_T	1.14E-01	2.69E-07	3.38E-01	-4.75E-01	4.96E-01	5.64E-02	
1_916145_T_C	4.52E-01	1.33E-03	7.79E-01	-3.81E-02	1.35E-01	1.66E-02	
1_916165_G_A	8.97E-02	4.81E-05	1.54E-01	-2.46E-01	1.72E-01	8.39E-02	
1_916180_C_G	8.28E-02	1.95E-04	7.46E-01	8.67E-02	2.67E-01	1.91E-02	
1_916183_A_G	3.76E-01	4.32E-09	2.10E-01	1.66E-01	1.32E-01	7.38E-02	
1_916207_T_C	1.62E-01	5.75E-01	9.52E-01	-7.51E-03	1.25E-01	3.54E-03	
1_916228_G_C	8.97E-02	7.47E-06	8.37E-01	-5.15E-02	2.50E-01	1.21E-02	
1_916270_C_G	3.62E-01	3.10E-02	8.10E-02	-1.24E-01	7.07E-02	1.03E-01	
1_916271_C_A	1.14E-01	2.69E-07	3.38E-01	-4.75E-01	4.96E-01	5.64E-02	
1_916276_C_T	6.21E-02	5.58E-06	4.65E-01	-1.63E-01	2.23E-01	4.31E-02	bad-chisq
1_916282_A_G	4.72E-01	2.10E-03	5.34E-01	-4.25E-02	6.83E-02	3.66E-02	
1_916285_C_G	9.66E-02	2.08E-07	4.61E-01	-1.99E-01	2.69E-01	4.35E-02	
1_916286_A_G	8.28E-02	1.95E-04	7.46E-01	8.67E-02	2.67E-01	1.91E-02	
1_916297_G_A	3.10E-01	6.47E-02	7.63E-01	-2.09E-02	6.91E-02	1.78E-02	
1_916298_C_T	5.86E-02	1.77E-01	9.75E-01	-4.98E-03	1.59E-01	1.85E-03	
1_916327_T_C	6.97E-01	4.29E-01	2.60E-01	-8.85E-02	7.84E-02	6.63E-02	
1_916349_T_C	5.03E-01	1.85E-02	8.70E-01	2.76E-02	1.68E-01	9.67E-03	
1_916394_T_C	2.31E-01	2.23E-02	2.33E-01	-1.45E-01	1.22E-01	7.02E-02	
1_916432_G_C	4.69E-01	5.76E-03	4.17E-01	1.52E-01	1.87E-01	4.78E-02	
1_916469_C_T	5.52E-02	8.04E-03	7.35E-01	6.01E-02	1.78E-01	1.99E-02	
1_916471_G_C	5.52E-02	8.04E-03	2.71E-03	-3.89E-01	1.29E-01	1.75E-01	
1_916472_C_T	8.28E-02	5.27E-07	3.06E-01	-2.50E-01	2.44E-01	6.03E-02	
1_916486_G_A	3.00E-01	2.92E-03	9.22E-02	2.56E-01	1.51E-01	9.91E-02	
1_916495_C_T	1.03E-01	3.61E-07	8.47E-02	-3.01E-01	1.74E-01	1.01E-01	
1_916507_T_C	7.24E-02	5.47E-07	2.54E-01	-2.82E-01	2.46E-01	6.72E-02	bad-chisq
1_921410_C_A	4.14E-01	1.68E-01	2.52E-01	-1.52E-01	1.32E-01	6.75E-02	
1_921432_C_T	3.62E-01	2.16E-09	2.84E-01	2.23E-01	2.08E-01	6.31E-02	
1_921436_G_C	1.10E-01	5.79E-07	6.23E-01	-1.77E-01	3.60E-01	2.90E-02	
1_921442_C_T	3.76E-01	4.32E-09	1.74E-01	2.24E-01	1.64E-01	8.01E-02	
1_921445_C_G	1.59E-01	7.88E-01	2.48E-01	-1.66E-01	1.44E-01	6.80E-02	
1_921447_T_A	3.31E-01	3.47E-02	6.52E-02	3.20E-01	1.73E-01	1.08E-01	
1_921448_C_T	7.24E-02	4.24E-05	5.21E-01	-1.78E-01	2.78E-01	3.78E-02	
1_921454_G_A	2.90E-01	3.39E-03	3.41E-01	1.32E-01	1.38E-01	5.61E-02	
1_921458_C_T	5.52E-02	2.25E-04	4.90E-01	-1.67E-01	2.42E-01	4.07E-02	
1_921468_G_A	4.76E-01	1.28E-02	4.98E-01	1.43E-01	2.10E-01	3.99E-02	
1_921473_G_A	6.90E-02	8.81E-05	6.02E-01	-1.55E-01	2.97E-01	3.08E-02	
1_921474_G_A	1.10E-01	5.79E-07	7.17E-01	-1.30E-01	3.60E-01	2.13E-02	
1_921493_C_T	3.93E-01	3.38E-06	6.77E-01	6.80E-02	1.63E-01	2.45E-02	
1_921499_T_C	2.41E-01	2.27E-08	6.57E-02	2.69E-01	1.45E-01	1.08E-01	
1_921504_G_A	8.62E-02	9.74E-05	8.56E-01	4.99E-02	2.74E-01	1.07E-02	
1_921506_A_C	1.14E-01	2.69E-07	3.38E-01	-4.75E-01	4.96E-01	5.64E-02	
1_921511_C_G	4.00E-01	1.29E-06	2.87E-01	1.86E-01	1.74E-01	6.27E-02	
1_921520_C_G	1.14E-01	2.69E-07	3.38E-01	-4.75E-01	4.96E-01	5.64E-02	
1_921537_T_C	4.17E-01	1.46E-09	1.09E-01	1.74E-01	1.08E-01	9.43E-02	
1_921542_G_C	1.14E-01	2.69E-07	3.38E-01	-4.75E-01	4.96E-01	5.64E-02	
1_921556_C_G	4.69E-01	5.76E-03	4.53E-01	1.41E-01	1.87E-01	4.42E-02	
1_921558_T_C	1.14E-01	2.69E-07	3.38E-01	-4.75E-01	4.96E-01	5.64E-02	
1_921560_G_C	1.10E-01	5.79E-07	6.18E-01	-1.81E-01	3.62E-01	2.94E-02	
1_921562_G_A	2.21E-01	1.06E-10	1.77E-02	3.98E-01	1.67E-01	1.39E-01	
1_921565_G_A	9.66E-02	2.18E-01	9.03E-01	2.00E-02	1.64E-01	7.20E-03	
1_921589_G_C	4.45E-01	2.64E-03	7.15E-01	6.65E-02	1.82E-01	2.15E-02	
1_921607_T_C	4.72E-01	8.67E-03	4.22E-01	1.56E-01	1.94E-01	4.73E-02	
1_921608_T_G	6.21E-02	3.73E-04	7.90E-01	-7.30E-02	2.74E-01	1.57E-02	
1_921619_G_A	4.24E-01	7.70E-04	1.07E-01	2.38E-01	1.47E-01	9.47E-02	
1_921622_C_T	1.93E-01	3.05E-03	3.40E-02	-1.64E-01	7.68E-02	1.25E-01	
1_921646_C_G	4.41E-01	7.13E-04	6.01E-01	8.58E-02	1.64E-01	3.08E-02	
1_921649_C_T	1.31E-01	4.03E-01	6.89E-01	-6.02E-02	1.50E-01	2.36E-02	
1_921653_C_A	1.14E-01	2.69E-07	3.38E-01	-4.75E-01	4.96E-01	5.64E-02	
1_921654_G_C	1.14E-01	2.69E-07	3.38E-01	-4.75E-01	4.96E-01	5.64E-02	
1_921661_C_G	4.28E-01	8.07E-05	5.93E-01	8.38E-02	1.57E-01	3.15E-02	
1_921663_C_T	1.14E-01	2.69E-07	3.38E-01	-4.75E-01	4.96E-01	5.64E-02	
1_921667_T_C	4.07E-01	1.63E-06	3.19E-01	1.65E-01	1.65E-01	5.87E-02	
1_921668_T_G	4.76E-01	1.28E-02	4.98E-01	1.43E-01	2.10E-01	3.99E-02	
1_921669_G_C	4.76E-01	1.28E-02	4.98E-01	1.43E-01	2.10E-01	3.99E-02	
1_921683_C_T	2.72E-01	5.58E-06	5.09E-01	1.01E-01	1.53E-01	3.89E-02	
1_921698_G_A	4.45E-01	2.64E-03	7.15E-01	6.65E-02	1.82E-01	2.15E-02	
1_921715_C_G	1.14E-01	2.69E-07	3.38E-01	-4.75E-01	4.96E-01	5.64E-02	
1_921718_C_T	3.00E-01	1.22E-03	6.44E-01	5.91E-02	1.28E-01	2.73E-02	
1_921720_A_C	4.72E-01	8.67E-03	4.63E-01	1.43E-01	1.95E-01	4.33E-02	
1_921723_T_A	4.72E-01	1.70E-02	6.72E-01	8.16E-02	1.93E-01	2.49E-02	
1_921727_C_T	6.21E-02	1.75E-01	9.67E-02	2.42E-01	1.45E-01	9.77E-02	
1_921736_C_T	1.76E-01	5.30E-01	7.54E-01	-3.92E-02	1.25E-01	1.85E-02	
1_921739_G_C	3.66E-01	5.44E-09	3.98E-02	2.83E-01	1.37E-01	1.21E-01	
1_921745_T_C	1.86E-01	1.50E-01	1.20E-01	-2.21E-01	1.42E-01	9.15E-02	
1_921771_A_C	2.59E-01	9.80E-06	1.17E-01	2.34E-01	1.49E-01	9.23E-02	
1_921776_T_G	1.14E-01	2.69E-07	3.38E-01	-4.75E-01	4.96E-01	5.64E-02	
1_921780_C_G	6.90E-02	8.81E-05	6.02E-01	-1.55E-01	2.97E-01	3.08E-02	
1_921799_G_C	1.03E-01	2.61E-06	8.92E-01	-4.18E-02	3.08E-01	7.99E-03	
1_921805_T_C	4.45E-01	4.93E-04	8.33E-01	-3.05E-02	1.45E-01	1.24E-02	
1_921807_C_T	1.00E-01	7.53E-02	3.51E-01	1.87E-01	2.01E-01	5.49E-02	
1_921808_G_C	5.17E-02	1.52E-02	4.81E-01	1.87E-01	2.64E-01	4.15E-02	
1_921832_G_C	8.62E-02	9.74E-05	8.75E-01	-3.52E-02	2.23E-01	9.28E-03	
1_921839_T_C	2.86E-01	5.22E-04	6.80E-02	-2.42E-01	1.32E-01	1.07E-01	
1_921847_T_C	6.55E-02	5.69E-01	3.96E-01	1.03E-01	1.22E-01	5.00E-02	
1_921853_C_T	3.55E-01	8.81E-01	6.85E-01	2.80E-02	6.92E-02	2.39E-02	
1_921867_C_G	1.00E-01	7.53E-02	3.51E-01	1.87E-01	2.01E-01	5.49E-02	
1_921883_C_G	6.21E-02	5.12E-05	6.93E-01	-1.10E-01	2.79E-01	2.33E-02	
1_921895_C_T	5.86E-02	1.08E-04	2.28E-04	-4.35E-01	1.17E-01	2.15E-01	
1_921913_G_C	1.03E-01	2.61E-06	9.77E-01	8.01E-03	2.83E-01	1.67E-03	
1_921933_T_A	7.93E-02	6.69E-05	3.82E-01	-1.51E-01	1.73E-01	5.16E-02	
1_921935_G_C	1.93E-01	7.82E-02	8.58E-02	-2.38E-01	1.38E-01	1.01E-01	
1_921938_G_A	6.90E-02	1.14E-05	4.91E-01	-2.15E-01	3.12E-01	4.06E-02	
1_921958_G_C	6.21E-02	3.73E-04	6.15E-01	-1.31E-01	2.60E-01	2.97E-02	
1_921970_C_G	5.17E-02	4.68E-04	9.98E-01	5.40E-04	2.72E-01	1.17E-04	
1_921973_C_T	8.97E-02	7.42E-01	6.40E-01	-5.95E-02	1.27E-01	2.76E-02	
1_921976_C_T	2.24E-01	2.28E-09	5.27E-02	3.19E-01	1.64E-01	1.14E-01	
1_921983_C_T	2.83E-01	5.34E-05	9.88E-01	1.86E-03	1.25E-01	8.72E-04	
1_921992_T_A	1.14E-01	2.69E-07	3.38E-01	-4.75E-01	4.96E-01	5.64E-02	
1_921993_C_G	1.07E-01	1.23E-06	7.10E-01	-1.21E-01	3.26E-01	2.19E-02	
1_921994_G_C	4.76E-01	1.28E-02	4.98E-01	1.43E-01	2.10E-01	3.99E-02	
1_921997_C_T	1.28E-01	2.95E-01	5.14E-01	-9.89E-02	1.52E-01	3.84E-02	
1_922017_A_C	3.83E-01	9.50E-02	7.80E-01	4.45E-02	1.59E-01	1.64E-02	
1_922084_G_C	4.76E-01	1.28E-02	4.98E-01	1.43E-01	2.10E-01	3.99E-02	
1_922099_C_T	2.17E-01	1.88E-10	2.35E-02	4.07E-01	1.79E-01	1.33E-01	
1_922105_G_C	5.17E-02	3.04E-03	8.86E-01	-4.00E-02	2.79E-01	8.44E-03	
1_922132_A_G	1.52E-01	9.61E-02	6.27E-01	-6.55E-02	1.35E-01	2.87E-02	
1_922135_A_G	4.76E-01	1.28E-02	4.98E-01	1.43E-01	2.10E-01	3.99E-02	
1_922138_C_T	2.10E-01	8.80E-11	8.53E-03	4.39E-01	1.66E-01	1.54E-01	
1_922141_T_C	1.07E-01	1.23E-06	8.92E-01	-4.11E-02	3.02E-01	8.01E-03	
1_922151_C_T	1.14E-01	2.69E-07	3.38E-01	-4.75E-01	4.96E-01	5.64E-02	
1_922162_T_C	4.59E-01	1.52E-03	2.51E-01	1.97E-01	1.71E-01	6.76E-02	
1_922191_A_G	1.45E-01	5.19E-07	2.62E-01	-2.09E-01	1.86E-01	6.61E-02	
1_922219_T_C	3.28E-01	5.67E-03	3.17E-01	1.37E-01	1.37E-01	5.90E-02	
1_922228_G_A	7.59E-02	1.37E-04	6.63E-01	9.65E-02	2.21E-01	2.57E-02	
1_922244_C_A	4.76E-01	1.28E-02	4.98E-01	1.43E-01	2.10E-01	3.99E-02	
1_922245_G_A	4.45E-01	1.17E-03	8.78E-01	2.56E-02	1.67E-01	9.03E-03	
1_922246_G_A	6.90E-02	5.54E-04	1.81E-01	-2.20E-01	1.64E-01	7.88E-02	
1_922252_A_G	8.62E-02	5.12E-04	9.58E-02	-2.47E-01	1.48E-01	9.80E-02	
1_922254_G_C	5.52E-02	2.25E-04	6.17E-01	-1.17E-01	2.33E-01	2.95E-02	
1_922255_G_C	1.03E-01	2.61E-06	8.20E-01	-6.74E-02	2.96E-01	1.34E-02	
1_922265_G_A	8.62E-02	9.74E-05	9.43E-01	1.78E-02	2.48E-01	4.21E-03	
1_922271_C_G	3.62E-01	2.16E-09	2.84E-01	2.23E-01	2.08E-01	6.31E-02	
1_922272_G_A	3.79E-01	1.67E-07	5.72E-01	9.42E-02	1.66E-01	3.33E-02	
1_922273_G_A	2.10E-01	8.80E-11	8.53E-03	4.39E-01	1.66E-01	1.54E-01	
1_922279_C_T	1.10E-01	2.90E-01	8.57E-01	-2.92E-02	1.62E-01	1.06E-02	
1_922287_G_A	4.93E-01	4.05E-02	5.20E-01	-1.16E-01	1.80E-01	3.79E-02	
1_922288_C_T	1.00E-01	7.53E-02	3.51E-01	1.87E-01	2.01E-01	5.49E-02	
1_922295_C_A	6.90E-02	8.81E-05	8.39E-01	-4.30E-02	2.11E-01	1.20E-02	
1_922302_A_G	2.79E-01	2.60E-05	5.71E-01	8.95E-02	1.58E-01	3.34E-02	
1_922303_A_G	3.55E-01	7.50E-04	6.12E-02	-1.41E-01	7.48E-02	1.10E-01	
1_936515_C_T	2.31E-01	4.26E-09	1.97E-01	2.00E-01	1.54E-01	7.60E-02	
1_936517_G_C	7.59E-02	7.61E-04	7.70E-01	8.28E-02	2.83E-01	1.72E-02	
1_936526_A_G	3.97E-01	6.76E-06	7.82E-01	4.72E-02	1.70E-01	1.63E-02	
1_936529_G_A	1.45E-01	4.78E-01	2.22E-01	-2.02E-01	1.65E-01	7.19E-02	
1_936586_G_C	3.93E-01	7.68E-08	2.50E-01	2.09E-01	1.81E-01	6.78E-02	
1_936589_C_T	2.21E-01	6.74E-10	4.87E-02	3.34E-01	1.69E-01	1.16E-01	
1_936601_C_T	7.24E-02	2.76E-04	8.21E-01	5.35E-02	2.37E-01	1.33E-02	
1_936631_T_C	4.31E-01	3.67E-04	5.94E-01	9.65E-02	1.81E-01	3.14E-02	
1_936635_C_G	6.90E-02	1.14E-05	4.91E-01	-2.15E-01	3.12E-01	4.06E-02	
1_936647_G_A	1.03E-01	7.17E-01	1.93E-01	-2.03E-01	1.56E-01	7.66E-02	
1_936657_G_A	1.14E-01	2.69E-07	3.38E-01	-4.75E-01	4.96E-01	5.64E-02	
1_936676_G_C	4.55E-01	9.36E-04	6.75E-01	6.96E-02	1.66E-01	2.47E-02	
1_936685_C_G	2.48E-01	3.82E-08	4.05E-01	1.43E-01	1.71E-01	4.91E-02	
1_936689_G_A	5.52E-02	8.04E-03	5.53E-01	1.66E-01	2.80E-01	3.50E-02	
1_936692_G_C	8.28E-02	5.27E-07	3.32E-01	-3.00E-01	3.09E-01	5.72E-02	
1_936699_A_C	5.52E-02	8.04E-03	7.63E-01	6.66E-02	2.20E-01	1.78E-02	
1_936700_G_A	2.38E-01	7.66E-09	3.48E-02	3.18E-01	1.50E-01	1.24E-01	
1_936709_C_G	6.21E-02	2.16E-03	9.20E-01	2.27E-02	2.25E-01	5.94E-03	
1_936712_G_A	2.21E-01	6.74E-10	2.06E-02	3.60E-01	1.55E-01	1.36E-01	
1_936721_C_T	5.17E-02	4.68E-04	5.86E-01	-1.25E-01	2.30E-01	3.21E-02	
1_936757_T_C	4.69E-01	5.76E-03	3.99E-01	1.58E-01	1.87E-01	4.97E-02	
1_936778_C_T	3.48E-01	2.97E-04	9.42E-01	8.62E-03	1.19E-01	4.26E-03	
1_936782_G_A	1.21E-01	2.61E-01	8.44E-01	-3.89E-02	1.97E-01	1.16E-02	
1_936838_G_A	6.21E-02	3.73E-04	8.84E-01	-3.43E-02	2.35E-01	8.59E-03	
1_936844_G_C	1.83E-01	2.02E-01	3.52E-01	1.46E-01	1.57E-01	5.48E-02	
1_936858_G_C	1.14E-01	2.69E-07	3.38E-01	-4.75E-01	4.96E-01	5.64E-02	
1_936860_C_T	7.59E-02	1.37E-04	8.98E-01	3.48E-02	2.72E-01	7.53E-03	
1_936868_A_G	7.93E-01	1.33E-01	8.91E-01	1.04E-02	7.56E-02	8.09E-03	
1_936871_G_A	3.72E-01	3.18E-08	4.74E-01	1.29E-01	1.80E-01	4.23E-02	
1_936874_G_C	4.03E-01	8.39E-06	6.66E-01	6.91E-02	1.60E-01	2.55E-02	
1_936889_A_G	6.55E-02	1.82E-04	6.98E-01	-9.90E-02	2.55E-01	2.29E-02	
1_936894_G_A	1.14E-01	2.69E-07	3.38E-01	-4.75E-01	4.96E-01	5.64E-02	
1_954823_C_G	4.03E-01	2.65E-06	4.44E-01	1.22E-01	1.59E-01	4.51E-02	
1_954825_C_A	2.24E-01	2.28E-09	5.27E-02	3.19E-01	1.64E-01	1.14E-01	
1_954826_C_G	8.97E-02	4.81E-05	9.76E-01	9.08E-03	3.03E-01	1.76E-03	
1_954827_G_A	4.10E-01	3.06E-05	6.75E-01	6.86E-02	1.64E-01	2.47E-02	
1_954832_C_T	3.17E-01	1.11E-11	7.43E-03	4.14E-01	1.53E-01	1.57E-01	
1_954853_C_T	2.21E-01	6.74E-10	4.20E-02	3.44E-01	1.69E-01	1.20E-01	
1_954856_C_G	4.86E-01	1.06E-02	3.48E-01	1.85E-01	1.97E-01	5.54E-02	
1_954859_C_T	1.28E-01	4.21E-03	1.83E-01	-1.19E-01	8.90E-02	7.83E-02	
1_954867_C_T	5.03E-01	1.85E-02	8.24E-01	3.74E-02	1.68E-01	1.31E-02	
1_954876_T_C	5.52E-02	2.75E-01	1.05E-01	-2.51E-01	1.54E-01	9.54E-02	
1_954890_T_C	4.03E-01	2.65E-06	5.50E-01	9.42E-02	1.57E-01	3.52E-02	
1_954931_G_A	8.62E-02	9.74E-05	7.66E-01	7.06E-02	2.37E-01	1.76E-02	
1_954934_G_C	1.14E-01	5.73E-05	4.73E-01	-1.06E-01	1.48E-01	4.23E-02	
1_954943_G_A	8.62E-02	2.41E-07	7.61E-03	-3.58E-01	1.33E-01	1.56E-01	
1_954946_T_C	1.93E-01	1.82E-02	7.37E-01	5.33E-02	1.59E-01	1.98E-02	
1_954961_A_G	2.07E-01	3.58E-01	3.19E-01	-1.21E-01	1.21E-01	5.87E-02	
1_954973_T_C	4.10E-01	1.03E-05	5.21E-01	1.02E-01	1.59E-01	3.79E-02	
1_954988_C_T	6.90E-02	2.66E-01	8.58E-01	-2.12E-02	1.18E-01	1.06E-02	
1_954997_G_C	7.59E-02	2.60E-01	5.48E-01	6.81E-02	1.13E-01	3.55E-02	
1_955003_C_T	6.90E-02	8.81E-05	4.22E-01	-1.61E-01	2.00E-01	4.73E-02	
1_955045_T_C	1.97E-01	4.89E-03	7.45E-01	-5.35E-02	1.64E-01	1.92E-02	
1_955075_T_C	4.69E-01	2.83E-05	6.26E-01	5.46E-02	1.12E-01	2.88E-02	
1_955102_G_C	4.31E-01	1.43E-04	5.45E-01	1.08E-01	1.79E-01	3.57E-02	
1_955118_G_C	8.97E-02	4.81E-05	9.76E-01	9.08E-03	3.03E-01	1.76E-03	
1_955129_T_C	4.86E-01	1.06E-02	3.48E-01	1.85E-01	1.97E-01	5.54E-02	
1_955147_C_T	3.31E-01	2.98E-02	6.73E-01	3.05E-02	7.21E-02	2.49E-02	
1_955159_C_G	7.93E-02	3.88E-04	6.30E-01	1.19E-01	2.47E-01	2.84E-02	
1_955174_C_T	2.10E-01	8.80E-11	8.53E-03	4.39E-01	1.66E-01	1.54E-01	
1_955186_G_A	2.69E-01	8.81E-06	1.03E-01	2.34E-01	1.43E-01	9.59E-02	
1_955192_C_T	2.34E-01	3.14E-02	2.80E-01	-1.61E-01	1.48E-01	6.37E-02	
1_955198_G_A	5.52E-02	8.04E-03	4.12E-01	-1.38E-01	1.67E-01	4.84E-02	
1_955225_C_G	6.21E-02	3.73E-04	6.17E-01	-1.25E-01	2.50E-01	2.95E-02	
1_955230_G_C	2.59E-01	1.57E-03	1.29E-01	-2.47E-01	1.62E-01	8.93E-02	
1_955232_A_G	2.45E-01	4.14E-03	8.61E-01	-2.48E-02	1.41E-01	1.04E-02	
1_955235_A_G	4.24E-01	1.22E-04	7.05E-01	5.53E-02	1.46E-01	2.23E-02	
1_955244_T_C	2.14E-01	3.53E-02	2.31E-01	-1.66E-01	1.39E-01	7.05E-02	
1_955253_C_T	2.52E-01	1.83E-06	7.75E-02	2.61E-01	1.47E-01	1.04E-01	
1_955261_G_A	2.48E-01	7.42E-07	1.57E-01	1.94E-01	1.37E-01	8.34E-02	
1_955291_C_T	5.52E-02	2.57E-05	5.92E-01	-1.19E-01	2.22E-01	3.16E-02	bad-chisq
1_955306_G_C	2.28E-01	2.17E-10	1.19E-02	4.24E-01	1.67E-01	1.48E-01	
1_955312_T_C	1.28E-01	1.84E-05	8.63E-02	-2.36E-01	1.37E-01	1.01E-01	
1_955318_T_C	2.38E-01	4.32E-02	2.24E-01	-1.57E-01	1.29E-01	7.16E-02	
1_955328_G_A	2.41E-01	1.44E-02	2.30E-01	-1.79E-01	1.49E-01	7.07E-02	
1_955336_A_G	7.59E-02	3.52E-03	5.94E-02	-2.62E-01	1.38E-01	1.11E-01	
1_955340_T_C	3.72E-01	5.36E-06	5.30E-02	2.53E-01	1.30E-01	1.14E-01	
1_955348_A_G	3.14E-01	1.00E-04	8.84E-01	-1.90E-02	1.30E-01	8.61E-03	
1_955365_G_A	3.79E-01	6.08E-07	1.96E-01	1.54E-01	1.19E-01	7.61E-02	
1_955366_A_G	1.17E-01	5.42E-01	5.53E-01	1.04E-01	1.74E-01	3.49E-02	
1_962932_C_T	8.97E-02	4.81E-05	9.76E-01	9.08E-03	3.03E-01	1.76E-03	
1_962953_A_G	1.14E-01	2.69E-07	3.38E-01	-4.75E-01	4.96E-01	5.64E-02	
1_962956_G_T	1.14E-01	2.69E-07	3.38E-01	-4.75E-01	4.96E-01	5.64E-02	
1_962962_C_T	2.45E-01	1.33E-08	2.03E-02	3.65E-01	1.56E-01	1.36E-01	
1_962995_G_T	1.14E-01	2.69E-07	3.38E-01	-4.75E-01	4.96E-01	5.64E-02	
1_963001_C_T	7.24E-02	4.24E-05	5.44E-01	-1.73E-01	2.85E-01	3.58E-02	
1_963010_G_C	8.28E-02	5.27E-07	3.32E-01	-3.00E-01	3.09E-01	5.72E-02	
1_963031_C_T	6.21E-02	5.12E-05	6.58E-01	-1.14E-01	2.58E-01	2.61E-02	
1_963034_G_A	2.17E-01	1.88E-10	2.35E-02	4.07E-01	1.79E-01	1.33E-01	
1_963046_A_G	2.45E-01	2.89E-07	4.37E-01	1.06E-01	1.36E-01	4.58E-02	
1_963049_C_T	2.17E-01	1.88E-10	2.35E-02	4.07E-01	1.79E-01	1.33E-01	
1_963052_A_G	4.83E-01	1.41E-02	9.77E-01	-4.87E-03	1.69E-01	1.69E-03	
1_963055_G_C	4.72E-01	4.20E-03	9.62E-01	7.83E-03	1.65E-01	2.80E-03	
1_963070_C_T	2.45E-01	1.21E-06	1.26E-01	2.36E-01	1.54E-01	9.01E-02	
1_963076_C_G	2.31E-01	4.26E-09	1.97E-01	2.00E-01	1.54E-01	7.60E-02	
1_972688_T_C	6.21E-02	2.16E-03	2.03E-01	-2.48E-01	1.94E-01	7.50E-02	
1_972696_G_A	2.59E-01	1.57E-03	1.29E-01	-2.47E-01	1.62E-01	8.93E-02	
1_972699_A_G	1.07E-01	1.23E-06	8.11E-02	-3.19E-01	1.82E-01	1.03E-01	
1_972706_A_C	8.97E-02	4.81E-05	9.76E-01	9.08E-03	3.03E-01	1.76E-03	
1_972724_C_T	6.55E-02	1.10E-03	6.59E-01	1.11E-01	2.52E-01	2.60E-02	
1_972755_A_T	7.93E-02	3.88E-04	9.64E-01	-9.68E-03	2.14E-01	2.66E-03	
1_972760_T_C	4.69E-01	2.71E-03	8.93E-01	2.14E-02	1.58E-01	7.96E-03	
1_972770_G_A	5.86E-02	7.57E-04	1.89E-01	-2.28E-01	1.73E-01	7.74E-02	
1_972775_C_G	2.10E-01	5.10E-02	1.86E-01	-1.89E-01	1.42E-01	7.79E-02	
1_972778_G_A	6.55E-02	1.10E-03	4.08E-01	-1.42E-01	1.71E-01	4.87E-02	
1_972789_T_A	1.69E-01	7.23E-01	1.56E-01	-2.01E-01	1.42E-01	8.36E-02	
1_972814_T_C	2.69E-01	2.45E-06	2.35E-01	1.54E-01	1.29E-01	7.00E-02	
1_972827_A_G	4.97E-01	3.15E-02	9.98E-01	-3.34E-04	1.70E-01	1.16E-04	
1_972832_G_C	1.69E-01	7.81E-01	8.20E-02	-2.34E-01	1.34E-01	1.02E-01	
1_972850_G_C	3.66E-01	1.21E-09	2.10E-01	1.92E-01	1.53E-01	7.38E-02	
1_972856_G_C	3.93E-01	2.87E-07	6.21E-02	1.91E-01	1.02E-01	1.10E-01	
1_972865_C_T	2.17E-01	1.88E-10	2.35E-02	4.07E-01	1.79E-01	1.33E-01	
1_972868_T_C	4.90E-01	2.90E-02	7.69E-01	-5.08E-02	1.72E-01	1.73E-02	
1_972877_C_T	2.24E-01	3.84E-10	1.37E-02	4.04E-01	1.63E-01	1.45E-01	
1_972883_A_G	5.17E-02	3.04E-03	9.68E-01	-9.12E-03	2.30E-01	2.34E-03	
1_972886_C_G	6.21E-02	1.00E-02	3.84E-02	-3.22E-01	1.55E-01	1.22E-01	
1_972895_C_G	7.24E-02	4.24E-05	8.74E-01	-4.11E-02	2.59E-01	9.38E-03	
1_972903_C_T	4.00E-01	3.72E-07	9.86E-01	2.75E-03	1.55E-01	1.04E-03	
1_972904_G_C	3.00E-01	1.96E-05	4.33E-01	9.70E-02	1.23E-01	4.63E-02	
1_972917_G_T	1.14E-01	2.69E-07	3.38E-01	-4.75E-01	4.96E-01	5.64E-02	
1_972920_A_C	4.28E-01	9.79E-06	6.89E-01	6.09E-02	1.52E-01	2.36E-02	
1_972931_T_C	2.86E-01	3.49E-05	7.80E-01	3.54E-02	1.27E-01	1.65E-02	
1_972966_C_A	8.97E-02	7.47E-06	8.97E-01	-3.59E-02	2.77E-01	7.62E-03	
1_972970_C_G	2.41E-01	1.44E-02	2.30E-01	-1.79E-01	1.49E-01	7.07E-02	
1_972971_C_T	6.90E-02	4.48E-01	1.11E-01	1.81E-01	1.13E-01	9.38E-02	
1_972981_G_A	8.62E-02	9.74E-05	8.56E-01	4.99E-02	2.74E-01	1.07E-02	
1_972987_T_A	1.14E-01	2.69E-07	3.38E-01	-4.75E-01	4.96E-01	5.64E-02	
1_973003_A_G	1.31E-01	8.94E-01	6.72E-01	6.51E-02	1.53E-01	2.50E-02	
1_973008_A_T	5.86E-02	1.08E-04	8.47E-01	-5.23E-02	2.71E-01	1.14E-02	
1_973009_G_A	3.07E-01	7.83E-05	3.44E-01	1.38E-01	1.46E-01	5.57E-02	
1_973015_A_G	2.48E-01	3.82E-08	2.40E-01	1.60E-01	1.36E-01	6.91E-02	
1_973016_C_T	1.66E-01	8.26E-01	9.70E-01	-4.92E-03	1.29E-01	2.24E-03	
1_973030_C_G	8.97E-02	4.81E-05	8.92E-01	3.74E-02	2.75E-01	8.02E-03	
1_973040_C_G	6.55E-02	2.42E-05	6.47E-01	-1.29E-01	2.80E-01	2.70E-02	
1_973047_C_T	1.34E-01	1.30E-07	8.74E-02	-3.85E-01	2.24E-01	1.01E-01	
1_973054_G_A	1.24E-01	2.06E-01	7.82E-01	-4.47E-02	1.61E-01	1.64E-02	
1_973061_C_A	2.52E-01	1.05E-07	7.03E-01	5.40E-02	1.41E-01	2.25E-02	
1_973062_G_C	1.14E-01	2.69E-07	3.38E-01	-4.75E-01	4.96E-01	5.64E-02	
1_973063_G_C	8.62E-02	9.74E-05	7.48E-01	7.70E-02	2.39E-01	1.89E-02	
1_973067_T_G	3.66E-01	1.21E-09	2.10E-01	1.92E-01	1.53E-01	7.38E-02	
1_973078_C_G	5.17E-02	5.48E-05	3.83E-01	-2.07E-01	2.37E-01	5.14E-02	bad-chisq
1_973081_C_T	7.93E-02	1.15E-06	4.63E-01	-1.63E-01	2.22E-01	4.32E-02	
1_973084_G_C	5.17E-02	4.68E-04	8.77E-01	-3.79E-02	2.44E-01	9.16E-03	
1_973087_C_T	5.86E-02	1.83E-02	2.79E-02	-3.34E-01	1.51E-01	1.29E-01	
1_973090_C_G	9.31E-02	2.35E-05	1.49E-01	-2.57E-01	1.77E-01	8.50E-02	
1_973093_T_C	4.76E-01	1.28E-02	6.95E-01	-6.25E-02	1.59E-01	2.31E-02	
1_973105_C_T	1.83E-01	7.23E-01	3.09E-01	-1.46E-01	1.43E-01	6.00E-02	
1_973111_C_T	1.00E-01	1.73E-04	7.03E-02	-2.61E-01	1.44E-01	1.06E-01	
1_973126_G_C	2.76E-01	9.41E-07	5.75E-01	-8.58E-02	1.53E-01	3.30E-02	
1_973129_G_A	6.21E-02	5.12E-05	6.93E-01	-1.10E-01	2.79E-01	2.33E-02	
1_973147_T_C	4.93E-01	1.16E-02	7.98E-01	4.32E-02	1.69E-01	1.51E-02	
1_973148_C_G	1.14E-01	2.69E-07	3.38E-01	-4.75E-01	4.96E-01	5.64E-02	
1_973155_G_A	7.93E-02	9.60E-06	5.48E-01	-1.64E-01	2.73E-01	3.54E-02	
1_973170_C_T	5.17E-02	3.04E-03	8.55E-01	-5.01E-02	2.74E-01	1.08E-02	
1_973174_T_C	2.31E-01	4.52E-02	4.02E-01	-1.18E-01	1.41E-01	4.94E-02	
1_973183_C_G	7.59E-02	2.48E-06	5.27E-01	-1.70E-01	2.69E-01	3.73E-02	
1_973185_G_A	1.07E-01	1.23E-06	7.93E-01	-8.47E-02	3.23E-01	1.55E-02	
1_973205_A_G	2.24E-01	2.28E-09	5.27E-02	3.19E-01	1.64E-01	1.14E-01	
1_973208_A_G	1.14E-01	2.69E-07	3.38E-01	-4.75E-01	4.96E-01	5.64E-02	
1_973209_C_T	1.14E-01	2.69E-07	3.38E-01	-4.75E-01	4.96E-01	5.64E-02	
1_973214_C_G	1.07E-01	7.96E-06	7.70E-01	-7.28E-02	2.49E-01	1.72E-02	
1_973216_G_C	5.17E-02	5.48E-05	2.72E-01	-2.44E-01	2.21E-01	6.48E-02	bad-chisq
1_973219_T_C	4.52E-01	2.29E-04	8.81E-01	2.29E-02	1.52E-01	8.83E-03	
1_973225_T_C	1.86E-01	8.25E-01	6.24E-01	-6.62E-02	1.35E-01	2.89E-02	
1_973261_C_T	2.17E-01	1.88E-10	2.35E-02	4.07E-01	1.79E-01	1.33E-01	
1_973264_C_T	3.24E-01	2.35E-04	3.06E-01	9.92E-02	9.66E-02	6.04E-02	
1_973267_A_G	4.97E-01	1.69E-02	9.15E-01	1.75E-02	1.64E-01	6.29E-03	
1_973268_T_C	5.00E-01	2.43E-02	9.13E-01	2.00E-02	1.84E-01	6.41E-03	
1_973276_A_G	4.41E-01	2.91E-04	3.18E-01	1.23E-01	1.23E-01	5.88E-02	
1_973279_C_G	5.00E-01	2.43E-02	9.13E-01	2.00E-02	1.84E-01	6.41E-03	
1_973285_T_C	2.83E-01	8.62E-04	9.02E-02	-2.40E-01	1.41E-01	9.97E-02	
1_973289_G_A	1.00E-01	5.48E-06	7.19E-01	-1.31E-01	3.63E-01	2.12E-02	
1_973293_C_A	1.34E-01	1.30E-07	8.74E-02	-3.85E-01	2.24E-01	1.01E-01	
1_973295_G_A	1.10E-01	2.22E-05	9.91E-01	1.89E-03	1.72E-01	6.47E-04	
1_973304_G_C	1.00E-01	5.48E-06	7.19E-01	-1.31E-01	3.63E-01	2.12E-02	
1_973305_G_A	1.17E-01	5.72E-04	6.12E-01	7.54E-02	1.48E-01	2.99E-02	
1_973306_C_G	1.10E-01	5.79E-07	6.23E-01	-1.77E-01	3.60E-01	2.90E-02	
1_973307_A_G	1.17E-01	1.24E-07	1.35E-01	-4.95E-01	3.30E-01	8.80E-02	
1_973318_C_G	7.93E-02	3.88E-04	6.73E-01	1.12E-01	2.66E-01	2.49E-02	
1_973319_C_A	1.00E-01	5.48E-06	7.19E-01	-1.31E-01	3.63E-01	2.12E-02	
1_973327_C_T	1.41E-01	4.40E-04	9.29E-01	9.43E-03	1.06E-01	5.22E-03	
1_973360_C_T	7.93E-02	6.69E-05	8.30E-01	-4.22E-02	1.97E-01	1.26E-02	
1_973366_C_T	6.00E-01	1.55E-02	8.71E-01	1.21E-02	7.44E-02	9.57E-03	
1_973369_A_G	5.17E-02	4.68E-04	9.27E-01	-1.90E-02	2.08E-01	5.40E-03	
1_973370_A_G	1.45E-01	4.78E-01	2.22E-01	-2.02E-01	1.65E-01	7.19E-02	
1_973371_T_C	3.28E-01	1.20E-02	2.27E-01	1.58E-01	1.31E-01	7.11E-02	
1_973385_A_C	5.86E-02	7.57E-04	7.48E-01	-8.67E-02	2.69E-01	1.90E-02	
1_973390_G_C	1.14E-01	5.73E-05	3.04E-01	-1.80E-01	1.75E-01	6.06E-02	
1_973391_C_T	2.69E-01	2.95E-05	1.38E-01	2.03E-01	1.36E-01	8.73E-02	
1_973399_T_C	3.48E-01	6.08E-02	4.99E-01	9.10E-02	1.34E-01	3.99E-02	
1_973400_C_G	2.41E-01	4.44E-09	1.50E-01	2.09E-01	1.45E-01	8.47E-02	
1_973409_C_G	1.14E-01	2.69E-07	3.38E-01	-4.75E-01	4.96E-01	5.64E-02	
1_973411_A_G	4.07E-01	1.63E-06	5.46E-01	9.19E-02	1.52E-01	3.56E-02	
1_973431_A_T	5.52E-02	3.31E-02	6.85E-01	9.09E-02	2.24E-01	2.39E-02	
1_973434_A_G	4.90E-01	2.90E-02	8.59E-01	-3.30E-02	1.86E-01	1.05E-02	
1_973443_G_A	1.59E-01	8.45E-07	9.16E-02	-2.59E-01	1.53E-01	9.92E-02	
1_973456_A_G	2.48E-01	7.42E-07	2.23E-01	1.63E-01	1.34E-01	7.18E-02	
1_973459_G_C	4.72E-01	8.45E-04	5.82E-01	8.25E-02	1.50E-01	3.24E-02	
1_973490_T_C	5.00E-01	2.43E-02	9.13E-01	2.00E-02	1.84E-01	6.41E-03	
1_973493_T_C	5.00E-01	2.43E-02	9.13E-01	2.00E-02	1.84E-01	6.41E-03	
1_973495_G_C	5.52E-02	1.53E-03	8.17E-01	-6.52E-02	2.82E-01	1.36E-02	
1_973501_G_C	4.03E-01	8.39E-06	8.00E-01	-3.99E-02	1.58E-01	1.49E-02	
1_973507_G_A	2.93E-01	4.63E-05	1.68E-01	1.72E-01	1.24E-01	8.12E-02	
1_973513_C_G	2.31E-01	1.50E-01	5.12E-01	-8.99E-02	1.37E-01	3.86E-02	
1_973519_C_T	7.24E-02	1.48E-03	5.68E-01	-9.13E-02	1.60E-01	3.37E-02	
1_973521_G_C	1.14E-01	2.69E-07	3.38E-01	-4.75E-01	4.96E-01	5.64E-02	
1_973534_T_C	1.00E-01	7.80E-04	4.52E-01	-1.22E-01	1.62E-01	4.44E-02	
1_973537_T_C	5.00E-01	2.43E-02	9.13E-01	2.00E-02	1.84E-01	6.41E-03	
1_973541_G_A	4.86E-01	2.04E-02	8.50E-01	-3.10E-02	1.64E-01	1.12E-02	
1_973552_G_C	4.52E-01	8.74E-05	7.58E-01	4.58E-02	1.49E-01	1.82E-02	
1_973585_T_C	4.90E-01	2.90E-02	8.59E-01	-3.30E-02	1.86E-01	1.05E-02	
1_973597_T_C	4.97E-01	1.69E-02	8.65E-01	3.02E-02	1.77E-01	1.00E-02	
1_973632_C_A	5.52E-02	1.53E-03	7.43E-01	-8.86E-02	2.70E-01	1.94E-02	
1_973635_T_C	1.03E-01	2.61E-06	8.92E-01	-4.18E-02	3.08E-01	7.99E-03	
1_973642_C_T	2.17E-01	1.88E-10	2.35E-02	4.07E-01	1.79E-01	1.33E-01	
1_973646_G_A	1.38E-01	3.87E-07	8.44E-02	-3.58E-01	2.07E-01	1.02E-01	
1_973681_G_C	2.52E-01	4.50E-09	8.89E-02	2.37E-01	1.39E-01	1.00E-01	
1_973685_C_A	5.17E-02	4.68E-04	6.64E-01	-9.84E-02	2.26E-01	2.56E-02	
1_973690_A_G	4.97E-01	4.21E-03	1.07E-01	2.08E-01	1.29E-01	9.49E-02	
1_973697_T_C	4.93E-01	2.23E-02	7.63E-01	-5.07E-02	1.68E-01	1.78E-02	
1_973701_T_C	1.52E-01	1.16E-07	2.59E-02	-3.36E-01	1.50E-01	1.31E-01	
1_973703_C_A	2.97E-01	6.91E-04	4.72E-02	2.79E-01	1.40E-01	1.17E-01	
1_973705_C_G	1.55E-01	4.33E-01	3.74E-01	-1.36E-01	1.53E-01	5.24E-02	
1_973711_A_G	1.97E-01	1.86E-01	5.20E-01	-8.34E-02	1.30E-01	3.79E-02	
1_973713_G_A	1.14E-01	3.10E-02	1.14E-01	-1.45E-01	9.16E-02	9.31E-02	
1_973714_T_C	5.00E-01	2.43E-02	9.13E-01	2.00E-02	1.84E-01	6.41E-03	
1_973727_C_G	1.14E-01	2.69E-07	3.38E-01	-4.75E-01	4.96E-01	5.64E-02	
1_973747_T_C	3.90E-01	6.09E-02	8.17E-01	-2.91E-02	1.25E-01	1.37E-02	
1_973748_G_A	7.93E-02	6.69E-05	7.32E-01	-8.53E-02	2.49E-01	2.02E-02	
1_973754_A_G	8.97E-02	4.81E-05	9.76E-01	9.08E-03	3.03E-01	1.76E-03	
1_973756_G_C	4.38E-01	4.26E-04	7.45E-01	5.53E-02	1.70E-01	1.92E-02	
1_973762_A_C	5.00E-01	2.43E-02	9.13E-01	2.00E-02	1.84E-01	6.41E-03	
1_973763_G_A	1.14E-01	2.69E-07	3.38E-01	-4.75E-01	4.96E-01	5.64E-02	
1_973781_C_G	6.21E-02	5.12E-05	6.93E-01	-1.10E-01	2.79E-01	2.33E-02	
1_973786_T_C	4.86E-01	1.06E-02	8.74E-01	-2.48E-02	1.56E-01	9.35E-03	
1_973795_A_G	3.83E-01	3.67E-07	5.58E-01	1.02E-01	1.74E-01	3.45E-02	
1_973796_G_A	5.86E-02	1.77E-01	4.03E-01	-1.02E-01	1.21E-01	4.93E-02	
1_973814_C_A	1.07E-01	1.23E-06	7.93E-01	-8.47E-02	3.23E-01	1.55E-02	
1_973815_A_G	2.72E-01	9.26E-08	3.94E-01	1.23E-01	1.44E-01	5.03E-02	
1_973819_C_T	3.66E-01	5.44E-09	3.75E-01	1.71E-01	1.93E-01	5.23E-02	
1_973820_C_T	1.03E-01	2.61E-06	8.92E-01	-4.18E-02	3.08E-01	7.99E-03	
1_973822_T_C	4.83E-01	3.40E-03	7.64E-01	4.91E-02	1.64E-01	1.77E-02	
1_973840_G_A	3.69E-01	4.60E-02	8.06E-01	3.65E-02	1.49E-01	1.45E-02	
1_973846_C_G	4.93E-01	1.16E-02	8.17E-01	3.88E-02	1.68E-01	1.36E-02	
1_973847_G_C	1.00E-01	7.53E-02	3.51E-01	1.87E-01	2.01E-01	5.49E-02	
1_973859_C_A	6.21E-02	2.16E-03	8.78E-01	3.70E-02	2.41E-01	9.03E-03	
1_973860_G_A	5.86E-02	4.19E-03	7.24E-01	8.02E-02	2.27E-01	2.08E-02	
1_973861_C_G	7.24E-02	2.76E-04	9.02E-01	-2.88E-02	2.34E-01	7.23E-03	
1_973867_G_A	4.55E-01	9.36E-04	3.19E-01	1.22E-01	1.23E-01	5.87E-02	
1_973870_G_C	8.97E-02	4.81E-05	9.76E-01	9.08E-03	3.03E-01	1.76E-03	
1_973874_T_C	4.76E-01	1.28E-02	4.98E-01	1.43E-01	2.10E-01	3.99E-02	
1_974059_C_T	3.83E-01	9.87E-08	4.66E-01	1.31E-01	1.80E-01	4.30E-02	
1_974066_C_T	2.48E-01	8.69E-09	4.34E-02	-1.72E-01	8.46E-02	1.19E-01	
1_974080_T_C	3.97E-01	2.10E-06	5.81E-01	9.77E-02	1.77E-01	3.25E-02	
1_974089_G_C	6.90E-02	1.14E-05	4.91E-01	-2.15E-01	3.12E-01	4.06E-02	
1_974098_A_G	8.97E-02	4.81E-05	8.44E-01	3.87E-02	1.96E-01	1.16E-02	
1_974107_C_T	2.79E-01	7.82E-06	2.65E-01	1.80E-01	1.61E-01	6.57E-02	
1_974110_G_A	4.28E-01	9.79E-06	1.92E-01	2.12E-01	1.62E-01	7.68E-02	
1_974112_A_G	1.00E-01	1.02E-02	8.50E-01	2.98E-02	1.57E-01	1.11E-02	
1_974115_G_A	4.41E-01	2.91E-04	3.80E-01	1.48E-01	1.68E-01	5.17E-02	
1_974116_T_C	6.21E-02	5.12E-05	6.93E-01	-1.10E-01	2.79E-01	2.33E-02	
1_974143_T_C	4.79E-01	3.44E-02	6.15E-01	-7.90E-02	1.57E-01	2.97E-02	
1_974147_C_A	9.31E-02	3.54E-06	7.06E-01	-1.03E-01	2.72E-01	2.22E-02	
1_974148_G_A	9.66E-02	1.67E-06	6.05E-01	-1.52E-01	2.94E-01	3.05E-02	
1_974164_C_G	1.07E-01	1.23E-06	8.37E-01	-6.57E-02	3.20E-01	1.21E-02	
1_974174_G_A	2.55E-01	2.75E-07	3.39E-01	1.36E-01	1.43E-01	5.63E-02	
1_974197_C_T	7.59E-02	2.02E-05	7.76E-01	-6.67E-02	2.34E-01	1.68E-02	
1_974215_G_C	1.00E-01	1.73E-04	7.39E-01	-4.56E-02	1.36E-01	1.97E-02	
1_974221_G_C	5.52E-02	1.53E-03	7.82E-01	-7.08E-02	2.56E-01	1.63E-02	
1_974228_A_G	6.21E-02	3.73E-04	7.90E-01	-7.30E-02	2.74E-01	1.57E-02	
1_974233_G_A	7.93E-02	9.60E-06	6.95E-01	-9.74E-02	2.48E-01	2.31E-02	
1_974249_C_A	4.93E-01	1.16E-02	4.01E-01	1.54E-01	1.83E-01	4.95E-02	
1_974251_C_T	8.97E-02	6.16E-01	1.30E-01	1.57E-01	1.03E-01	8.91E-02	
1_974263_G_A	6.90E-02	8.81E-05	4.01E-01	-1.58E-01	1.87E-01	4.95E-02	
1_974320_G_A	5.28E-01	9.89E-02	2.20E-01	-8.85E-02	7.20E-02	7.22E-02	
1_974327_A_C	4.90E-01	2.90E-02	8.59E-01	-3.30E-02	1.86E-01	1.05E-02	
1_974347_C_T	1.03E-01	6.77E-01	8.22E-01	-3.26E-02	1.45E-01	1.33E-02	
1_974351_G_A	5.17E-02	8.03E-01	1.54E-01	2.11E-01	1.48E-01	8.40E-02	
1_974362_C_T	6.55E-02	2.58E-06	1.85E-01	-3.19E-01	2.40E-01	7.81E-02	bad-chisq
1_974368_T_C	8.28E-02	3.25E-05	5.70E-01	-1.20E-01	2.11E-01	3.35E-02	
1_974383_G_C	2.66E-01	3.92E-06	3.56E-01	1.35E-01	1.46E-01	5.44E-02	
1_974384_G_A	1.00E-01	7.53E-02	1.90E-01	1.82E-01	1.39E-01	7.72E-02	
1_974386_G_C	1.38E-01	4.41E-01	9.22E-01	-1.54E-02	1.58E-01	5.74E-03	
1_974389_G_C	7.59E-02	1.37E-04	8.69E-01	4.28E-02	2.60E-01	9.73E-03	
1_974399_G_A	1.14E-01	2.69E-07	3.38E-01	-4.75E-01	4.96E-01	5.64E-02	
1_974407_C_T	1.69E-01	1.27E-02	5.06E-01	-5.55E-02	8.34E-02	3.92E-02	
1_974452_C_G	4.72E-01	8.67E-03	4.63E-01	1.43E-01	1.95E-01	4.33E-02	
1_974458_C_G	4.76E-01	1.28E-02	4.98E-01	1.43E-01	2.10E-01	3.99E-02	
1_974459_T_C	4.76E-01	1.28E-02	6.52E-01	8.27E-02	1.83E-01	2.66E-02	
1_974464_G_C	1.00E-01	7.78E-07	1.33E-01	-2.87E-01	1.90E-01	8.84E-02	
1_974481_T_C	6.90E-02	8.81E-05	6.02E-01	-1.55E-01	2.97E-01	3.08E-02	
1_974513_G_C	7.59E-02	7.61E-04	7.70E-01	8.28E-02	2.83E-01	1.72E-02	
1_974517_C_A	8.97E-02	4.81E-05	9.76E-01	9.08E-03	3.03E-01	1.76E-03	
1_974524_G_A	3.41E-01	3.22E-09	1.77E-01	2.02E-01	1.49E-01	7.95E-02	
1_974542_C_T	3.83E-01	3.67E-07	8.74E-01	2.72E-02	1.72E-01	9.33E-03	
1_974544_A_G	9.48E-01	1.75E-01	7.85E-01	3.60E-02	1.32E-01	1.61E-02	
1_980062_C_T	2.48E-01	7.77E-09	1.58E-01	1.88E-01	1.33E-01	8.31E-02	
1_980137_C_T	7.59E-02	1.37E-04	8.07E-01	-5.94E-02	2.43E-01	1.44E-02	
1_980146_A_G	4.52E-01	1.33E-03	7.84E-01	-4.36E-02	1.59E-01	1.61E-02	
1_980147_C_T	5.86E-02	1.83E-02	4.10E-01	-1.45E-01	1.75E-01	4.86E-02	
1_980152_G_C	5.86E-02	1.20E-05	3.74E-01	-2.15E-01	2.41E-01	5.24E-02	bad-chisq
1_980155_G_C	2.17E-01	1.88E-10	2.35E-02	4.07E-01	1.79E-01	1.33E-01	
1_980191_G_C	4.90E-01	7.85E-03	9.94E-01	1.12E-03	1.52E-01	4.34E-04	
1_980230_G_C	5.86E-02	7.57E-04	9.62E-01	1.11E-02	2.35E-01	2.78E-03	
1_980245_C_T	6.90E-02	5.54E-04	9.95E-01	-1.18E-03	2.08E-01	3.35E-04	
1_980251_C_G	6.90E-02	2.83E-03	5.15E-01	1.41E-01	2.17E-01	3.84E-02	
1_980254_G_A	1.28E-01	5.91E-07	2.36E-01	-2.30E-01	1.93E-01	6.98E-02	
1_980269_G_C	1.17E-01	5.42E-01	5.53E-01	1.04E-01	1.74E-01	3.49E-02	
1_980308_C_G	8.28E-02	2.53E-01	1.09E-01	2.25E-01	1.40E-01	9.44E-02	
1_980320_C_G	5.52E-01	1.55E-01	2.12E-01	-1.43E-01	1.14E-01	7.35E-02	
1_991436_T_G	1.14E-01	2.69E-07	3.38E-01	-4.75E-01	4.96E-01	5.64E-02	
1_991444_C_T	1.24E-01	5.85E-01	6.46E-01	-6.83E-02	1.49E-01	2.71E-02	
1_991454_T_G	8.28E-02	1.95E-04	2.21E-01	-2.26E-01	1.85E-01	7.21E-02	
1_991459_C_T	1.52E-01	7.32E-01	8.99E-01	-1.73E-02	1.36E-01	7.47E-03	
1_991466_C_T	1.38E-01	7.94E-01	9.69E-01	-3.28E-03	8.42E-02	2.30E-03	
1_991469_C_T	9.66E-02	7.09E-01	2.88E-01	-1.35E-01	1.27E-01	6.26E-02	
1_991506_C_G	9.31E-02	3.54E-06	8.01E-01	-7.56E-02	3.00E-01	1.48E-02	
1_991507_C_G	1.24E-01	2.06E-01	7.57E-01	4.76E-02	1.54E-01	1.82E-02	
1_991519_C_T	8.28E-02	7.78E-01	6.27E-01	5.16E-02	1.06E-01	2.86E-02	
1_991520_C_G	9.31E-02	3.54E-06	8.01E-01	-7.56E-02	3.00E-01	1.48E-02	
1_991525_C_G	3.24E-01	3.53E-03	8.92E-01	-2.02E-02	1.49E-01	7.98E-03	
1_991528_C_T	2.24E-01	8.89E-02	7.41E-01	-2.51E-02	7.60E-02	1.95E-02	
1_991540_C_T	5.62E-01	2.32E-03	9.81E-01	-1.77E-03	7.60E-02	1.38E-03	
1_991567_G_C	7.24E-02	4.24E-05	8.06E-01	-5.49E-02	2.23E-01	1.45E-02	
1_991591_A_G	4.66E-01	4.38E-05	4.59E-01	5.23E-02	7.04E-02	4.37E-02	
1_991592_G_A	6.66E-01	1.04E-02	4.88E-01	5.19E-02	7.48E-02	4.08E-02	
1_991597_A_G	5.66E-01	2.32E-05	5.30E-01	4.41E-02	7.01E-02	3.71E-02	
1_991616_G_C	4.52E-01	7.53E-02	6.77E-01	3.27E-02	7.84E-02	2.46E-02	
1_991618_G_A	6.90E-02	4.04E-02	5.23E-01	-8.75E-02	1.37E-01	3.77E-02	
1_991644_A_G	1.62E-01	5.75E-01	6.25E-01	4.01E-02	8.19E-02	2.88E-02	
1_991678_G_A	2.21E-01	6.74E-10	4.81E-02	3.35E-01	1.69E-01	1.16E-01	
1_991684_C_G	9.31E-02	3.54E-06	8.01E-01	-7.56E-02	3.00E-01	1.48E-02	
1_991688_C_T	5.52E-02	3.31E-02	4.58E-01	-1.34E-01	1.80E-01	4.38E-02	
1_991732_G_C	1.10E-01	5.79E-07	7.15E-01	-1.31E-01	3.60E-01	2.15E-02	
1_991756_G_A	7.93E-02	9.60E-06	7.32E-01	-7.79E-02	2.27E-01	2.02E-02	
1_991765_C_T	4.59E-01	4.24E-06	4.20E-01	-7.51E-02	9.31E-02	4.75E-02	
1_991795_A_G	4.79E-01	3.44E-02	5.62E-02	-2.06E-01	1.07E-01	1.12E-01	
1_991807_G_A	6.55E-02	1.82E-04	7.37E-01	-8.96E-02	2.66E-01	1.98E-02	
1_991832_G_A	6.90E-02	8.81E-05	6.02E-01	-1.55E-01	2.97E-01	3.08E-02	
1_991834_G_C	6.90E-02	8.81E-05	6.02E-01	-1.55E-01	2.97E-01	3.08E-02	
1_991873_G_C	4.31E-01	9.19E-03	6.16E-01	4.24E-02	8.44E-02	2.96E-02	
1_991927_C_G	5.52E-02	8.04E-03	8.86E-01	2.78E-02	1.94E-01	8.46E-03	
1_991978_G_C	5.52E-02	2.25E-04	9.39E-01	-1.98E-02	2.57E-01	4.54E-03	
1_991999_G_C	6.90E-02	2.83E-03	5.41E-01	1.49E-01	2.43E-01	3.60E-02	
1_992023_G_C	1.14E-01	2.69E-07	3.38E-01	-4.75E-01	4.96E-01	5.64E-02	
1_992035_A_G	3.07E-01	7.83E-05	7.42E-01	-4.16E-02	1.26E-01	1.94E-02	
1_992038_G_A	3.72E-01	3.59E-02	8.57E-01	-2.35E-02	1.30E-01	1.06E-02	
1_992101_G_C	7.59E-02	7.61E-04	3.84E-01	2.00E-01	2.29E-01	5.13E-02	
1_992146_G_C	5.86E-02	7.57E-04	5.93E-01	-1.34E-01	2.51E-01	3.15E-02	
1_992209_A_G	6.21E-02	9.06E-01	6.47E-01	6.33E-02	1.38E-01	2.70E-02	
1_992218_C_T	5.86E-02	3.99E-01	8.82E-01	-1.77E-02	1.19E-01	8.76E-03	
1_992227_C_G	1.31E-01	6.28E-01	3.00E-01	-1.73E-01	1.67E-01	6.11E-02	
1_992263_G_C	6.55E-02	1.10E-03	7.75E-01	6.79E-02	2.37E-01	1.68E-02	
1_992275_C_T	5.86E-02	3.99E-01	2.94E-01	1.35E-01	1.29E-01	6.18E-02	
1_992290_C_T	1.07E-01	1.63E-01	5.32E-01	-5.81E-02	9.30E-02	3.68E-02	
1_992296_C_T	5.86E-02	7.57E-04	6.05E-01	-1.11E-01	2.13E-01	3.05E-02	
1_992353_G_A	8.97E-02	2.63E-04	9.27E-01	1.68E-02	1.84E-01	5.38E-03	
1_992356_A_G	5.17E-02	3.04E-03	9.49E-01	1.48E-02	2.31E-01	3.76E-03	
1_992357_A_G	2.45E-01	6.44E-08	7.54E-02	2.51E-01	1.41E-01	1.05E-01	
1_992384_A_G	1.45E-01	7.63E-01	6.65E-01	6.89E-02	1.59E-01	2.55E-02	
1_992428_A_G	9.66E-02	1.45E-03	2.69E-01	-1.39E-01	1.26E-01	6.51E-02	
1_992443_T_C	4.62E-01	5.16E-03	7.77E-02	2.79E-01	1.57E-01	1.04E-01	
1_992448_A_G	2.17E-01	4.90E-02	4.78E-01	-9.35E-02	1.31E-01	4.19E-02	
1_992452_C_G	1.48E-01	8.58E-01	9.93E-01	1.47E-03	1.64E-01	5.29E-04	
1_992453_A_G	2.28E-01	6.91E-03	7.54E-01	-5.42E-02	1.73E-01	1.85E-02	
1_992458_G_A	8.62E-02	1.56E-05	6.01E-01	-1.27E-01	2.42E-01	3.08E-02	
1_992470_A_G	4.31E-01	1.59E-01	1.65E-02	-2.04E-01	8.46E-02	1.41E-01	
1_992476_C_T	2.59E-01	9.80E-06	5.01E-01	-7.30E-02	1.08E-01	3.97E-02	
1_992489_G_T	5.86E-02	4.19E-03	6.38E-01	1.18E-01	2.51E-01	2.78E-02	
1_992527_T_C	4.14E-01	6.54E-06	4.74E-01	1.14E-01	1.59E-01	4.22E-02	
1_992551_G_A	6.21E-02	5.12E-05	5.21E-01	-1.35E-01	2.09E-01	3.79E-02	
1_992554_G_C	2.76E-01	5.04E-01	8.11E-02	1.28E-01	7.32E-02	1.03E-01	
1_992599_G_A	6.55E-02	2.42E-05	6.15E-01	-1.34E-01	2.66E-01	2.96E-02	
1_992611_C_T	7.24E-02	3.73E-01	7.27E-01	-3.76E-02	1.08E-01	2.05E-02	
1_992641_C_G	5.52E-02	2.25E-04	8.20E-01	-5.66E-02	2.49E-01	1.34E-02	
1_992644_G_A	2.17E-01	2.41E-02	7.76E-01	-4.82E-02	1.69E-01	1.68E-02	
1_992734_C_G	3.10E-01	4.07E-04	8.96E-01	1.93E-02	1.48E-01	7.72E-03	
1_992737_G_A	1.03E-01	2.61E-06	6.64E-01	-9.76E-02	2.25E-01	2.56E-02	
1_992746_G_A	8.24E-01	1.25E-02	1.63E-01	-1.29E-01	9.23E-02	8.21E-02	
1_992776_G_C	6.90E-02	8.81E-05	6.02E-01	-1.55E-01	2.97E-01	3.08E-02	
1_992809_C_G	5.17E-02	5.48E-05	4.69E-01	-1.66E-01	2.29E-01	4.27E-02	bad-chisq
1_992815_G_A	3.24E-01	6.16E-04	2.14E-01	1.58E-01	1.27E-01	7.32E-02	
1_992854_G_A	5.52E-02	1.53E-03	8.17E-01	-6.52E-02	2.82E-01	1.36E-02	
1_992863_C_G	5.52E-02	1.53E-03	8.17E-01	-6.52E-02	2.82E-01	1.36E-02	
1_999079_C_T	3.62E-01	2.16E-09	2.84E-01	2.23E-01	2.08E-01	6.31E-02	
1_999094_G_A	1.07E-01	2.17E-04	1.66E-01	-2.05E-01	1.48E-01	8.16E-02	
1_999103_G_C	9.31E-02	2.35E-05	9.50E-01	1.67E-02	2.66E-01	3.70E-03	
1_999113_C_T	7.93E-02	6.69E-05	7.32E-01	-8.53E-02	2.49E-01	2.02E-02	
1_999130_G_A	5.86E-02	7.57E-04	7.19E-01	-9.45E-02	2.63E-01	2.12E-02	
1_999148_T_C	8.62E-02	1.56E-05	2.11E-01	-2.48E-01	1.98E-01	7.37E-02	
1_999157_T_C	4.76E-01	6.40E-03	9.04E-01	1.82E-02	1.51E-01	7.13E-03	
1_999163_A_G	4.62E-01	5.16E-03	6.56E-01	8.05E-02	1.81E-01	2.63E-02	
1_999169_G_A	8.97E-02	9.84E-07	6.04E-01	-1.18E-01	2.27E-01	3.06E-02	
1_999190_G_T	6.55E-02	2.58E-06	4.10E-01	-1.94E-01	2.35E-01	4.86E-02	bad-chisq
1_999196_G_C	4.34E-01	2.50E-04	5.95E-01	9.38E-02	1.76E-01	3.14E-02	
1_999199_T_C	4.38E-01	1.68E-04	3.05E-01	1.66E-01	1.62E-01	6.05E-02	
1_999208_G_A	5.86E-02	1.08E-04	7.50E-01	-9.19E-02	2.88E-01	1.88E-02	
1_999217_A_G	4.31E-01	1.43E-04	7.50E-01	4.80E-02	1.50E-01	1.88E-02	
1_999218_C_T	2.52E-01	8.36E-10	8.27E-02	2.76E-01	1.59E-01	1.02E-01	
1_999238_C_G	1.07E-01	1.23E-06	7.93E-01	-8.47E-02	3.23E-01	1.55E-02	
1_999241_C_T	5.52E-01	1.99E-03	3.32E-01	6.93E-02	7.13E-02	5.71E-02	
1_999250_G_A	8.28E-02	3.25E-05	7.08E-01	-8.79E-02	2.34E-01	2.21E-02	
1_999253_C_G	1.24E-01	8.52E-01	6.88E-01	6.58E-02	1.64E-01	2.37E-02	
1_999277_G_A	2.34E-01	2.46E-09	5.07E-03	4.11E-01	1.45E-01	1.64E-01	
1_999280_G_A	4.72E-01	1.81E-02	7.10E-01	-4.63E-02	1.24E-01	2.20E-02	
1_999301_C_G	4.17E-01	1.27E-05	1.34E-01	1.89E-01	1.26E-01	8.82E-02	
1_999304_C_T	1.10E-01	2.90E-01	5.78E-01	9.43E-02	1.69E-01	3.28E-02	
1_999328_A_G	2.38E-01	4.28E-03	7.07E-02	-2.42E-01	1.34E-01	1.06E-01	
1_999337_T_C	3.69E-01	1.33E-01	5.50E-01	-9.38E-02	1.57E-01	3.52E-02	
1_999350_T_C	2.28E-01	2.84E-03	3.59E-01	-1.58E-01	1.72E-01	5.41E-02	
1_999355_T_C	4.38E-01	1.02E-03	9.10E-01	1.74E-02	1.54E-01	6.68E-03	
1_999376_T_C	6.55E-02	1.10E-03	5.34E-01	1.28E-01	2.06E-01	3.66E-02	
1_999379_T_C	9.28E-01	9.81E-01	3.61E-01	-1.07E-01	1.17E-01	5.39E-02	
1_999388_T_C	4.45E-01	2.64E-03	9.59E-01	7.84E-03	1.53E-01	3.02E-03	
1_999398_C_T	3.52E-01	2.66E-09	6.23E-02	2.82E-01	1.51E-01	1.10E-01	
1_999406_G_C	5.52E-02	2.25E-04	5.98E-01	-1.18E-01	2.22E-01	3.11E-02	
1_999409_G_A	6.55E-02	5.36E-03	2.67E-01	2.52E-01	2.27E-01	6.54E-02	
1_999421_G_A	1.07E-01	3.05E-02	1.19E-01	-1.51E-01	9.68E-02	9.18E-02	
1_999436_G_C	1.83E-01	1.14E-01	4.97E-01	-5.48E-02	8.06E-02	4.00E-02	
1_999440_T_G	7.24E-02	5.32E-06	5.03E-01	-1.84E-01	2.74E-01	3.94E-02	
1_999441_C_G	6.90E-02	1.14E-05	4.91E-01	-2.15E-01	3.12E-01	4.06E-02	
1_999449_G_C	1.14E-01	2.69E-07	3.38E-01	-4.75E-01	4.96E-01	5.64E-02	
1_999496_G_A	2.21E-01	1.22E-01	6.03E-01	-6.75E-02	1.30E-01	3.06E-02	
1_999514_A_G	6.90E-02	7.71E-01	5.67E-01	-8.30E-02	1.45E-01	3.38E-02	
1_999529_G_A	6.55E-02	5.36E-03	7.77E-01	-5.39E-02	1.91E-01	1.67E-02	
1_999541_T_C	4.76E-01	3.04E-03	8.71E-01	2.37E-02	1.46E-01	9.55E-03	
1_999553_C_G	7.93E-02	4.01E-01	7.80E-01	-4.39E-02	1.57E-01	1.64E-02	
1_999556_G_C	7.24E-02	5.32E-06	6.67E-01	-1.12E-01	2.61E-01	2.53E-02	
1_999562_C_G	5.17E-02	1.52E-02	4.76E-01	1.89E-01	2.65E-01	4.20E-02	
1_999575_A_C	2.17E-01	1.88E-10	2.35E-02	4.07E-01	1.79E-01	1.33E-01	
1_999593_C_T	8.28E-02	1.95E-04	4.77E-01	-1.15E-01	1.61E-01	4.19E-02	
1_999601_A_G	7.93E-02	3.88E-04	6.77E-01	9.17E-02	2.20E-01	2.46E-02	
1_999625_G_C	1.14E-01	2.69E-07	3.38E-01	-4.75E-01	4.96E-01	5.64E-02	
1_999655_A_G	1.34E-01	6.79E-01	3.29E-01	-1.50E-01	1.54E-01	5.75E-02	
1_999685_G_A	8.97E-02	7.47E-06	5.13E-01	-1.17E-01	1.79E-01	3.86E-02	
1_999688_G_C	4.76E-01	1.28E-02	6.52E-01	8.27E-02	1.83E-01	2.66E-02	
1_999691_G_C	7.93E-02	6.69E-05	8.04E-01	5.80E-02	2.34E-01	1.46E-02	
1_999692_T_C	4.52E-01	2.98E-03	5.39E-01	1.06E-01	1.72E-01	3.62E-02	
1_999734_G_A	3.10E-01	5.67E-03	2.32E-02	3.50E-01	1.54E-01	1.33E-01	
1_999737_G_A	3.38E-01	2.49E-10	5.23E-02	3.26E-01	1.67E-01	1.14E-01	
1_999745_A_G	1.86E-01	8.12E-02	2.82E-01	-1.40E-01	1.29E-01	6.34E-02	
1_999754_C_T	9.66E-02	1.02E-01	5.54E-01	1.12E-01	1.89E-01	3.49E-02	
1_999796_G_C	2.97E-01	1.73E-03	6.71E-02	2.39E-01	1.30E-01	1.08E-01	
1_999799_A_G	7.93E-02	3.88E-04	8.53E-01	3.98E-02	2.14E-01	1.09E-02	
1_999805_G_A	4.52E-01	2.29E-04	7.60E-01	4.28E-02	1.40E-01	1.81E-02	
1_999829_T_C	4.10E-01	3.06E-05	5.40E-01	-8.95E-02	1.46E-01	3.61E-02	
1_999832_G_C	5.52E-02	8.04E-03	7.33E-01	5.99E-02	1.75E-01	2.01E-02	
1_999850_T_C	4.34E-01	2.50E-04	3.66E-01	1.11E-01	1.23E-01	5.33E-02	
1_999877_T_C	4.14E-01	9.52E-04	5.06E-02	2.71E-01	1.38E-01	1.15E-01	
1_999883_C_T	3.00E-01	4.77E-04	7.12E-01	-5.57E-02	1.51E-01	2.18E-02	
1_999895_G_C	6.90E-02	1.14E-05	4.91E-01	-2.15E-01	3.12E-01	4.06E-02	
1_999904_C_T	8.97E-02	2.46E-01	4.23E-01	9.10E-02	1.13E-01	4.73E-02	
1_999910_A_G	3.59E-01	3.83E-09	9.08E-02	2.49E-01	1.47E-01	9.95E-02	
1_999964_C_G	7.93E-02	9.60E-06	9.25E-01	-2.43E-02	2.57E-01	5.56E-03	
1_999967_T_C	2.66E-01	4.53E-05	7.13E-01	5.43E-02	1.48E-01	2.17E-02	
1_999994_C_T	6.21E-02	3.73E-04	7.78E-02	-2.62E-01	1.48E-01	1.04E-01	
1_1000012_G_A	5.17E-02	3.04E-03	5.54E-01	1.36E-01	2.30E-01	3.49E-02	
1_1000015_G_C	6.55E-02	5.36E-03	7.47E-01	-6.23E-02	1.93E-01	1.90E-02	
1_1000024_G_A	5.52E-02	8.04E-03	7.63E-01	6.66E-02	2.20E-01	1.78E-02	
1_1000028_C_T	2.21E-01	6.74E-10	3.47E-02	3.65E-01	1.72E-01	1.24E-01	
1_1000036_G_A	3.00E-01	1.22E-03	7.03E-02	2.63E-01	1.45E-01	1.06E-01	
1_1000051_G_A	2.55E-01	2.75E-07	3.55E-01	1.64E-01	1.77E-01	5.45E-02	
1_1000060_C_T	3.48E-01	2.04E-08	6.02E-01	7.20E-02	1.38E-01	3.08E-02	
1_1000075_G_A	1.00E-01	5.48E-06	7.19E-01	-1.31E-01	3.63E-01	2.12E-02	
1_1000078_G_A	5.38E-01	4.73E-06	9.53E-01	4.52E-03	7.73E-02	3.45E-03	
1_1000105_A_G	3.97E-01	1.71E-07	9.36E-02	1.74E-01	1.04E-01	9.86E-02	
1_1000129_C_T	5.52E-02	1.53E-03	6.01E-01	9.39E-02	1.79E-01	3.08E-02	
1_1000138_A_G	8.62E-02	3.47E-01	4.96E-01	-9.19E-02	1.35E-01	4.01E-02	
1_1000144_G_C	7.59E-02	2.48E-06	5.27E-01	-1.70E-01	2.69E-01	3.73E-02	
1_1000147_C_T	6.21E-02	2.71E-01	8.58E-01	-2.64E-02	1.48E-01	1.05E-02	
1_1000156_G_C	2.31E-01	2.24E-08	4.97E-02	3.31E-01	1.68E-01	1.15E-01	
1_1000159_G_A	4.07E-01	4.70E-05	5.50E-01	4.56E-02	7.62E-02	3.53E-02	
1_1000174_A_G	2.59E-01	6.94E-07	4.07E-01	1.42E-01	1.71E-01	4.88E-02	
1_1000177_C_G	6.90E-02	1.14E-05	4.91E-01	-2.15E-01	3.12E-01	4.06E-02	
1_1000180_C_T	4.76E-01	9.10E-05	2.84E-02	2.79E-01	1.26E-01	1.29E-01	
1_1000198_G_A	1.86E-01	1.50E-01	5.22E-02	2.76E-01	1.42E-01	1.14E-01	
1_1000201_A_G	4.10E-01	7.70E-08	5.22E-03	2.95E-01	1.05E-01	1.64E-01	
1_1000234_C_G	2.10E-01	5.10E-02	9.03E-01	-1.95E-02	1.60E-01	7.18E-03	
1_1000242_G_C	8.28E-02	5.27E-07	3.32E-01	-3.00E-01	3.09E-01	5.72E-02	
1_1000261_G_C	1.14E-01	2.69E-07	3.38E-01	-4.75E-01	4.96E-01	5.64E-02	
1_1000271_A_C	1.21E-01	2.61E-01	8.44E-01	-3.89E-02	1.97E-01	1.16E-02	
1_1000273_C_T	6.90E-02	2.83E-03	2.88E-01	-1.82E-01	1.71E-01	6.26E-02	
1_1000277_C_T	2.17E-01	1.88E-10	2.35E-02	4.07E-01	1.79E-01	1.33E-01	
1_1000291_T_C	3.66E-01	1.33E-05	2.61E-01	1.31E-01	1.16E-01	6.62E-02	
1_1000306_A_G	8.97E-02	1.22E-03	3.41E-01	-1.41E-01	1.48E-01	5.61E-02	
1_1000312_T_C	2.59E-01	1.57E-03	5.69E-02	-2.38E-01	1.25E-01	1.12E-01	
1_1000321_C_T	1.45E-01	8.54E-04	3.85E-03	-2.42E-01	8.32E-02	1.69E-01	
1_1000327_T_C	1.48E-01	1.27E-02	2.91E-01	-1.24E-01	1.18E-01	6.22E-02	
1_1000336_G_A	2.45E-01	1.33E-08	3.51E-01	1.66E-01	1.78E-01	5.49E-02	
1_1000339_G_C	1.00E-01	5.48E-06	7.19E-01	-1.31E-01	3.63E-01	2.12E-02	
1_1000351_G_C	5.86E-02	1.08E-04	7.81E-01	-7.41E-02	2.67E-01	1.64E-02	
1_1000353_C_G	5.86E-02	1.20E-05	3.52E-01	-2.36E-01	2.53E-01	5.49E-02	bad-chisq
1_1000369_C_T	5.86E-02	6.38E-02	1.32E-01	-1.81E-01	1.20E-01	8.87E-02	
1_1000379_A_G	1.38E-01	6.69E-01	2.26E-01	-1.89E-01	1.56E-01	7.13E-02	
1_1000381_G_C	3.55E-01	6.68E-02	4.36E-01	1.44E-01	1.85E-01	4.60E-02	
1_1000385_G_A	5.03E-01	3.42E-02	7.34E-01	-5.83E-02	1.71E-01	2.01E-02	
1_1000387_C_G	5.52E-02	8.04E-03	7.90E-01	5.91E-02	2.22E-01	1.57E-02	
1_1000411_G_A	1.62E-01	8.11E-01	6.06E-01	6.61E-02	1.28E-01	3.05E-02	
1_1000432_G_A	6.21E-02	1.11E-01	7.44E-01	5.32E-02	1.63E-01	1.93E-02	
1_1000435_G_A	6.55E-02	6.78E-02	2.31E-01	-1.38E-01	1.15E-01	7.06E-02	
1_1000438_C_G	6.21E-02	5.12E-05	6.93E-01	-1.10E-01	2.79E-01	2.33E-02	
1_1000441_G_C	6.21E-02	5.12E-05	6.93E-01	-1.10E-01	2.79E-01	2.33E-02	
1_1000447_C_T	2.41E-01	1.08E-07	5.29E-02	3.02E-01	1.55E-01	1.14E-01	
1_1000459_C_G	5.17E-02	4.68E-04	6.07E-01	-1.16E-01	2.25E-01	3.03E-02	
1_1000471_C_T	2.69E-01	8.81E-06	7.59E-02	2.27E-01	1.28E-01	1.04E-01	
1_1000504_C_G	7.59E-02	7.61E-04	7.70E-01	8.28E-02	2.83E-01	1.72E-02	
1_1000513_G_A	2.59E-01	6.33E-06	6.00E-02	-1.35E-01	7.14E-02	1.11E-01	
1_1000516_C_G	7.59E-02	1.37E-04	8.80E-01	3.57E-02	2.35E-01	8.94E-03	
1_1000558_G_C	4.69E-01	1.21E-03	5.78E-01	8.48E-02	1.52E-01	3.28E-02	
1_1000582_A_G	3.34E-01	6.59E-03	6.78E-01	5.49E-02	1.32E-01	2.45E-02	
1_1000588_C_G	1.14E-01	2.29E-01	9.38E-01	1.29E-02	1.66E-01	4.57E-03	
1_1000603_A_G	4.69E-01	1.21E-03	6.05E-01	7.24E-02	1.40E-01	3.05E-02	
1_1000615_C_T	3.62E-01	6.03E-05	7.28E-01	-2.86E-02	8.22E-02	2.05E-02	
1_1000621_G_C	4.55E-01	2.13E-03	5.94E-01	-3.93E-02	7.36E-02	3.14E-02	
1_1000630_G_C	9.31E-02	2.35E-05	9.50E-01	1.67E-02	2.66E-01	3.70E-03	
1_1000639_C_T	2.48E-01	3.82E-08	2.52E-02	3.28E-01	1.46E-01	1.31E-01	
1_1000642_G_A	2.10E-01	8.80E-11	8.53E-03	4.39E-01	1.66E-01	1.54E-01	
1_1000669_G_C	1.07E-01	1.23E-06	8.91E-01	-4.09E-02	2.99E-01	8.05E-03	
1_1000711_C_G	5.17E-02	5.48E-05	4.88E-01	-1.66E-01	2.40E-01	4.09E-02	bad-chisq
1_1000738_G_A	6.21E-02	5.12E-05	6.89E-01	-9.17E-02	2.29E-01	2.36E-02	
1_1000741_T_C	2.38E-01	1.72E-03	1.00E-01	-2.27E-01	1.37E-01	9.68E-02	
1_1000750_A_G	2.76E-01	1.23E-05	5.48E-01	7.96E-02	1.32E-01	3.55E-02	
1_1000753_G_C	8.28E-02	5.27E-07	3.62E-01	-2.37E-01	2.60E-01	5.38E-02	
1_1000757_G_T	2.59E-01	2.70E-06	4.63E-02	3.11E-01	1.55E-01	1.17E-01	
1_1000762_G_A	2.83E-01	5.34E-05	3.68E-02	2.97E-01	1.42E-01	1.23E-01	
1_1000768_T_C	5.86E-02	4.19E-03	6.80E-01	9.36E-02	2.27E-01	2.43E-02	
1_1000789_C_T	5.86E-02	1.08E-04	5.21E-01	-1.52E-01	2.37E-01	3.78E-02	
1_1000823_C_G	1.14E-01	2.69E-07	3.38E-01	-4.75E-01	4.96E-01	5.64E-02	
1_1000828_C_G	6.21E-02	9.06E-01	4.87E-02	-3.08E-01	1.56E-01	1.16E-01	
1_1000840_C_T	3.17E-01	6.64E-05	7.48E-01	-3.29E-02	1.03E-01	1.89E-02	
1_1000845_A_C	6.55E-02	1.10E-03	6.52E-01	9.86E-02	2.19E-01	2.66E-02	
1_1000855_G_C	8.28E-02	4.18E-03	4.28E-01	-1.28E-01	1.61E-01	4.67E-02	
1_1000860_C_A	1.03E-01	4.30E-08	1.30E-01	-5.40E-01	3.56E-01	8.90E-02	
1_1000877_C_T	2.38E-01	1.80E-07	1.89E-01	1.99E-01	1.51E-01	7.74E-02	
1_1000882_G_C	1.48E-01	4.79E-04	1.35E-01	-1.93E-01	1.29E-01	8.81E-02	
1_1000896_G_C	1.66E-01	6.76E-01	1.10E-01	-2.28E-01	1.42E-01	9.40E-02	
1_1000909_C_G	9.31E-02	2.35E-05	9.74E-01	-8.76E-03	2.69E-01	1.92E-03	
1_1000946_A_G	1.14E-01	2.69E-07	3.38E-01	-4.75E-01	4.96E-01	5.64E-02	
1_1000948_C_G	8.62E-02	9.74E-05	7.64E-01	7.11E-02	2.37E-01	1.77E-02	
1_1000954_G_C	5.31E-01	6.34E-04	2.73E-01	-9.17E-02	8.35E-02	6.46E-02	
1_1000966_C_G	5.52E-02	2.25E-04	8.83E-01	-3.98E-02	2.71E-01	8.67E-03	
1_1000972_G_C	5.86E-02	4.19E-03	9.26E-01	1.92E-02	2.05E-01	5.51E-03	
1_1000978_G_A	3.31E-01	3.64E-06	3.50E-01	8.46E-02	9.04E-02	5.51E-02	
1_1000987_G_C	7.59E-02	2.48E-06	5.93E-01	-1.41E-01	2.64E-01	3.15E-02	
1_1000988_G_A	5.86E-02	1.20E-05	3.52E-01	-2.36E-01	2.53E-01	5.49E-02	bad-chisq
1_1000999_G_C	3.24E-01	7.63E-07	4.96E-01	5.80E-02	8.51E-02	4.02E-02	
1_1001011_G_C	6.90E-02	1.19E-06	1.56E-01	-3.62E-01	2.55E-01	8.35E-02	bad-chisq
1_1001014_G_A	5.86E-02	1.08E-04	1.07E-01	-2.78E-01	1.72E-01	9.48E-02	
1_1001023_G_A	2.55E-01	1.32E-08	1.85E-01	2.23E-01	1.67E-01	7.81E-02	
1_1001024_T_C	5.28E-01	1.81E-02	9.38E-01	7.03E-03	9.06E-02	4.57E-03	
1_1001029_T_C	7.93E-02	7.30E-02	7.99E-01	3.32E-02	1.30E-01	1.50E-02	
1_1001032_C_T	3.62E-01	6.03E-05	9.61E-02	1.59E-01	9.53E-02	9.79E-02	
1_1001038_G_A	6.55E-02	1.10E-03	9.52E-01	1.41E-02	2.36E-01	3.53E-03	
1_1001044_A_G	3.55E-01	3.61E-04	1.55E-01	1.32E-01	9.23E-02	8.37E-02	
1_1001053_T_C	5.66E-01	2.05E-02	8.71E-01	-1.53E-02	9.43E-02	9.59E-03	
1_1001056_T_C	5.62E-01	2.69E-02	9.17E-01	1.03E-02	9.87E-02	6.12E-03	
1_1001058_T_C	1.41E-01	8.19E-01	8.10E-02	-2.45E-01	1.40E-01	1.03E-01	
1_1001060_G_T	1.14E-01	2.69E-07	3.38E-01	-4.75E-01	4.96E-01	5.64E-02	
1_1001101_C_G	6.90E-02	5.54E-04	9.93E-01	2.13E-03	2.27E-01	5.52E-04	
1_1001116_C_T	2.14E-01	3.32E-10	4.60E-02	3.45E-01	1.72E-01	1.17E-01	
1_1001125_C_G	3.52E-01	4.79E-02	2.30E-01	2.09E-01	1.74E-01	7.06E-02	
1_1001137_T_C	4.83E-01	7.10E-03	3.80E-01	-1.15E-01	1.31E-01	5.17E-02	
1_1001149_C_T	5.17E-02	5.48E-05	8.44E-01	-4.21E-02	2.14E-01	1.16E-02	bad-chisq
1_1001167_G_C	1.00E-01	5.48E-06	9.31E-01	2.18E-02	2.52E-01	5.10E-03	
1_1001176_G_A	4.34E-01	1.19E-05	3.20E-01	1.53E-01	1.54E-01	5.86E-02	
1_1001197_G_A	1.52E-01	3.50E-06	2.29E-01	-1.31E-01	1.09E-01	7.08E-02	
1_1001200_C_G	1.10E-01	5.79E-07	5.38E-01	-2.44E-01	3.96E-01	3.63E-02	
1_1001218_C_T	4.00E-01	1.29E-06	4.41E-01	1.18E-01	1.53E-01	4.54E-02	
1_1001260_G_A	8.28E-02	4.51E-02	9.97E-01	-5.02E-04	1.43E-01	2.07E-04	
1_1001293_G_A	6.21E-02	1.00E-02	5.21E-01	1.22E-01	1.90E-01	3.79E-02	
1_1001332_G_C	2.97E-01	4.54E-03	5.09E-01	-6.79E-02	1.03E-01	3.89E-02	
1_1001359_A_G	1.34E-01	7.78E-01	7.35E-01	-5.74E-02	1.70E-01	2.00E-02	
1_1001368_G_A	7.59E-02	7.61E-04	7.08E-01	6.79E-02	1.81E-01	2.21E-02	
1_1001377_T_C	4.52E-01	1.33E-03	4.13E-01	1.43E-01	1.75E-01	4.83E-02	
1_1001434_T_C	6.55E-02	1.82E-04	6.98E-01	-9.90E-02	2.55E-01	2.29E-02	
1_1001443_G_C	8.62E-02	9.74E-05	8.93E-01	3.81E-02	2.84E-01	7.90E-03	
1_1001452_G_C	1.00E-01	7.78E-07	4.48E-01	-2.02E-01	2.67E-01	4.47E-02	
1_1001456_G_T	5.52E-02	2.25E-04	7.56E-01	-8.04E-02	2.58E-01	1.83E-02	
1_1001464_A_G	6.10E-01	7.62E-02	9.88E-01	1.36E-03	8.71E-02	9.20E-04	
1_1001497_C_T	7.93E-02	3.88E-04	6.51E-01	9.91E-02	2.18E-01	2.67E-02	
1_1001512_G_A	9.31E-02	2.87E-02	2.61E-01	1.48E-01	1.31E-01	6.63E-02	
1_1001518_C_G	9.66E-02	1.14E-05	8.97E-01	-3.92E-02	3.02E-01	7.64E-03	
1_1001539_A_G	1.45E-01	4.78E-01	1.89E-01	1.87E-01	1.42E-01	7.73E-02	
1_1001545_G_A	5.10E-01	3.10E-04	2.55E-01	-1.26E-01	1.11E-01	6.70E-02	
1_1001593_C_G	3.76E-01	1.43E-01	9.84E-01	-3.09E-03	1.52E-01	1.20E-03	
1_1001611_A_G	1.83E-01	6.20E-04	2.50E-01	-1.01E-01	8.79E-02	6.78E-02	
1_1001638_C_T	6.55E-02	2.42E-05	6.15E-01	-1.34E-01	2.66E-01	2.96E-02	
1_1001644_G_A	4.14E-01	5.66E-05	2.72E-01	-1.51E-01	1.37E-01	6.48E-02	
1_1001645_C_T	1.07E-01	8.89E-01	1.99E-01	1.25E-01	9.71E-02	7.56E-02	
1_1001656_A_G	4.62E-01	6.50E-02	9.32E-01	7.22E-03	8.41E-02	5.06E-03	
1_1001665_C_T	2.31E-01	1.09E-07	3.78E-02	3.07E-01	1.47E-01	1.22E-01	
1_1001668_G_A	5.17E-02	4.68E-04	8.14E-01	-4.69E-02	1.99E-01	1.39E-02	
1_1001669_T_C	4.66E-01	1.72E-03	4.20E-01	9.49E-02	1.17E-01	4.75E-02	
1_1001674_C_G	4.14E-01	2.05E-06	8.43E-01	-2.83E-02	1.42E-01	1.17E-02	
1_1001686_C_T	5.52E-02	3.31E-02	6.56E-01	7.69E-02	1.72E-01	2.63E-02	
1_1001704_A_G	3.59E-01	7.43E-03	9.21E-01	-9.66E-03	9.68E-02	5.88E-03	
1_1001719_C_A	2.10E-01	8.80E-11	8.53E-03	4.39E-01	1.66E-01	1.54E-01	
1_1001731_G_C	5.52E-02	2.25E-04	9.21E-01	-2.46E-02	2.47E-01	5.88E-03	
1_1001740_C_G	1.00E-01	5.48E-06	7.19E-01	-1.31E-01	3.63E-01	2.12E-02	
1_1001741_G_A	8.28E-02	4.51E-02	8.02E-01	3.81E-02	1.52E-01	1.48E-02	
1_1001752_C_T	4.10E-01	9.52E-04	7.40E-01	2.61E-02	7.84E-02	1.96E-02	
1_1001755_G_C	8.28E-02	3.25E-05	6.93E-02	-3.16E-01	1.73E-01	1.07E-01	
1_1001816_G_A	9.66E-02	6.69E-05	5.78E-01	-9.55E-02	1.72E-01	3.28E-02	
1_1001820_C_A	7.59E-02	2.48E-06	5.27E-01	-1.70E-01	2.69E-01	3.73E-02	
1_1001823_A_C	1.14E-01	2.69E-07	3.38E-01	-4.75E-01	4.96E-01	5.64E-02	
1_1001824_A_C	1.14E-01	2.69E-07	3.38E-01	-4.75E-01	4.96E-01	5.64E-02	
1_1001830_T_C	4.34E-01	9.55E-05	4.26E-01	1.30E-01	1.63E-01	4.69E-02	
1_1001842_T_C	1.10E-01	5.79E-07	7.17E-01	-1.30E-01	3.60E-01	2.13E-02	
1_1001845_C_G	1.38E-01	1.15E-05	8.27E-01	-3.92E-02	1.79E-01	1.29E-02	
1_1001851_A_G	1.00E-01	7.78E-07	4.32E-01	-2.31E-01	2.93E-01	4.63E-02	
1_1001877_A_G	4.38E-01	1.02E-03	9.26E-01	1.50E-02	1.61E-01	5.49E-03	
1_1001878_G_A	4.59E-01	1.52E-03	3.91E-01	1.57E-01	1.82E-01	5.06E-02	
1_1024069_C_T	7.24E-02	4.24E-05	3.25E-01	-2.05E-01	2.08E-01	5.80E-02	
1_1024093_G_A	6.55E-02	1.10E-03	2.54E-01	-2.23E-01	1.96E-01	6.71E-02	
1_1024099_G_A	1.00E-01	8.43E-01	2.72E-01	-1.43E-01	1.30E-01	6.47E-02	
1_1024115_G_A	8.28E-02	5.27E-07	3.32E-01	-3.00E-01	3.09E-01	5.72E-02	
1_1024143_G_A	4.97E-01	3.15E-02	8.42E-01	-3.51E-02	1.76E-01	1.18E-02	
1_1024147_C_G	1.14E-01	2.69E-07	3.38E-01	-4.75E-01	4.96E-01	5.64E-02	
1_1024150_G_A	1.24E-01	1.24E-06	9.19E-01	-2.68E-02	2.64E-01	5.98E-03	
1_1024161_C_G	5.52E-02	2.25E-04	9.59E-01	1.30E-02	2.54E-01	3.01E-03	
1_1024193_C_T	6.21E-02	9.06E-01	5.85E-01	6.41E-02	1.17E-01	3.22E-02	
1_1024207_G_C	1.52E-01	1.82E-01	7.19E-01	4.53E-02	1.26E-01	2.12E-02	
1_1024211_C_G	1.17E-01	3.28E-01	9.44E-01	-1.11E-02	1.58E-01	4.15E-03	
1_1024240_C_G	1.62E-01	1.58E-04	6.64E-01	-4.28E-02	9.85E-02	2.56E-02	
1_1024243_C_T	2.76E-01	8.38E-02	6.92E-01	-2.94E-02	7.41E-02	2.33E-02	
1_1024259_A_C	1.14E-01	2.69E-07	3.38E-01	-4.75E-01	4.96E-01	5.64E-02	
1_1024260_A_G	1.14E-01	2.69E-07	3.38E-01	-4.75E-01	4.96E-01	5.64E-02	
1_1024267_G_A	9.31E-02	2.35E-05	9.74E-01	-8.76E-03	2.69E-01	1.92E-03	
1_1024270_C_G	6.21E-02	5.12E-05	8.53E-01	-4.74E-02	2.56E-01	1.09E-02	
1_1024277_A_C	6.21E-02	5.12E-05	6.93E-01	-1.10E-01	2.79E-01	2.33E-02	
1_1024281_C_A	4.93E-01	4.05E-02	5.38E-01	-1.06E-01	1.72E-01	3.63E-02	
1_1024294_C_T	6.90E-02	8.81E-05	6.02E-01	-1.55E-01	2.97E-01	3.08E-02	
1_1024300_A_G	8.28E-02	4.18E-03	4.95E-01	-1.05E-01	1.53E-01	4.02E-02	
1_1024309_C_T	4.31E-01	3.67E-04	9.58E-01	-7.09E-03	1.34E-01	3.12E-03	
1_1024351_T_C	4.03E-01	2.22E-07	1.02E-01	2.04E-01	1.24E-01	9.61E-02	
1_1024394_T_G	2.93E-01	5.00E-04	2.96E-02	-2.90E-01	1.33E-01	1.28E-01	
1_1024402_C_A	6.21E-02	2.71E-01	4.87E-01	-9.53E-02	1.37E-01	4.10E-02	
1_1024407_A_G	2.28E-01	1.09E-03	8.63E-02	-2.16E-01	1.26E-01	1.01E-01	
1_1024408_A_G	5.52E-02	5.67E-01	5.64E-01	-8.40E-02	1.45E-01	3.40E-02	
1_1032811_C_T	5.24E-01	5.67E-04	8.15E-01	1.67E-02	7.15E-02	1.38E-02	
1_1032844_T_C	7.86E-01	5.10E-01	5.16E-01	-4.91E-02	7.56E-02	3.83E-02	
1_1032855_C_T	1.10E-01	2.90E-01	3.39E-02	2.04E-01	9.57E-02	1.25E-01	
1_1032864_C_G	5.45E-01	9.08E-02	8.06E-01	-1.69E-02	6.86E-02	1.45E-02	
1_1032880_T_C	5.79E-01	1.27E-03	1.28E-02	2.43E-01	9.70E-02	1.46E-01	
1_1032905_C_T	6.55E-02	9.28E-01	1.44E-02	2.98E-01	1.21E-01	1.44E-01	
1_1032913_G_A	5.86E-02	4.19E-03	9.26E-01	2.09E-02	2.25E-01	5.46E-03	
1_1032915_G_C	1.14E-01	2.69E-07	3.38E-01	-4.75E-01	4.96E-01	5.64E-02	
1_1032930_C_G	9.66E-02	1.14E-05	7.96E-01	6.28E-02	2.42E-01	1.53E-02	
1_1032932_A_C	1.14E-01	2.69E-07	3.38E-01	-4.75E-01	4.96E-01	5.64E-02	
1_1032936_C_T	3.38E-01	1.54E-05	2.35E-02	2.04E-01	8.95E-02	1.33E-01	
1_1032941_T_A	8.97E-02	4.81E-05	9.76E-01	9.08E-03	3.03E-01	1.76E-03	
1_1032972_C_G	8.28E-02	1.95E-04	2.18E-01	-2.10E-01	1.70E-01	7.25E-02	
1_1032981_C_G	2.41E-01	1.08E-07	9.53E-02	2.56E-01	1.53E-01	9.81E-02	
1_1032987_G_C	8.28E-02	4.52E-06	7.02E-01	-8.61E-02	2.24E-01	2.26E-02	
1_1032990_C_G	6.55E-02	1.82E-04	3.96E-01	-2.01E-01	2.36E-01	5.01E-02	
1_1033014_C_T	5.17E-02	3.04E-03	3.68E-01	-1.53E-01	1.69E-01	5.31E-02	
1_1033029_A_G	4.66E-01	3.76E-03	3.87E-01	1.59E-01	1.84E-01	5.10E-02	
1_1033032_G_C	6.21E-02	2.16E-03	9.87E-01	-4.00E-03	2.37E-01	9.95E-04	
1_1033038_C_G	6.21E-02	5.12E-05	7.68E-01	-8.06E-02	2.73E-01	1.74E-02	
1_1033080_T_C	4.79E-01	1.86E-02	8.56E-01	-2.84E-02	1.57E-01	1.07E-02	
1_1033085_C_T	1.14E-01	2.69E-07	3.38E-01	-4.75E-01	4.96E-01	5.64E-02	
1_1033092_G_C	5.17E-02	4.68E-04	9.98E-01	5.40E-04	2.72E-01	1.17E-04	
1_1033126_C_T	1.28E-01	2.95E-01	7.27E-01	-5.37E-02	1.54E-01	2.06E-02	
1_1033129_T_C	1.38E-01	5.45E-01	7.40E-01	2.87E-02	8.66E-02	1.96E-02	
1_1033131_G_C	1.55E-01	3.94E-01	8.14E-01	3.48E-02	1.48E-01	1.38E-02	
1_1033149_C_T	2.31E-01	7.50E-10	2.13E-02	3.69E-01	1.59E-01	1.35E-01	
1_1033152_C_T	3.86E-01	2.20E-07	4.93E-02	1.45E-01	7.34E-02	1.16E-01	
1_1033155_C_T	1.86E-01	2.57E-01	2.67E-01	-1.46E-01	1.31E-01	6.54E-02	
1_1033165_G_A	3.00E-01	2.92E-03	1.25E-01	2.24E-01	1.46E-01	9.02E-02	
1_1033176_G_C	1.14E-01	2.69E-07	3.38E-01	-4.75E-01	4.96E-01	5.64E-02	
1_1033197_G_C	5.17E-02	1.52E-02	6.71E-01	9.19E-02	2.16E-01	2.51E-02	
1_1033203_G_A	2.10E-01	8.80E-11	8.53E-03	4.39E-01	1.66E-01	1.54E-01	
1_1033223_G_C	1.14E-01	2.69E-07	3.38E-01	-4.75E-01	4.96E-01	5.64E-02	
1_1033237_A_C	6.21E-02	5.12E-05	5.98E-01	-1.17E-01	2.22E-01	3.11E-02	
1_1033239_T_G	7.59E-02	2.02E-05	4.24E-01	-2.23E-01	2.78E-01	4.72E-02	
1_1033246_C_G	1.14E-01	2.69E-07	3.38E-01	-4.75E-01	4.96E-01	5.64E-02	
1_1033248_G_A	1.00E-01	5.48E-06	7.88E-01	-7.69E-02	2.86E-01	1.58E-02	
1_1033260_C_T	7.59E-02	1.37E-04	1.86E-01	-2.12E-01	1.60E-01	7.78E-02	
1_1033266_C_T	2.41E-01	4.44E-09	4.15E-02	2.93E-01	1.43E-01	1.20E-01	
1_1033270_C_T	2.48E-01	1.75E-07	2.19E-02	3.54E-01	1.54E-01	1.35E-01	
1_1033278_G_C	3.38E-01	2.49E-10	5.23E-02	3.26E-01	1.67E-01	1.14E-01	
1_1033284_C_T	2.24E-01	2.28E-09	7.52E-02	2.86E-01	1.60E-01	1.05E-01	
1_1033302_C_T	5.52E-02	2.25E-04	2.76E-01	-1.87E-01	1.71E-01	6.42E-02	
1_1033308_T_C	5.93E-01	1.52E-03	3.32E-02	1.94E-01	9.08E-02	1.25E-01	
1_1033323_C_T	7.93E-02	9.60E-06	8.35E-01	-4.87E-02	2.34E-01	1.23E-02	
1_1033338_G_C	6.55E-02	1.82E-04	7.37E-01	-8.96E-02	2.66E-01	1.98E-02	
1_1033339_C_T	5.52E-02	8.04E-03	1.94E-01	-2.26E-01	1.74E-01	7.65E-02	
1_1033352_T_C	2.17E-01	1.88E-10	2.35E-02	4.07E-01	1.79E-01	1.33E-01	
1_1033365_T_C	2.97E-01	4.06E-03	2.12E-01	1.84E-01	1.47E-01	7.34E-02	
1_1033375_T_C	4.86E-01	5.21E-03	7.23E-02	2.96E-01	1.64E-01	1.06E-01	
1_1033377_G_C	4.69E-01	5.13E-04	5.82E-02	2.72E-01	1.43E-01	1.11E-01	
1_1033389_C_T	1.10E-01	1.12E-04	3.53E-01	-1.61E-01	1.73E-01	5.47E-02	
1_1033398_G_C	1.14E-01	2.69E-07	3.38E-01	-4.75E-01	4.96E-01	5.64E-02	
1_1033417_C_T	2.31E-01	1.22E-10	6.72E-03	3.95E-01	1.45E-01	1.59E-01	
1_1033438_G_A	5.52E-02	8.04E-03	3.84E-01	2.11E-01	2.42E-01	5.13E-02	
1_1033443_C_G	6.90E-02	2.83E-03	4.70E-01	-1.17E-01	1.62E-01	4.26E-02	
1_1033461_C_T	1.14E-01	7.45E-02	7.47E-02	2.18E-01	1.22E-01	1.05E-01	
1_1033471_C_T	7.24E-02	1.48E-03	2.29E-01	-2.08E-01	1.73E-01	7.09E-02	
1_1033473_G_A	2.14E-01	3.32E-10	4.60E-02	3.45E-01	1.72E-01	1.17E-01	
1_1033509_G_C	8.28E-02	1.95E-04	7.46E-01	8.67E-02	2.67E-01	1.91E-02	
1_1033510_C_T	1.34E-01	2.68E-01	6.48E-03	3.02E-01	1.10E-01	1.60E-01	
1_1033527_C_T	1.48E-01	8.58E-01	7.44E-01	3.93E-02	1.20E-01	1.92E-02	
1_1033530_C_T	2.76E-01	3.51E-06	3.22E-01	1.37E-01	1.38E-01	5.83E-02	
1_1033536_C_T	1.00E-01	8.43E-01	9.37E-01	-9.11E-03	1.15E-01	4.68E-03	
1_1033539_C_T	9.66E-02	4.38E-01	8.91E-01	-1.35E-02	9.82E-02	8.09E-03	
1_1033549_G_A	8.97E-02	4.81E-05	2.76E-01	-1.69E-01	1.55E-01	6.41E-02	
1_1033550_C_T	1.83E-01	2.81E-02	7.97E-01	4.40E-02	1.71E-01	1.51E-02	
1_1033551_G_C	1.00E-01	5.48E-06	9.56E-01	-1.48E-02	2.68E-01	3.25E-03	
1_1033584_G_A	2.45E-01	1.33E-08	3.51E-01	1.66E-01	1.78E-01	5.49E-02	
1_1033590_G_A	6.90E-02	2.83E-03	5.82E-01	1.29E-01	2.34E-01	3.25E-02	
1_1033594_T_C	4.28E-01	8.07E-05	9.98E-01	2.80E-04	1.41E-01	1.17E-04	
1_1033641_C_G	1.90E-01	1.85E-03	5.73E-01	-4.58E-02	8.12E-02	3.32E-02	
1_1033648_C_T	1.07E-01	6.01E-01	1.39E-01	1.43E-01	9.63E-02	8.70E-02	
1_1033659_T_C	4.76E-01	1.28E-02	4.98E-01	1.43E-01	2.10E-01	3.99E-02	
1_1033674_C_G	5.52E-02	2.57E-05	3.53E-01	-2.27E-01	2.44E-01	5.47E-02	bad-chisq
1_1033686_C_T	7.24E-02	5.32E-06	5.62E-02	-3.04E-01	1.58E-01	1.12E-01	
1_1033687_A_G	1.00E-01	5.48E-06	9.94E-01	-2.00E-03	2.67E-01	4.41E-04	
1_1033699_C_T	5.86E-02	1.83E-02	4.11E-01	-1.44E-01	1.75E-01	4.85E-02	
1_1033701_G_A	8.28E-02	2.53E-01	6.89E-01	-4.23E-02	1.05E-01	2.36E-02	
1_1033717_T_G	5.86E-02	1.08E-04	5.21E-01	-1.52E-01	2.37E-01	3.78E-02	
1_1033722_T_C	1.34E-01	7.78E-01	5.61E-01	-9.33E-02	1.60E-01	3.42E-02	
1_1033732_G_A	8.97E-02	7.47E-06	6.30E-01	-1.32E-01	2.73E-01	2.84E-02	
1_1033735_G_A	1.00E-01	7.53E-02	3.51E-01	1.87E-01	2.01E-01	5.49E-02	
1_1033737_G_C	2.59E-01	1.66E-07	2.36E-02	3.35E-01	1.47E-01	1.33E-01	
1_1033744_A_G	7.24E-02	2.76E-04	1.18E-01	-2.42E-01	1.54E-01	9.19E-02	
1_1033748_G_C	6.90E-02	8.81E-05	6.02E-01	-1.55E-01	2.97E-01	3.08E-02	
1_1033759_C_T	1.69E-01	1.23E-01	5.86E-01	-4.35E-02	7.98E-02	3.21E-02	
1_1033762_G_T	1.14E-01	2.69E-07	3.38E-01	-4.75E-01	4.96E-01	5.64E-02	
1_1033764_C_G	2.10E-01	2.49E-02	5.76E-01	-9.01E-02	1.61E-01	3.30E-02	
1_1033767_C_G	1.10E-01	5.79E-07	5.38E-01	-2.44E-01	3.96E-01	3.63E-02	
1_1033779_C_G	5.17E-02	5.48E-05	2.98E-01	-2.56E-01	2.45E-01	6.13E-02	bad-chisq
1_1033795_A_C	1.07E-01	1.66E-07	1.69E-01	-4.37E-01	3.17E-01	8.10E-02	
1_1033796_A_G	1.14E-01	2.69E-07	3.38E-01	-4.75E-01	4.96E-01	5.64E-02	
1_1033808_G_A	2.52E-01	1.05E-07	4.30E-01	1.34E-01	1.69E-01	4.65E-02	
1_1033809_A_G	2.45E-01	1.33E-08	2.93E-01	1.92E-01	1.82E-01	6.20E-02	
1_1052851_C_T	5.52E-02	1.53E-03	7.87E-01	6.47E-02	2.40E-01	1.59E-02	
1_1052859_T_C	6.90E-02	8.81E-05	6.02E-01	-1.55E-01	2.97E-01	3.08E-02	
1_1052883_A_G	6.90E-02	8.81E-05	6.02E-01	-1.55E-01	2.97E-01	3.08E-02	
1_1052892_G_C	1.14E-01	2.69E-07	3.38E-01	-4.75E-01	4.96E-01	5.64E-02	
1_1052910_C_T	2.31E-01	2.24E-08	9.40E-02	2.59E-01	1.54E-01	9.85E-02	
1_1052925_C_T	5.17E-02	1.52E-02	3.42E-01	2.40E-01	2.52E-01	5.60E-02	
1_1052926_T_G	1.07E-01	3.11E-01	4.22E-01	-7.72E-02	9.61E-02	4.73E-02	
1_1052928_G_C	9.66E-02	1.67E-06	6.05E-01	-1.52E-01	2.94E-01	3.05E-02	
1_1052934_C_T	5.86E-02	1.08E-04	3.51E-01	-1.71E-01	1.83E-01	5.49E-02	
1_1052946_T_C	4.69E-01	1.16E-02	5.36E-01	1.14E-01	1.84E-01	3.65E-02	
1_1052982_C_G	3.48E-01	3.37E-02	3.97E-01	1.43E-01	1.69E-01	4.99E-02	
1_1053006_C_G	7.59E-02	1.37E-04	8.98E-01	3.48E-02	2.72E-01	7.53E-03	
1_1053018_G_C	5.17E-02	3.04E-03	8.86E-01	-4.00E-02	2.79E-01	8.44E-03	
1_1053021_G_A	8.28E-02	9.85E-04	6.31E-01	9.53E-02	1.98E-01	2.83E-02	
1_1053030_G_C	7.24E-02	2.76E-04	4.48E-01	1.70E-01	2.24E-01	4.47E-02	
1_1053039_G_A	1.62E-01	1.72E-03	2.29E-01	-1.64E-01	1.36E-01	7.08E-02	
1_1053040_C_T	6.21E-02	2.16E-03	1.37E-01	-2.47E-01	1.66E-01	8.75E-02	
1_1053045_C_T	2.03E-01	1.78E-01	8.86E-01	-1.19E-02	8.29E-02	8.47E-03	
1_1053084_C_G	5.52E-02	2.25E-04	9.03E-01	-3.10E-02	2.55E-01	7.17E-03	
1_1053091_G_A	1.14E-01	2.69E-07	3.38E-01	-4.75E-01	4.96E-01	5.64E-02	
1_1053092_G_A	1.14E-01	2.69E-07	3.38E-01	-4.75E-01	4.96E-01	5.64E-02	
1_1053109_G_A	7.24E-02	2.76E-04	5.45E-01	1.59E-01	2.62E-01	3.57E-02	
1_1053114_G_A	4.52E-01	5.68E-04	3.83E-01	9.01E-02	1.03E-01	5.14E-02	
1_1053115_C_A	1.14E-01	2.69E-07	3.38E-01	-4.75E-01	4.96E-01	5.64E-02	
1_1053121_G_A	8.97E-02	4.81E-05	9.76E-01	9.08E-03	3.03E-01	1.76E-03	
1_1053123_G_C	9.66E-02	1.14E-05	8.36E-01	-6.26E-02	3.02E-01	1.22E-02	
1_1053126_G_C	1.14E-01	2.69E-07	3.38E-01	-4.75E-01	4.96E-01	5.64E-02	
1_1053132_T_C	4.55E-01	4.62E-03	8.26E-01	2.77E-02	1.26E-01	1.30E-02	
1_1053156_G_A	2.41E-01	2.70E-03	1.24E-01	-2.12E-01	1.37E-01	9.06E-02	
1_1053165_T_C	4.93E-01	2.23E-02	8.06E-01	-3.97E-02	1.62E-01	1.44E-02	
1_1053180_C_T	2.66E-01	1.80E-02	1.33E-01	-1.08E-01	7.14E-02	8.85E-02	
1_1053183_G_C	4.86E-01	1.06E-02	9.78E-01	-4.19E-03	1.50E-01	1.65E-03	
1_1053201_G_A	5.86E-02	6.38E-02	7.17E-01	-5.56E-02	1.53E-01	2.14E-02	
1_1053220_C_T	6.90E-02	2.66E-01	9.03E-01	1.80E-02	1.48E-01	7.18E-03	
1_1053255_C_G	2.21E-01	2.91E-03	4.32E-01	-1.33E-01	1.69E-01	4.63E-02	
1_1053267_C_G	1.79E-01	7.95E-03	4.83E-02	-2.65E-01	1.33E-01	1.16E-01	
1_1053276_C_G	1.00E-01	3.32E-05	5.25E-01	1.45E-01	2.28E-01	3.75E-02	
1_1053297_G_C	5.86E-02	1.20E-05	2.72E-01	-2.98E-01	2.71E-01	6.48E-02	bad-chisq
1_1053318_G_C	1.14E-01	7.72E-01	7.16E-01	-5.52E-02	1.52E-01	2.15E-02	
1_1053321_A_G	8.83E-01	6.79E-03	3.77E-01	8.30E-02	9.38E-02	5.20E-02	
1_1053330_G_C	1.17E-01	5.36E-06	3.62E-01	-1.65E-01	1.81E-01	5.37E-02	
1_1053357_G_A	5.17E-02	5.84E-02	1.88E-01	3.05E-01	2.31E-01	7.76E-02	
1_1053358_T_C	7.93E-02	2.56E-02	9.46E-01	9.18E-03	1.35E-01	4.02E-03	
1_1053364_A_G	3.38E-01	1.22E-09	3.06E-01	1.35E-01	1.31E-01	6.04E-02	
1_1053387_G_C	4.93E-01	4.05E-02	2.88E-01	-1.62E-01	1.53E-01	6.26E-02	
1_1053396_G_A	5.86E-02	1.20E-05	3.52E-01	-2.36E-01	2.53E-01	5.49E-02	bad-chisq
1_1053400_G_A	7.93E-02	1.15E-06	4.08E-01	-2.10E-01	2.53E-01	4.88E-02	
1_1053408_G_A	7.59E-02	2.02E-05	5.73E-01	-1.27E-01	2.24E-01	3.32E-02	
1_1053435_G_C	1.97E-01	6.69E-01	2.36E-01	-1.53E-01	1.29E-01	6.98E-02	
1_1053451_T_C	4.55E-01	3.90E-04	3.28E-01	1.63E-01	1.66E-01	5.76E-02	
1_1053465_G_C	1.59E-01	7.88E-01	8.78E-02	-2.52E-01	1.47E-01	1.00E-01	
1_1053468_C_T	1.28E-01	9.85E-01	6.04E-01	-7.86E-02	1.51E-01	3.06E-02	
1_1053478_A_T	1.14E-01	2.69E-07	3.38E-01	-4.75E-01	4.96E-01	5.64E-02	
1_1053481_T_A	1.14E-01	2.69E-07	3.38E-01	-4.75E-01	4.96E-01	5.64E-02	
1_1053501_A_G	9.66E-02	5.39E-03	3.36E-01	-1.19E-01	1.23E-01	5.68E-02	
1_1053513_G_C	6.90E-02	8.81E-05	6.02E-01	-1.55E-01	2.97E-01	3.08E-02	
1_1053525_G_A	9.66E-02	1.14E-05	8.36E-01	-6.26E-02	3.02E-01	1.22E-02	
1_1053546_G_C	1.17E-01	1.37E-04	7.56E-01	-4.81E-02	1.55E-01	1.83E-02	
1_1053552_G_A	6.90E-02	5.54E-04	6.71E-01	9.33E-02	2.19E-01	2.50E-02	
1_1053576_G_A	3.62E-01	2.16E-09	2.84E-01	2.23E-01	2.08E-01	6.31E-02	
1_1054155_C_G	2.83E-01	3.51E-07	3.00E-01	1.30E-01	1.25E-01	6.11E-02	
1_1054173_A_G	7.24E-02	4.24E-05	8.50E-01	-4.31E-02	2.28E-01	1.11E-02	
1_1054176_T_C	4.45E-01	1.17E-03	4.51E-01	9.53E-02	1.26E-01	4.44E-02	
1_1054188_G_A	8.97E-02	1.22E-03	5.08E-01	-9.51E-02	1.44E-01	3.90E-02	
1_1054194_C_G	5.17E-02	7.75E-01	6.44E-01	-6.66E-02	1.44E-01	2.72E-02	
1_1054204_T_A	1.14E-01	2.69E-07	3.38E-01	-4.75E-01	4.96E-01	5.64E-02	
1_1054205_C_G	1.14E-01	2.69E-07	3.38E-01	-4.75E-01	4.96E-01	5.64E-02	
1_1054221_C_T	2.34E-01	4.52E-01	7.22E-01	-3.98E-02	1.12E-01	2.10E-02	
1_1054233_C_T	3.10E-01	5.10E-06	2.83E-01	1.25E-01	1.16E-01	6.32E-02	
1_1054239_C_G	4.38E-01	1.02E-03	9.39E-02	2.66E-01	1.58E-01	9.86E-02	
1_1054245_C_T	3.52E-01	6.47E-03	8.09E-01	-2.69E-02	1.11E-01	1.43E-02	
1_1054251_T_C	5.03E-01	2.16E-03	7.13E-01	4.53E-02	1.23E-01	2.17E-02	
1_1054278_G_A	1.17E-01	3.28E-01	4.25E-01	1.27E-01	1.60E-01	4.70E-02	
1_1054287_G_C	3.52E-01	1.28E-03	8.49E-01	1.79E-02	9.42E-02	1.12E-02	
1_1054293_C_T	1.21E-01	1.18E-03	9.12E-01	-1.57E-02	1.42E-01	6.51E-03	
1_1054311_G_C	5.86E-02	1.08E-04	7.50E-01	-9.19E-02	2.88E-01	1.88E-02	
1_1054317_C_T	1.79E-01	2.68E-01	8.58E-01	2.40E-02	1.34E-01	1.06E-02	
1_1054323_T_C	4.90E-01	1.73E-03	4.11E-01	-8.08E-02	9.83E-02	4.84E-02	
1_1054336_C_A	1.14E-01	2.69E-07	3.38E-01	-4.75E-01	4.96E-01	5.64E-02	
1_1054365_C_T	2.31E-01	4.26E-09	2.80E-02	3.33E-01	1.51E-01	1.29E-01	
1_1054372_G_A	1.03E-01	2.61E-06	7.28E-01	-1.02E-01	2.93E-01	2.05E-02	
1_1054392_G_A	3.52E-01	1.28E-03	6.11E-01	4.99E-02	9.80E-02	3.00E-02	
1_1054416_G_A	5.17E-02	4.68E-04	7.89E-01	-7.50E-02	2.80E-01	1.58E-02	
1_1054443_G_C	1.14E-01	2.69E-07	3.38E-01	-4.75E-01	4.96E-01	5.64E-02	
1_1054444_G_A	9.66E-02	1.67E-06	6.15E-01	-1.44E-01	2.87E-01	2.97E-02	
1_1054458_C_T	2.93E-01	3.12E-07	5.91E-01	5.60E-02	1.04E-01	3.17E-02	
1_1054462_C_T	2.17E-01	1.88E-10	2.35E-02	4.07E-01	1.79E-01	1.33E-01	
1_1054485_G_C	4.38E-01	2.38E-06	6.85E-01	4.13E-02	1.02E-01	2.39E-02	
1_1054491_G_A	1.03E-01	3.61E-07	8.62E-02	-3.34E-01	1.94E-01	1.01E-01	
1_1054494_A_G	7.59E-02	1.37E-04	2.51E-01	-1.83E-01	1.60E-01	6.76E-02	
1_1054503_G_C	2.10E-01	5.10E-02	9.81E-01	3.61E-03	1.56E-01	1.37E-03	
1_1054519_C_G	5.24E-01	2.38E-02	7.78E-01	3.06E-02	1.08E-01	1.66E-02	
1_1054534_G_A	1.07E-01	1.23E-06	8.73E-01	-4.64E-02	2.90E-01	9.43E-03	
1_1054557_G_C	1.07E-01	1.23E-06	7.10E-01	-1.21E-01	3.26E-01	2.19E-02	
1_1054572_G_A	2.21E-01	6.67E-02	6.34E-01	-3.53E-02	7.40E-02	2.81E-02	
1_1054590_G_C	7.93E-02	6.69E-05	9.43E-01	-1.83E-02	2.56E-01	4.19E-03	
1_1054600_G_A	7.93E-02	3.88E-04	8.38E-01	5.11E-02	2.51E-01	1.20E-02	
1_1054602_G_C	6.90E-02	1.14E-05	7.63E-01	-7.38E-02	2.44E-01	1.78E-02	
1_1054611_G_C	3.83E-01	1.63E-02	5.91E-01	5.33E-02	9.93E-02	3.17E-02	
1_1054614_G_A	2.52E-01	2.15E-01	5.41E-01	-5.66E-02	9.23E-02	3.61E-02	
1_1054615_T_C	4.79E-01	1.59E-04	8.84E-01	-1.40E-02	9.55E-02	8.62E-03	
1_1054632_G_C	4.41E-01	4.69E-06	6.70E-01	4.25E-02	9.95E-02	2.52E-02	
1_1054634_G_A	4.03E-01	1.20E-01	7.06E-01	3.96E-02	1.05E-01	2.22E-02	
1_1054637_A_G	1.14E-01	2.69E-07	3.38E-01	-4.75E-01	4.96E-01	5.64E-02	
1_1054638_T_C	2.10E-01	2.49E-02	6.51E-01	-7.42E-02	1.64E-01	2.67E-02	
1_1054656_G_A	8.62E-02	9.74E-05	8.72E-01	3.90E-02	2.41E-01	9.52E-03	
1_1054662_C_T	5.86E-02	4.19E-03	7.37E-01	-6.14E-02	1.82E-01	1.98E-02	
1_1054674_A_G	3.93E-01	4.63E-09	2.71E-01	1.08E-01	9.75E-02	6.48E-02	
1_1054689_C_G	9.66E-02	1.02E-01	5.55E-01	1.14E-01	1.93E-01	3.48E-02	
1_1054695_G_C	3.79E-01	1.09E-02	5.55E-01	5.65E-02	9.55E-02	3.48E-02	
1_1054725_C_T	6.55E-02	1.10E-03	8.64E-01	-3.42E-02	1.99E-01	1.01E-02	
1_1054731_C_G	5.52E-02	2.25E-04	8.15E-03	-3.58E-01	1.34E-01	1.55E-01	
1_1054734_G_C	5.86E-02	1.08E-04	7.50E-01	-9.19E-02	2.88E-01	1.88E-02	
1_1054767_C_T	3.83E-01	3.86E-03	5.77E-01	-5.02E-02	9.01E-02	3.28E-02	
1_1054779_G_C	1.21E-01	2.59E-06	8.99E-01	2.99E-02	2.36E-01	7.47E-03	
1_1054782_C_G	8.97E-02	7.47E-06	6.30E-01	-1.32E-01	2.73E-01	2.84E-02	
1_1054788_C_T	8.28E-02	3.25E-05	3.40E-01	-1.48E-01	1.55E-01	5.62E-02	
1_1054805_C_T	2.10E-01	8.80E-11	8.53E-03	4.39E-01	1.66E-01	1.54E-01	
1_1054807_T_C	4.55E-01	2.13E-03	6.71E-02	2.65E-01	1.44E-01	1.08E-01	
1_1054815_G_C	1.17E-01	5.72E-04	8.70E-02	-1.90E-01	1.11E-01	1.01E-01	
1_1054830_C_G	1.28E-01	8.81E-08	1.38E-01	-3.60E-01	2.42E-01	8.73E-02	
1_1054833_C_T	3.03E-01	3.98E-05	6.95E-01	4.00E-02	1.02E-01	2.31E-02	
1_1054851_A_G	5.86E-02	1.08E-04	7.43E-01	-6.85E-02	2.09E-01	1.93E-02	
1_1054857_C_T	5.86E-02	1.83E-02	7.01E-01	7.19E-02	1.87E-01	2.26E-02	
1_1054884_C_G	8.97E-02	4.81E-05	9.65E-01	1.18E-02	2.67E-01	2.59E-03	
1_1054887_C_T	2.21E-01	6.74E-10	3.47E-02	3.65E-01	1.72E-01	1.24E-01	
1_1054890_C_T	5.17E-02	5.48E-05	7.23E-01	-8.31E-02	2.35E-01	2.09E-02	bad-chisq
1_1054891_G_T	7.93E-02	9.60E-06	3.58E-01	-2.60E-01	2.83E-01	5.41E-02	
1_1054896_G_A	1.14E-01	2.69E-07	3.38E-01	-4.75E-01	4.96E-01	5.64E-02	
1_1054902_C_T	7.93E-02	6.69E-05	9.78E-01	8.12E-03	2.91E-01	1.64E-03	
1_1054933_T_C	4.62E-01	1.05E-02	3.50E-01	1.61E-01	1.72E-01	5.51E-02	
1_1054938_C_T	3.55E-01	1.63E-05	7.83E-02	1.53E-01	8.64E-02	1.04E-01	
1_1054940_G_C	1.21E-01	2.61E-01	8.44E-01	-3.89E-02	1.97E-01	1.16E-02	
1_1054980_C_G	1.07E-01	1.23E-06	8.41E-01	-6.37E-02	3.17E-01	1.18E-02	
1_1054989_C_G	1.38E-01	2.23E-06	7.43E-01	-4.89E-02	1.49E-01	1.93E-02	
1_1055001_C_T	2.83E-01	5.34E-05	2.90E-01	1.51E-01	1.42E-01	6.23E-02	
1_1055014_C_A	1.14E-01	2.69E-07	3.38E-01	-4.75E-01	4.96E-01	5.64E-02	
1_1055028_C_T	9.31E-02	3.54E-06	9.01E-01	-2.69E-02	2.16E-01	7.35E-03	
1_1055050_C_G	1.14E-01	2.69E-07	3.38E-01	-4.75E-01	4.96E-01	5.64E-02	
1_1055052_C_T	2.59E-01	2.70E-06	5.32E-01	9.46E-02	1.51E-01	3.69E-02	
1_1055058_C_T	8.28E-02	1.49E-02	3.24E-01	-1.11E-01	1.12E-01	5.81E-02	
1_1055061_C_T	6.90E-02	8.81E-05	3.48E-01	-1.62E-01	1.73E-01	5.53E-02	
1_1055073_C_G	6.90E-02	5.54E-04	9.31E-01	1.90E-02	2.19E-01	5.13E-03	
1_1055082_G_C	2.38E-01	1.80E-07	3.45E-01	1.40E-01	1.48E-01	5.56E-02	
1_1055085_G_C	5.28E-01	1.81E-02	6.07E-01	7.10E-02	1.38E-01	3.04E-02	
1_1055107_G_C	2.69E-01	7.40E-09	2.10E-01	1.69E-01	1.34E-01	7.38E-02	
1_1055128_G_A	2.00E-01	3.03E-03	8.13E-01	3.81E-02	1.61E-01	1.39E-02	
1_1055129_G_A	2.00E-01	3.03E-03	8.13E-01	3.81E-02	1.61E-01	1.39E-02	
1_1055130_C_T	1.45E-01	5.23E-01	5.07E-01	8.99E-02	1.35E-01	3.91E-02	
1_1055131_G_C	9.31E-02	1.38E-01	3.71E-01	1.39E-01	1.55E-01	5.28E-02	
1_1055132_C_A	1.59E-01	9.32E-02	8.54E-01	2.69E-02	1.46E-01	1.09E-02	
1_1055137_G_A	8.62E-02	1.11E-01	5.69E-01	9.55E-02	1.68E-01	3.35E-02	
1_1055166_T_C	1.93E-01	3.05E-03	4.69E-01	-8.32E-02	1.15E-01	4.27E-02	
1_1055172_C_T	3.03E-01	1.26E-05	3.76E-01	1.07E-01	1.21E-01	5.21E-02	
1_1055181_G_A	6.90E-02	2.66E-01	7.14E-01	-4.73E-02	1.29E-01	2.16E-02	
1_1055205_G_A	6.90E-02	5.54E-04	2.49E-01	-1.98E-01	1.72E-01	6.79E-02	
1_1055243_C_T	2.21E-01	3.95E-09	2.50E-02	3.36E-01	1.49E-01	1.32E-01	
1_1055245_C_G	1.14E-01	2.69E-07	3.38E-01	-4.75E-01	4.96E-01	5.64E-02	
1_1073176_T_C	3.93E-01	3.38E-06	8.66E-01	-2.63E-02	1.56E-01	9.94E-03	
1_1073187_C_T	3.00E-01	6.05E-05	7.64E-01	-3.80E-02	1.27E-01	1.77E-02	
1_1073190_T_C	6.14E-01	3.37E-09	1.93E-03	-2.30E-01	7.35E-02	1.81E-01	
1_1073193_T_G	4.72E-01	8.67E-03	6.01E-01	9.04E-02	1.73E-01	3.09E-02	
1_1073202_T_C	4.59E-01	6.51E-04	5.30E-01	9.91E-02	1.58E-01	3.70E-02	
1_1073211_T_C	2.38E-01	4.28E-03	8.13E-02	-2.44E-01	1.39E-01	1.03E-01	
1_1073226_G_C	4.17E-01	1.27E-05	4.52E-01	1.31E-01	1.74E-01	4.43E-02	
1_1073235_A_G	2.28E-01	3.27E-02	2.31E-01	-1.68E-01	1.40E-01	7.06E-02	
1_1073236_A_C	6.90E-02	1.14E-05	4.91E-01	-2.15E-01	3.12E-01	4.06E-02	
1_1073237_A_G	6.90E-02	1.14E-05	4.91E-01	-2.15E-01	3.12E-01	4.06E-02	
1_1073241_C_G	2.83E-01	1.68E-05	7.57E-02	2.34E-01	1.31E-01	1.04E-01	
1_1073244_C_T	5.86E-02	1.20E-05	2.88E-01	-2.68E-01	2.51E-01	6.26E-02	bad-chisq
1_1073256_C_T	2.21E-01	6.74E-10	4.81E-02	3.35E-01	1.69E-01	1.16E-01	
1_1073259_C_G	5.86E-02	1.20E-05	1.91E-01	-3.20E-01	2.44E-01	7.71E-02	bad-chisq
1_1073265_C_G	5.52E-02	2.25E-04	6.95E-01	-9.61E-02	2.45E-01	2.31E-02	
1_1073274_C_T	1.17E-01	1.78E-01	3.35E-01	1.65E-01	1.71E-01	5.68E-02	
1_1073279_G_C	5.52E-02	2.25E-04	8.14E-01	-6.04E-02	2.57E-01	1.38E-02	
1_1073284_A_T	6.90E-02	1.14E-05	4.91E-01	-2.15E-01	3.12E-01	4.06E-02	
1_1073302_A_G	5.07E-01	2.64E-02	9.42E-01	1.31E-02	1.78E-01	4.32E-03	
1_1073307_C_G	8.28E-02	4.18E-03	8.00E-01	-3.57E-02	1.41E-01	1.50E-02	
1_1073325_C_T	5.17E-02	1.52E-02	2.10E-01	-2.18E-01	1.73E-01	7.39E-02	
1_1073334_C_G	5.86E-02	1.08E-04	8.22E-01	-5.84E-02	2.60E-01	1.32E-02	
1_1073337_T_C	8.28E-02	1.95E-04	2.34E-01	-1.96E-01	1.65E-01	7.02E-02	
1_1073349_C_T	1.62E-01	4.91E-03	6.60E-01	-3.75E-02	8.50E-02	2.60E-02	
1_1073364_C_T	2.31E-01	4.26E-09	1.97E-01	2.00E-01	1.54E-01	7.60E-02	
1_1073370_C_T	6.21E-02	2.71E-01	4.45E-01	1.11E-01	1.45E-01	4.51E-02	
1_1073374_G_T	2.59E-01	6.00E-04	1.21E-01	-1.70E-01	1.09E-01	9.13E-02	
1_1073406_T_C	2.34E-01	3.14E-02	1.54E-01	-1.69E-01	1.19E-01	8.38E-02	
1_1073412_C_T	1.07E-01	3.05E-02	4.78E-01	7.78E-02	1.09E-01	4.19E-02	
1_1073433_C_G	5.07E-01	2.64E-02	9.42E-01	1.31E-02	1.78E-01	4.32E-03	
1_1073442_C_G	4.66E-01	1.19E-04	4.83E-01	5.07E-02	7.22E-02	4.13E-02	
1_1073466_G_A	1.52E-01	9.11E-04	3.21E-02	-2.29E-01	1.06E-01	1.26E-01	
1_1073478_A_G	3.90E-01	1.34E-04	5.40E-01	4.78E-02	7.79E-02	3.61E-02	
1_1073481_G_A	3.38E-01	3.89E-07	2.40E-01	9.83E-02	8.36E-02	6.92E-02	
1_1073508_A_G	1.66E-01	9.21E-01	8.02E-01	3.25E-02	1.29E-01	1.48E-02	
1_1073520_C_T	5.86E-02	1.08E-04	5.97E-01	-1.30E-01	2.45E-01	3.12E-02	
1_1073521_T_G	6.90E-02	1.14E-05	4.91E-01	-2.15E-01	3.12E-01	4.06E-02	
1_1073535_T_C	3.55E-01	1.54E-06	2.45E-01	9.36E-02	8.03E-02	6.85E-02	
1_1073541_C_T	3.86E-01	7.37E-05	1.95E-01	1.03E-01	7.92E-02	7.63E-02	
1_1073544_G_C	4.52E-01	1.23E-01	3.60E-01	7.39E-02	8.06E-02	5.39E-02	
1_1073562_C_T	2.21E-01	3.95E-09	8.76E-02	2.72E-01	1.59E-01	1.00E-01	
1_1073571_C_G	2.28E-01	2.17E-10	1.19E-02	4.24E-01	1.67E-01	1.48E-01	
1_1073586_C_T	3.97E-01	2.06E-05	4.40E-01	5.75E-02	7.44E-02	4.55E-02	
1_1073592_C_T	1.69E-01	6.28E-02	9.04E-01	-1.01E-02	8.29E-02	7.15E-03	
1_1073598_A_G	5.86E-02	7.57E-04	9.35E-01	1.85E-02	2.26E-01	4.83E-03	
1_1073625_G_A	3.31E-01	3.47E-02	6.52E-02	3.20E-01	1.73E-01	1.08E-01	
1_1079963_C_G	4.86E-01	1.06E-02	3.48E-01	1.85E-01	1.97E-01	5.54E-02	
1_1079976_T_C	3.59E-01	5.29E-02	3.11E-01	1.77E-01	1.74E-01	5.97E-02	
1_1079995_T_C	1.59E-01	9.55E-01	2.60E-01	-1.53E-01	1.35E-01	6.64E-02	
1_1080026_G_C	8.62E-02	1.56E-05	6.01E-01	-1.23E-01	2.35E-01	3.08E-02	
1_1080033_T_C	4.59E-01	2.65E-04	2.25E-01	2.01E-01	1.65E-01	7.15E-02	
1_1080040_C_G	4.86E-01	7.75E-03	3.79E-01	-1.11E-01	1.26E-01	5.19E-02	
1_1080070_C_T	3.59E-01	2.61E-07	4.00E-01	1.06E-01	1.25E-01	4.96E-02	
1_1080080_G_A	1.93E-01	7.82E-02	2.89E-01	-1.43E-01	1.35E-01	6.24E-02	
1_1080084_C_G	1.41E-01	3.63E-01	3.91E-01	-1.29E-01	1.51E-01	5.06E-02	
1_1080085_C_G	3.03E-01	8.53E-04	1.88E-01	1.78E-01	1.35E-01	7.75E-02	
1_1080090_G_C	4.86E-01	1.06E-02	3.48E-01	1.85E-01	1.97E-01	5.54E-02	
1_1080112_A_G	4.10E-01	1.03E-05	6.78E-01	6.47E-02	1.55E-01	2.45E-02	
1_1080118_C_G	4.03E-01	5.90E-08	1.76E-01	2.32E-01	1.71E-01	7.98E-02	
1_1080147_C_G	4.55E-01	2.13E-03	5.40E-01	1.06E-01	1.72E-01	3.62E-02	
1_1080153_A_G	4.00E-01	1.29E-06	5.40E-01	1.00E-01	1.63E-01	3.61E-02	
1_1086943_T_C	2.38E-01	3.85E-08	6.75E-02	2.91E-01	1.59E-01	1.08E-01	
1_1086951_C_T	6.90E-02	1.14E-05	4.91E-01	-2.15E-01	3.12E-01	4.06E-02	
1_1086970_T_C	4.76E-01	1.28E-02	4.98E-01	1.43E-01	2.10E-01	3.99E-02	
1_1086998_T_A	7.24E-02	4.24E-05	5.15E-01	-1.61E-01	2.47E-01	3.83E-02	
1_1087001_C_A	5.52E-02	2.57E-05	5.13E-01	-1.45E-01	2.21E-01	3.86E-02	bad-chisq
1_1087003_C_G	3.79E-01	1.05E-08	2.52E-01	2.02E-01	1.76E-01	6.75E-02	
1_1087004_T_A	4.66E-01	1.54E-02	8.59E-01	3.46E-02	1.94E-01	1.05E-02	
1_1087054_C_G	8.97E-02	4.81E-05	9.48E-01	1.68E-02	2.58E-01	3.83E-03	
1_1087060_C_T	2.90E-01	7.03E-05	7.91E-01	3.27E-02	1.23E-01	1.56E-02	
1_1087066_T_C	7.59E-02	2.02E-05	7.24E-01	-8.33E-02	2.36E-01	2.08E-02	
1_1087075_T_C	4.52E-01	2.29E-04	2.06E-01	1.64E-01	1.30E-01	7.45E-02	
1_1087085_G_A	1.00E-01	5.48E-06	7.19E-01	-1.31E-01	3.63E-01	2.12E-02	
1_1087089_G_A	4.31E-01	2.04E-03	1.90E-02	3.59E-01	1.52E-01	1.38E-01	
1_1087093_C_T	4.34E-01	9.55E-05	4.47E-01	1.23E-01	1.62E-01	4.48E-02	
1_1087106_A_C	1.14E-01	2.69E-07	3.38E-01	-4.75E-01	4.96E-01	5.64E-02	
1_1087129_T_C	5.17E-02	3.04E-03	6.85E-01	9.75E-02	2.40E-01	2.39E-02	
1_1087132_C_T	6.55E-02	1.82E-04	9.60E-01	-1.18E-02	2.37E-01	2.93E-03	
1_1087147_C_T	1.17E-01	4.88E-02	9.29E-01	-1.15E-02	1.30E-01	5.25E-03	
1_1087177_C_T	7.24E-02	1.48E-03	4.54E-01	-1.11E-01	1.48E-01	4.41E-02	
1_1087183_T_C	3.00E-01	2.92E-03	2.03E-01	1.94E-01	1.52E-01	7.49E-02	
1_1087198_C_T	2.59E-01	2.70E-06	4.98E-02	2.94E-01	1.49E-01	1.15E-01	
1_1087199_C_G	4.86E-01	1.06E-02	3.48E-01	1.85E-01	1.97E-01	5.54E-02	
1_1087204_T_C	5.86E-02	7.57E-04	8.52E-01	-4.16E-02	2.23E-01	1.10E-02	
1_1087213_A_G	4.62E-01	1.05E-02	7.87E-01	4.91E-02	1.82E-01	1.59E-02	
1_1087220_T_C	4.79E-01	9.58E-03	2.62E-01	2.22E-01	1.97E-01	6.61E-02	
1_1087223_G_T	6.55E-02	1.82E-04	5.46E-01	-1.58E-01	2.62E-01	3.56E-02	
1_1087226_T_C	4.69E-01	2.71E-03	5.13E-01	1.05E-01	1.61E-01	3.86E-02	
1_1087231_G_A	4.48E-01	3.37E-04	8.01E-01	-3.59E-02	1.42E-01	1.49E-02	
1_1087237_G_C	5.86E-02	1.08E-04	7.50E-01	-9.19E-02	2.88E-01	1.88E-02	
1_1087267_G_C	7.93E-02	2.56E-02	8.93E-02	-2.58E-01	1.51E-01	1.00E-01	
1_1087273_G_T	5.86E-02	1.83E-02	3.55E-01	-1.69E-01	1.83E-01	5.45E-02	
1_1087288_G_C	3.03E-01	2.09E-03	7.44E-02	2.55E-01	1.42E-01	1.05E-01	
1_1087296_C_T	1.14E-01	2.69E-07	3.38E-01	-4.75E-01	4.96E-01	5.64E-02	
1_1087298_A_C	3.62E-01	2.16E-09	2.84E-01	2.23E-01	2.08E-01	6.31E-02	
1_1087305_T_A	6.55E-02	1.10E-03	6.61E-01	1.10E-01	2.52E-01	2.58E-02	
1_1095734_C_T	1.00E-01	5.48E-06	7.19E-01	-1.31E-01	3.63E-01	2.12E-02	
1_1095748_T_C	1.14E-01	2.69E-07	3.38E-01	-4.75E-01	4.96E-01	5.64E-02	
1_1095756_C_T	8.97E-02	9.84E-07	3.09E-01	-3.15E-01	3.09E-01	6.00E-02	
1_1095776_T_G	1.14E-01	2.69E-07	3.38E-01	-4.75E-01	4.96E-01	5.64E-02	
1_1095777_C_G	1.14E-01	2.69E-07	3.38E-01	-4.75E-01	4.96E-01	5.64E-02	
1_1095812_T_A	6.55E-02	2.42E-05	6.47E-01	-1.29E-01	2.80E-01	2.70E-02	
1_1095839_T_C	4.52E-01	6.30E-03	2.21E-01	1.70E-01	1.38E-01	7.21E-02	
1_1095847_T_C	4.38E-01	1.02E-03	1.04E-02	3.65E-01	1.42E-01	1.50E-01	
1_1095850_T_C	3.17E-01	2.98E-03	2.60E-01	1.33E-01	1.18E-01	6.63E-02	
1_1095859_G_C	1.14E-01	2.69E-07	3.38E-01	-4.75E-01	4.96E-01	5.64E-02	
1_1095904_C_T	1.07E-01	8.07E-01	5.14E-01	6.21E-02	9.49E-02	3.85E-02	
1_1095913_G_A	8.97E-02	4.81E-05	9.76E-01	9.08E-03	3.03E-01	1.76E-03	
1_1095937_G_A	5.86E-02	1.83E-02	4.11E-01	-1.44E-01	1.75E-01	4.85E-02	
1_1095946_C_T	2.66E-01	1.38E-05	4.98E-02	2.51E-01	1.27E-01	1.15E-01	
1_1095949_C_G	6.90E-02	1.18E-02	9.56E-01	7.86E-03	1.42E-01	3.26E-03	
1_1095974_C_T	9.31E-02	4.54E-07	5.16E-01	-1.68E-01	2.58E-01	3.83E-02	
1_1096003_G_C	1.79E-01	6.24E-01	2.87E-01	-1.51E-01	1.42E-01	6.28E-02	
1_1096009_C_G	2.48E-01	1.75E-07	5.67E-02	2.80E-01	1.46E-01	1.12E-01	
1_1096010_C_T	6.21E-02	3.73E-04	8.93E-01	-3.01E-02	2.25E-01	7.90E-03	
1_1096030_C_G	1.83E-01	7.23E-01	3.18E-01	-1.44E-01	1.44E-01	5.89E-02	
1_1096042_G_C	1.45E-01	4.78E-01	2.22E-01	-2.02E-01	1.65E-01	7.19E-02	
1_1096060_C_G	1.69E-01	2.20E-01	5.72E-01	-8.66E-02	1.53E-01	3.33E-02	
1_1096094_C_T	9.66E-02	6.69E-05	7.11E-01	-6.03E-02	1.62E-01	2.19E-02	
1_1096108_G_C	6.21E-02	1.00E-02	3.59E-01	-1.47E-01	1.60E-01	5.40E-02	
1_1096135_C_T	5.52E-02	1.07E-01	1.08E-01	-2.44E-01	1.52E-01	9.45E-02	
1_1096138_G_C	8.28E-02	3.25E-05	8.23E-01	-6.12E-02	2.73E-01	1.32E-02	
1_1096162_G_C	4.03E-01	2.65E-06	8.79E-01	-2.30E-02	1.51E-01	8.99E-03	
1_1096189_T_C	7.59E-02	7.61E-04	3.51E-01	-1.36E-01	1.46E-01	5.49E-02	
1_1096211_C_T	9.31E-02	2.35E-05	9.50E-01	1.67E-02	2.66E-01	3.70E-03	
1_1096213_C_G	1.14E-01	2.69E-07	3.38E-01	-4.75E-01	4.96E-01	5.64E-02	
1_1096233_G_C	2.34E-01	2.77E-03	5.78E-01	-1.06E-01	1.90E-01	3.28E-02	
1_1096234_C_G	1.10E-01	5.79E-07	7.17E-01	-1.30E-01	3.58E-01	2.14E-02	
1_1096240_G_C	3.55E-01	6.68E-02	4.36E-01	1.44E-01	1.85E-01	4.60E-02	
1_1096261_G_C	3.14E-01	4.13E-03	7.83E-02	2.62E-01	1.48E-01	1.04E-01	
1_1096267_C_G	1.14E-01	2.69E-07	3.38E-01	-4.75E-01	4.96E-01	5.64E-02	
1_1096289_T_C	8.28E-02	5.27E-07	3.32E-01	-3.00E-01	3.09E-01	5.72E-02	
1_1096291_C_T	2.90E-01	7.03E-05	2.54E-02	3.02E-01	1.34E-01	1.31E-01	
1_1096292_C_G	1.10E-01	5.79E-07	6.18E-01	-1.81E-01	3.62E-01	2.94E-02	
1_1096297_G_A	4.52E-01	2.98E-03	7.37E-01	-5.59E-02	1.66E-01	1.98E-02	
1_1096298_A_C	1.14E-01	2.69E-07	3.38E-01	-4.75E-01	4.96E-01	5.64E-02	
1_1096306_T_C	5.72E-01	2.63E-03	4.07E-01	-6.86E-02	8.26E-02	4.89E-02	
1_1096324_C_G	1.86E-01	1.86E-02	2.34E-02	3.12E-01	1.37E-01	1.33E-01	
1_1096330_C_T	6.55E-02	6.78E-02	6.05E-01	-7.29E-02	1.41E-01	3.05E-02	
1_1096335_T_C	1.03E-01	4.30E-08	1.30E-01	-5.40E-01	3.56E-01	8.90E-02	
1_1096336_C_G	5.55E-01	3.10E-03	7.28E-01	2.51E-02	7.21E-02	2.05E-02	
1_1096343_T_C	4.38E-01	1.02E-03	9.88E-01	-1.95E-03	1.33E-01	8.60E-04	
1_1096349_C_A	5.17E-02	4.68E-04	9.98E-01	5.40E-04	2.72E-01	1.17E-04	
1_1096351_C_G	5.17E-02	4.68E-04	9.98E-01	5.40E-04	2.72E-01	1.17E-04	
1_1096363_G_A	6.21E-02	3.71E-02	8.77E-01	-2.55E-02	1.64E-01	9.15E-03	
1_1096384_T_C	4.31E-01	9.19E-03	5.91E-01	6.83E-02	1.27E-01	3.17E-02	
1_1096390_G_C	4.59E-01	7.03E-03	7.56E-01	5.10E-02	1.64E-01	1.83E-02	
1_1096407_C_G	3.66E-01	1.21E-09	1.37E-01	2.90E-01	1.95E-01	8.74E-02	
1_1096411_G_C	7.93E-02	6.69E-05	1.50E-01	-2.48E-01	1.72E-01	8.47E-02	
1_1096421_G_T	3.72E-01	7.62E-09	2.52E-01	2.02E-01	1.76E-01	6.74E-02	
1_1096424_T_G	3.66E-01	1.21E-09	1.37E-01	2.90E-01	1.95E-01	8.74E-02	
1_1096453_G_A	9.31E-02	2.35E-05	9.53E-01	-1.70E-02	2.86E-01	3.51E-03	
1_1096456_T_C	8.66E-01	4.47E-01	7.62E-01	-2.63E-02	8.69E-02	1.79E-02	
1_1096466_A_G	1.24E-01	1.63E-04	1.78E-01	-1.90E-01	1.41E-01	7.93E-02	
1_1096483_G_C	1.31E-01	8.27E-01	7.82E-01	4.54E-02	1.64E-01	1.63E-02	
1_1096501_T_C	4.03E-01	2.52E-05	8.81E-01	2.39E-02	1.59E-01	8.82E-03	
1_1096504_C_G	7.93E-02	3.88E-04	6.96E-01	8.54E-02	2.19E-01	2.30E-02	
1_1096519_G_C	1.03E-01	4.30E-08	1.30E-01	-5.40E-01	3.56E-01	8.90E-02	
1_1096546_A_G	1.55E-01	4.33E-01	3.74E-01	-1.36E-01	1.53E-01	5.24E-02	
1_1096549_G_A	1.72E-01	8.62E-01	5.00E-01	-9.72E-02	1.44E-01	3.98E-02	
1_1096588_C_T	1.83E-01	4.97E-03	5.26E-01	-5.22E-02	8.22E-02	3.74E-02	
1_1096609_G_A	1.72E-01	6.49E-01	2.25E-01	-1.45E-01	1.19E-01	7.14E-02	
1_1096615_C_T	3.72E-01	7.62E-09	2.08E-01	2.15E-01	1.70E-01	7.42E-02	
1_1096627_C_G	3.55E-01	9.99E-03	8.56E-01	2.16E-02	1.18E-01	1.07E-02	
1_1096654_T_C	1.97E-01	1.05E-01	1.56E-01	-1.88E-01	1.32E-01	8.36E-02	
1_1096666_A_G	1.62E-01	9.34E-01	8.55E-01	-2.57E-02	1.41E-01	1.08E-02	
1_1096693_G_A	8.28E-02	4.76E-01	7.56E-01	-4.11E-02	1.32E-01	1.83E-02	
1_1096701_C_G	1.59E-01	1.53E-07	1.92E-02	-3.90E-01	1.66E-01	1.37E-01	
1_1096714_C_T	6.21E-02	1.00E-02	3.99E-01	2.07E-01	2.45E-01	4.97E-02	
1_1096736_C_T	1.45E-01	2.01E-02	3.51E-01	-8.12E-02	8.69E-02	5.49E-02	
1_1096762_A_G	4.72E-01	4.20E-03	5.84E-01	9.10E-02	1.66E-01	3.23E-02	
1_1096769_C_T	7.93E-02	2.01E-01	4.99E-01	9.90E-02	1.46E-01	3.99E-02	
1_1096794_C_G	3.31E-01	1.07E-04	3.56E-01	-1.14E-01	1.24E-01	5.44E-02	
1_1096805_T_C	4.14E-01	2.05E-06	2.77E-01	1.74E-01	1.59E-01	6.41E-02	
1_1096816_G_A	3.31E-01	3.47E-02	6.52E-02	3.20E-01	1.73E-01	1.08E-01	
1_1096822_G_A	2.59E-01	1.57E-03	1.29E-01	-2.47E-01	1.62E-01	8.93E-02	
1_1101298_C_G	1.00E-01	5.48E-06	7.19E-01	-1.31E-01	3.63E-01	2.12E-02	
1_1101311_G_A	1.14E-01	2.69E-07	3.38E-01	-4.75E-01	4.96E-01	5.64E-02	
1_1101316_A_G	4.10E-01	2.85E-07	5.10E-01	9.46E-02	1.43E-01	3.89E-02	
1_1101322_C_T	2.72E-01	1.52E-06	9.71E-01	-5.59E-03	1.55E-01	2.13E-03	
1_1101331_T_C	1.17E-01	1.37E-04	4.69E-01	1.41E-01	1.94E-01	4.26E-02	
1_1101339_G_C	1.14E-01	2.69E-07	3.38E-01	-4.75E-01	4.96E-01	5.64E-02	
1_1101346_G_C	1.03E-01	4.30E-08	1.30E-01	-5.40E-01	3.56E-01	8.90E-02	
1_1101358_G_A	1.59E-01	4.81E-01	9.65E-01	6.46E-03	1.48E-01	2.57E-03	
1_1101367_G_A	7.59E-02	1.35E-02	7.44E-01	5.17E-02	1.58E-01	1.93E-02	
1_1101373_C_G	1.07E-01	1.23E-06	7.93E-01	-8.47E-02	3.23E-01	1.55E-02	
1_1101376_C_G	9.31E-02	2.35E-05	9.87E-01	-4.49E-03	2.85E-01	9.29E-04	
1_1101388_G_A	1.03E-01	1.63E-05	1.90E-01	-2.15E-01	1.64E-01	7.72E-02	
1_1101400_C_G	1.03E-01	4.30E-08	1.30E-01	-5.40E-01	3.56E-01	8.90E-02	
1_1101463_G_C	1.45E-01	9.72E-01	8.60E-01	2.33E-02	1.32E-01	1.04E-02	
1_1101479_T_G	1.00E-01	5.48E-06	7.19E-01	-1.31E-01	3.63E-01	2.12E-02	
1_1101502_A_G	6.90E-02	1.14E-01	9.09E-01	-1.38E-02	1.21E-01	6.74E-03	
1_1101508_G_A	1.31E-01	9.21E-06	4.82E-02	-2.23E-01	1.12E-01	1.16E-01	
1_1101517_C_G	4.00E-01	4.25E-06	7.59E-01	-4.73E-02	1.54E-01	1.81E-02	
1_1101526_C_T	9.31E-02	2.66E-03	2.72E-01	-1.59E-01	1.45E-01	6.47E-02	
1_1101538_G_A	6.55E-02	1.10E-03	5.93E-01	1.21E-01	2.26E-01	3.15E-02	
1_1101556_T_C	3.79E-01	3.64E-04	1.93E-02	-1.65E-01	7.00E-02	1.37E-01	
1_1101562_A_G	4.59E-01	4.75E-02	1.61E-01	-1.03E-01	7.36E-02	8.24E-02	
1_1101565_G_C	8.97E-02	4.81E-05	9.76E-01	9.08E-03	3.03E-01	1.76E-03	
1_1101593_C_T	7.24E-02	1.48E-03	6.18E-01	1.28E-01	2.56E-01	2.94E-02	
1_1101607_A_G	5.55E-01	6.54E-03	6.21E-01	-4.47E-02	9.05E-02	2.91E-02	
1_1101610_C_T	2.17E-01	1.10E-02	3.98E-01	-1.15E-01	1.36E-01	4.98E-02	
1_1101646_A_G	2.83E-01	1.36E-01	8.09E-01	2.07E-02	8.54E-02	1.42E-02	
1_1101647_C_T	2.66E-01	1.19E-01	6.76E-01	-3.51E-02	8.40E-02	2.46E-02	
1_1101650_C_A	6.90E-02	1.14E-05	4.91E-01	-2.15E-01	3.12E-01	4.06E-02	
1_1101673_C_G	8.97E-02	4.81E-05	8.92E-01	3.74E-02	2.75E-01	8.02E-03	
1_1101678_C_G	5.00E-01	2.43E-02	9.13E-01	2.00E-02	1.84E-01	6.41E-03	
1_1101700_G_C	1.10E-01	5.79E-07	6.23E-01	-1.77E-01	3.60E-01	2.90E-02	
1_1101701_C_G	1.14E-01	2.69E-07	3.38E-01	-4.75E-01	4.96E-01	5.64E-02	
1_1101702_A_C	1.14E-01	2.69E-07	3.38E-01	-4.75E-01	4.96E-01	5.64E-02	
1_1101706_G_C	8.62E-02	9.74E-05	9.99E-01	-1.80E-04	2.60E-01	4.08E-05	
1_1101712_A_G	5.28E-01	2.02E-05	8.30E-01	1.90E-02	8.85E-02	1.27E-02	
1_1101733_A_G	2.62E-01	4.23E-07	1.35E-01	2.23E-01	1.49E-01	8.81E-02	
1_1101781_C_T	1.00E-01	7.53E-02	8.95E-01	-1.76E-02	1.33E-01	7.75E-03	
1_1101787_C_T	6.21E-02	3.73E-04	8.20E-01	-5.83E-02	2.56E-01	1.34E-02	
1_1101793_G_C	2.66E-01	1.04E-06	4.48E-01	1.23E-01	1.62E-01	4.48E-02	
1_1101797_G_T	1.14E-01	2.69E-07	3.38E-01	-4.75E-01	4.96E-01	5.64E-02	
1_1101798_C_G	1.14E-01	2.69E-07	3.38E-01	-4.75E-01	4.96E-01	5.64E-02	
1_1101801_A_C	2.14E-01	3.32E-10	1.46E-02	3.86E-01	1.57E-01	1.43E-01	
1_1101802_T_C	9.14E-01	5.12E-04	5.72E-01	8.30E-02	1.47E-01	3.33E-02	
1_1101806_A_G	2.07E-01	7.24E-02	6.66E-01	6.17E-02	1.43E-01	2.54E-02	
1_1101812_C_A	6.90E-02	8.81E-05	6.02E-01	-1.55E-01	2.97E-01	3.08E-02	
1_1101813_G_A	6.90E-02	8.81E-05	6.02E-01	-1.55E-01	2.97E-01	3.08E-02	
1_1101829_C_G	1.07E-01	1.23E-06	8.37E-01	-6.57E-02	3.20E-01	1.21E-02	
1_1101838_G_C	8.28E-02	3.25E-05	7.13E-01	-8.47E-02	2.30E-01	2.17E-02	
1_1101850_C_T	5.17E-02	1.52E-02	3.03E-01	2.68E-01	2.60E-01	6.08E-02	
1_1101868_G_C	1.10E-01	5.79E-07	7.17E-01	-1.30E-01	3.58E-01	2.14E-02	
1_1101880_T_C	5.52E-02	8.04E-03	5.98E-01	-8.71E-02	1.65E-01	3.11E-02	
1_1101886_G_C	3.31E-01	8.91E-03	2.87E-01	1.57E-01	1.47E-01	6.28E-02	
1_1101901_C_T	5.17E-02	3.04E-03	8.97E-01	-2.41E-02	1.86E-01	7.64E-03	
1_1101910_G_A	2.72E-01	4.27E-09	3.18E-01	1.38E-01	1.38E-01	5.89E-02	
1_1101911_C_T	5.17E-02	4.68E-04	9.64E-01	-1.22E-02	2.68E-01	2.69E-03	
1_1101928_C_G	1.28E-01	5.91E-07	1.65E-01	-2.72E-01	1.96E-01	8.17E-02	
1_1101931_C_T	2.93E-01	7.61E-08	1.10E-01	1.59E-01	9.93E-02	9.41E-02	
1_1101934_C_T	1.45E-01	7.63E-01	8.05E-01	-3.38E-02	1.37E-01	1.45E-02	
1_1101938_T_A	3.00E-01	1.13E-07	1.94E-01	1.30E-01	1.00E-01	7.65E-02	
1_1101946_G_A	8.62E-02	9.74E-05	7.85E-01	7.35E-02	2.69E-01	1.61E-02	
1_1107666_G_A	2.59E-01	1.57E-03	1.29E-01	-2.47E-01	1.62E-01	8.93E-02	
1_1107668_A_C	2.17E-01	1.88E-10	2.35E-02	4.07E-01	1.79E-01	1.33E-01	
1_1107672_A_G	1.24E-01	1.91E-07	7.55E-02	-3.26E-01	1.83E-01	1.05E-01	
1_1107685_C_T	4.97E-01	3.15E-02	6.68E-01	-6.70E-02	1.56E-01	2.53E-02	
1_1107691_T_C	4.83E-01	1.41E-02	8.62E-01	2.88E-02	1.65E-01	1.02E-02	
1_1107692_T_A	1.00E-01	5.48E-06	7.19E-01	-1.31E-01	3.63E-01	2.12E-02	
1_1107737_A_G	2.34E-01	1.50E-02	2.09E-01	-1.63E-01	1.30E-01	7.39E-02	
1_1107762_C_A	2.97E-01	1.73E-03	1.52E-01	2.21E-01	1.54E-01	8.44E-02	
1_1107766_C_T	2.17E-01	1.88E-10	2.35E-02	4.07E-01	1.79E-01	1.33E-01	
1_1107775_G_A	5.17E-02	5.48E-05	3.11E-01	-2.38E-01	2.35E-01	5.96E-02	bad-chisq
1_1107776_A_T	1.14E-01	2.69E-07	3.38E-01	-4.75E-01	4.96E-01	5.64E-02	
1_1107780_A_T	2.59E-01	1.57E-03	1.29E-01	-2.47E-01	1.62E-01	8.93E-02	
1_1107796_C_G	2.21E-01	6.74E-10	4.20E-02	3.44E-01	1.69E-01	1.20E-01	
1_1107805_A_G	2.97E-01	4.06E-03	3.02E-01	1.42E-01	1.38E-01	6.08E-02	
1_1107806_C_T	1.45E-01	4.78E-01	2.22E-01	-2.02E-01	1.65E-01	7.19E-02	
1_1107816_A_G	3.62E-01	2.16E-09	2.84E-01	2.23E-01	2.08E-01	6.31E-02	
1_1107817_G_A	7.59E-02	7.61E-04	2.03E-01	-2.14E-01	1.68E-01	7.50E-02	
1_1107818_T_C	2.34E-01	1.07E-03	1.95E-02	-3.10E-01	1.32E-01	1.37E-01	
1_1107821_C_T	1.03E-01	1.26E-01	4.47E-01	1.42E-01	1.86E-01	4.48E-02	
1_1107832_C_G	3.10E-01	1.04E-03	5.95E-01	7.33E-02	1.38E-01	3.13E-02	
1_1107837_G_A	3.28E-01	2.38E-02	5.78E-02	3.12E-01	1.64E-01	1.12E-01	
1_1107849_G_C	3.00E-01	6.59E-03	1.38E-01	2.35E-01	1.58E-01	8.74E-02	
1_1107850_C_G	2.79E-01	2.36E-04	8.91E-02	2.60E-01	1.52E-01	1.00E-01	
1_1107859_A_G	1.66E-01	1.97E-02	8.22E-02	-2.00E-01	1.15E-01	1.02E-01	
1_1107866_C_T	2.52E-01	1.05E-07	7.23E-02	2.48E-01	1.38E-01	1.06E-01	
1_1107883_A_G	1.59E-01	7.04E-01	5.69E-01	-7.41E-02	1.30E-01	3.36E-02	
1_1107895_C_G	4.62E-01	2.41E-03	4.21E-01	1.56E-01	1.94E-01	4.75E-02	
1_1107898_C_G	1.55E-01	2.38E-01	9.09E-01	1.74E-02	1.52E-01	6.75E-03	
1_1107904_C_T	3.21E-01	3.45E-04	2.60E-01	1.30E-01	1.15E-01	6.64E-02	
1_1107914_G_A	8.28E-02	4.52E-06	6.96E-01	-1.05E-01	2.69E-01	2.30E-02	
1_1107915_T_C	6.90E-02	1.14E-05	4.91E-01	-2.15E-01	3.12E-01	4.06E-02	
1_1107924_C_G	2.17E-01	1.88E-10	2.35E-02	4.07E-01	1.79E-01	1.33E-01	
1_1107927_G_A	2.17E-01	1.88E-10	2.35E-02	4.07E-01	1.79E-01	1.33E-01	
1_1107938_G_A	1.69E-01	1.23E-01	6.13E-01	-6.36E-02	1.26E-01	2.98E-02	
1_1107948_A_C	4.17E-01	3.70E-05	4.91E-01	1.10E-01	1.60E-01	4.06E-02	
1_1107959_A_G	1.48E-01	8.77E-01	7.81E-01	-4.51E-02	1.62E-01	1.64E-02	
1_1107961_T_C	9.24E-01	4.97E-01	9.99E-01	-9.64E-05	1.10E-01	5.16E-05	
1_1107964_A_G	1.41E-01	9.11E-01	5.30E-01	9.49E-02	1.51E-01	3.70E-02	
1_1107970_A_G	1.69E-01	7.81E-01	1.96E-01	-1.89E-01	1.46E-01	7.61E-02	
1_1107982_A_G	1.72E-01	4.42E-01	1.49E-01	-2.03E-01	1.41E-01	8.49E-02	
1_1107983_C_A	6.90E-02	8.81E-05	6.02E-01	-1.55E-01	2.97E-01	3.08E-02	
1_1107989_C_T	2.21E-01	1.06E-10	1.09E-02	4.29E-01	1.67E-01	1.49E-01	
1_1107998_C_T	7.93E-02	2.01E-01	2.25E-02	2.49E-01	1.08E-01	1.34E-01	
1_1108006_C_G	2.17E-01	1.88E-10	2.35E-02	4.07E-01	1.79E-01	1.33E-01	
1_1108008_C_A	4.28E-01	2.13E-04	5.59E-01	1.03E-01	1.76E-01	3.45E-02	
1_1108011_A_C	6.90E-02	1.14E-05	4.91E-01	-2.15E-01	3.12E-01	4.06E-02	
1_1108018_C_T	2.31E-01	2.24E-08	4.97E-02	3.31E-01	1.68E-01	1.15E-01	
1_1108020_G_C	3.52E-01	4.79E-02	3.71E-01	1.56E-01	1.74E-01	5.27E-02	
1_1108022_C_G	1.14E-01	2.69E-07	3.38E-01	-4.75E-01	4.96E-01	5.64E-02	
1_1108023_C_A	2.66E-01	1.52E-03	6.03E-02	-2.84E-01	1.51E-01	1.10E-01	
1_1108031_A_G	6.90E-02	2.83E-03	6.13E-01	1.30E-01	2.56E-01	2.98E-02	
1_1108047_G_C	1.21E-01	2.61E-01	8.44E-01	-3.89E-02	1.97E-01	1.16E-02	
1_1108050_G_C	2.17E-01	1.88E-10	2.35E-02	4.07E-01	1.79E-01	1.33E-01	
1_1108051_C_G	2.28E-01	7.33E-09	5.12E-02	3.20E-01	1.64E-01	1.15E-01	
1_1108064_C_T	2.34E-01	1.31E-08	4.45E-02	3.12E-01	1.54E-01	1.18E-01	
1_1108069_A_G	2.31E-01	2.24E-08	4.97E-02	3.31E-01	1.68E-01	1.15E-01	
1_1108070_G_A	2.38E-01	1.80E-07	8.86E-02	2.68E-01	1.57E-01	1.00E-01	
1_1108078_T_C	3.14E-01	4.13E-03	6.39E-01	6.29E-02	1.34E-01	2.76E-02	
1_1108087_T_C	4.07E-01	4.70E-05	9.30E-01	1.29E-02	1.46E-01	5.21E-03	
1_1108099_G_A	3.14E-01	3.56E-02	4.37E-01	1.17E-01	1.51E-01	4.58E-02	
1_1108102_C_T	6.55E-02	1.82E-04	3.65E-01	-1.53E-01	1.69E-01	5.34E-02	
1_1108117_A_G	3.38E-01	6.59E-01	5.35E-01	4.54E-02	7.30E-02	3.66E-02	
1_1108141_T_C	3.03E-01	2.09E-03	8.54E-02	2.53E-01	1.47E-01	1.01E-01	
1_1108150_G_C	5.17E-02	4.68E-04	9.85E-01	4.89E-03	2.58E-01	1.12E-03	
1_1108191_C_G	6.90E-02	8.81E-05	6.02E-01	-1.55E-01	2.97E-01	3.08E-02	
1_1108195_T_C	4.76E-01	1.28E-02	4.98E-01	1.43E-01	2.10E-01	3.99E-02	
1_1108199_A_G	1.48E-01	6.09E-01	1.14E-01	-2.49E-01	1.57E-01	9.29E-02	
1_1108200_C_G	7.93E-02	3.88E-04	6.73E-01	1.12E-01	2.66E-01	2.49E-02	
1_1108202_A_C	2.62E-01	6.22E-06	5.08E-02	3.08E-01	1.57E-01	1.15E-01	
1_1108216_C_G	5.52E-02	8.04E-03	6.02E-01	1.29E-01	2.47E-01	3.08E-02	
1_1108219_T_C	4.24E-01	1.54E-05	3.46E-01	1.54E-01	1.63E-01	5.55E-02	
1_1108228_A_G	1.59E-01	5.53E-01	3.51E-01	-1.37E-01	1.46E-01	5.50E-02	
1_1108229_G_A	6.55E-02	5.36E-03	5.14E-01	1.69E-01	2.59E-01	3.85E-02	
1_1108234_G_A	5.52E-02	3.31E-02	2.48E-01	-1.78E-01	1.54E-01	6.81E-02	
1_1108237_A_G	9.00E-01	1.67E-01	7.46E-01	3.33E-02	1.03E-01	1.91E-02	
1_1108240_T_C	4.48E-01	3.37E-04	2.76E-01	1.41E-01	1.29E-01	6.42E-02	
1_1108252_T_C	8.62E-02	2.41E-07	2.37E-01	-2.65E-01	2.23E-01	6.97E-02	
1_1108259_G_A	2.17E-01	1.88E-10	2.35E-02	4.07E-01	1.79E-01	1.33E-01	
1_1108260_G_A	2.97E-01	1.73E-03	1.52E-01	2.21E-01	1.54E-01	8.44E-02	
1_1108263_A_G	6.55E-02	1.82E-04	8.19E-01	-5.29E-02	2.31E-01	1.35E-02	
1_1108265_G_C	1.14E-01	2.69E-07	3.38E-01	-4.75E-01	4.96E-01	5.64E-02	
1_1108282_C_T	1.45E-01	4.78E-01	7.01E-01	6.14E-02	1.60E-01	2.26E-02	
1_1108297_C_T	5.86E-02	1.77E-01	5.15E-01	-8.07E-02	1.24E-01	3.84E-02	
1_1108306_A_G	1.90E-01	1.94E-01	2.45E-01	-1.57E-01	1.35E-01	6.85E-02	
1_1108309_A_G	4.00E-01	4.25E-06	6.39E-01	7.17E-02	1.53E-01	2.76E-02	
1_1108314_T_G	2.10E-01	8.80E-11	8.53E-03	4.39E-01	1.66E-01	1.54E-01	
1_1108317_C_G	4.76E-01	1.28E-02	4.98E-01	1.43E-01	2.10E-01	3.99E-02	
1_1108336_C_T	9.31E-02	5.04E-01	8.70E-01	-2.05E-02	1.25E-01	9.69E-03	
1_1108354_C_T	7.24E-02	6.50E-03	3.65E-01	1.80E-01	1.98E-01	5.34E-02	
1_1108357_G_C	4.48E-01	1.88E-03	7.09E-01	6.45E-02	1.73E-01	2.20E-02	
1_1108362_A_T	3.55E-01	6.68E-02	4.36E-01	1.44E-01	1.85E-01	4.60E-02	
1_1108363_T_C	4.59E-01	1.52E-03	4.17E-01	1.47E-01	1.82E-01	4.78E-02	
1_1108369_C_T	1.03E-01	1.26E-01	4.14E-01	1.56E-01	1.91E-01	4.81E-02	
1_1108374_C_T	5.52E-02	1.32E-01	5.64E-01	9.12E-02	1.58E-01	3.40E-02	
1_1108381_C_T	7.59E-02	1.37E-04	1.07E-01	-2.64E-01	1.63E-01	9.48E-02	
1_1108383_G_A	6.55E-02	2.42E-05	5.50E-01	-1.53E-01	2.55E-01	3.52E-02	
1_1108387_C_T	1.21E-01	3.97E-03	7.68E-02	-1.65E-01	9.29E-02	1.04E-01	
1_1108390_G_C	4.69E-01	2.71E-03	8.67E-01	2.62E-02	1.57E-01	9.85E-03	
1_1108392_A_C	2.48E-01	3.82E-08	3.07E-02	3.21E-01	1.48E-01	1.27E-01	
1_1108402_T_C	4.00E-01	3.88E-05	1.43E-01	1.95E-01	1.32E-01	8.63E-02	
1_1108418_C_T	2.17E-01	1.88E-10	2.35E-02	4.07E-01	1.79E-01	1.33E-01	
1_1108421_A_C	9.66E-02	1.14E-05	8.36E-01	-6.26E-02	3.02E-01	1.22E-02	
1_1108422_A_G	9.66E-02	1.14E-05	8.36E-01	-6.26E-02	3.02E-01	1.22E-02	
1_1108432_T_C	4.59E-01	7.03E-03	7.20E-01	6.33E-02	1.76E-01	2.12E-02	
1_1108433_G_A	4.93E-01	7.94E-05	1.28E-01	1.51E-01	9.89E-02	8.96E-02	
1_1143017_G_C	5.86E-02	7.57E-04	7.48E-01	-8.67E-02	2.69E-01	1.90E-02	
1_1143027_T_C	1.14E-01	2.69E-07	3.38E-01	-4.75E-01	4.96E-01	5.64E-02	
1_1143041_G_C	2.41E-01	4.44E-09	2.42E-01	2.22E-01	1.90E-01	6.89E-02	
1_1143050_T_C	2.14E-01	7.30E-03	4.88E-01	-1.11E-01	1.59E-01	4.08E-02	
1_1143071_T_C	4.90E-01	7.85E-03	1.73E-01	2.57E-01	1.88E-01	8.02E-02	
1_1143075_A_C	1.14E-01	2.69E-07	3.38E-01	-4.75E-01	4.96E-01	5.64E-02	
1_1143079_C_A	6.21E-02	5.12E-05	7.29E-01	-9.44E-02	2.72E-01	2.05E-02	
1_1143086_C_G	6.21E-02	3.73E-04	6.56E-01	9.70E-02	2.17E-01	2.63E-02	
1_1143095_T_G	4.72E-01	8.67E-03	4.63E-01	1.43E-01	1.95E-01	4.33E-02	
1_1143098_C_G	4.14E-01	6.54E-06	4.53E-01	1.23E-01	1.64E-01	4.42E-02	
1_1143105_G_A	5.86E-02	1.08E-04	8.25E-01	-5.73E-02	2.59E-01	1.30E-02	
1_1143106_G_C	4.24E-01	5.05E-06	3.10E-01	1.67E-01	1.64E-01	5.98E-02	
1_1143114_T_C	1.10E-01	5.79E-07	6.23E-01	-1.77E-01	3.60E-01	2.90E-02	
1_1143125_C_T	5.17E-02	5.48E-05	4.76E-01	-1.63E-01	2.29E-01	4.20E-02	bad-chisq
1_1143135_C_G	4.48E-01	1.88E-03	6.93E-01	7.00E-02	1.77E-01	2.33E-02	
1_1143140_C_T	1.07E-01	9.41E-02	1.37E-01	2.65E-01	1.78E-01	8.75E-02	
1_1143146_C_T	7.24E-02	2.76E-04	8.40E-01	-4.36E-02	2.16E-01	1.19E-02	
1_1143167_T_C	7.45E-01	2.64E-01	8.86E-01	1.28E-02	8.88E-02	8.49E-03	
1_1143203_C_T	1.59E-01	3.03E-01	8.17E-01	3.51E-02	1.51E-01	1.37E-02	
1_1143209_A_G	8.79E-01	4.86E-01	7.48E-01	-3.11E-02	9.69E-02	1.89E-02	
1_1143215_G_A	1.07E-01	6.01E-01	9.83E-01	-3.41E-03	1.57E-01	1.28E-03	
1_1143227_C_G	1.00E-01	7.53E-02	3.51E-01	1.87E-01	2.01E-01	5.49E-02	
1_1143233_C_G	5.17E-02	4.68E-04	7.14E-01	-8.93E-02	2.44E-01	2.16E-02	
1_1143239_G_C	3.34E-01	6.59E-03	8.07E-01	-3.70E-02	1.51E-01	1.44E-02	
1_1143246_G_A	1.10E-01	5.79E-07	5.38E-01	-2.44E-01	3.96E-01	3.63E-02	
1_1143274_A_G	7.24E-02	4.24E-05	5.19E-01	-1.79E-01	2.78E-01	3.80E-02	
1_1143311_C_T	1.24E-01	8.62E-01	9.99E-01	1.74E-04	1.46E-01	7.01E-05	
1_1143346_C_T	7.93E-02	3.88E-04	9.64E-01	-9.68E-03	2.14E-01	2.66E-03	
1_1143380_G_C	1.03E-01	5.92E-03	8.99E-01	1.98E-02	1.56E-01	7.49E-03	
1_1143386_C_T	2.93E-01	4.33E-06	8.69E-01	2.23E-02	1.35E-01	9.72E-03	
1_1143392_C_T	5.17E-02	4.68E-04	9.85E-01	4.89E-03	2.58E-01	1.12E-03	
1_1143398_C_T	1.45E-01	4.78E-01	7.55E-01	4.09E-02	1.31E-01	1.84E-02	
1_1143404_A_G	3.97E-01	6.76E-06	6.25E-01	6.47E-02	1.32E-01	2.89E-02	
1_1143434_T_C	2.76E-01	8.97E-04	1.46E-01	-1.85E-01	1.27E-01	8.55E-02	
1_1143437_C_G	1.14E-01	2.69E-07	3.38E-01	-4.75E-01	4.96E-01	5.64E-02	
1_1143458_T_C	6.21E-02	3.73E-04	5.75E-01	-1.29E-01	2.30E-01	3.30E-02	
1_1143491_C_G	2.41E-01	3.98E-05	1.98E-01	-1.00E-01	7.76E-02	7.58E-02	
1_1143493_T_A	6.90E-02	8.81E-05	6.02E-01	-1.55E-01	2.97E-01	3.08E-02	
1_1143506_G_A	1.21E-01	4.09E-07	5.52E-01	-1.68E-01	2.82E-01	3.51E-02	
1_1143548_C_T	3.24E-01	3.53E-03	1.22E-01	2.16E-01	1.39E-01	9.10E-02	
1_1143578_G_A	1.55E-01	8.43E-01	6.52E-01	-6.19E-02	1.37E-01	2.66E-02	
1_1143626_G_C	5.17E-02	4.68E-04	8.93E-01	-3.30E-02	2.46E-01	7.90E-03	
1_1143630_A_C	8.97E-02	4.81E-05	9.76E-01	9.08E-03	3.03E-01	1.76E-03	
1_1143644_C_T	1.07E-01	1.97E-01	6.82E-01	6.75E-02	1.64E-01	2.42E-02	
1_1143651_C_A	6.90E-02	8.81E-05	6.02E-01	-1.55E-01	2.97E-01	3.08E-02	
1_1143652_G_A	6.90E-02	8.81E-05	6.02E-01	-1.55E-01	2.97E-01	3.08E-02	
1_1143704_C_G	1.14E-01	2.69E-07	3.38E-01	-4.75E-01	4.96E-01	5.64E-02	
1_1143707_C_T	3.52E-01	2.02E-04	3.76E-01	-1.04E-01	1.17E-01	5.22E-02	
1_1143728_C_T	5.86E-02	4.19E-03	4.97E-01	1.72E-01	2.53E-01	4.00E-02	
1_1143742_C_A	7.24E-02	4.24E-05	5.44E-01	-1.73E-01	2.85E-01	3.58E-02	
1_1143746_G_A	8.62E-02	9.74E-05	7.85E-01	7.35E-02	2.69E-01	1.61E-02	
1_1143797_A_G	1.52E-01	7.50E-01	3.08E-01	1.45E-01	1.42E-01	6.00E-02	
1_1143884_G_A	7.59E-02	1.37E-04	9.30E-01	-1.99E-02	2.25E-01	5.20E-03	
1_1143917_C_T	2.72E-01	3.89E-07	3.45E-01	1.22E-01	1.30E-01	5.56E-02	
1_1143926_G_C	7.93E-02	9.60E-06	6.38E-01	-1.14E-01	2.41E-01	2.78E-02	
1_1143935_A_G	4.31E-01	9.19E-03	1.07E-01	1.70E-01	1.05E-01	9.47E-02	
1_1143936_T_C	2.76E-01	5.50E-08	2.31E-01	1.52E-01	1.26E-01	7.05E-02	
1_1143938_C_G	2.72E-01	2.06E-08	2.24E-01	1.58E-01	1.29E-01	7.16E-02	
1_1143941_C_G	5.86E-02	4.19E-03	6.73E-01	1.02E-01	2.43E-01	2.49E-02	
1_1143945_A_G	3.83E-01	5.56E-02	2.87E-01	1.42E-01	1.33E-01	6.28E-02	
1_1143946_C_T	3.83E-01	5.56E-02	2.87E-01	1.42E-01	1.33E-01	6.28E-02	
1_1143954_A_C	1.62E-01	4.13E-05	4.19E-01	-1.23E-01	1.53E-01	4.76E-02	
1_1143955_G_A	8.41E-01	4.22E-06	8.18E-01	3.19E-02	1.39E-01	1.36E-02	
1_1143957_C_T	1.00E-01	1.67E-01	6.51E-01	8.18E-02	1.81E-01	2.67E-02	
1_1143968_G_A	6.90E-02	8.81E-05	9.62E-01	1.13E-02	2.34E-01	2.84E-03	
1_1143977_C_T	7.59E-02	1.37E-04	3.35E-01	-1.63E-01	1.69E-01	5.68E-02	
1_1143983_C_T	7.24E-02	2.36E-02	3.10E-01	1.63E-01	1.60E-01	5.98E-02	
1_1143992_C_T	1.90E-01	5.70E-02	8.76E-01	-1.19E-02	7.60E-02	9.19E-03	
1_1143997_T_A	1.14E-01	2.69E-07	3.38E-01	-4.75E-01	4.96E-01	5.64E-02	
1_1144022_C_T	5.86E-02	1.08E-04	6.75E-01	-9.58E-02	2.28E-01	2.47E-02	
1_1144031_C_G	5.17E-02	3.04E-03	8.17E-01	-5.68E-02	2.45E-01	1.37E-02	
1_1144052_C_T	3.07E-01	2.64E-02	5.90E-01	-4.57E-02	8.48E-02	3.18E-02	
1_1144089_A_C	3.21E-01	3.34E-07	3.75E-01	9.43E-02	1.06E-01	5.23E-02	
1_1144101_A_C	1.14E-01	2.69E-07	3.38E-01	-4.75E-01	4.96E-01	5.64E-02	
1_1144113_T_G	6.90E-02	8.81E-05	6.02E-01	-1.55E-01	2.97E-01	3.08E-02	
1_1144146_C_A	8.62E-02	9.74E-05	8.93E-01	3.81E-02	2.84E-01	7.90E-03	
1_1144155_T_G	6.21E-02	5.12E-05	6.93E-01	-1.10E-01	2.79E-01	2.33E-02	
1_1144157_G_C	5.86E-02	7.57E-04	7.16E-01	-9.54E-02	2.62E-01	2.14E-02	
1_1144193_C_T	1.48E-01	1.36E-01	3.43E-01	8.46E-02	8.91E-02	5.59E-02	
1_1144208_C_T	1.41E-01	9.11E-01	3.99E-01	1.42E-01	1.67E-01	4.97E-02	
1_1144235_C_T	5.17E-02	8.03E-01	7.09E-01	-5.76E-02	1.54E-01	2.20E-02	
1_1144248_G_A	1.55E-01	6.47E-01	5.45E-01	-8.77E-02	1.45E-01	3.57E-02	
1_1144276_A_C	7.24E-02	4.24E-05	5.44E-01	-1.73E-01	2.85E-01	3.58E-02	
1_1144288_A_T	6.90E-02	1.14E-05	4.91E-01	-2.15E-01	3.12E-01	4.06E-02	
1_1144293_A_C	5.17E-02	3.04E-03	8.86E-01	-4.00E-02	2.79E-01	8.44E-03	
1_1144294_G_A	4.24E-01	1.22E-04	5.20E-01	1.11E-01	1.72E-01	3.79E-02	
1_1144296_C_T	2.34E-01	3.14E-02	2.38E-01	-9.10E-02	7.70E-02	6.95E-02	
1_1144313_G_A	2.72E-01	1.91E-05	6.57E-01	6.99E-02	1.57E-01	2.62E-02	
1_1144325_C_T	4.69E-01	4.65E-02	2.27E-01	1.28E-01	1.06E-01	7.11E-02	
1_1144333_A_C	5.86E-02	2.40E-01	9.81E-01	3.82E-03	1.58E-01	1.43E-03	
1_1144342_C_A	1.07E-01	1.23E-06	7.10E-01	-1.21E-01	3.26E-01	2.19E-02	
1_1144350_C_G	1.14E-01	2.69E-07	3.38E-01	-4.75E-01	4.96E-01	5.64E-02	
1_1144351_A_C	1.14E-01	2.69E-07	3.38E-01	-4.75E-01	4.96E-01	5.64E-02	
1_1144352_G_C	8.62E-02	2.12E-06	8.68E-01	-3.86E-02	2.32E-01	9.83E-03	
1_1144354_G_A	5.52E-02	2.57E-05	2.57E-01	-2.79E-01	2.46E-01	6.68E-02	bad-chisq
1_1144379_C_T	3.14E-01	5.84E-08	1.02E-01	1.78E-01	1.09E-01	9.62E-02	
1_1144397_T_C	9.24E-01	1.15E-01	1.90E-01	1.44E-01	1.10E-01	7.73E-02	
1_1144400_C_T	5.86E-02	7.57E-04	3.14E-01	-1.67E-01	1.66E-01	5.93E-02	
1_1144430_A_G	4.21E-01	1.81E-04	9.52E-01	-9.22E-03	1.52E-01	3.58E-03	
1_1144451_C_G	3.00E-01	6.05E-05	3.67E-01	1.20E-01	1.32E-01	5.32E-02	
1_1144454_C_G	6.90E-02	1.14E-05	4.91E-01	-2.15E-01	3.12E-01	4.06E-02	
1_1144482_A_C	5.17E-02	1.52E-02	7.93E-01	-5.43E-02	2.07E-01	1.54E-02	
1_1144493_T_C	3.66E-01	8.49E-03	4.54E-01	-8.12E-02	1.08E-01	4.42E-02	
1_1144494_C_G	1.03E-01	1.26E-01	4.88E-01	1.29E-01	1.86E-01	4.08E-02	
1_1144505_C_G	7.59E-02	7.61E-04	7.72E-01	7.05E-02	2.44E-01	1.71E-02	
1_1144506_G_C	1.10E-01	5.79E-07	5.38E-01	-2.44E-01	3.96E-01	3.63E-02	
1_1144508_G_A	1.24E-01	2.06E-01	5.81E-01	-8.24E-02	1.49E-01	3.26E-02	
1_1144510_G_A	1.10E-01	5.79E-07	5.38E-01	-2.44E-01	3.96E-01	3.63E-02	
1_1144511_C_G	1.14E-01	2.69E-07	3.38E-01	-4.75E-01	4.96E-01	5.64E-02	
1_1144520_T_C	3.72E-01	1.08E-01	8.90E-01	-2.23E-02	1.61E-01	8.14E-03	
1_1144523_A_G	2.93E-01	4.33E-06	7.91E-01	4.12E-02	1.55E-01	1.57E-02	
1_1144561_T_C	2.93E-01	4.33E-06	7.91E-01	4.12E-02	1.55E-01	1.57E-02	
1_1144566_C_T	7.59E-02	4.31E-02	6.77E-01	6.23E-02	1.49E-01	2.46E-02	
1_1144571_C_G	1.14E-01	2.69E-07	3.38E-01	-4.75E-01	4.96E-01	5.64E-02	
1_1144616_A_G	2.79E-01	5.77E-07	7.59E-01	4.66E-02	1.52E-01	1.81E-02	
1_1144619_G_C	1.97E-01	1.19E-02	9.51E-01	1.01E-02	1.64E-01	3.62E-03	
1_1144631_C_T	5.17E-02	3.04E-03	5.88E-01	1.21E-01	2.23E-01	3.19E-02	
1_1144636_A_C	1.34E-01	1.30E-07	8.74E-02	-3.85E-01	2.24E-01	1.01E-01	
1_1156550_C_T	5.52E-02	2.57E-05	4.47E-01	-1.85E-01	2.43E-01	4.48E-02	bad-chisq
1_1156568_G_A	2.31E-01	4.26E-09	1.39E-01	2.20E-01	1.48E-01	8.71E-02	
1_1156571_C_T	1.86E-01	4.05E-02	4.35E-01	-1.27E-01	1.63E-01	4.60E-02	
1_1156583_T_C	1.66E-01	4.61E-01	6.49E-01	-7.22E-02	1.58E-01	2.69E-02	
1_1156598_C_T	6.90E-02	5.54E-04	8.62E-01	4.04E-02	2.31E-01	1.03E-02	
1_1156619_C_T	2.28E-01	2.17E-10	3.19E-02	3.52E-01	1.63E-01	1.26E-01	
1_1156628_C_G	6.55E-02	1.82E-04	6.96E-01	-9.98E-02	2.55E-01	2.31E-02	
1_1156637_C_G	5.17E-02	5.48E-05	5.30E-01	-1.54E-01	2.45E-01	3.71E-02	bad-chisq
1_1156652_C_G	5.86E-02	7.57E-04	7.48E-01	-8.67E-02	2.69E-01	1.90E-02	
1_1156674_G_A	3.62E-01	2.16E-09	2.84E-01	2.23E-01	2.08E-01	6.31E-02	
1_1156675_T_C	6.55E-02	1.82E-04	7.37E-01	-8.96E-02	2.66E-01	1.98E-02	
1_1156688_G_C	5.52E-02	1.53E-03	6.12E-01	-9.67E-02	1.91E-01	2.99E-02	
1_1156705_T_C	5.17E-02	4.68E-04	7.89E-01	-6.88E-02	2.57E-01	1.58E-02	
1_1156711_A_G	1.14E-01	2.69E-07	3.38E-01	-4.75E-01	4.96E-01	5.64E-02	
1_1156724_G_A	2.41E-01	2.27E-08	2.47E-02	3.28E-01	1.45E-01	1.32E-01	
1_1156735_A_T	1.14E-01	2.69E-07	3.38E-01	-4.75E-01	4.96E-01	5.64E-02	
1_1156741_C_G	2.52E-01	4.53E-07	3.62E-01	1.32E-01	1.44E-01	5.37E-02	
1_1156758_G_T	1.03E-01	1.26E-01	4.14E-01	1.56E-01	1.91E-01	4.81E-02	
1_1156763_A_G	7.59E-02	2.02E-05	5.21E-01	-1.09E-01	1.69E-01	3.78E-02	
1_1156775_C_G	7.93E-02	3.88E-04	2.58E-01	-2.05E-01	1.81E-01	6.66E-02	
1_1156802_G_C	3.55E-01	2.87E-08	2.21E-01	1.90E-01	1.55E-01	7.21E-02	
1_1156807_C_T	8.97E-02	4.81E-05	8.92E-01	3.74E-02	2.75E-01	8.02E-03	
1_1156808_G_C	7.93E-02	9.60E-06	3.58E-01	-2.60E-01	2.83E-01	5.41E-02	
1_1156844_C_T	2.48E-01	5.90E-01	2.38E-01	9.10E-02	7.71E-02	6.94E-02	
1_1156857_C_A	9.31E-02	2.35E-05	9.73E-01	9.74E-03	2.83E-01	2.03E-03	
1_1156874_G_C	1.14E-01	2.69E-07	3.38E-01	-4.75E-01	4.96E-01	5.64E-02	
1_1156898_C_G	5.86E-02	1.08E-04	7.09E-01	-7.49E-02	2.00E-01	2.20E-02	
1_1156901_C_T	5.52E-02	3.31E-02	4.39E-01	-1.39E-01	1.80E-01	4.56E-02	
1_1156911_C_T	2.31E-01	4.26E-09	9.94E-02	2.63E-01	1.59E-01	9.69E-02	
1_1156918_C_T	8.97E-02	4.81E-05	9.76E-01	9.08E-03	3.03E-01	1.76E-03	
1_1156928_G_C	5.86E-02	1.83E-02	1.67E-01	3.27E-01	2.36E-01	8.13E-02	
1_1156931_T_C	1.45E-01	3.29E-01	2.88E-01	-1.54E-01	1.45E-01	6.26E-02	
1_1156935_C_T	2.76E-01	2.36E-07	4.12E-01	1.11E-01	1.35E-01	4.83E-02	
1_1156949_C_T	4.90E-01	3.79E-03	7.92E-01	4.19E-02	1.59E-01	1.55E-02	
1_1156955_C_G	8.62E-02	1.56E-05	9.44E-01	1.80E-02	2.55E-01	4.15E-03	
1_1156958_C_G	7.93E-02	6.69E-05	8.04E-01	5.80E-02	2.34E-01	1.46E-02	
1_1156967_G_C	1.45E-01	9.72E-01	3.97E-01	1.46E-01	1.72E-01	5.00E-02	
1_1156970_C_T	3.38E-01	1.02E-02	9.57E-01	-7.68E-03	1.42E-01	3.18E-03	
1_1156986_G_C	2.79E-01	8.09E-05	6.07E-01	8.32E-02	1.62E-01	3.03E-02	
1_1156994_C_G	3.55E-01	6.68E-02	4.36E-01	1.44E-01	1.85E-01	4.60E-02	
1_1156995_A_C	8.97E-02	4.81E-05	9.76E-01	9.08E-03	3.03E-01	1.76E-03	
1_1156998_C_T	3.66E-01	5.44E-09	3.44E-01	1.87E-01	1.98E-01	5.57E-02	
1_1157033_C_G	1.66E-01	2.91E-01	6.36E-01	-7.41E-02	1.56E-01	2.79E-02	
1_1157036_G_C	3.48E-01	3.37E-02	3.67E-01	1.52E-01	1.69E-01	5.31E-02	
1_1157039_G_A	1.17E-01	8.71E-07	1.92E-01	-2.74E-01	2.10E-01	7.68E-02	
1_1157057_G_C	5.17E-02	4.68E-04	9.85E-01	4.89E-03	2.58E-01	1.12E-03	
1_1157078_G_C	2.52E-01	4.50E-09	1.91E-01	2.22E-01	1.69E-01	7.70E-02	
1_1157084_C_T	6.55E-02	1.10E-03	8.45E-01	4.43E-02	2.26E-01	1.16E-02	
1_1157085_G_T	6.55E-02	1.82E-04	5.46E-01	-1.58E-01	2.62E-01	3.56E-02	
1_1157086_A_C	1.14E-01	2.69E-07	3.38E-01	-4.75E-01	4.96E-01	5.64E-02	
1_1157093_C_G	3.38E-01	1.02E-02	3.67E-01	1.49E-01	1.65E-01	5.32E-02	
1_1157100_A_G	1.14E-01	2.69E-07	3.38E-01	-4.75E-01	4.96E-01	5.64E-02	
1_1157103_A_G	5.45E-01	8.20E-03	9.95E-01	-6.31E-04	1.06E-01	3.51E-04	
1_1157117_G_C	2.41E-01	4.44E-09	2.42E-01	2.22E-01	1.90E-01	6.89E-02	
1_1157127_C_T	5.17E-02	7.75E-01	9.04E-01	1.61E-02	1.34E-01	7.08E-03	
1_1157147_C_G	3.34E-01	2.68E-02	1.89E-01	1.96E-01	1.49E-01	7.74E-02	
1_1157159_G_A	5.52E-02	8.04E-03	9.10E-01	-2.00E-02	1.77E-01	6.65E-03	
1_1157168_C_T	5.17E-02	3.04E-03	1.90E-01	-1.87E-01	1.43E-01	7.72E-02	
1_1157186_T_G	7.00E-01	2.78E-02	9.35E-01	-6.04E-03	7.38E-02	4.82E-03	
1_1157189_G_A	1.79E-01	2.68E-01	8.05E-01	-3.56E-02	1.44E-01	1.46E-02	
1_1157192_A_G	2.07E-01	3.58E-01	4.03E-01	-1.04E-01	1.24E-01	4.93E-02	
1_1157223_G_T	6.90E-02	8.81E-05	6.02E-01	-1.55E-01	2.97E-01	3.08E-02	
1_1157240_G_A	9.66E-02	6.69E-05	8.77E-01	-3.17E-02	2.05E-01	9.10E-03	
1_1157246_G_C	7.59E-02	1.35E-02	4.58E-01	1.28E-01	1.72E-01	4.38E-02	
1_1157253_T_C	2.45E-01	2.56E-09	1.72E-01	2.42E-01	1.77E-01	8.05E-02	
1_1157273_C_T	2.62E-01	1.68E-06	7.57E-01	4.98E-02	1.61E-01	1.82E-02	
1_1157285_G_C	8.62E-02	1.56E-05	9.81E-01	-5.95E-03	2.52E-01	1.39E-03	
1_1157345_G_A	1.55E-01	8.43E-01	4.98E-01	-9.44E-02	1.39E-01	3.99E-02	
1_1157396_C_T	5.17E-02	3.04E-03	9.86E-01	3.45E-03	1.91E-01	1.07E-03	
1_1157405_C_T	3.14E-01	3.39E-05	2.92E-01	1.39E-01	1.32E-01	6.21E-02	
1_1157442_T_G	1.14E-01	2.69E-07	3.38E-01	-4.75E-01	4.96E-01	5.64E-02	
1_1157444_G_C	6.21E-02	3.73E-04	7.90E-01	-7.30E-02	2.74E-01	1.57E-02	
1_1157456_C_G	4.62E-01	2.41E-03	4.21E-01	1.56E-01	1.94E-01	4.75E-02	
1_1157474_C_T	1.38E-01	9.34E-01	3.47E-01	1.59E-01	1.68E-01	5.55E-02	
1_1157492_T_C	7.93E-02	3.88E-04	9.64E-01	-9.68E-03	2.14E-01	2.66E-03	
1_1179191_G_C	7.24E-02	1.48E-03	6.78E-01	1.09E-01	2.62E-01	2.45E-02	
1_1179209_C_G	4.66E-01	1.54E-02	8.59E-01	3.46E-02	1.94E-01	1.05E-02	
1_1179212_C_T	2.21E-01	6.74E-10	3.47E-02	3.65E-01	1.72E-01	1.24E-01	
1_1179225_C_T	8.62E-02	1.73E-01	1.14E-01	-1.97E-01	1.24E-01	9.29E-02	
1_1179236_G_A	8.97E-02	2.63E-04	6.74E-01	-6.34E-02	1.51E-01	2.48E-02	
1_1179251_C_T	2.62E-01	4.23E-07	5.17E-03	3.45E-01	1.23E-01	1.64E-01	
1_1179263_C_G	3.34E-01	6.59E-03	3.47E-01	1.52E-01	1.61E-01	5.54E-02	
1_1179269_T_C	3.72E-01	1.91E-02	5.72E-01	-6.82E-02	1.20E-01	3.33E-02	
1_1179284_G_A	1.07E-01	7.96E-06	1.37E-01	-1.94E-01	1.30E-01	8.76E-02	
1_1179287_T_C	8.34E-01	3.08E-04	1.41E-01	1.29E-01	8.75E-02	8.66E-02	
1_1179296_C_T	6.90E-02	8.81E-05	3.74E-02	-3.41E-01	1.63E-01	1.22E-01	
1_1179326_C_T	1.48E-01	6.25E-01	2.78E-01	9.17E-02	8.43E-02	6.39E-02	
1_1179327_G_A	6.90E-02	8.81E-05	8.60E-01	-4.40E-02	2.49E-01	1.04E-02	
1_1179333_C_T	3.86E-01	1.99E-04	6.33E-01	3.53E-02	7.39E-02	2.81E-02	
1_1179339_G_C	1.07E-01	7.96E-06	1.37E-01	-2.78E-01	1.87E-01	8.75E-02	
1_1179354_C_T	2.55E-01	2.75E-07	2.87E-01	1.37E-01	1.29E-01	6.27E-02	
1_1179386_G_C	1.03E-01	4.84E-02	9.07E-01	-1.16E-02	9.93E-02	6.86E-03	
1_1179387_C_T	5.86E-02	7.57E-04	8.41E-01	4.47E-02	2.22E-01	1.19E-02	
1_1179394_A_C	1.10E-01	5.79E-07	5.38E-01	-2.44E-01	3.96E-01	3.63E-02	
1_1179421_C_A	1.21E-01	2.61E-01	8.44E-01	-3.89E-02	1.97E-01	1.16E-02	
1_1185811_A_C	2.79E-01	2.60E-05	3.17E-01	1.42E-01	1.41E-01	5.90E-02	
1_1185818_G_C	6.21E-02	5.12E-05	7.83E-01	-6.51E-02	2.36E-01	1.63E-02	
1_1185820_C_T	2.31E-01	1.03E-02	9.02E-01	1.76E-02	1.42E-01	7.28E-03	
1_1185824_G_C	1.34E-01	4.47E-01	5.02E-01	5.91E-02	8.81E-02	3.95E-02	
1_1185848_G_A	7.93E-02	1.87E-03	6.51E-01	9.54E-02	2.11E-01	2.67E-02	
1_1185854_C_G	3.83E-01	1.34E-05	6.84E-01	-5.11E-02	1.25E-01	2.40E-02	
1_1185868_T_C	5.52E-02	1.07E-01	5.00E-01	1.16E-01	1.71E-01	3.98E-02	
1_1185872_C_G	2.83E-01	1.68E-05	2.91E-01	1.71E-01	1.62E-01	6.23E-02	
1_1185902_T_C	2.10E-01	5.10E-02	5.07E-01	-8.63E-02	1.30E-01	3.91E-02	
1_1185932_G_A	1.07E-01	1.23E-06	7.10E-01	-1.21E-01	3.26E-01	2.19E-02	
1_1185950_T_C	4.55E-01	2.13E-03	6.91E-01	6.08E-02	1.53E-01	2.34E-02	
1_1185959_T_C	4.14E-01	5.66E-05	4.38E-01	1.05E-01	1.35E-01	4.57E-02	
1_1186076_A_G	4.10E-01	1.03E-05	6.13E-01	7.70E-02	1.52E-01	2.98E-02	
1_1233143_T_C	3.52E-01	1.13E-10	8.98E-03	4.39E-01	1.67E-01	1.53E-01	
1_1233152_T_C	4.07E-01	1.63E-06	3.28E-01	1.77E-01	1.80E-01	5.77E-02	
1_1233170_T_C	8.28E-02	3.25E-05	6.28E-01	-8.64E-02	1.78E-01	2.85E-02	
1_1233173_C_T	7.59E-02	7.61E-04	8.66E-01	-2.82E-02	1.67E-01	9.92E-03	
1_1233203_A_G	2.97E-01	2.72E-06	6.20E-01	7.44E-02	1.50E-01	2.92E-02	
1_1233208_A_C	8.97E-02	4.81E-05	9.76E-01	9.08E-03	3.03E-01	1.76E-03	
1_1233248_T_C	4.76E-01	1.28E-02	4.98E-01	1.43E-01	2.10E-01	3.99E-02	
1_1233257_C_G	8.97E-02	4.81E-05	9.76E-01	9.08E-03	3.03E-01	1.76E-03	
1_1233284_T_C	3.86E-01	7.89E-07	6.89E-01	6.76E-02	1.69E-01	2.36E-02	
1_1233293_C_T	6.21E-02	2.16E-03	9.80E-01	5.83E-03	2.34E-01	1.47E-03	
1_1233296_G_C	4.79E-01	2.18E-03	8.28E-01	3.07E-02	1.42E-01	1.28E-02	
1_1233308_G_C	5.17E-02	4.68E-04	7.89E-01	-7.50E-02	2.80E-01	1.58E-02	
1_1233321_C_G	5.17E-02	1.52E-02	4.81E-01	1.87E-01	2.64E-01	4.15E-02	
1_1233323_C_G	4.62E-01	2.41E-03	3.63E-01	1.57E-01	1.72E-01	5.36E-02	
1_1233326_C_G	1.10E-01	5.79E-07	5.38E-01	-2.44E-01	3.96E-01	3.63E-02	
1_1233329_T_C	3.90E-01	1.67E-05	2.74E-01	1.52E-01	1.38E-01	6.45E-02	
1_1233335_C_G	3.93E-01	4.82E-02	9.58E-01	6.85E-03	1.31E-01	3.08E-03	
1_1233345_A_G	4.76E-01	1.28E-02	4.98E-01	1.43E-01	2.10E-01	3.99E-02	
1_1233346_T_C	4.76E-01	1.28E-02	4.98E-01	1.43E-01	2.10E-01	3.99E-02	
1_1233348_G_A	6.55E-02	5.36E-03	2.87E-01	-2.11E-01	1.98E-01	6.28E-02	
1_1233351_A_G	6.90E-02	1.14E-05	4.91E-01	-2.15E-01	3.12E-01	4.06E-02	
1_1233366_C_A	6.21E-02	5.12E-05	7.68E-01	-8.06E-02	2.73E-01	1.74E-02	
1_1233367_G_A	6.21E-02	5.12E-05	7.68E-01	-8.06E-02	2.73E-01	1.74E-02	
1_1233392_T_C	3.90E-01	5.40E-06	1.92E-01	1.88E-01	1.44E-01	7.69E-02	
1_1233398_C_T	2.41E-01	2.27E-08	7.47E-02	2.27E-01	1.27E-01	1.05E-01	
1_1233410_T_C	4.28E-01	9.79E-06	3.29E-01	1.53E-01	1.56E-01	5.75E-02	
1_1233416_G_C	1.03E-01	3.61E-07	1.55E-01	-3.88E-01	2.72E-01	8.37E-02	
1_1233427_C_T	6.90E-02	1.14E-05	4.91E-01	-2.15E-01	3.12E-01	4.06E-02	
1_1233428_G_C	1.76E-01	5.30E-01	9.06E-01	1.87E-02	1.58E-01	6.98E-03	
1_1233461_C_G	4.52E-01	5.68E-04	3.60E-01	1.58E-01	1.72E-01	5.40E-02	
1_1233473_C_T	2.41E-01	1.08E-07	1.98E-02	3.18E-01	1.36E-01	1.37E-01	
1_1233474_T_C	4.76E-01	1.28E-02	6.52E-01	8.27E-02	1.83E-01	2.66E-02	
1_1233509_G_C	1.07E-01	1.23E-06	7.46E-01	-1.06E-01	3.27E-01	1.91E-02	
1_1233521_C_T	4.00E-01	1.32E-05	7.61E-01	5.00E-02	1.64E-01	1.79E-02	
1_1233522_C_A	6.55E-02	5.36E-03	5.14E-01	1.69E-01	2.59E-01	3.85E-02	
1_1233539_C_T	6.55E-02	5.36E-03	5.14E-01	1.69E-01	2.59E-01	3.85E-02	
1_1233545_C_T	6.90E-02	2.83E-03	6.13E-01	1.30E-01	2.56E-01	2.98E-02	
1_1233555_C_T	6.90E-02	1.14E-05	4.91E-01	-2.15E-01	3.12E-01	4.06E-02	
1_1233557_T_C	6.14E-01	3.64E-01	1.51E-01	-1.21E-01	8.36E-02	8.46E-02	
1_1233582_G_A	5.52E-02	8.04E-03	5.53E-01	1.66E-01	2.80E-01	3.50E-02	
1_1233585_C_A	1.10E-01	5.79E-07	5.38E-01	-2.44E-01	3.96E-01	3.63E-02	
1_1233586_A_G	3.79E-01	1.67E-07	4.78E-01	1.31E-01	1.85E-01	4.19E-02	
1_1233596_G_C	1.72E-01	1.63E-01	7.23E-01	5.26E-02	1.48E-01	2.09E-02	
1_1233615_T_C	4.86E-01	2.04E-02	9.17E-01	-1.85E-02	1.78E-01	6.12E-03	
1_1233632_G_A	8.97E-02	4.81E-05	8.68E-01	3.69E-02	2.22E-01	9.79E-03	
1_1233634_A_G	9.31E-02	2.35E-05	9.66E-01	-8.64E-03	2.03E-01	2.51E-03	
1_1233638_C_G	4.03E-01	2.65E-06	3.35E-01	1.68E-01	1.74E-01	5.68E-02	
1_1233642_C_T	5.17E-02	4.68E-04	7.84E-01	-5.71E-02	2.08E-01	1.61E-02	
1_1233665_G_C	8.97E-02	7.47E-06	6.30E-01	-1.32E-01	2.73E-01	2.84E-02	
1_1233666_G_C	3.62E-01	2.16E-09	2.84E-01	2.23E-01	2.08E-01	6.31E-02	
1_1233667_C_A	1.14E-01	2.69E-07	3.38E-01	-4.75E-01	4.96E-01	5.64E-02	
1_1233671_T_C	4.83E-01	1.41E-02	3.42E-01	1.56E-01	1.63E-01	5.60E-02	
1_1233674_C_T	2.76E-01	1.23E-05	7.85E-01	4.07E-02	1.49E-01	1.61E-02	
1_1233677_G_C	1.10E-01	5.79E-07	6.23E-01	-1.77E-01	3.60E-01	2.90E-02	
1_1233683_C_G	7.59E-02	2.02E-05	3.14E-01	-2.55E-01	2.53E-01	5.93E-02	
1_1233689_T_C	1.10E-01	5.79E-07	6.18E-01	-1.81E-01	3.62E-01	2.94E-02	
1_1233692_G_C	3.62E-01	2.16E-09	2.84E-01	2.23E-01	2.08E-01	6.31E-02	
1_1233713_G_A	5.52E-02	1.53E-03	8.49E-01	-4.29E-02	2.25E-01	1.12E-02	
1_1233728_G_T	2.10E-01	8.80E-11	8.53E-03	4.39E-01	1.66E-01	1.54E-01	
1_1233737_C_G	8.97E-02	4.81E-05	9.76E-01	9.08E-03	3.03E-01	1.76E-03	
1_1233782_C_T	2.28E-01	1.31E-09	1.24E-02	3.69E-01	1.47E-01	1.47E-01	
1_1233785_G_C	1.07E-01	1.23E-06	7.93E-01	-8.47E-02	3.23E-01	1.55E-02	
1_1233824_C_T	1.07E-01	4.46E-05	1.01E-01	-2.32E-01	1.41E-01	9.64E-02	
1_1233835_G_T	8.97E-02	4.81E-05	9.76E-01	9.08E-03	3.03E-01	1.76E-03	
1_1233844_C_A	1.14E-01	2.69E-07	3.38E-01	-4.75E-01	4.96E-01	5.64E-02	
1_1233848_T_C	1.24E-01	1.24E-06	2.83E-01	-2.01E-01	1.87E-01	6.32E-02	
1_1233857_C_T	7.93E-02	3.88E-04	5.52E-01	1.29E-01	2.17E-01	3.50E-02	
1_1233868_T_C	3.83E-01	1.29E-06	7.95E-01	4.40E-02	1.69E-01	1.53E-02	
1_1233872_G_C	3.72E-01	3.18E-08	5.57E-01	1.05E-01	1.78E-01	3.47E-02	
1_1233878_C_T	2.76E-01	1.23E-05	6.47E-01	-4.68E-02	1.02E-01	2.70E-02	
1_1233887_C_T	3.00E-01	6.59E-03	9.87E-01	2.23E-03	1.33E-01	9.89E-04	
1_1233891_C_T	2.34E-01	3.02E-01	5.55E-01	4.42E-02	7.47E-02	3.48E-02	
1_1233896_C_G	8.28E-02	4.52E-06	4.84E-01	-1.52E-01	2.17E-01	4.12E-02	
1_1233901_G_T	1.14E-01	2.69E-07	3.38E-01	-4.75E-01	4.96E-01	5.64E-02	
1_1233902_T_C	4.55E-01	9.36E-04	1.97E-01	2.23E-01	1.73E-01	7.60E-02	
1_1233905_T_C	4.21E-01	8.03E-06	2.34E-01	1.92E-01	1.61E-01	7.02E-02	
1_1233923_C_G	1.00E-01	5.48E-06	7.19E-01	-1.31E-01	3.63E-01	2.12E-02	
1_1233932_A_G	3.66E-01	2.31E-08	6.70E-01	7.43E-02	1.74E-01	2.51E-02	
1_1233950_C_T	7.59E-02	2.02E-05	7.77E-02	-2.83E-01	1.60E-01	1.04E-01	
1_1233956_G_A	3.55E-01	9.99E-03	6.31E-01	-6.21E-02	1.29E-01	2.83E-02	
1_1233959_C_G	1.24E-01	7.16E-06	3.42E-01	-1.50E-01	1.58E-01	5.60E-02	
1_1233980_C_G	6.55E-02	2.42E-05	4.53E-01	-1.71E-01	2.27E-01	4.42E-02	
1_1233992_T_C	4.38E-01	1.68E-04	4.13E-01	1.31E-01	1.60E-01	4.82E-02	
1_1234010_G_A	5.52E-02	1.53E-03	8.90E-01	-3.16E-02	2.29E-01	8.13E-03	
1_1234020_G_A	1.52E-01	7.32E-01	7.13E-01	-5.93E-02	1.61E-01	2.17E-02	
1_1234022_C_T	1.00E-01	3.03E-03	4.48E-02	-1.96E-01	9.70E-02	1.18E-01	
1_1234049_G_C	4.90E-01	1.55E-02	5.92E-01	-8.07E-02	1.50E-01	3.16E-02	
1_1234053_G_A	5.86E-02	7.57E-04	8.85E-01	3.65E-02	2.52E-01	8.54E-03	
1_1234059_G_C	5.52E-02	2.25E-04	8.39E-01	-5.65E-02	2.77E-01	1.20E-02	
1_1234067_G_C	4.21E-01	6.78E-05	6.36E-01	7.57E-02	1.60E-01	2.79E-02	
1_1234072_C_A	5.86E-02	1.08E-04	7.50E-01	-9.19E-02	2.88E-01	1.88E-02	
1_1234076_G_C	6.55E-02	5.36E-03	4.30E-01	1.82E-01	2.31E-01	4.65E-02	
1_1234080_G_C	5.52E-02	2.25E-04	9.59E-01	-1.35E-02	2.63E-01	3.03E-03	
1_1234082_A_G	1.03E-01	1.63E-05	7.52E-01	7.34E-02	2.32E-01	1.87E-02	
1_1234083_A_C	1.14E-01	2.69E-07	3.38E-01	-4.75E-01	4.96E-01	5.64E-02	
1_1234089_G_A	4.76E-01	1.28E-02	4.98E-01	1.43E-01	2.10E-01	3.99E-02	
1_1234094_T_C	4.48E-01	8.19E-04	5.02E-01	1.14E-01	1.70E-01	3.95E-02	
1_1234098_G_C	7.93E-02	6.69E-05	8.86E-01	-3.16E-02	2.20E-01	8.49E-03	
1_1234104_C_T	2.66E-01	5.92E-08	1.33E-01	2.45E-01	1.63E-01	8.85E-02	
1_1234111_A_G	1.10E-01	5.79E-07	6.09E-01	-1.13E-01	2.22E-01	3.02E-02	
1_1234151_A_G	4.21E-01	1.81E-04	9.25E-01	1.50E-02	1.59E-01	5.55E-03	
1_1234160_C_T	6.21E-02	5.12E-05	6.93E-01	-1.10E-01	2.79E-01	2.33E-02	
1_1234181_A_G	1.45E-01	4.78E-01	2.22E-01	-2.02E-01	1.65E-01	7.19E-02	
1_1234190_A_G	3.79E-01	1.67E-07	5.50E-01	1.09E-01	1.82E-01	3.53E-02	
1_1234201_C_T	6.21E-02	5.12E-05	6.93E-01	-1.10E-01	2.79E-01	2.33E-02	
1_1234202_C_G	5.86E-02	1.20E-05	3.52E-01	-2.36E-01	2.53E-01	5.49E-02	bad-chisq
1_1234203_C_A	8.97E-02	4.81E-05	9.76E-01	9.08E-03	3.03E-01	1.76E-03	
1_1234204_G_A	7.59E-02	7.61E-04	7.70E-01	8.28E-02	2.83E-01	1.72E-02	
1_1234220_G_C	1.10E-01	5.79E-07	7.15E-01	-1.31E-01	3.60E-01	2.15E-02	
1_1234221_C_G	8.97E-02	4.81E-05	9.76E-01	9.08E-03	3.03E-01	1.76E-03	
1_1234222_G_C	8.62E-02	9.74E-05	8.93E-01	3.81E-02	2.84E-01	7.90E-03	
1_1238674_G_A	2.10E-01	4.74E-03	8.36E-01	3.82E-02	1.84E-01	1.22E-02	
1_1238675_C_G	4.55E-01	4.62E-03	1.20E-01	2.73E-01	1.75E-01	9.16E-02	
1_1238690_C_T	2.17E-01	1.88E-10	4.39E-03	4.28E-01	1.49E-01	1.67E-01	
1_1238693_G_A	4.66E-01	3.76E-03	2.99E-01	1.81E-01	1.74E-01	6.12E-02	
1_1238696_C_T	4.41E-01	6.16E-02	5.31E-01	6.61E-02	1.05E-01	3.69E-02	
1_1238702_G_C	1.07E-01	1.23E-06	7.93E-01	-8.47E-02	3.23E-01	1.55E-02	
1_1238705_T_C	1.97E-01	5.50E-02	8.84E-01	-2.11E-02	1.45E-01	8.59E-03	
1_1238708_C_G	9.66E-02	1.14E-05	8.36E-01	-6.26E-02	3.02E-01	1.22E-02	
1_1238711_C_T	2.10E-01	9.68E-02	6.97E-01	-5.48E-02	1.41E-01	2.29E-02	
1_1238717_C_T	5.86E-02	4.19E-03	2.04E-01	-2.21E-01	1.74E-01	7.49E-02	
1_1238747_C_T	3.79E-01	1.67E-07	1.56E-01	2.01E-01	1.41E-01	8.35E-02	
1_1238748_A_G	3.28E-01	5.67E-03	3.61E-01	1.26E-01	1.38E-01	5.38E-02	
1_1238752_A_C	6.55E-02	3.01E-03	3.57E-03	4.63E-01	1.58E-01	1.71E-01	
1_1238753_G_C	1.34E-01	1.30E-07	8.74E-02	-3.85E-01	2.24E-01	1.01E-01	
1_1238760_C_A	2.17E-01	1.88E-10	2.35E-02	4.07E-01	1.79E-01	1.33E-01	
1_1238761_G_A	2.17E-01	1.88E-10	2.35E-02	4.07E-01	1.79E-01	1.33E-01	
1_1238768_T_C	4.31E-01	3.67E-04	6.08E-01	8.01E-02	1.56E-01	3.03E-02	
1_1238771_C_T	2.21E-01	6.74E-10	4.86E-02	3.34E-01	1.69E-01	1.16E-01	
1_1238776_G_A	4.90E-01	2.90E-02	6.09E-01	-8.66E-02	1.69E-01	3.01E-02	
1_1238786_C_G	6.21E-02	3.73E-04	7.49E-01	-8.15E-02	2.55E-01	1.88E-02	
1_1238806_T_C	3.83E-01	9.87E-08	2.31E-01	1.68E-01	1.40E-01	7.06E-02	
1_1238809_A_G	4.79E-01	9.58E-03	8.62E-01	2.83E-02	1.62E-01	1.03E-02	
1_1238810_G_C	2.48E-01	6.23E-03	2.86E-01	-1.57E-01	1.47E-01	6.28E-02	
1_1238816_G_C	5.52E-02	8.04E-03	7.98E-01	6.25E-02	2.45E-01	1.51E-02	
1_1238822_G_C	7.24E-02	2.76E-04	9.72E-01	7.74E-03	2.21E-01	2.06E-03	
1_1238824_C_T	4.21E-01	1.10E-03	4.47E-01	1.11E-01	1.45E-01	4.49E-02	
1_1238831_T_C	2.38E-01	2.22E-04	2.59E-02	-2.96E-01	1.32E-01	1.31E-01	
1_1238834_T_C	2.07E-01	1.33E-01	2.23E-01	-1.70E-01	1.39E-01	7.18E-02	
1_1238849_G_A	6.90E-02	2.83E-03	5.43E-01	1.48E-01	2.43E-01	3.58E-02	
1_1238861_C_T	1.59E-01	4.81E-01	6.59E-01	6.62E-02	1.50E-01	2.60E-02	
1_1238867_C_T	1.38E-01	1.02E-01	6.13E-01	-6.96E-02	1.38E-01	2.98E-02	
1_1238897_T_C	1.28E-01	1.84E-05	6.55E-02	-2.67E-01	1.44E-01	1.08E-01	
1_1238904_T_C	1.62E-01	5.75E-01	1.22E-01	-2.19E-01	1.41E-01	9.11E-02	
1_1238948_C_T	2.03E-01	1.01E-01	9.05E-02	-2.29E-01	1.35E-01	9.96E-02	
1_1238951_C_T	2.10E-01	8.80E-11	8.53E-03	4.39E-01	1.66E-01	1.54E-01	
1_1238963_C_T	6.21E-02	1.00E-02	3.31E-01	2.11E-01	2.17E-01	5.73E-02	
1_1238966_C_T	1.03E-01	8.84E-05	9.80E-01	4.38E-03	1.73E-01	1.49E-03	
1_1238981_C_T	2.59E-01	9.80E-06	9.35E-02	2.46E-01	1.46E-01	9.87E-02	
1_1238991_A_T	2.86E-01	3.01E-04	9.21E-02	2.63E-01	1.56E-01	9.91E-02	
1_1238997_T_C	1.48E-01	7.02E-06	6.18E-02	-2.65E-01	1.41E-01	1.10E-01	
1_1239009_C_A	4.72E-01	1.70E-02	8.17E-01	4.51E-02	1.95E-01	1.36E-02	
1_1239026_T_C	1.07E-01	1.66E-07	1.12E-02	-4.49E-01	1.76E-01	1.49E-01	
1_1239032_C_T	6.21E-02	5.42E-01	9.02E-01	1.41E-02	1.15E-01	7.23E-03	
1_1239047_T_C	5.17E-02	4.68E-04	9.64E-01	-1.22E-02	2.68E-01	2.69E-03	
1_1239052_C_T	2.10E-01	8.80E-11	8.53E-03	4.39E-01	1.66E-01	1.54E-01	
1_1239059_A_G	2.66E-01	3.92E-06	7.30E-02	2.46E-01	1.37E-01	1.05E-01	
1_1240697_C_T	6.55E-02	6.78E-02	8.74E-01	-2.57E-02	1.63E-01	9.32E-03	
1_1240715_C_T	3.86E-01	2.20E-07	6.19E-01	-7.95E-02	1.60E-01	2.93E-02	
1_1240718_C_G	9.31E-02	2.35E-05	8.97E-01	3.49E-02	2.70E-01	7.62E-03	
1_1240721_C_T	6.55E-02	6.78E-02	2.42E-01	-1.65E-01	1.41E-01	6.90E-02	
1_1240725_C_A	8.28E-02	1.95E-04	7.83E-01	7.35E-02	2.66E-01	1.63E-02	
1_1240730_C_T	2.83E-01	3.51E-07	5.04E-01	9.32E-02	1.39E-01	3.94E-02	
1_1240745_G_C	2.97E-01	6.91E-04	5.14E-01	8.33E-02	1.28E-01	3.84E-02	
1_1240758_G_T	1.00E-01	3.23E-01	9.46E-01	9.85E-03	1.44E-01	4.03E-03	
1_1240766_T_C	1.93E-01	3.93E-02	1.93E-01	-1.69E-01	1.29E-01	7.67E-02	
1_1240775_T_C	2.24E-01	1.06E-02	1.42E-01	-1.98E-01	1.35E-01	8.65E-02	
1_1240778_C_T	4.55E-01	3.90E-04	1.84E-01	2.29E-01	1.72E-01	7.81E-02	
1_1240806_A_C	5.86E-02	1.08E-04	7.50E-01	-9.19E-02	2.88E-01	1.88E-02	
1_1241395_A_G	1.41E-01	5.69E-01	1.55E-01	-2.26E-01	1.58E-01	8.38E-02	
1_1241396_G_A	1.52E-01	5.16E-01	4.22E-01	-1.23E-01	1.53E-01	4.73E-02	
1_1241399_T_C	5.07E-01	2.64E-02	9.42E-01	1.31E-02	1.78E-01	4.32E-03	
1_1241405_C_T	3.21E-01	1.85E-10	3.63E-02	2.95E-01	1.40E-01	1.23E-01	
1_1241408_C_G	6.90E-02	1.14E-05	4.91E-01	-2.15E-01	3.12E-01	4.06E-02	
1_1241411_T_C	2.59E-01	1.57E-03	1.29E-01	-2.47E-01	1.62E-01	8.93E-02	
1_1241421_G_A	3.66E-01	2.31E-08	6.46E-01	8.05E-02	1.75E-01	2.71E-02	
1_1241422_G_A	3.66E-01	2.31E-08	6.46E-01	8.05E-02	1.75E-01	2.71E-02	
1_1241426_C_T	2.38E-01	1.41E-09	2.63E-02	3.29E-01	1.47E-01	1.30E-01	
1_1241435_A_G	4.69E-01	2.71E-03	2.34E-01	1.88E-01	1.57E-01	7.00E-02	
1_1241460_T_G	4.76E-01	1.28E-02	4.98E-01	1.43E-01	2.10E-01	3.99E-02	
1_1241461_G_C	4.76E-01	1.28E-02	4.98E-01	1.43E-01	2.10E-01	3.99E-02	
1_1241463_C_A	1.10E-01	5.79E-07	6.18E-01	-1.81E-01	3.62E-01	2.94E-02	
1_1241464_G_A	1.10E-01	5.79E-07	6.18E-01	-1.81E-01	3.62E-01	2.94E-02	
1_1241474_C_G	1.03E-01	2.54E-01	8.14E-02	2.39E-01	1.37E-01	1.03E-01	
1_1241484_C_G	6.21E-02	5.12E-05	6.93E-01	-1.10E-01	2.79E-01	2.33E-02	
1_1241492_G_C	6.21E-02	2.16E-03	7.31E-01	8.84E-02	2.57E-01	2.03E-02	
1_1241495_C_G	2.86E-01	8.03E-04	1.02E-01	2.58E-01	1.58E-01	9.61E-02	
1_1241498_C_G	1.07E-01	1.23E-06	7.41E-01	-1.08E-01	3.28E-01	1.95E-02	
1_1241504_C_G	2.97E-01	6.91E-04	6.99E-02	2.63E-01	1.45E-01	1.07E-01	
1_1241509_G_C	2.59E-01	1.57E-03	1.29E-01	-2.47E-01	1.62E-01	8.93E-02	
1_1241516_C_G	2.76E-01	1.22E-04	8.33E-02	2.61E-01	1.50E-01	1.02E-01	
1_1241528_C_T	1.31E-01	6.28E-01	9.83E-01	-3.07E-03	1.40E-01	1.29E-03	
1_1241532_A_C	5.86E-02	1.08E-04	7.50E-01	-9.19E-02	2.88E-01	1.88E-02	
1_1241537_G_C	7.24E-02	5.32E-06	7.86E-01	-6.66E-02	2.45E-01	1.60E-02	
1_1241540_C_T	2.93E-01	3.81E-04	1.32E-01	2.18E-01	1.45E-01	8.86E-02	
1_1241555_C_G	4.72E-01	8.67E-03	4.73E-01	1.44E-01	2.00E-01	4.23E-02	
1_1241573_C_G	7.93E-02	6.69E-05	9.09E-01	-2.95E-02	2.57E-01	6.77E-03	
1_1241596_A_G	2.31E-01	7.50E-10	7.19E-02	3.14E-01	1.74E-01	1.06E-01	
1_1241608_G_A	7.93E-02	6.69E-05	7.46E-01	-7.66E-02	2.36E-01	1.91E-02	
1_1241615_C_T	5.52E-02	5.67E-01	9.87E-01	-2.41E-03	1.52E-01	9.35E-04	
1_1241629_A_C	8.97E-02	4.81E-05	9.76E-01	9.08E-03	3.03E-01	1.76E-03	
1_1241651_T_C	4.38E-01	4.26E-04	5.63E-01	8.93E-02	1.54E-01	3.41E-02	
1_1241669_T_C	4.86E-01	2.44E-03	7.34E-01	5.21E-02	1.53E-01	2.00E-02	
1_1241698_C_G	1.14E-01	2.69E-07	3.38E-01	-4.75E-01	4.96E-01	5.64E-02	
1_1241699_G_C	2.55E-01	9.95E-04	8.83E-02	-2.66E-01	1.56E-01	1.00E-01	
1_1241700_A_C	9.66E-02	1.02E-01	5.55E-01	1.14E-01	1.93E-01	3.48E-02	
1_1241720_C_T	9.31E-02	5.84E-02	1.18E-01	2.63E-01	1.68E-01	9.20E-02	
1_1241744_T_C	3.07E-01	2.59E-05	3.75E-01	8.30E-02	9.33E-02	5.23E-02	
1_1241748_C_G	3.62E-01	2.16E-09	2.84E-01	2.23E-01	2.08E-01	6.31E-02	
1_1241756_T_C	4.72E-01	8.67E-03	5.03E-01	1.30E-01	1.93E-01	3.95E-02	
1_1241796_A_G	1.00E-01	5.48E-06	7.19E-01	-1.31E-01	3.63E-01	2.12E-02	
1_1241804_G_C	6.55E-02	1.10E-03	8.65E-01	3.19E-02	1.87E-01	1.01E-02	
1_1241817_A_G	7.24E-02	1.48E-03	6.78E-01	1.09E-01	2.62E-01	2.45E-02	
1_1241822_C_T	3.21E-01	3.45E-04	7.12E-01	5.10E-02	1.38E-01	2.18E-02	
1_1241823_G_C	2.55E-01	2.59E-09	9.16E-02	2.83E-01	1.67E-01	9.93E-02	
1_1241829_C_A	1.14E-01	2.69E-07	3.38E-01	-4.75E-01	4.96E-01	5.64E-02	
1_1241833_C_A	1.00E-01	5.48E-06	7.19E-01	-1.31E-01	3.63E-01	2.12E-02	
1_1241846_C_T	7.93E-02	3.60E-01	8.28E-01	-2.68E-02	1.23E-01	1.28E-02	
1_1241858_C_G	2.21E-01	1.06E-10	1.63E-02	4.06E-01	1.68E-01	1.41E-01	
1_1241876_C_T	2.17E-01	1.88E-10	2.35E-02	4.07E-01	1.79E-01	1.33E-01	
1_1241890_A_G	4.28E-01	9.53E-07	4.76E-01	-7.24E-02	1.01E-01	4.21E-02	
1_1241894_C_T	3.62E-01	2.16E-09	2.84E-01	2.23E-01	2.08E-01	6.31E-02	
1_1241900_G_C	5.17E-02	4.68E-04	9.85E-01	4.89E-03	2.58E-01	1.12E-03	
1_1241907_G_C	4.76E-01	1.28E-02	4.98E-01	1.43E-01	2.10E-01	3.99E-02	
1_1241919_G_C	4.76E-01	1.28E-02	4.98E-01	1.43E-01	2.10E-01	3.99E-02	
1_1241921_C_G	4.76E-01	1.28E-02	4.98E-01	1.43E-01	2.10E-01	3.99E-02	
1_1241924_C_T	3.52E-01	4.60E-02	5.96E-01	-4.43E-02	8.34E-02	3.13E-02	
1_1241935_A_C	8.97E-02	4.81E-05	9.76E-01	9.08E-03	3.03E-01	1.76E-03	
1_1241937_C_A	4.00E-01	3.72E-07	3.41E-01	1.63E-01	1.71E-01	5.61E-02	
1_1241940_T_A	5.86E-02	1.08E-04	7.50E-01	-9.19E-02	2.88E-01	1.88E-02	
1_1241942_T_C	4.69E-01	5.76E-03	4.53E-01	1.41E-01	1.87E-01	4.42E-02	
1_1241959_G_A	2.07E-01	1.72E-02	5.43E-01	1.06E-01	1.74E-01	3.59E-02	
1_1242014_C_G	1.28E-01	3.50E-06	2.44E-01	-2.06E-01	1.76E-01	6.86E-02	
1_1242039_T_C	4.00E-01	1.32E-05	7.04E-01	6.64E-02	1.74E-01	2.24E-02	
1_1242054_A_C	1.76E-01	9.96E-01	3.55E-01	-1.39E-01	1.50E-01	5.45E-02	
1_1242055_A_G	3.93E-01	7.68E-08	2.50E-01	2.09E-01	1.81E-01	6.78E-02	
1_1242058_A_C	1.00E-01	7.78E-07	4.27E-01	-2.21E-01	2.79E-01	4.68E-02	
1_1242062_G_C	4.83E-01	7.10E-03	1.43E-01	2.58E-01	1.76E-01	8.62E-02	
1_1242072_C_A	1.14E-01	2.69E-07	3.38E-01	-4.75E-01	4.96E-01	5.64E-02	
1_1242074_C_G	4.90E-01	2.90E-02	8.59E-01	-3.30E-02	1.86E-01	1.05E-02	
1_1242080_C_G	1.03E-01	4.30E-08	1.30E-01	-5.40E-01	3.56E-01	8.90E-02	
1_1242086_T_C	3.90E-01	1.65E-06	7.64E-01	5.01E-02	1.66E-01	1.77E-02	
1_1242098_A_G	4.52E-01	2.98E-03	9.64E-01	7.25E-03	1.59E-01	2.69E-03	
1_1242109_A_C	1.14E-01	2.69E-07	3.38E-01	-4.75E-01	4.96E-01	5.64E-02	
1_1242122_A_G	9.31E-02	6.44E-04	1.30E-01	-2.01E-01	1.33E-01	8.92E-02	
1_1242123_T_C	4.59E-01	3.35E-03	5.42E-01	1.10E-01	1.80E-01	3.59E-02	
1_1242132_A_C	2.17E-01	1.88E-10	2.35E-02	4.07E-01	1.79E-01	1.33E-01	
1_1242133_C_T	4.62E-01	1.05E-02	7.87E-01	4.91E-02	1.82E-01	1.59E-02	
1_1242137_T_C	4.28E-01	2.89E-05	3.59E-01	1.47E-01	1.60E-01	5.41E-02	
1_1242141_C_G	4.76E-01	1.28E-02	4.98E-01	1.43E-01	2.10E-01	3.99E-02	
1_1242149_T_C	2.03E-01	1.01E-01	1.97E-01	-1.74E-01	1.35E-01	7.60E-02	
1_1242164_C_T	6.21E-02	5.12E-05	6.60E-01	-9.15E-02	2.08E-01	2.60E-02	
1_1242179_C_G	4.62E-01	2.41E-03	4.21E-01	1.56E-01	1.94E-01	4.75E-02	
1_1242186_G_T	4.55E-01	9.36E-04	3.81E-01	1.56E-01	1.77E-01	5.17E-02	
1_1242192_G_C	4.76E-01	1.28E-02	4.98E-01	1.43E-01	2.10E-01	3.99E-02	
1_1242194_C_T	1.38E-01	2.60E-03	8.05E-01	2.77E-02	1.12E-01	1.45E-02	
1_1242221_G_A	7.59E-02	7.61E-04	7.70E-01	8.28E-02	2.83E-01	1.72E-02	
1_1242224_G_C	3.52E-01	7.12E-07	1.61E-01	1.81E-01	1.29E-01	8.25E-02	
1_1242225_T_C	4.69E-01	1.21E-03	2.99E-01	1.79E-01	1.72E-01	6.11E-02	
1_1242233_C_T	6.21E-02	3.73E-04	4.65E-01	-1.35E-01	1.84E-01	4.31E-02	
1_1242245_G_A	8.28E-02	1.50E-01	1.39E-01	2.01E-01	1.36E-01	8.71E-02	
1_1242269_C_G	4.34E-01	6.19E-04	7.22E-01	6.24E-02	1.76E-01	2.09E-02	
1_1242275_C_G	4.21E-01	6.78E-05	4.83E-01	1.22E-01	1.74E-01	4.13E-02	
1_1242277_C_G	7.59E-02	2.02E-05	4.59E-01	-2.04E-01	2.75E-01	4.36E-02	
1_1242279_A_G	4.62E-01	2.41E-03	3.93E-01	1.48E-01	1.73E-01	5.04E-02	
1_1242281_C_T	1.03E-01	4.52E-01	6.88E-01	6.07E-02	1.51E-01	2.37E-02	
1_1242283_T_C	4.52E-01	1.33E-03	5.53E-01	1.04E-01	1.75E-01	3.50E-02	
1_1242307_A_C	4.76E-01	1.28E-02	4.98E-01	1.43E-01	2.10E-01	3.99E-02	
1_1242320_T_C	9.14E-01	2.27E-03	1.29E-01	1.60E-01	1.05E-01	8.94E-02	
1_1242335_G_C	6.21E-02	5.58E-06	2.41E-01	-2.99E-01	2.54E-01	6.91E-02	bad-chisq
1_1242348_G_C	1.07E-01	1.23E-06	7.41E-01	-1.08E-01	3.28E-01	1.95E-02	
1_1242362_G_C	1.07E-01	1.23E-06	7.10E-01	-1.21E-01	3.26E-01	2.19E-02	
1_1242363_C_A	1.14E-01	2.69E-07	3.38E-01	-4.75E-01	4.96E-01	5.64E-02	
1_1242364_G_A	1.00E-01	7.78E-07	3.36E-01	-2.42E-01	2.51E-01	5.66E-02	
1_1242373_T_G	2.17E-01	1.88E-10	2.35E-02	4.07E-01	1.79E-01	1.33E-01	
1_1242386_T_C	4.10E-01	3.06E-05	5.18E-01	1.04E-01	1.61E-01	3.81E-02	
1_1242389_C_G	3.97E-01	5.91E-05	2.24E-01	1.71E-01	1.40E-01	7.17E-02	
1_1242394_A_C	1.14E-01	2.69E-07	3.38E-01	-4.75E-01	4.96E-01	5.64E-02	
1_1242395_G_C	5.17E-02	3.04E-03	8.86E-01	-4.00E-02	2.79E-01	8.44E-03	
1_1242404_C_G	1.59E-01	4.81E-01	4.63E-01	-1.03E-01	1.40E-01	4.32E-02	
1_1242411_G_C	1.52E-01	7.32E-01	5.10E-01	-9.32E-02	1.41E-01	3.88E-02	
1_1242413_G_C	3.14E-01	4.13E-03	5.23E-02	2.92E-01	1.50E-01	1.14E-01	
1_1242414_A_C	2.93E-01	9.94E-04	1.08E-01	2.41E-01	1.49E-01	9.45E-02	
1_1242423_G_C	3.62E-01	2.16E-09	2.84E-01	2.23E-01	2.08E-01	6.31E-02	
1_1242425_A_G	3.93E-01	2.87E-07	3.29E-01	1.64E-01	1.67E-01	5.75E-02	
1_1242428_C_G	5.86E-02	7.34E-01	9.39E-01	-1.01E-02	1.31E-01	4.53E-03	
1_1242429_G_A	9.66E-02	1.14E-05	8.42E-01	-6.40E-02	3.21E-01	1.17E-02	
1_1242430_C_G	9.66E-02	1.14E-05	8.42E-01	-6.40E-02	3.21E-01	1.17E-02	
1_1242433_T_A	3.62E-01	2.16E-09	2.84E-01	2.23E-01	2.08E-01	6.31E-02	
1_1242446_C_T	6.90E-02	2.83E-03	5.58E-01	1.47E-01	2.51E-01	3.45E-02	
1_1242451_C_A	1.14E-01	2.69E-07	3.38E-01	-4.75E-01	4.96E-01	5.64E-02	
1_1242463_A_C	1.14E-01	2.69E-07	3.38E-01	-4.75E-01	4.96E-01	5.64E-02	
1_1242470_G_A	7.59E-02	7.61E-04	7.70E-01	8.28E-02	2.83E-01	1.72E-02	
1_1242473_G_C	7.21E-01	1.97E-04	7.72E-01	-2.27E-02	7.81E-02	1.71E-02	
1_1242485_G_A	2.00E-01	2.36E-01	2.34E-01	-1.73E-01	1.45E-01	7.01E-02	
1_1242492_T_C	1.14E-01	2.69E-07	3.38E-01	-4.75E-01	4.96E-01	5.64E-02	
1_1243541_G_A	2.10E-01	2.49E-02	3.25E-01	-7.60E-02	7.72E-02	5.79E-02	
1_1243547_T_C	3.83E-01	2.93E-04	3.64E-01	1.07E-01	1.18E-01	5.35E-02	
1_1243565_T_C	1.38E-01	6.69E-01	1.93E-01	-1.95E-01	1.50E-01	7.66E-02	
1_1243580_G_A	6.55E-02	2.42E-05	8.34E-01	-5.13E-02	2.44E-01	1.24E-02	
1_1243583_C_T	6.55E-02	1.10E-03	1.88E-01	-2.22E-01	1.68E-01	7.75E-02	
1_1243586_G_C	1.14E-01	2.69E-07	3.38E-01	-4.75E-01	4.96E-01	5.64E-02	
1_1243589_C_T	2.38E-01	3.85E-08	3.56E-02	3.30E-01	1.56E-01	1.23E-01	
1_1243590_G_A	1.14E-01	2.69E-07	3.38E-01	-4.75E-01	4.96E-01	5.64E-02	
1_1243591_A_G	1.14E-01	2.69E-07	3.38E-01	-4.75E-01	4.96E-01	5.64E-02	
1_1243592_T_C	1.14E-01	2.69E-07	3.38E-01	-4.75E-01	4.96E-01	5.64E-02	
1_1243595_C_T	5.52E-02	1.53E-03	7.29E-01	-8.02E-02	2.31E-01	2.04E-02	
1_1243598_G_C	1.28E-01	3.50E-06	1.97E-01	-2.33E-01	1.80E-01	7.59E-02	
1_1243621_T_G	1.14E-01	2.69E-07	3.38E-01	-4.75E-01	4.96E-01	5.64E-02	
1_1243622_C_G	7.24E-02	2.76E-04	9.12E-01	-2.70E-02	2.43E-01	6.55E-03	
1_1243631_T_C	2.79E-01	2.60E-05	3.11E-01	1.39E-01	1.37E-01	5.97E-02	
1_1243643_G_C	7.59E-02	1.37E-04	8.69E-01	4.28E-02	2.60E-01	9.73E-03	
1_1243653_A_G	2.45E-01	9.56E-03	1.94E-01	-2.02E-01	1.55E-01	7.65E-02	
1_1243664_C_T	8.97E-02	7.47E-06	7.98E-01	-5.52E-02	2.16E-01	1.51E-02	
1_1243681_A_G	1.45E-01	4.78E-01	2.22E-01	-2.02E-01	1.65E-01	7.19E-02	
1_1243724_C_T	9.31E-02	6.44E-04	4.45E-01	-1.22E-01	1.60E-01	4.50E-02	
1_1243728_G_C	1.14E-01	2.69E-07	3.38E-01	-4.75E-01	4.96E-01	5.64E-02	
1_1243729_T_A	1.14E-01	2.69E-07	3.38E-01	-4.75E-01	4.96E-01	5.64E-02	
1_1243730_C_T	8.28E-02	5.27E-07	3.20E-01	-2.68E-01	2.69E-01	5.86E-02	
1_1243736_T_C	4.45E-01	2.64E-03	6.91E-01	5.95E-02	1.50E-01	2.34E-02	
1_1243752_G_A	1.14E-01	2.69E-07	3.38E-01	-4.75E-01	4.96E-01	5.64E-02	
1_1243755_A_G	1.14E-01	2.69E-07	3.38E-01	-4.75E-01	4.96E-01	5.64E-02	
1_1243757_G_A	8.97E-02	4.81E-05	9.27E-01	2.36E-02	2.57E-01	5.41E-03	
1_1243760_C_G	4.79E-01	2.18E-03	8.85E-01	2.21E-02	1.53E-01	8.52E-03	
1_1243766_C_T	6.21E-02	3.73E-04	9.94E-01	-1.71E-03	2.21E-01	4.57E-04	
1_1243769_G_C	4.76E-01	1.28E-02	4.98E-01	1.43E-01	2.10E-01	3.99E-02	
1_1243781_C_T	3.45E-01	7.64E-02	7.36E-01	4.99E-02	1.48E-01	1.99E-02	
1_1243782_C_T	1.14E-01	2.69E-07	3.38E-01	-4.75E-01	4.96E-01	5.64E-02	
1_1243787_G_T	5.52E-02	8.04E-03	5.43E-01	1.41E-01	2.31E-01	3.58E-02	
1_1243791_A_C	1.14E-01	2.69E-07	3.38E-01	-4.75E-01	4.96E-01	5.64E-02	
1_1243792_A_G	6.90E-02	1.14E-05	5.73E-01	-1.44E-01	2.55E-01	3.32E-02	
1_1243796_G_A	2.24E-01	2.28E-09	6.00E-02	3.09E-01	1.64E-01	1.11E-01	
1_1243802_C_T	7.24E-02	6.50E-03	7.07E-01	-5.35E-02	1.42E-01	2.22E-02	
1_1243811_T_C	4.66E-01	7.43E-04	6.92E-01	6.03E-02	1.52E-01	2.34E-02	
1_1243828_T_A	1.14E-01	2.69E-07	3.38E-01	-4.75E-01	4.96E-01	5.64E-02	
1_1243841_T_C	3.79E-01	4.31E-08	3.42E-01	1.55E-01	1.63E-01	5.60E-02	
1_1243845_C_G	8.97E-02	4.81E-05	9.76E-01	9.08E-03	3.03E-01	1.76E-03	
1_1243850_G_C	2.41E-01	2.27E-08	5.22E-01	9.67E-02	1.51E-01	3.77E-02	
1_1243856_C_G	3.69E-01	1.33E-08	7.19E-01	6.57E-02	1.83E-01	2.12E-02	
1_1243865_G_A	1.45E-01	6.11E-05	3.92E-01	-1.17E-01	1.37E-01	5.04E-02	
1_1243872_C_G	1.14E-01	2.69E-07	3.38E-01	-4.75E-01	4.96E-01	5.64E-02	
1_1243874_G_A	1.66E-01	1.03E-06	9.64E-02	-2.56E-01	1.54E-01	9.78E-02	
1_1243881_G_C	1.14E-01	2.69E-07	3.38E-01	-4.75E-01	4.96E-01	5.64E-02	
1_1243882_C_A	1.14E-01	2.69E-07	3.38E-01	-4.75E-01	4.96E-01	5.64E-02	
1_1243883_C_G	4.79E-01	1.86E-02	9.07E-01	2.30E-02	1.98E-01	6.86E-03	
1_1243884_T_G	1.14E-01	2.69E-07	3.38E-01	-4.75E-01	4.96E-01	5.64E-02	
1_1243890_C_A	1.00E-01	7.78E-07	4.32E-01	-2.31E-01	2.93E-01	4.63E-02	
1_1243907_C_T	5.86E-02	1.08E-04	9.23E-01	-2.25E-02	2.33E-01	5.69E-03	
1_1243916_T_C	4.66E-01	7.81E-03	4.75E-01	-1.10E-01	1.54E-01	4.21E-02	
1_1243925_C_T	3.07E-01	7.83E-05	9.33E-01	1.17E-02	1.39E-01	4.98E-03	
1_1243934_A_G	2.83E-01	1.59E-04	2.52E-01	1.53E-01	1.33E-01	6.75E-02	
1_1243949_G_A	6.21E-02	5.58E-06	1.56E-01	-3.22E-01	2.26E-01	8.35E-02	bad-chisq
1_1243964_G_C	1.14E-01	2.69E-07	3.38E-01	-4.75E-01	4.96E-01	5.64E-02	
1_1243968_G_C	5.52E-02	1.53E-03	8.17E-01	-6.52E-02	2.82E-01	1.36E-02	
1_1243970_G_A	4.97E-01	9.36E-02	8.60E-01	-1.25E-02	7.06E-02	1.04E-02	
1_1243982_G_A	5.52E-02	2.25E-04	7.02E-01	-9.21E-02	2.40E-01	2.26E-02	
1_1243988_G_A	3.83E-01	1.34E-05	3.38E-02	2.65E-01	1.24E-01	1.25E-01	
1_1243993_C_T	1.07E-01	8.07E-01	3.02E-01	-1.18E-01	1.15E-01	6.08E-02	
1_1244021_C_T	2.86E-01	3.01E-04	3.60E-01	1.17E-01	1.27E-01	5.39E-02	
1_1244030_C_T	3.62E-01	7.33E-02	4.53E-01	-9.47E-02	1.26E-01	4.42E-02	
1_1244039_T_C	2.14E-01	3.53E-02	8.48E-01	-2.43E-02	1.27E-01	1.13E-02	
1_1244045_G_C	6.55E-02	2.42E-05	6.04E-01	-1.07E-01	2.06E-01	3.06E-02	
1_1244048_A_G	6.55E-02	1.10E-03	3.28E-01	-1.47E-01	1.50E-01	5.77E-02	
1_1244051_C_T	2.55E-01	2.04E-07	3.92E-04	-2.55E-01	7.10E-02	2.07E-01	
1_1244069_G_A	1.90E-01	3.19E-01	3.94E-01	-1.12E-01	1.31E-01	5.02E-02	
1_1244078_C_T	1.55E-01	8.43E-01	9.12E-01	1.79E-02	1.62E-01	6.49E-03	
1_1244090_G_C	2.28E-01	2.17E-10	2.38E-02	3.61E-01	1.59E-01	1.33E-01	
1_1244091_T_C	4.76E-01	1.28E-02	4.98E-01	1.43E-01	2.10E-01	3.99E-02	
1_1244097_A_C	8.97E-02	4.81E-05	9.76E-01	9.08E-03	3.03E-01	1.76E-03	
1_1244114_C_G	1.03E-01	3.61E-07	6.01E-01	-1.31E-01	2.51E-01	3.09E-02	
1_1244118_A_T	1.03E-01	4.30E-08	1.30E-01	-5.40E-01	3.56E-01	8.90E-02	
1_1244119_G_C	1.14E-01	2.69E-07	3.38E-01	-4.75E-01	4.96E-01	5.64E-02	
1_1244126_T_C	2.66E-01	5.92E-08	4.62E-01	1.06E-01	1.44E-01	4.33E-02	
1_1244136_C_T	2.55E-01	1.13E-06	5.12E-01	8.16E-02	1.24E-01	3.86E-02	
1_1244154_T_G	8.28E-02	5.27E-07	3.32E-01	-3.00E-01	3.09E-01	5.72E-02	
1_1244162_G_C	9.66E-02	1.14E-05	8.36E-01	-6.26E-02	3.02E-01	1.22E-02	
1_1244166_G_A	1.14E-01	2.69E-07	3.38E-01	-4.75E-01	4.96E-01	5.64E-02	
1_1244167_G_A	1.14E-01	2.69E-07	3.38E-01	-4.75E-01	4.96E-01	5.64E-02	
1_1244171_C_T	2.21E-01	1.06E-10	1.63E-02	4.06E-01	1.68E-01	1.41E-01	
1_1244189_A_G	3.17E-01	6.63E-03	5.71E-02	3.13E-01	1.64E-01	1.12E-01	
1_1244198_G_C	3.31E-01	3.47E-02	6.52E-02	3.20E-01	1.73E-01	1.08E-01	
1_1244213_C_G	2.41E-01	1.08E-07	5.29E-02	3.02E-01	1.55E-01	1.14E-01	
1_1244217_G_C	1.14E-01	2.69E-07	3.38E-01	-4.75E-01	4.96E-01	5.64E-02	
1_1269606_C_T	2.59E-01	6.94E-07	9.63E-01	-6.27E-03	1.35E-01	2.73E-03	
1_1269624_C_T	2.93E-01	1.46E-05	6.34E-01	-6.19E-02	1.30E-01	2.80E-02	
1_1269630_C_G	3.14E-01	1.79E-03	4.20E-01	-1.01E-01	1.24E-01	4.76E-02	
1_1269633_G_C	5.52E-02	2.25E-04	1.60E-01	-2.46E-01	1.75E-01	8.27E-02	
1_1269648_C_G	2.76E-01	3.51E-06	4.84E-01	-9.44E-02	1.35E-01	4.12E-02	
1_1269649_T_C	4.31E-01	3.67E-04	5.82E-01	-6.45E-02	1.17E-01	3.24E-02	
1_1269657_A_G	6.90E-02	8.81E-05	1.67E-01	-2.20E-01	1.59E-01	8.13E-02	
1_1269660_C_G	3.38E-01	2.47E-08	1.16E-01	1.85E-01	1.18E-01	9.25E-02	
1_1269663_C_T	1.31E-01	1.90E-04	3.18E-01	-1.29E-01	1.29E-01	5.88E-02	
1_1269696_G_C	6.55E-02	1.10E-03	9.15E-01	-2.58E-02	2.41E-01	6.31E-03	
1_1269711_C_T	7.59E-02	2.60E-01	2.68E-01	1.40E-01	1.26E-01	6.53E-02	
1_1269735_T_C	1.76E-01	1.82E-04	6.15E-01	-6.07E-02	1.21E-01	2.96E-02	
1_1269744_C_T	2.59E-01	6.94E-07	9.76E-01	4.23E-03	1.40E-01	1.78E-03	
1_1269750_T_C	1.28E-01	5.91E-07	7.89E-02	-2.59E-01	1.47E-01	1.03E-01	
1_1269765_G_C	1.03E-01	4.30E-08	1.30E-01	-5.40E-01	3.56E-01	8.90E-02	
1_1269767_C_A	2.66E-01	2.57E-07	3.36E-02	2.71E-01	1.27E-01	1.25E-01	
1_1269774_C_G	1.03E-01	4.52E-01	9.97E-01	-6.28E-04	1.68E-01	2.20E-04	
1_1269786_C_T	1.17E-01	6.79E-03	8.42E-01	2.04E-02	1.02E-01	1.17E-02	
1_1269820_A_C	1.31E-01	4.03E-01	9.34E-01	1.42E-02	1.72E-01	4.86E-03	
1_1269831_C_T	2.59E-01	1.66E-07	7.15E-01	5.37E-02	1.47E-01	2.15E-02	
1_1269852_T_C	4.24E-01	4.45E-05	4.05E-01	9.79E-02	1.17E-01	4.91E-02	
1_1269873_T_C	7.59E-02	1.37E-04	8.61E-01	-4.16E-02	2.38E-01	1.03E-02	
1_1269879_G_C	1.31E-01	2.78E-07	4.21E-01	-1.77E-01	2.20E-01	4.74E-02	
1_1269903_C_G	2.52E-01	2.25E-08	5.93E-01	8.40E-02	1.57E-01	3.15E-02	
1_1269909_T_C	1.03E-01	4.14E-04	3.78E-01	1.73E-01	1.96E-01	5.20E-02	
1_1269918_T_C	5.86E-02	7.57E-04	2.09E-01	-2.17E-01	1.72E-01	7.41E-02	
1_1269930_G_C	6.90E-02	2.83E-03	4.14E-01	-1.44E-01	1.76E-01	4.82E-02	
1_1269939_G_C	7.59E-02	2.48E-06	6.78E-01	-1.04E-01	2.50E-01	2.44E-02	
1_1269945_C_T	3.76E-01	1.84E-08	1.19E-01	2.16E-01	1.38E-01	9.18E-02	
1_1269958_G_A	8.28E-02	5.27E-07	3.32E-01	-3.00E-01	3.09E-01	5.72E-02	
1_1269972_C_G	2.14E-01	2.96E-03	2.42E-02	-2.64E-01	1.16E-01	1.32E-01	
1_1269974_C_A	2.21E-01	6.67E-02	8.46E-03	-2.93E-01	1.11E-01	1.54E-01	
1_1269986_A_C	1.00E-01	7.53E-02	3.51E-01	1.87E-01	2.01E-01	5.49E-02	
1_1269987_G_A	1.52E-01	9.11E-04	1.01E-01	-1.92E-01	1.16E-01	9.66E-02	
1_1269990_C_A	2.34E-01	4.26E-10	3.58E-02	2.84E-01	1.35E-01	1.23E-01	
1_1269991_C_A	1.55E-01	8.43E-01	9.64E-02	-2.20E-01	1.32E-01	9.78E-02	
1_1269999_C_T	3.28E-01	4.25E-04	8.27E-02	-1.78E-01	1.02E-01	1.02E-01	
1_1270002_C_T	1.10E-01	1.51E-01	2.67E-01	1.90E-01	1.71E-01	6.54E-02	
1_1270013_A_G	2.69E-01	2.45E-06	6.68E-01	-4.83E-02	1.13E-01	2.53E-02	
1_1270014_G_A	1.14E-01	3.00E-01	4.10E-01	-9.05E-02	1.10E-01	4.86E-02	
1_1270020_G_A	3.24E-01	5.25E-08	8.62E-04	-2.26E-01	6.72E-02	1.95E-01	
1_1270051_A_G	4.62E-01	5.16E-03	5.82E-01	-5.81E-02	1.05E-01	3.25E-02	
1_1270053_C_T	2.90E-01	6.86E-06	7.07E-01	5.40E-02	1.44E-01	2.21E-02	
1_1270074_C_T	2.59E-01	8.81E-03	5.16E-01	-6.84E-02	1.05E-01	3.83E-02	
1_1270094_A_G	8.28E-02	2.14E-02	6.25E-02	3.11E-01	1.66E-01	1.10E-01	
1_1270095_G_A	9.31E-02	9.43E-03	2.26E-02	-2.48E-01	1.08E-01	1.34E-01	
1_1270096_C_T	4.24E-01	1.22E-04	3.87E-01	1.05E-01	1.21E-01	5.10E-02	
1_1270107_C_T	1.07E-01	8.89E-01	2.52E-02	2.36E-01	1.05E-01	1.31E-01	
1_1270113_G_C	5.52E-02	3.31E-02	3.16E-02	-2.85E-01	1.32E-01	1.26E-01	
1_1270116_T_C	8.28E-02	4.18E-03	2.22E-04	-4.16E-01	1.11E-01	2.15E-01	
1_1270130_T_C	5.52E-02	8.04E-03	1.94E-01	-2.26E-01	1.74E-01	7.64E-02	
1_1270131_G_C	3.90E-01	1.65E-06	9.25E-01	-1.08E-02	1.14E-01	5.59E-03	
1_1270149_T_C	4.03E-01	2.84E-01	1.92E-01	-1.49E-01	1.14E-01	7.68E-02	
1_1270153_T_C	2.38E-01	4.32E-02	9.37E-02	-1.73E-01	1.03E-01	9.86E-02	
1_1270164_G_C	2.17E-01	1.88E-10	2.35E-02	4.07E-01	1.79E-01	1.33E-01	
1_1270173_G_C	7.59E-02	7.61E-04	2.71E-01	-1.81E-01	1.64E-01	6.49E-02	
1_1270176_G_C	6.90E-02	1.14E-05	6.86E-01	-9.21E-02	2.28E-01	2.39E-02	
1_1270182_C_T	3.83E-01	1.11E-04	4.52E-01	-7.77E-02	1.03E-01	4.43E-02	
1_1270207_C_G	1.14E-01	2.69E-07	3.38E-01	-4.75E-01	4.96E-01	5.64E-02	
1_1270209_G_A	6.55E-02	3.86E-01	6.25E-01	6.79E-02	1.39E-01	2.89E-02	
1_1270212_T_C	4.90E-01	1.55E-02	4.03E-01	-1.02E-01	1.21E-01	4.93E-02	
1_1270215_G_C	4.76E-01	3.04E-03	8.59E-01	-1.98E-02	1.11E-01	1.05E-02	
1_1270233_G_C	1.17E-01	1.24E-07	1.78E-02	-2.97E-01	1.24E-01	1.39E-01	
1_1270237_C_T	1.48E-01	1.27E-02	8.14E-01	-2.16E-02	9.14E-02	1.39E-02	
1_1270245_G_A	6.90E-02	5.54E-04	1.02E-01	-2.49E-01	1.52E-01	9.63E-02	
1_1270268_T_G	1.00E-01	7.53E-02	3.51E-01	1.87E-01	2.01E-01	5.49E-02	
1_1290906_T_C	4.38E-01	1.02E-03	9.71E-01	-5.89E-03	1.62E-01	2.14E-03	
1_1290912_C_T	3.48E-01	1.02E-09	1.05E-01	2.62E-01	1.61E-01	9.54E-02	
1_1290915_G_A	3.86E-01	8.55E-06	3.94E-01	1.20E-01	1.41E-01	5.02E-02	
1_1290921_T_C	4.17E-01	3.70E-05	1.61E-01	2.04E-01	1.45E-01	8.25E-02	
1_1290930_C_T	6.21E-02	3.73E-04	7.90E-01	-7.30E-02	2.74E-01	1.57E-02	
1_1290935_T_C	2.28E-01	1.31E-09	2.41E-02	3.61E-01	1.59E-01	1.32E-01	
1_1290937_G_C	1.48E-01	6.09E-01	2.14E-01	-1.99E-01	1.60E-01	7.31E-02	
1_1290957_C_G	1.48E-01	6.09E-01	1.92E-01	-2.05E-01	1.57E-01	7.68E-02	
1_1290960_G_A	1.07E-01	9.17E-04	8.46E-01	-2.91E-02	1.50E-01	1.14E-02	
1_1290966_A_G	1.62E-01	2.10E-06	6.03E-02	-2.55E-01	1.35E-01	1.10E-01	
1_1290982_G_A	7.93E-02	9.60E-06	6.48E-01	-1.16E-01	2.53E-01	2.69E-02	
1_1290991_G_C	1.62E-01	2.29E-01	3.52E-01	-1.27E-01	1.36E-01	5.48E-02	
1_1290994_A_G	4.72E-01	8.67E-03	4.62E-01	1.43E-01	1.94E-01	4.34E-02	
1_1290999_T_C	4.52E-01	5.68E-04	1.70E-01	2.27E-01	1.65E-01	8.09E-02	
1_1291020_C_T	1.79E-01	4.24E-01	1.65E-01	-2.05E-01	1.47E-01	8.17E-02	
1_1291053_C_G	2.34E-01	6.12E-02	4.44E-01	-1.02E-01	1.34E-01	4.52E-02	
1_1291056_T_C	2.79E-01	2.36E-04	8.20E-02	2.64E-01	1.51E-01	1.02E-01	
1_1291073_A_C	2.21E-01	6.74E-10	4.15E-02	3.46E-01	1.69E-01	1.20E-01	
1_1291086_A_G	2.55E-01	1.32E-08	2.30E-01	1.97E-01	1.64E-01	7.08E-02	
1_1291104_C_T	8.62E-02	7.43E-01	8.03E-01	3.07E-02	1.23E-01	1.47E-02	
1_1291110_T_C	4.55E-01	5.74E-05	1.72E-01	1.92E-01	1.40E-01	8.05E-02	
1_1291116_C_T	7.59E-02	7.61E-04	2.26E-01	-2.27E-01	1.87E-01	7.13E-02	
1_1291119_C_G	4.34E-01	6.19E-04	9.89E-02	2.51E-01	1.52E-01	9.71E-02	
1_1291143_C_T	5.17E-02	1.52E-02	2.37E-01	-1.68E-01	1.42E-01	6.97E-02	
1_1291149_G_C	6.21E-02	3.73E-04	9.98E-01	-5.08E-04	2.26E-01	1.33E-04	
1_1291173_G_C	6.21E-02	3.87E-01	9.96E-01	-6.70E-04	1.49E-01	2.65E-04	
1_1291191_C_T	1.00E-01	5.48E-06	9.32E-01	2.15E-02	2.53E-01	5.00E-03	
1_1291221_T_C	4.52E-01	2.98E-03	8.69E-01	2.73E-02	1.66E-01	9.71E-03	
1_1291248_T_C	2.38E-01	4.28E-03	3.46E-01	-1.40E-01	1.48E-01	5.56E-02	
1_1291261_C_A	4.97E-01	3.15E-02	8.42E-01	-3.51E-02	1.76E-01	1.18E-02	
1_1291262_G_A	4.03E-01	4.87E-04	8.88E-02	2.35E-01	1.38E-01	1.00E-01	
1_1291275_C_T	5.17E-02	3.04E-03	8.91E-01	2.87E-02	2.10E-01	8.05E-03	
1_1291279_T_C	1.48E-01	4.11E-01	9.43E-01	-1.03E-02	1.44E-01	4.21E-03	
1_1291299_C_T	1.69E-01	9.70E-01	3.09E-01	-1.41E-01	1.39E-01	5.99E-02	
1_1291301_C_T	2.00E-01	3.80E-02	3.17E-01	8.49E-02	8.47E-02	5.89E-02	
1_1291317_T_C	2.72E-01	1.91E-05	4.10E-01	1.07E-01	1.30E-01	4.86E-02	
1_1291330_C_T	2.31E-01	4.26E-09	3.20E-02	3.32E-01	1.54E-01	1.26E-01	
1_1291338_G_A	3.17E-01	2.98E-03	3.25E-01	1.39E-01	1.41E-01	5.80E-02	
1_1291360_A_G	2.14E-01	3.32E-10	4.60E-02	3.45E-01	1.72E-01	1.17E-01	
1_1291365_G_A	2.24E-01	2.28E-09	5.48E-02	3.17E-01	1.65E-01	1.13E-01	
1_1291372_G_C	6.21E-02	3.73E-04	7.90E-01	-7.30E-02	2.74E-01	1.57E-02	
1_1291381_G_A	5.17E-02	5.48E-05	5.17E-01	-1.46E-01	2.25E-01	3.82E-02	bad-chisq
1_1291390_T_C	6.55E-02	2.42E-05	6.01E-01	-1.21E-01	2.31E-01	3.08E-02	
1_1291411_A_G	8.28E-02	4.52E-06	6.82E-02	-3.29E-01	1.80E-01	1.07E-01	
1_1291414_C_A	4.76E-01	1.28E-02	4.98E-01	1.43E-01	2.10E-01	3.99E-02	
1_1291415_G_A	2.59E-01	1.57E-03	1.29E-01	-2.47E-01	1.62E-01	8.93E-02	
1_1291416_G_A	3.86E-01	7.89E-07	5.75E-01	1.01E-01	1.80E-01	3.31E-02	
1_1291437_C_T	2.59E-01	2.70E-06	4.64E-01	1.04E-01	1.42E-01	4.32E-02	
1_1291461_T_C	4.03E-01	4.87E-04	1.74E-01	1.61E-01	1.18E-01	8.01E-02	
1_1291470_C_T	8.97E-02	1.22E-03	7.86E-02	-2.49E-01	1.41E-01	1.03E-01	
1_1291471_G_C	2.66E-01	1.04E-06	1.92E-02	3.49E-01	1.48E-01	1.37E-01	
1_1291493_G_C	1.14E-01	2.69E-07	3.38E-01	-4.75E-01	4.96E-01	5.64E-02	
1_1291495_C_G	3.31E-01	3.47E-02	6.52E-02	3.20E-01	1.73E-01	1.08E-01	
1_1291513_C_G	1.14E-01	2.69E-07	3.38E-01	-4.75E-01	4.96E-01	5.64E-02	
1_1291515_A_G	1.52E-01	5.16E-01	2.96E-01	-1.59E-01	1.51E-01	6.16E-02	
1_1291521_C_T	5.31E-01	1.05E-07	2.92E-02	1.86E-01	8.48E-02	1.28E-01	
1_1291533_G_A	2.24E-01	1.06E-02	1.20E-01	-2.04E-01	1.31E-01	9.14E-02	
1_1302377_C_T	6.21E-02	1.75E-01	2.94E-02	2.69E-01	1.23E-01	1.28E-01	
1_1302399_C_T	2.55E-01	1.32E-08	6.67E-02	2.82E-01	1.53E-01	1.08E-01	
1_1302417_T_C	7.28E-01	3.55E-03	6.84E-01	-3.00E-02	7.35E-02	2.40E-02	
1_1302420_G_A	2.45E-01	2.56E-09	1.26E-01	2.68E-01	1.74E-01	9.01E-02	
1_1302426_C_T	1.34E-01	1.85E-01	5.27E-01	9.28E-02	1.47E-01	3.73E-02	
1_1302441_G_A	5.86E-02	4.19E-03	5.73E-01	1.17E-01	2.08E-01	3.32E-02	
1_1302450_C_G	7.24E-02	2.76E-04	8.51E-01	4.57E-02	2.42E-01	1.11E-02	
1_1302451_G_T	1.14E-01	2.69E-07	3.38E-01	-4.75E-01	4.96E-01	5.64E-02	
1_1302457_A_G	1.14E-01	2.69E-07	3.38E-01	-4.75E-01	4.96E-01	5.64E-02	
1_1302458_A_G	1.14E-01	2.69E-07	3.38E-01	-4.75E-01	4.96E-01	5.64E-02	
1_1302462_C_G	4.10E-01	9.52E-04	1.18E-01	1.15E-01	7.34E-02	9.20E-02	
1_1302465_C_T	1.07E-01	1.97E-01	5.78E-01	9.82E-02	1.76E-01	3.28E-02	
1_1302468_C_G	6.21E-02	2.16E-03	9.77E-01	6.62E-03	2.34E-01	1.67E-03	
1_1302489_G_A	8.62E-02	1.56E-05	9.19E-01	2.41E-02	2.36E-01	6.02E-03	
1_1302492_C_T	2.14E-01	3.32E-10	1.88E-02	3.73E-01	1.58E-01	1.38E-01	
1_1302495_G_A	7.24E-02	4.24E-05	6.10E-01	-1.23E-01	2.41E-01	3.01E-02	
1_1302501_C_G	5.52E-02	8.04E-03	7.63E-01	6.66E-02	2.20E-01	1.78E-02	
1_1302504_G_A	5.90E-01	1.96E-08	2.70E-01	-1.00E-01	9.06E-02	6.49E-02	
1_1302528_G_C	6.90E-02	1.14E-05	7.63E-01	-7.38E-02	2.44E-01	1.78E-02	
1_1302537_A_G	1.48E-01	8.58E-01	2.01E-01	1.95E-01	1.52E-01	7.54E-02	
1_1302541_T_C	5.00E-01	3.75E-06	1.42E-02	2.39E-01	9.67E-02	1.44E-01	
1_1302544_T_C	8.69E-01	2.00E-02	3.48E-01	8.71E-02	9.28E-02	5.53E-02	
1_1302561_C_T	4.45E-01	9.14E-05	2.50E-01	-8.95E-02	7.76E-02	6.78E-02	
1_1302567_C_G	7.24E-02	1.48E-03	6.78E-01	1.09E-01	2.62E-01	2.45E-02	
1_1302576_G_C	4.69E-01	1.37E-02	6.86E-02	-1.37E-01	7.51E-02	1.07E-01	
1_1302579_C_T	7.24E-02	6.50E-03	4.52E-01	-1.32E-01	1.76E-01	4.44E-02	
1_1302586_C_T	9.66E-02	5.39E-03	9.77E-01	-3.39E-03	1.17E-01	1.71E-03	
1_1302597_C_T	6.21E-02	3.73E-04	1.21E-01	-2.58E-01	1.66E-01	9.13E-02	
1_1302606_C_T	7.93E-02	3.88E-04	8.38E-01	5.11E-02	2.51E-01	1.20E-02	
1_1302612_G_C	1.14E-01	2.69E-07	3.38E-01	-4.75E-01	4.96E-01	5.64E-02	
1_1302626_C_A	1.14E-01	2.69E-07	3.38E-01	-4.75E-01	4.96E-01	5.64E-02	
1_1302628_G_A	8.97E-02	4.81E-05	9.76E-01	9.08E-03	3.03E-01	1.76E-03	
1_1302635_G_A	1.14E-01	2.69E-07	3.38E-01	-4.75E-01	4.96E-01	5.64E-02	
1_1302639_C_T	5.72E-01	2.21E-02	6.98E-01	-2.80E-02	7.21E-02	2.29E-02	
1_1302643_G_C	1.14E-01	2.69E-07	3.38E-01	-4.75E-01	4.96E-01	5.64E-02	
1_1302644_G_A	1.14E-01	2.69E-07	3.38E-01	-4.75E-01	4.96E-01	5.64E-02	
1_1302648_C_T	2.66E-01	3.92E-06	2.37E-01	1.62E-01	1.37E-01	6.96E-02	
1_1302652_G_A	8.97E-02	4.81E-05	9.76E-01	9.08E-03	3.03E-01	1.76E-03	
1_1302660_C_T	2.17E-01	4.90E-02	9.74E-01	-4.12E-03	1.24E-01	1.96E-03	
1_1302672_G_A	5.86E-02	1.08E-04	8.99E-01	-3.24E-02	2.54E-01	7.52E-03	
1_1302675_A_G	1.76E-01	1.82E-04	3.08E-01	-1.21E-01	1.18E-01	6.01E-02	
1_1302693_A_G	2.86E-01	8.40E-07	1.87E-01	1.79E-01	1.36E-01	7.77E-02	
1_1302699_T_C	3.66E-01	1.70E-02	2.61E-01	1.28E-01	1.14E-01	6.62E-02	
1_1302711_G_C	2.10E-01	8.80E-11	8.53E-03	4.39E-01	1.66E-01	1.54E-01	
1_1302718_C_T	5.17E-02	5.48E-05	4.14E-01	-1.77E-01	2.16E-01	4.82E-02	bad-chisq
1_1302735_G_A	1.00E-01	2.97E-02	7.47E-01	-4.23E-02	1.31E-01	1.90E-02	
1_1302738_A_G	2.83E-01	1.36E-01	1.94E-01	1.18E-01	9.03E-02	7.65E-02	
1_1302739_T_C	4.03E-01	8.39E-06	6.95E-03	3.10E-01	1.14E-01	1.58E-01	
1_1302741_G_C	5.86E-02	7.57E-04	6.83E-01	-1.03E-01	2.51E-01	2.41E-02	
1_1302752_A_C	1.00E-01	5.48E-06	7.19E-01	-1.31E-01	3.63E-01	2.12E-02	
1_1302755_C_A	1.14E-01	2.69E-07	3.38E-01	-4.75E-01	4.96E-01	5.64E-02	
1_1302762_C_T	1.24E-01	6.49E-04	1.66E-01	-1.48E-01	1.07E-01	8.16E-02	
1_1302781_C_T	8.62E-02	3.47E-01	7.22E-01	-3.70E-02	1.04E-01	2.10E-02	
1_1302788_G_A	6.21E-02	5.12E-05	6.93E-01	-1.10E-01	2.79E-01	2.33E-02	
1_1302796_A_G	1.14E-01	2.69E-07	3.38E-01	-4.75E-01	4.96E-01	5.64E-02	
1_1302810_C_G	5.17E-02	4.68E-04	7.89E-01	-6.88E-02	2.57E-01	1.58E-02	
1_1302813_C_T	5.86E-02	1.83E-02	4.74E-01	-1.26E-01	1.76E-01	4.22E-02	
1_1302825_C_T	1.76E-01	7.51E-01	9.49E-01	9.03E-03	1.41E-01	3.78E-03	
1_1302835_A_G	1.14E-01	2.69E-07	3.38E-01	-4.75E-01	4.96E-01	5.64E-02	
1_1302840_G_A	7.93E-02	3.88E-04	6.32E-01	1.19E-01	2.47E-01	2.82E-02	
1_1302845_C_G	1.14E-01	2.69E-07	3.38E-01	-4.75E-01	4.96E-01	5.64E-02	
1_1302864_C_G	1.14E-01	2.69E-07	3.38E-01	-4.75E-01	4.96E-01	5.64E-02	
1_1302867_G_C	8.62E-02	2.12E-06	5.32E-02	-3.44E-01	1.77E-01	1.14E-01	
1_1302888_G_A	1.10E-01	5.79E-07	5.55E-01	-2.07E-01	3.51E-01	3.48E-02	
1_1302896_A_G	6.90E-02	8.81E-05	6.02E-01	-1.55E-01	2.97E-01	3.08E-02	
1_1302909_C_G	2.03E-01	1.01E-01	3.70E-01	1.32E-01	1.48E-01	5.28E-02	
1_1302915_G_C	5.17E-02	3.04E-03	7.85E-01	6.51E-02	2.39E-01	1.61E-02	
1_1302916_C_T	6.55E-02	1.82E-04	7.37E-01	-8.96E-02	2.66E-01	1.98E-02	
1_1302918_C_G	7.59E-02	7.61E-04	7.70E-01	8.28E-02	2.83E-01	1.72E-02	
1_1302961_C_G	1.14E-01	2.69E-07	3.38E-01	-4.75E-01	4.96E-01	5.64E-02	
1_1302969_G_A	1.31E-01	8.94E-01	5.63E-01	9.41E-02	1.63E-01	3.41E-02	
1_1302975_C_G	5.17E-02	4.68E-04	9.85E-01	4.89E-03	2.58E-01	1.12E-03	
1_1302984_G_C	4.07E-01	4.76E-07	6.19E-01	7.59E-02	1.53E-01	2.93E-02	
1_1302990_G_C	8.28E-02	1.95E-04	9.46E-01	1.87E-02	2.74E-01	4.01E-03	
1_1302998_C_A	1.14E-01	2.69E-07	3.38E-01	-4.75E-01	4.96E-01	5.64E-02	
1_1303006_G_A	8.97E-02	4.81E-05	9.76E-01	9.08E-03	3.03E-01	1.76E-03	
1_1303020_G_C	1.14E-01	2.69E-07	3.38E-01	-4.75E-01	4.96E-01	5.64E-02	
1_1303032_A_G	8.62E-02	9.74E-05	7.93E-01	6.37E-02	2.43E-01	1.54E-02	
1_1303038_C_T	1.17E-01	1.37E-04	6.10E-01	-7.49E-02	1.47E-01	3.00E-02	
1_1303050_C_G	1.48E-01	6.25E-01	5.62E-01	9.50E-02	1.64E-01	3.42E-02	
1_1303080_T_C	1.00E-01	3.32E-05	4.89E-01	1.42E-01	2.05E-01	4.08E-02	
1_1314981_C_T	5.52E-02	2.25E-04	3.22E-01	-2.33E-01	2.34E-01	5.84E-02	
1_1315017_C_T	4.69E-01	2.06E-04	6.04E-01	7.99E-02	1.54E-01	3.06E-02	
1_1315023_C_T	2.24E-01	8.89E-02	3.83E-01	-1.23E-01	1.41E-01	5.15E-02	
1_1315041_C_T	5.86E-02	1.20E-05	2.72E-01	-2.98E-01	2.71E-01	6.48E-02	bad-chisq
1_1315113_C_T	6.21E-02	5.12E-05	6.93E-01	-1.10E-01	2.79E-01	2.33E-02	
1_1315119_A_G	2.69E-01	1.21E-02	8.94E-02	-2.09E-01	1.22E-01	9.99E-02	
1_1315131_G_A	1.90E-01	1.09E-01	2.04E-01	-1.67E-01	1.32E-01	7.48E-02	
1_1315133_A_C	7.24E-02	1.48E-03	6.78E-01	1.09E-01	2.62E-01	2.45E-02	
1_1315163_T_C	5.52E-02	8.04E-03	9.64E-01	-9.54E-03	2.11E-01	2.66E-03	
1_1315167_C_T	6.90E-02	1.18E-02	2.57E-01	-2.11E-01	1.86E-01	6.67E-02	
1_1315186_G_A	1.07E-01	7.96E-06	3.05E-01	-1.85E-01	1.80E-01	6.04E-02	
1_1315194_G_C	6.21E-02	1.00E-02	3.40E-02	-3.36E-01	1.58E-01	1.25E-01	
1_1333861_G_A	6.55E-02	1.82E-04	8.66E-02	-2.86E-01	1.66E-01	1.01E-01	
1_1333869_G_A	1.41E-01	1.08E-06	3.95E-01	-1.65E-01	1.93E-01	5.01E-02	
1_1333871_T_C	6.17E-01	2.55E-02	4.01E-01	7.18E-02	8.54E-02	4.95E-02	
1_1333874_C_G	1.14E-01	2.69E-07	3.38E-01	-4.75E-01	4.96E-01	5.64E-02	
1_1333877_C_T	6.21E-02	2.16E-03	7.31E-01	8.84E-02	2.57E-01	2.03E-02	
1_1333901_G_A	1.07E-01	3.65E-01	9.30E-01	-1.38E-02	1.56E-01	5.20E-03	
1_1333907_C_G	2.90E-01	1.28E-07	2.99E-01	1.11E-01	1.07E-01	6.12E-02	
1_1333911_G_A	8.28E-02	3.25E-05	2.60E-01	-1.71E-01	1.51E-01	6.64E-02	
1_1333913_G_C	2.34E-01	6.69E-03	9.84E-01	2.71E-03	1.38E-01	1.15E-03	
1_1333914_G_A	2.03E-01	2.93E-01	4.62E-01	9.86E-02	1.34E-01	4.34E-02	
1_1333938_A_G	1.38E-01	2.16E-04	1.25E-01	2.74E-01	1.78E-01	9.02E-02	
1_1333949_G_C	2.14E-01	1.67E-02	2.80E-01	-1.47E-01	1.36E-01	6.37E-02	
1_1333950_C_T	1.10E-01	5.79E-07	5.38E-01	-2.44E-01	3.96E-01	3.63E-02	
1_1333962_T_C	9.31E-02	6.44E-04	6.39E-01	-6.74E-02	1.43E-01	2.77E-02	
1_1333991_T_C	6.83E-01	3.35E-02	5.43E-01	4.42E-02	7.25E-02	3.59E-02	
1_1334005_A_C	1.07E-01	3.65E-01	6.68E-01	-6.81E-02	1.59E-01	2.53E-02	
1_1334012_C_T	1.41E-01	6.51E-01	6.03E-01	-7.24E-02	1.39E-01	3.07E-02	
1_1334014_C_A	5.86E-02	1.83E-02	3.13E-01	2.34E-01	2.31E-01	5.94E-02	
1_1334042_G_C	1.03E-01	2.61E-06	9.82E-01	-6.28E-03	2.85E-01	1.30E-03	
1_1334043_C_G	1.10E-01	5.79E-07	6.23E-01	-1.77E-01	3.60E-01	2.90E-02	
1_1334078_T_C	6.90E-02	8.81E-05	1.20E-01	-2.53E-01	1.62E-01	9.16E-02	
1_1334085_C_A	1.14E-01	2.69E-07	3.38E-01	-4.75E-01	4.96E-01	5.64E-02	
1_1334102_T_C	5.24E-01	1.37E-03	6.24E-01	-3.33E-02	6.79E-02	2.89E-02	
1_1334106_C_T	7.24E-02	2.76E-04	3.66E-01	-1.53E-01	1.69E-01	5.33E-02	
1_1334117_C_T	2.07E-01	8.01E-01	2.35E-01	8.84E-02	7.42E-02	7.00E-02	
1_1334127_C_T	2.10E-01	8.80E-11	8.53E-03	4.39E-01	1.66E-01	1.54E-01	
1_1334132_C_T	2.00E-01	7.53E-02	4.21E-01	6.18E-02	7.67E-02	4.75E-02	
1_1334152_A_G	8.62E-02	1.56E-05	7.15E-01	-9.58E-02	2.62E-01	2.15E-02	
1_1334165_T_C	2.14E-01	5.10E-01	2.55E-01	8.69E-02	7.62E-02	6.71E-02	
1_1334169_A_C	9.31E-02	3.54E-06	8.01E-01	-7.56E-02	3.00E-01	1.48E-02	
1_1334170_G_A	6.79E-01	2.47E-03	3.01E-01	-7.39E-02	7.14E-02	6.09E-02	
1_1334174_G_C	8.97E-02	7.47E-06	6.30E-01	-1.32E-01	2.73E-01	2.84E-02	
1_1334183_T_C	1.21E-01	3.97E-03	4.41E-01	1.05E-01	1.36E-01	4.55E-02	
1_1334192_T_C	4.45E-01	2.64E-03	5.66E-01	-7.00E-02	1.22E-01	3.39E-02	
1_1334201_C_T	2.10E-01	8.80E-11	8.53E-03	4.39E-01	1.66E-01	1.54E-01	
1_1334207_C_G	6.55E-02	1.10E-03	6.61E-01	1.10E-01	2.52E-01	2.58E-02	
1_1334213_C_T	1.66E-01	8.26E-01	4.50E-01	-1.01E-01	1.34E-01	4.46E-02	
1_1334219_G_C	1.07E-01	1.23E-06	6.61E-01	-1.34E-01	3.06E-01	2.58E-02	
1_1334222_G_C	4.34E-01	1.75E-04	6.85E-01	-2.72E-02	6.71E-02	2.39E-02	
1_1334225_G_A	1.00E-01	5.48E-06	1.21E-01	-2.95E-01	1.90E-01	9.13E-02	
1_1334227_C_G	7.59E-02	7.61E-04	7.70E-01	8.28E-02	2.83E-01	1.72E-02	
1_1334236_A_G	5.86E-02	1.08E-04	7.44E-01	-6.95E-02	2.13E-01	1.93E-02	
1_1334240_C_T	1.34E-01	5.29E-01	3.90E-01	-1.43E-01	1.66E-01	5.06E-02	
1_1334243_C_T	7.59E-02	8.17E-01	8.19E-01	-2.58E-02	1.13E-01	1.35E-02	
1_1334259_C_A	1.14E-01	2.69E-07	3.38E-01	-4.75E-01	4.96E-01	5.64E-02	
1_1334267_T_C	4.59E-01	1.40E-02	2.29E-01	1.71E-01	1.41E-01	7.09E-02	
1_1334268_G_A	1.14E-01	2.69E-07	3.38E-01	-4.75E-01	4.96E-01	5.64E-02	
1_1334279_C_G	4.90E-01	2.90E-02	8.59E-01	-3.30E-02	1.86E-01	1.05E-02	
1_1334285_G_C	8.28E-02	3.25E-05	8.71E-01	4.09E-02	2.51E-01	9.60E-03	
1_1334291_C_T	4.86E-01	1.06E-02	9.65E-01	-6.71E-03	1.55E-01	2.55E-03	
1_1334294_G_C	9.66E-02	1.14E-05	8.36E-01	-6.26E-02	3.02E-01	1.22E-02	
1_1334300_A_G	2.28E-01	6.39E-02	6.48E-02	-2.21E-01	1.19E-01	1.09E-01	
1_1334303_C_G	1.76E-01	2.11E-01	3.79E-01	-1.23E-01	1.39E-01	5.18E-02	
1_1334304_T_C	2.48E-01	1.02E-03	2.47E-01	-1.89E-01	1.63E-01	6.82E-02	
1_1334309_A_G	2.28E-01	7.33E-09	1.97E-02	3.50E-01	1.49E-01	1.37E-01	
1_1334315_T_C	2.17E-01	1.10E-02	9.67E-01	-6.03E-03	1.45E-01	2.45E-03	
1_1334318_G_C	8.97E-02	4.81E-05	9.76E-01	9.08E-03	3.03E-01	1.76E-03	
1_1334342_C_A	1.24E-01	2.06E-01	6.64E-01	6.84E-02	1.57E-01	2.56E-02	
1_1334348_C_T	5.52E-02	1.53E-03	9.84E-01	-4.85E-03	2.35E-01	1.22E-03	
1_1334349_A_C	8.97E-02	4.81E-05	9.76E-01	9.08E-03	3.03E-01	1.76E-03	
1_1334353_C_T	5.52E-02	1.07E-01	3.13E-01	1.68E-01	1.67E-01	5.94E-02	
1_1334370_G_A	5.52E-02	8.04E-03	2.59E-01	-2.02E-01	1.78E-01	6.65E-02	
1_1334371_A_G	7.59E-02	4.31E-02	3.95E-01	1.13E-01	1.32E-01	5.01E-02	
1_1334372_C_T	1.45E-01	7.63E-01	5.60E-01	-9.26E-02	1.59E-01	3.43E-02	
1_1334381_C_G	4.38E-01	7.13E-03	7.35E-01	-2.49E-02	7.34E-02	2.00E-02	
1_1334390_T_C	4.41E-01	1.66E-03	1.68E-02	3.06E-01	1.27E-01	1.40E-01	
1_1334400_G_A	6.90E-02	1.14E-05	4.91E-01	-2.15E-01	3.12E-01	4.06E-02	
1_1334401_A_C	6.90E-02	1.14E-05	4.91E-01	-2.15E-01	3.12E-01	4.06E-02	
1_1334407_A_G	1.28E-01	7.36E-01	9.41E-01	-1.16E-02	1.57E-01	4.34E-03	
1_1334408_A_G	1.55E-01	5.99E-01	5.48E-01	-7.85E-02	1.31E-01	3.54E-02	
1_1334423_T_C	1.03E-01	2.61E-06	3.00E-01	-2.97E-01	2.86E-01	6.11E-02	
1_1334435_C_A	1.00E-01	5.48E-06	7.19E-01	-1.31E-01	3.63E-01	2.12E-02	
1_1334445_G_A	6.90E-02	8.81E-05	6.02E-01	-1.55E-01	2.97E-01	3.08E-02	
1_1334478_G_A	8.62E-02	9.74E-05	3.06E-01	-2.38E-01	2.32E-01	6.03E-02	
1_1334516_G_C	2.93E-01	4.33E-06	1.17E-01	1.96E-01	1.24E-01	9.23E-02	
1_1334522_C_G	1.21E-01	3.08E-04	4.27E-01	1.23E-01	1.54E-01	4.69E-02	
1_1334543_C_G	6.21E-02	2.16E-03	2.93E-01	-2.03E-01	1.93E-01	6.19E-02	
1_1334552_G_A	2.52E-01	1.62E-03	4.65E-01	-1.15E-01	1.57E-01	4.31E-02	
1_1334560_G_C	1.10E-01	5.79E-07	6.23E-01	-1.77E-01	3.60E-01	2.90E-02	
1_1334584_T_C	3.66E-01	9.26E-08	7.20E-01	3.93E-02	1.10E-01	2.11E-02	
1_1334586_C_A	1.55E-01	3.67E-05	6.66E-01	-5.64E-02	1.30E-01	2.55E-02	
1_1334587_G_A	1.07E-01	1.23E-06	7.93E-01	-8.47E-02	3.23E-01	1.55E-02	
1_1334591_G_A	5.86E-02	1.05E-06	1.04E-01	-3.50E-01	2.15E-01	9.56E-02	bad-chisq
1_1334624_C_T	1.17E-01	5.42E-01	7.75E-01	-4.30E-02	1.50E-01	1.69E-02	
1_1334664_G_A	4.31E-01	4.29E-08	2.12E-01	1.07E-01	8.53E-02	7.35E-02	
1_1334670_A_G	9.31E-02	5.78E-01	9.61E-01	5.88E-03	1.19E-01	2.90E-03	
1_1334672_C_G	5.52E-02	1.53E-03	7.80E-01	-6.80E-02	2.43E-01	1.65E-02	
1_1334694_A_G	1.00E-01	3.23E-01	3.29E-01	-1.21E-01	1.24E-01	5.76E-02	
1_1334699_C_T	3.41E-01	2.43E-04	7.19E-01	3.99E-02	1.11E-01	2.12E-02	
1_1334702_G_C	1.00E-01	5.48E-06	8.34E-01	-4.59E-02	2.19E-01	1.24E-02	
1_1334706_G_A	1.31E-01	7.41E-03	4.56E-01	-9.82E-02	1.31E-01	4.40E-02	
1_1334717_C_G	6.90E-02	1.14E-05	4.91E-01	-2.15E-01	3.12E-01	4.06E-02	
1_1334723_C_T	1.17E-01	5.36E-06	9.28E-01	2.03E-02	2.25E-01	5.32E-03	
1_1334735_C_G	1.45E-01	2.01E-02	2.33E-01	-1.44E-01	1.21E-01	7.03E-02	
1_1334756_G_A	4.59E-01	7.03E-03	4.01E-01	1.19E-01	1.42E-01	4.94E-02	
1_1334762_A_G	2.66E-01	1.27E-08	9.94E-02	2.20E-01	1.33E-01	9.70E-02	
1_1334768_C_T	5.86E-02	6.38E-02	2.00E-01	-1.84E-01	1.44E-01	7.55E-02	
1_1334774_C_G	1.21E-01	4.09E-07	1.71E-01	-3.73E-01	2.72E-01	8.06E-02	
1_1334792_C_T	2.28E-01	1.31E-09	8.35E-02	2.84E-01	1.64E-01	1.02E-01	
1_1334828_T_C	9.31E-02	2.35E-05	2.43E-01	-2.04E-01	1.75E-01	6.87E-02	
1_1334834_T_C	4.83E-01	4.77E-02	8.37E-01	2.18E-02	1.06E-01	1.21E-02	
1_1334837_A_G	4.00E-01	1.29E-06	4.53E-01	8.26E-02	1.10E-01	4.42E-02	
1_1334843_G_A	4.55E-01	9.47E-03	9.98E-01	-2.72E-04	9.91E-02	1.62E-04	
1_1334891_T_C	2.24E-01	2.32E-02	3.89E-01	-1.08E-01	1.26E-01	5.07E-02	
1_1334909_C_T	2.90E-01	2.96E-08	2.08E-01	1.62E-01	1.29E-01	7.41E-02	
1_1334912_C_G	1.34E-01	4.56E-06	8.37E-01	-3.60E-02	1.74E-01	1.22E-02	
1_1334936_G_C	6.55E-02	5.36E-03	5.14E-01	1.69E-01	2.59E-01	3.85E-02	
1_1334945_G_A	1.24E-01	7.16E-06	2.36E-02	-3.12E-01	1.37E-01	1.33E-01	
1_1334948_G_C	9.66E-02	1.14E-05	8.36E-01	-6.26E-02	3.02E-01	1.22E-02	
1_1334957_G_C	2.97E-01	1.89E-07	3.62E-01	1.04E-01	1.13E-01	5.37E-02	
1_1334984_G_C	5.86E-02	4.19E-03	8.21E-01	5.02E-02	2.22E-01	1.34E-02	
1_1335020_C_G	5.86E-02	7.57E-04	4.94E-01	-1.30E-01	1.90E-01	4.04E-02	
1_1335023_C_T	8.28E-02	4.18E-03	4.54E-01	1.32E-01	1.76E-01	4.41E-02	
1_1335026_C_G	1.45E-01	9.72E-01	7.31E-01	-5.18E-02	1.50E-01	2.03E-02	
1_1335029_T_C	6.55E-02	2.42E-05	6.47E-01	-1.29E-01	2.80E-01	2.70E-02	
1_1335038_G_A	1.00E-01	9.50E-08	3.12E-01	-3.09E-01	3.05E-01	5.96E-02	
1_1335050_G_A	1.86E-01	8.25E-01	9.05E-01	-1.61E-02	1.34E-01	7.07E-03	
1_1335056_G_C	6.55E-02	5.36E-03	5.14E-01	1.69E-01	2.59E-01	3.85E-02	
1_1335065_G_A	4.03E-01	1.17E-02	1.83E-02	2.27E-01	9.56E-02	1.38E-01	
1_1335068_G_A	1.38E-01	2.65E-01	9.14E-01	1.44E-02	1.33E-01	6.40E-03	
1_1335069_C_T	7.24E-02	1.77E-01	3.08E-01	1.26E-01	1.23E-01	6.01E-02	
1_1335071_C_G	4.28E-01	2.35E-02	1.26E-01	1.47E-01	9.60E-02	9.00E-02	
1_1335077_G_A	1.28E-01	3.54E-04	2.47E-02	-1.99E-01	8.83E-02	1.32E-01	
1_1335083_G_A	4.31E-01	5.31E-05	2.45E-01	1.38E-01	1.19E-01	6.84E-02	
1_1335084_G_A	2.10E-01	8.80E-11	8.53E-03	4.39E-01	1.66E-01	1.54E-01	
1_1335087_A_G	2.41E-01	2.70E-03	3.13E-01	-1.70E-01	1.68E-01	5.95E-02	
1_1335088_A_G	1.21E-01	4.09E-07	1.71E-01	-3.73E-01	2.72E-01	8.06E-02	
1_1335107_C_G	2.79E-01	1.42E-07	8.79E-02	2.09E-01	1.22E-01	1.00E-01	
1_1335136_C_A	1.14E-01	2.69E-07	3.38E-01	-4.75E-01	4.96E-01	5.64E-02	
1_1335150_G_A	1.14E-01	2.69E-07	3.38E-01	-4.75E-01	4.96E-01	5.64E-02	
1_1335152_G_C	1.31E-01	9.21E-06	4.45E-01	1.60E-01	2.09E-01	4.50E-02	
1_1335158_G_C	6.90E-02	1.19E-06	2.94E-01	-2.49E-01	2.37E-01	6.18E-02	bad-chisq
1_1335201_C_T	5.17E-02	3.04E-03	8.40E-01	4.56E-02	2.26E-01	1.19E-02	
1_1335203_A_G	4.79E-01	1.01E-01	8.79E-01	-1.65E-02	1.08E-01	8.98E-03	
1_1335208_C_G	4.07E-01	1.96E-09	1.05E-01	2.21E-01	1.35E-01	9.55E-02	
1_1335218_C_T	2.14E-01	4.95E-11	3.76E-03	4.99E-01	1.71E-01	1.70E-01	
1_1335219_A_G	3.41E-01	2.43E-04	6.44E-02	2.22E-01	1.20E-01	1.09E-01	
1_1335224_G_A	5.00E-01	3.03E-03	5.12E-02	2.42E-01	1.24E-01	1.15E-01	
1_1335236_C_G	1.24E-01	4.86E-02	5.14E-02	2.09E-01	1.07E-01	1.15E-01	
1_1335239_A_G	4.55E-01	5.74E-05	9.34E-02	1.87E-01	1.11E-01	9.87E-02	
1_1335241_T_G	1.14E-01	2.69E-07	3.38E-01	-4.75E-01	4.96E-01	5.64E-02	
1_1335245_C_T	5.52E-02	1.53E-03	9.41E-01	1.64E-02	2.19E-01	4.40E-03	
1_1335247_G_C	1.14E-01	2.69E-07	3.38E-01	-4.75E-01	4.96E-01	5.64E-02	
1_1335278_C_T	2.79E-01	6.11E-02	8.58E-01	-1.25E-02	6.96E-02	1.06E-02	
1_1335281_C_T	2.10E-01	8.80E-11	8.53E-03	4.39E-01	1.66E-01	1.54E-01	
1_1335288_C_T	4.97E-01	8.66E-03	4.76E-01	1.17E-01	1.64E-01	4.20E-02	
1_1335296_T_C	3.97E-01	1.71E-07	1.80E-01	1.76E-01	1.31E-01	7.90E-02	
1_1335320_C_T	4.69E-01	5.13E-04	1.09E-01	1.80E-01	1.12E-01	9.43E-02	
1_1350346_G_A	8.28E-02	1.95E-04	9.46E-01	1.87E-02	2.74E-01	4.01E-03	
1_1350356_C_T	1.79E-01	2.68E-01	3.87E-01	1.37E-01	1.58E-01	5.10E-02	
1_1350369_C_A	3.62E-01	2.16E-09	2.84E-01	2.23E-01	2.08E-01	6.31E-02	
1_1350371_C_G	1.21E-01	4.09E-07	5.52E-01	-1.68E-01	2.82E-01	3.51E-02	
1_1350375_G_T	3.62E-01	2.16E-09	2.84E-01	2.23E-01	2.08E-01	6.31E-02	
1_1350408_C_T	1.00E-01	7.53E-02	3.51E-01	1.87E-01	2.01E-01	5.49E-02	
1_1350425_G_A	1.10E-01	5.79E-07	5.54E-01	-2.08E-01	3.51E-01	3.49E-02	
1_1353932_C_T	7.59E-02	4.31E-02	1.26E-01	-2.28E-01	1.48E-01	9.00E-02	
1_1353934_C_T	1.14E-01	2.69E-07	3.38E-01	-4.75E-01	4.96E-01	5.64E-02	
1_1353960_G_C	1.07E-01	1.23E-06	7.41E-01	-1.08E-01	3.28E-01	1.95E-02	
1_1353967_G_C	1.52E-01	1.16E-07	3.46E-02	-3.56E-01	1.68E-01	1.24E-01	
1_1353973_C_G	1.10E-01	5.79E-07	6.18E-01	-1.81E-01	3.62E-01	2.94E-02	
1_1353975_A_C	8.97E-02	4.81E-05	1.42E-01	-2.63E-01	1.78E-01	8.64E-02	
1_1353983_C_G	1.10E-01	5.79E-07	6.23E-01	-1.77E-01	3.60E-01	2.90E-02	
1_1354017_A_G	1.24E-01	5.85E-01	1.11E-01	1.42E-01	8.87E-02	9.37E-02	
1_1354020_G_T	2.17E-01	1.88E-10	2.35E-02	4.07E-01	1.79E-01	1.33E-01	
1_1354021_C_T	3.34E-01	6.59E-03	2.86E-01	1.40E-01	1.31E-01	6.29E-02	
1_1354029_G_A	1.31E-01	2.78E-07	1.69E-01	-2.84E-01	2.06E-01	8.10E-02	
1_1354067_T_C	4.66E-01	7.81E-03	5.91E-01	6.70E-02	1.25E-01	3.17E-02	
1_1354077_T_C	4.62E-01	2.41E-03	8.50E-01	-2.77E-02	1.46E-01	1.11E-02	
1_1354098_A_T	1.03E-01	8.84E-05	1.04E-01	-2.29E-01	1.41E-01	9.56E-02	
1_1354100_G_C	5.52E-02	8.04E-03	4.35E-01	-1.48E-01	1.89E-01	4.60E-02	
1_1354113_C_T	2.59E-01	1.66E-07	8.25E-01	3.44E-02	1.55E-01	1.30E-02	
1_1354124_C_G	5.17E-02	1.52E-02	1.76E-01	-2.28E-01	1.68E-01	7.96E-02	
1_1354134_C_T	1.52E-01	9.91E-01	2.46E-01	1.88E-01	1.62E-01	6.83E-02	
1_1354139_G_C	1.62E-01	8.11E-01	1.82E-01	-2.01E-01	1.50E-01	7.87E-02	
1_1354143_T_A	1.10E-01	5.79E-07	6.18E-01	-1.81E-01	3.62E-01	2.94E-02	
1_1354154_C_T	3.38E-01	9.02E-04	9.65E-01	-5.60E-03	1.29E-01	2.56E-03	
1_1354157_G_C	3.79E-01	1.05E-03	5.70E-01	-6.78E-02	1.19E-01	3.35E-02	
1_1354166_G_C	1.24E-01	7.16E-06	2.10E-01	-2.18E-01	1.74E-01	7.38E-02	
1_1354167_G_A	1.14E-01	2.69E-07	3.38E-01	-4.75E-01	4.96E-01	5.64E-02	
1_1354176_G_A	1.14E-01	2.69E-07	3.38E-01	-4.75E-01	4.96E-01	5.64E-02	
1_1354177_T_C	1.21E-01	2.61E-01	8.44E-01	-3.89E-02	1.97E-01	1.16E-02	
1_1354184_C_T	1.38E-01	3.43E-01	1.18E-01	-1.69E-01	1.08E-01	9.20E-02	
1_1354197_C_A	2.41E-01	4.44E-09	2.42E-01	2.22E-01	1.90E-01	6.89E-02	
1_1354202_C_G	7.24E-02	2.76E-04	9.06E-01	2.73E-02	2.31E-01	6.94E-03	
1_1354205_C_T	8.28E-02	1.95E-04	6.90E-01	-6.66E-02	1.67E-01	2.35E-02	
1_1354219_T_C	6.21E-02	5.12E-05	5.56E-01	-1.37E-01	2.32E-01	3.47E-02	
1_1354229_G_C	3.34E-01	3.00E-03	6.15E-01	5.95E-02	1.18E-01	2.97E-02	
1_1354231_C_T	1.24E-01	1.24E-06	9.19E-01	-2.68E-02	2.64E-01	5.98E-03	
1_1354244_G_C	5.86E-02	7.57E-04	9.80E-01	5.74E-03	2.32E-01	1.46E-03	
1_1354263_C_A	7.93E-02	3.88E-04	6.73E-01	1.12E-01	2.66E-01	2.49E-02	
1_1354264_G_A	7.93E-02	3.88E-04	6.73E-01	1.12E-01	2.66E-01	2.49E-02	
1_1354265_G_C	6.90E-02	1.18E-02	1.36E-02	-3.42E-01	1.38E-01	1.45E-01	
1_1354271_C_G	6.90E-02	8.81E-05	7.25E-01	-8.33E-02	2.37E-01	2.07E-02	
1_1354274_T_C	1.38E-01	2.23E-06	2.70E-01	-1.57E-01	1.42E-01	6.50E-02	
1_1354280_G_T	7.24E-02	5.32E-06	6.67E-01	-1.12E-01	2.61E-01	2.53E-02	
1_1354302_A_T	3.93E-01	1.36E-01	7.01E-01	-5.35E-02	1.39E-01	2.26E-02	
1_1354310_G_A	5.52E-02	2.25E-04	6.41E-01	-9.42E-02	2.02E-01	2.75E-02	
1_1354312_C_T	1.07E-01	1.66E-07	1.69E-01	-4.37E-01	3.17E-01	8.10E-02	
1_1354335_C_T	1.34E-01	6.79E-01	9.86E-01	2.48E-03	1.46E-01	9.99E-04	
1_1354338_C_T	1.86E-01	8.12E-02	4.64E-01	-5.72E-02	7.81E-02	4.31E-02	
1_1354341_G_A	1.21E-01	2.61E-01	8.44E-01	-3.89E-02	1.97E-01	1.16E-02	
1_1354342_T_C	1.10E-01	5.79E-07	6.18E-01	-1.81E-01	3.62E-01	2.94E-02	
1_1354346_T_C	1.07E-01	1.23E-06	7.46E-01	-1.06E-01	3.27E-01	1.91E-02	
1_1354349_A_G	1.07E-01	1.23E-06	7.41E-01	-1.08E-01	3.28E-01	1.95E-02	
1_1363397_C_T	1.31E-01	6.28E-01	7.26E-02	2.43E-01	1.35E-01	1.06E-01	
1_1363400_G_A	1.62E-01	2.29E-01	1.65E-01	1.96E-01	1.41E-01	8.17E-02	
1_1363406_A_G	1.24E-01	8.52E-01	8.08E-01	3.95E-02	1.62E-01	1.43E-02	
1_1363415_C_T	1.83E-01	5.08E-01	6.48E-01	6.98E-02	1.53E-01	2.69E-02	
1_1363432_G_C	1.21E-01	2.61E-01	8.44E-01	-3.89E-02	1.97E-01	1.16E-02	
1_1363466_C_G	1.14E-01	2.69E-07	3.38E-01	-4.75E-01	4.96E-01	5.64E-02	
1_1363469_C_G	7.93E-02	6.69E-05	6.27E-01	-1.11E-01	2.29E-01	2.87E-02	
1_1363472_C_T	5.17E-02	4.68E-04	6.48E-01	-1.00E-01	2.19E-01	2.69E-02	
1_1363478_C_G	6.21E-02	3.73E-04	8.80E-01	2.86E-02	1.90E-01	8.90E-03	
1_1363493_G_C	6.90E-02	8.81E-05	6.00E-01	-1.32E-01	2.52E-01	3.09E-02	
1_1363505_C_T	5.86E-02	7.57E-04	7.17E-01	-9.07E-02	2.50E-01	2.14E-02	
1_1363511_C_T	6.55E-02	2.42E-05	5.50E-01	-1.53E-01	2.55E-01	3.52E-02	
1_1363517_G_C	1.17E-01	2.90E-05	9.11E-02	-2.41E-01	1.42E-01	9.94E-02	
1_1363535_C_G	1.97E-01	5.50E-02	5.46E-01	-9.88E-02	1.63E-01	3.56E-02	
1_1363538_C_G	9.66E-02	1.14E-05	8.97E-01	-3.92E-02	3.02E-01	7.64E-03	
1_1363539_C_T	1.79E-01	1.90E-02	1.06E-01	-1.29E-01	7.96E-02	9.51E-02	
1_1363542_G_A	2.34E-01	2.77E-03	5.78E-01	-1.06E-01	1.90E-01	3.28E-02	
1_1363555_A_G	1.79E-01	1.90E-02	9.89E-01	-2.26E-03	1.66E-01	8.00E-04	
1_1363560_T_G	2.00E-01	1.38E-01	9.25E-01	1.52E-02	1.61E-01	5.58E-03	
1_1363571_C_G	8.97E-02	7.47E-06	6.30E-01	-1.32E-01	2.73E-01	2.84E-02	
1_1363616_C_T	1.00E-01	3.23E-01	3.96E-01	1.23E-01	1.45E-01	5.00E-02	
1_1363625_G_A	2.17E-01	1.88E-10	2.35E-02	4.07E-01	1.79E-01	1.33E-01	
1_1363670_G_C	1.03E-01	1.26E-01	4.47E-01	1.42E-01	1.86E-01	4.48E-02	
1_1363688_C_G	1.69E-01	2.20E-01	6.24E-01	7.68E-02	1.56E-01	2.89E-02	
1_1363701_G_A	7.59E-02	1.37E-04	9.92E-01	-2.51E-03	2.47E-01	5.99E-04	
1_1363716_A_G	1.21E-01	2.61E-01	8.44E-01	-3.89E-02	1.97E-01	1.16E-02	
1_1363717_C_A	1.21E-01	2.61E-01	8.44E-01	-3.89E-02	1.97E-01	1.16E-02	
1_1363721_C_T	8.28E-02	3.13E-01	3.27E-02	2.23E-01	1.04E-01	1.25E-01	
1_1363724_G_C	1.10E-01	3.84E-06	1.69E-01	-2.54E-01	1.85E-01	8.09E-02	
1_1363725_C_A	1.10E-01	5.79E-07	5.50E-01	-2.12E-01	3.54E-01	3.53E-02	
1_1363726_G_A	1.00E-01	5.48E-06	7.19E-01	-1.31E-01	3.63E-01	2.12E-02	
1_1363730_A_G	3.69E-01	3.08E-09	1.85E-01	2.34E-01	1.76E-01	7.81E-02	
1_1363734_C_G	6.55E-02	5.36E-03	4.87E-01	1.67E-01	2.41E-01	4.09E-02	
1_1363739_G_A	9.31E-02	6.44E-04	4.31E-01	-1.20E-01	1.53E-01	4.64E-02	
1_1363760_G_A	4.03E-01	7.88E-07	3.62E-02	2.83E-01	1.35E-01	1.23E-01	
1_1363773_A_T	5.52E-02	2.57E-05	4.22E-01	-2.06E-01	2.56E-01	4.73E-02	bad-chisq
1_1363778_C_T	3.41E-01	7.61E-03	3.57E-01	1.04E-01	1.13E-01	5.43E-02	
1_1363784_C_T	2.62E-01	2.18E-08	9.03E-02	2.47E-01	1.45E-01	9.96E-02	
1_1363805_C_G	7.93E-02	1.15E-06	4.33E-01	-1.96E-01	2.50E-01	4.62E-02	
1_1363806_G_A	1.17E-01	8.99E-01	5.55E-01	5.73E-02	9.69E-02	3.48E-02	
1_1363814_C_T	1.17E-01	6.20E-01	7.93E-01	2.53E-02	9.64E-02	1.55E-02	
1_1363815_G_A	1.00E-01	5.48E-06	7.19E-01	-1.31E-01	3.63E-01	2.12E-02	
1_1363824_G_A	1.59E-01	9.55E-01	9.08E-01	-1.88E-02	1.62E-01	6.84E-03	
1_1363832_A_G	1.59E-01	4.81E-01	6.43E-01	-6.68E-02	1.44E-01	2.74E-02	
1_1363868_C_T	6.90E-02	7.71E-01	1.66E-01	1.57E-01	1.13E-01	8.15E-02	
1_1363910_G_C	1.21E-01	2.61E-01	8.44E-01	-3.89E-02	1.97E-01	1.16E-02	
1_1363928_C_G	6.21E-02	5.58E-06	4.65E-01	-1.63E-01	2.23E-01	4.31E-02	bad-chisq
1_1382078_G_C	1.59E-01	9.55E-01	1.92E-01	-2.05E-01	1.57E-01	7.68E-02	
1_1382081_C_T	5.17E-02	6.35E-02	7.84E-02	2.67E-01	1.51E-01	1.04E-01	
1_1382090_C_T	6.21E-02	1.00E-02	2.56E-01	-1.94E-01	1.70E-01	6.69E-02	
1_1382098_C_A	8.97E-02	4.81E-05	9.76E-01	9.08E-03	3.03E-01	1.76E-03	
1_1382111_C_G	2.07E-01	7.24E-02	2.53E-01	-1.61E-01	1.41E-01	6.73E-02	
1_1382114_G_A	1.41E-01	5.74E-06	6.95E-02	-2.21E-01	1.21E-01	1.07E-01	
1_1382127_A_C	3.31E-01	3.47E-02	6.52E-02	3.20E-01	1.73E-01	1.08E-01	
1_1382132_C_T	5.52E-02	2.25E-04	9.91E-01	2.83E-03	2.42E-01	6.89E-04	
1_1382144_C_T	3.28E-01	2.54E-03	2.55E-01	1.81E-01	1.58E-01	6.71E-02	
1_1382147_C_G	2.90E-01	2.04E-04	5.86E-01	8.35E-02	1.53E-01	3.21E-02	
1_1382155_C_G	1.14E-01	2.69E-07	3.38E-01	-4.75E-01	4.96E-01	5.64E-02	
1_1382169_G_A	1.45E-01	4.78E-01	2.22E-01	-2.02E-01	1.65E-01	7.19E-02	
1_1382171_C_G	6.90E-02	5.54E-04	7.39E-01	-8.20E-02	2.46E-01	1.97E-02	
1_1382177_G_C	4.72E-01	1.70E-02	7.65E-01	5.76E-02	1.92E-01	1.76E-02	
1_1382184_C_T	1.34E-01	1.45E-01	4.76E-01	-6.21E-02	8.71E-02	4.20E-02	
1_1382192_C_T	5.86E-02	1.20E-05	1.76E-01	-3.05E-01	2.25E-01	7.96E-02	bad-chisq
1_1382198_G_C	3.93E-01	2.87E-07	2.02E-01	2.20E-01	1.72E-01	7.51E-02	
1_1382205_G_A	1.45E-01	4.78E-01	2.22E-01	-2.02E-01	1.65E-01	7.19E-02	
1_1382218_T_A	4.52E-01	6.30E-03	1.08E-01	2.69E-01	1.67E-01	9.46E-02	
1_1382219_G_A	4.21E-01	2.40E-05	5.29E-01	9.49E-02	1.50E-01	3.72E-02	
1_1382220_A_G	1.07E-01	1.66E-07	1.69E-01	-4.37E-01	3.17E-01	8.10E-02	
1_1382231_C_T	3.48E-01	4.70E-09	1.23E-01	2.37E-01	1.53E-01	9.07E-02	
1_1382243_T_C	4.41E-01	7.13E-04	5.56E-01	8.82E-02	1.50E-01	3.47E-02	
1_1382250_C_A	6.21E-02	5.12E-05	6.93E-01	-1.10E-01	2.79E-01	2.33E-02	
1_1382251_G_A	5.86E-02	8.69E-01	3.47E-01	1.15E-01	1.22E-01	5.54E-02	
1_1574139_C_T	6.90E-02	8.81E-05	6.02E-01	-1.55E-01	2.97E-01	3.08E-02	
1_1574140_C_T	6.21E-02	2.16E-03	5.54E-01	-1.24E-01	2.09E-01	3.49E-02	
1_1574157_C_A	6.90E-02	8.81E-05	6.02E-01	-1.55E-01	2.97E-01	3.08E-02	
1_1574159_A_T	8.28E-02	5.27E-07	3.32E-01	-3.00E-01	3.09E-01	5.72E-02	
1_1574169_C_G	7.59E-02	2.02E-05	8.53E-01	4.80E-02	2.59E-01	1.09E-02	
1_1574172_T_C	3.24E-01	1.52E-03	1.93E-01	1.74E-01	1.33E-01	7.66E-02	
1_1574178_G_A	1.24E-01	3.65E-01	7.76E-01	-5.24E-02	1.84E-01	1.68E-02	
1_1574190_T_C	1.17E-01	8.71E-07	9.08E-01	-3.92E-02	3.38E-01	6.84E-03	
1_1574208_C_T	5.86E-02	4.19E-03	7.56E-01	7.99E-02	2.57E-01	1.83E-02	
1_1574217_T_C	1.14E-01	2.69E-07	3.38E-01	-4.75E-01	4.96E-01	5.64E-02	
1_1574223_C_T	2.45E-01	1.33E-08	3.21E-01	1.77E-01	1.78E-01	5.85E-02	
1_1574235_C_T	3.72E-01	3.59E-02	6.74E-01	-4.40E-02	1.05E-01	2.48E-02	
1_1574262_C_T	2.17E-01	1.88E-10	2.35E-02	4.07E-01	1.79E-01	1.33E-01	
1_1574265_T_C	4.17E-01	3.70E-05	4.87E-01	-9.95E-02	1.43E-01	4.10E-02	
1_1574290_C_T	2.17E-01	1.88E-10	2.35E-02	4.07E-01	1.79E-01	1.33E-01	
1_1574298_G_A	6.21E-02	5.58E-06	2.31E-01	-3.12E-01	2.60E-01	7.06E-02	bad-chisq
1_1574304_C_T	1.24E-01	2.06E-01	7.82E-01	-4.47E-02	1.61E-01	1.64E-02	
1_1574307_A_G	2.72E-01	5.58E-06	5.43E-02	2.57E-01	1.33E-01	1.13E-01	
1_1574313_T_C	4.83E-01	7.10E-03	3.33E-01	1.82E-01	1.88E-01	5.70E-02	
1_1574330_C_G	7.59E-02	2.50E-07	1.57E-01	-3.62E-01	2.55E-01	8.33E-02	bad-chisq
1_1574341_A_G	1.14E-01	2.69E-07	3.38E-01	-4.75E-01	4.96E-01	5.64E-02	
1_1574349_T_C	4.38E-01	4.26E-04	5.14E-01	1.02E-01	1.56E-01	3.85E-02	
1_1574357_A_T	5.52E-02	1.53E-03	8.17E-01	-6.52E-02	2.82E-01	1.36E-02	
1_1574381_C_A	1.10E-01	5.79E-07	6.18E-01	-1.81E-01	3.62E-01	2.94E-02	
1_1574385_T_C	9.66E-02	2.08E-07	5.61E-02	-3.25E-01	1.70E-01	1.12E-01	
1_1574389_T_A	1.00E-01	7.53E-02	3.51E-01	1.87E-01	2.01E-01	5.49E-02	
1_1574400_A_G	2.41E-01	4.44E-09	2.42E-01	2.22E-01	1.90E-01	6.89E-02	
1_1574403_G_C	2.17E-01	1.88E-10	2.35E-02	4.07E-01	1.79E-01	1.33E-01	
1_1574412_T_C	4.83E-01	7.10E-03	1.06E-01	2.94E-01	1.81E-01	9.52E-02	
1_1574417_A_C	1.10E-01	5.79E-07	6.18E-01	-1.81E-01	3.62E-01	2.94E-02	
1_1574424_A_G	2.59E-01	2.70E-06	7.53E-02	2.51E-01	1.41E-01	1.05E-01	
1_1574425_C_T	2.31E-01	4.26E-09	1.97E-01	2.00E-01	1.54E-01	7.60E-02	
1_1574430_C_T	8.62E-02	2.41E-07	4.07E-01	-1.86E-01	2.24E-01	4.88E-02	
1_1574455_A_G	7.93E-02	6.69E-05	9.43E-01	-1.83E-02	2.56E-01	4.19E-03	
1_1574457_G_C	8.97E-02	4.81E-05	9.76E-01	9.08E-03	3.03E-01	1.76E-03	
1_1574462_G_C	5.17E-02	3.04E-03	8.58E-01	-4.92E-02	2.75E-01	1.06E-02	
1_1574464_T_C	4.34E-01	6.19E-04	9.64E-01	7.04E-03	1.55E-01	2.67E-03	
1_1574467_C_T	7.93E-02	3.88E-04	6.40E-01	9.61E-02	2.05E-01	2.76E-02	
1_1574488_T_C	3.00E-01	2.78E-02	2.27E-01	-9.57E-02	7.90E-02	7.12E-02	
1_1574499_T_C	1.72E-01	2.79E-01	1.26E-01	-1.84E-01	1.20E-01	9.00E-02	
1_1574521_T_C	3.21E-01	4.86E-03	4.65E-01	9.82E-02	1.34E-01	4.30E-02	
1_1574524_G_A	1.55E-01	4.33E-01	3.74E-01	-1.36E-01	1.53E-01	5.24E-02	
1_1574532_G_A	1.59E-01	7.88E-01	2.35E-01	-1.68E-01	1.41E-01	6.99E-02	
1_1574533_C_T	1.52E-01	7.50E-01	2.10E-01	-1.92E-01	1.53E-01	7.38E-02	
1_1574539_C_G	1.10E-01	5.79E-07	6.18E-01	-1.81E-01	3.62E-01	2.94E-02	
1_1574547_C_G	9.31E-02	3.54E-06	5.38E-01	-1.45E-01	2.36E-01	3.63E-02	
1_1574549_A_C	1.14E-01	2.69E-07	3.38E-01	-4.75E-01	4.96E-01	5.64E-02	
1_1574551_G_C	1.10E-01	5.79E-07	6.18E-01	-1.81E-01	3.62E-01	2.94E-02	
1_1574553_A_G	2.10E-01	4.74E-03	2.40E-01	-1.77E-01	1.50E-01	6.91E-02	
1_1574565_G_A	1.62E-01	9.34E-01	7.06E-01	4.98E-02	1.32E-01	2.22E-02	
1_1574568_C_T	8.28E-02	3.25E-05	2.08E-01	-1.94E-01	1.54E-01	7.41E-02	
1_1574575_A_T	2.21E-01	6.74E-10	4.15E-02	3.46E-01	1.69E-01	1.20E-01	
1_1574576_G_C	4.76E-01	1.28E-02	4.98E-01	1.43E-01	2.10E-01	3.99E-02	
1_1574578_G_C	6.90E-02	8.81E-05	6.02E-01	-1.55E-01	2.97E-01	3.08E-02	
1_1574598_G_C	5.17E-02	5.48E-05	5.07E-01	-1.61E-01	2.42E-01	3.91E-02	bad-chisq
1_1574616_G_A	5.17E-02	4.68E-04	6.82E-01	-9.19E-02	2.24E-01	2.41E-02	
1_1574619_C_T	2.24E-01	7.01E-05	6.53E-02	-1.40E-01	7.56E-02	1.08E-01	
1_1574626_C_T	5.52E-02	5.67E-01	4.34E-01	9.79E-02	1.25E-01	4.61E-02	
1_1574632_T_G	9.31E-02	2.66E-03	4.73E-01	-1.22E-01	1.70E-01	4.23E-02	
1_1574634_G_A	1.48E-01	6.09E-01	2.14E-01	-1.99E-01	1.60E-01	7.31E-02	
1_1574635_C_A	2.10E-01	8.80E-11	8.53E-03	4.39E-01	1.66E-01	1.54E-01	
1_1574638_C_T	2.10E-01	8.80E-11	8.53E-03	4.39E-01	1.66E-01	1.54E-01	
1_1574647_G_C	1.14E-01	2.69E-07	3.38E-01	-4.75E-01	4.96E-01	5.64E-02	
1_1574659_T_C	1.83E-01	2.02E-01	1.32E-01	-2.09E-01	1.38E-01	8.87E-02	
1_1574679_C_G	5.17E-02	4.68E-04	9.38E-01	-1.67E-02	2.14E-01	4.60E-03	
1_1574680_T_C	5.79E-01	1.23E-01	3.33E-02	-1.62E-01	7.57E-02	1.25E-01	
1_1574688_C_G	9.31E-02	1.33E-04	6.70E-01	1.08E-01	2.53E-01	2.52E-02	
1_1574689_G_C	2.41E-01	2.27E-08	2.44E-02	3.63E-01	1.60E-01	1.32E-01	
1_1590276_C_T	8.28E-02	1.95E-04	6.83E-01	9.74E-02	2.38E-01	2.41E-02	
1_1590282_C_G	6.55E-02	1.10E-03	8.23E-01	4.94E-02	2.21E-01	1.32E-02	
1_1590288_C_G	2.28E-01	1.56E-02	4.43E-01	-1.11E-01	1.44E-01	4.52E-02	
1_1590289_G_A	2.10E-01	8.80E-11	8.53E-03	4.39E-01	1.66E-01	1.54E-01	
1_1590321_C_G	5.31E-01	2.58E-02	8.06E-01	3.05E-02	1.24E-01	1.45E-02	
1_1590327_T_C	4.59E-01	1.52E-03	6.18E-01	5.95E-02	1.19E-01	2.94E-02	
1_1590339_G_A	1.93E-01	7.82E-02	3.60E-01	-1.33E-01	1.45E-01	5.39E-02	
1_1590358_G_A	1.21E-01	4.09E-07	1.02E-01	-2.40E-01	1.46E-01	9.63E-02	
1_1590363_A_G	4.10E-01	2.85E-07	2.47E-01	1.89E-01	1.62E-01	6.82E-02	
1_1590378_G_A	2.93E-01	1.73E-08	1.95E-01	1.53E-01	1.18E-01	7.64E-02	
1_1590391_C_A	5.17E-02	3.04E-03	8.86E-01	-4.00E-02	2.79E-01	8.44E-03	
1_1590392_G_A	7.24E-02	1.48E-03	2.52E-01	-2.13E-01	1.86E-01	6.75E-02	
1_1590393_C_G	7.24E-02	1.48E-03	2.52E-01	-2.13E-01	1.86E-01	6.75E-02	
1_1590411_A_G	3.41E-01	3.01E-02	6.35E-01	6.99E-02	1.47E-01	2.80E-02	
1_1590414_A_G	1.28E-01	2.95E-01	8.74E-01	-2.60E-02	1.64E-01	9.36E-03	
1_1590504_C_G	5.86E-02	1.08E-04	7.50E-01	-9.19E-02	2.88E-01	1.88E-02	
1_1590558_C_T	5.86E-02	7.57E-04	8.85E-01	3.65E-02	2.52E-01	8.54E-03	
1_1590573_C_T	2.72E-01	1.52E-06	7.70E-01	-3.60E-02	1.23E-01	1.72E-02	
1_1590615_C_T	6.55E-02	2.12E-02	3.03E-01	1.95E-01	1.89E-01	6.07E-02	
1_1590636_G_C	5.86E-02	1.08E-04	8.47E-01	-5.23E-02	2.71E-01	1.14E-02	
1_1590658_C_T	2.14E-01	4.95E-11	3.68E-03	4.73E-01	1.61E-01	1.70E-01	
1_1590669_C_G	8.62E-02	9.74E-05	8.56E-01	4.99E-02	2.74E-01	1.07E-02	
1_1590673_C_A	1.00E-01	7.78E-07	3.62E-01	-2.44E-01	2.68E-01	5.37E-02	
1_1590696_C_G	8.28E-02	5.27E-07	3.32E-01	-3.00E-01	3.09E-01	5.72E-02	
1_1590708_T_C	6.21E-02	2.16E-03	5.70E-01	1.14E-01	2.00E-01	3.35E-02	
1_1590720_C_T	1.10E-01	6.38E-03	6.01E-01	-7.13E-02	1.36E-01	3.08E-02	
1_1590741_T_C	4.45E-01	7.02E-01	7.57E-02	-1.50E-01	8.43E-02	1.04E-01	
1_1590744_C_G	1.59E-01	2.49E-08	2.92E-02	-2.21E-01	1.01E-01	1.28E-01	
1_1590759_T_C	1.66E-01	6.76E-01	4.16E-01	-1.02E-01	1.25E-01	4.79E-02	
1_1590774_T_C	5.41E-01	2.66E-01	5.52E-02	-2.14E-01	1.11E-01	1.13E-01	
1_1590777_C_T	7.24E-02	4.24E-05	1.22E-01	-2.56E-01	1.65E-01	9.11E-02	
1_1590792_G_C	5.86E-02	7.57E-04	7.54E-01	-7.21E-02	2.30E-01	1.85E-02	
1_1590816_C_T	5.52E-02	2.57E-05	3.04E-01	-2.39E-01	2.33E-01	6.06E-02	bad-chisq
1_1590840_C_T	7.93E-02	3.88E-04	1.48E-02	-3.17E-01	1.29E-01	1.43E-01	
1_1590849_G_A	8.24E-01	4.98E-03	2.29E-01	9.47E-02	7.87E-02	7.08E-02	
1_1590852_G_C	6.55E-02	3.86E-01	5.26E-01	-8.77E-02	1.38E-01	3.73E-02	
1_1590876_A_G	9.31E-02	2.35E-05	9.62E-01	-1.26E-02	2.62E-01	2.84E-03	
1_1590886_C_T	9.31E-02	1.38E-01	7.95E-01	4.69E-02	1.80E-01	1.53E-02	
1_1590897_C_G	3.03E-01	1.18E-04	8.26E-01	2.84E-02	1.29E-01	1.30E-02	
1_1590909_C_T	5.52E-02	2.25E-04	9.21E-01	-2.46E-02	2.47E-01	5.88E-03	
1_1590914_G_A	8.31E-01	5.52E-01	5.65E-01	-4.70E-02	8.16E-02	3.40E-02	
1_1590934_C_A	1.55E-01	2.38E-01	9.09E-01	1.74E-02	1.52E-01	6.75E-03	
1_1590935_A_G	2.76E-01	1.22E-04	9.38E-01	9.55E-03	1.23E-01	4.58E-03	
1_1590939_C_G	1.28E-01	7.09E-01	8.66E-01	2.51E-02	1.49E-01	9.92E-03	
1_1590948_C_T	2.24E-01	5.95E-11	1.28E-02	3.96E-01	1.58E-01	1.46E-01	
1_1590963_C_T	7.93E-02	3.60E-01	9.04E-01	1.44E-02	1.20E-01	7.10E-03	
1_1590969_C_T	2.17E-01	1.88E-10	5.07E-03	4.32E-01	1.53E-01	1.64E-01	
1_1590975_C_G	5.86E-02	7.57E-04	9.33E-01	-2.06E-02	2.47E-01	4.92E-03	
1_1591007_T_A	7.59E-02	7.61E-04	7.70E-01	8.28E-02	2.83E-01	1.72E-02	
1_1591017_T_C	2.28E-01	1.09E-03	2.87E-01	-1.86E-01	1.74E-01	6.27E-02	
1_1591019_A_G	5.17E-02	4.68E-04	6.20E-01	-1.13E-01	2.28E-01	2.92E-02	
1_1591023_C_T	8.97E-02	1.83E-01	9.83E-01	-3.77E-03	1.81E-01	1.23E-03	
1_1591047_C_G	3.72E-01	7.39E-11	3.06E-02	2.73E-01	1.26E-01	1.27E-01	
1_1591074_C_T	8.62E-02	9.74E-05	8.59E-01	4.43E-02	2.49E-01	1.05E-02	
1_1591075_G_A	1.00E-01	5.48E-06	7.19E-01	-1.31E-01	3.63E-01	2.12E-02	
1_1591077_G_C	1.14E-01	2.69E-07	3.38E-01	-4.75E-01	4.96E-01	5.64E-02	
1_1591092_C_T	1.00E-01	1.02E-02	8.57E-01	-2.26E-02	1.26E-01	1.06E-02	
1_1591128_C_T	1.17E-01	1.78E-01	3.63E-01	1.41E-01	1.54E-01	5.36E-02	
1_1591129_A_G	1.34E-01	1.30E-07	8.74E-02	-3.85E-01	2.24E-01	1.01E-01	
1_1591139_A_C	1.10E-01	5.79E-07	6.23E-01	-1.77E-01	3.60E-01	2.90E-02	
1_1591144_C_A	1.14E-01	2.69E-07	3.38E-01	-4.75E-01	4.96E-01	5.64E-02	
1_1591145_G_A	5.10E-01	5.15E-03	3.46E-01	8.79E-02	9.31E-02	5.56E-02	
1_1591155_T_C	3.31E-01	1.07E-04	2.67E-01	1.11E-01	9.95E-02	6.53E-02	
1_1591158_C_T	3.79E-01	4.28E-04	6.84E-01	-3.70E-02	9.07E-02	2.40E-02	
1_1591197_A_G	3.21E-01	1.24E-06	1.07E-01	1.65E-01	1.02E-01	9.48E-02	
1_1591224_G_A	5.52E-02	2.57E-05	5.54E-01	-1.34E-01	2.26E-01	3.49E-02	bad-chisq
1_1591231_C_A	1.14E-01	2.69E-07	3.38E-01	-4.75E-01	4.96E-01	5.64E-02	
1_1591232_A_G	5.17E-02	3.04E-03	9.52E-01	-1.60E-02	2.64E-01	3.57E-03	
1_1790432_T_A	1.21E-01	2.61E-01	8.44E-01	-3.89E-02	1.97E-01	1.16E-02	
1_1790456_A_T	1.45E-01	7.63E-01	6.05E-01	-8.85E-02	1.71E-01	3.05E-02	
1_1790495_C_T	7.59E-02	7.61E-04	7.70E-01	8.28E-02	2.83E-01	1.72E-02	
1_1790525_G_C	1.21E-01	2.61E-01	8.44E-01	-3.89E-02	1.97E-01	1.16E-02	
1_1790549_A_C	1.34E-01	7.78E-01	7.25E-01	-5.85E-02	1.66E-01	2.07E-02	
1_1790552_C_T	5.86E-02	7.57E-04	6.83E-01	-1.03E-01	2.51E-01	2.41E-02	
1_1790553_C_T	6.34E-01	2.19E-02	9.49E-01	4.75E-03	7.34E-02	3.81E-03	
1_1790579_A_G	6.21E-02	3.73E-04	7.90E-01	-7.30E-02	2.74E-01	1.57E-02	
1_1790585_G_A	8.28E-02	1.95E-04	7.85E-01	7.26E-02	2.66E-01	1.61E-02	
1_1790615_A_G	1.52E-01	5.01E-01	5.01E-01	-1.09E-01	1.62E-01	3.97E-02	
1_1790648_C_G	3.28E-01	1.85E-05	1.88E-01	1.46E-01	1.10E-01	7.76E-02	
1_1790663_C_T	8.97E-02	4.81E-05	8.58E-01	4.58E-02	2.55E-01	1.06E-02	
1_1790699_C_G	5.86E-02	1.08E-04	7.50E-01	-9.19E-02	2.88E-01	1.88E-02	
1_1790711_C_T	8.97E-02	2.63E-04	5.35E-01	-1.23E-01	1.97E-01	3.65E-02	
1_1790723_C_T	6.90E-02	1.14E-05	4.91E-01	-2.15E-01	3.12E-01	4.06E-02	
1_1790757_T_C	2.59E-01	1.57E-03	1.29E-01	-2.47E-01	1.62E-01	8.93E-02	
1_1790808_T_C	4.76E-01	1.28E-02	4.98E-01	1.43E-01	2.10E-01	3.99E-02	
1_1790825_C_G	1.45E-01	5.19E-07	3.86E-01	-1.59E-01	1.83E-01	5.11E-02	
1_1790840_T_C	4.03E-01	5.73E-03	4.81E-01	6.49E-02	9.20E-02	4.15E-02	
1_1790879_A_G	2.28E-01	1.31E-09	2.15E-02	3.66E-01	1.58E-01	1.35E-01	
1_1790894_T_C	8.62E-02	1.56E-05	3.77E-01	-1.60E-01	1.80E-01	5.21E-02	
1_1790897_A_G	1.14E-01	2.29E-01	9.38E-01	1.29E-02	1.66E-01	4.57E-03	
1_1790906_G_A	5.86E-02	7.57E-04	7.56E-01	7.15E-02	2.30E-01	1.83E-02	
1_1790981_C_T	4.10E-01	3.31E-06	9.24E-01	1.45E-02	1.52E-01	5.63E-03	
1_1790996_T_C	5.52E-02	3.31E-02	2.88E-01	-1.82E-01	1.70E-01	6.27E-02	
1_1791060_C_T	9.31E-02	2.35E-05	6.91E-01	-7.06E-02	1.77E-01	2.34E-02	
1_1791098_G_C	1.00E-01	5.48E-06	7.19E-01	-1.31E-01	3.63E-01	2.12E-02	
1_1791104_A_G	6.55E-01	1.36E-02	3.45E-01	7.49E-02	7.92E-02	5.56E-02	
1_1791119_C_T	5.52E-02	2.57E-05	5.40E-01	-1.45E-01	2.36E-01	3.61E-02	bad-chisq
1_1791203_C_T	1.17E-01	8.09E-01	8.33E-01	3.41E-02	1.62E-01	1.24E-02	
1_1791218_A_G	8.62E-02	9.74E-05	8.56E-01	4.99E-02	2.74E-01	1.07E-02	
1_1791221_G_A	8.62E-02	9.74E-05	8.56E-01	4.99E-02	2.74E-01	1.07E-02	
1_1791227_C_T	5.86E-02	6.38E-02	4.48E-01	-1.07E-01	1.41E-01	4.47E-02	
1_1791239_C_G	2.17E-01	4.64E-03	3.85E-01	-1.40E-01	1.61E-01	5.12E-02	
1_1791243_T_G	1.21E-01	2.61E-01	8.44E-01	-3.89E-02	1.97E-01	1.16E-02	
1_1791245_C_G	7.24E-02	1.48E-03	8.59E-01	3.69E-02	2.07E-01	1.05E-02	
1_1791263_G_A	6.55E-02	1.82E-04	9.79E-01	-5.28E-03	2.00E-01	1.55E-03	
1_1791278_G_A	6.90E-02	8.81E-05	9.52E-01	1.33E-02	2.21E-01	3.54E-03	
1_1791290_A_G	1.52E-01	3.27E-01	7.57E-01	4.39E-02	1.42E-01	1.83E-02	
1_1791296_A_G	4.83E-01	5.68E-03	7.96E-01	2.30E-02	8.88E-02	1.53E-02	
1_1791326_C_T	5.17E-02	5.84E-02	8.93E-01	2.16E-02	1.61E-01	7.91E-03	
1_1791332_G_A	5.00E-01	1.28E-02	8.33E-01	-2.46E-02	1.16E-01	1.24E-02	
1_1791341_C_T	2.69E-01	9.24E-05	1.54E-01	2.04E-01	1.43E-01	8.39E-02	
1_1791344_C_T	1.55E-01	3.94E-01	8.16E-01	3.55E-02	1.52E-01	1.37E-02	
1_1791371_A_G	3.93E-01	3.21E-03	6.43E-01	4.79E-02	1.03E-01	2.73E-02	
1_1791377_T_C	4.83E-01	2.66E-02	9.82E-01	3.85E-03	1.66E-01	1.36E-03	
1_1791380_A_G	3.93E-01	2.87E-07	6.81E-01	6.34E-02	1.54E-01	2.43E-02	
1_1791420_C_T	1.10E-01	2.22E-05	8.97E-01	3.07E-02	2.36E-01	7.67E-03	
1_1791431_A_G	6.21E-02	3.73E-04	6.53E-01	-1.16E-01	2.58E-01	2.65E-02	
1_1791464_G_A	2.21E-01	6.74E-10	4.15E-02	3.46E-01	1.69E-01	1.20E-01	
1_1791488_C_G	8.97E-02	4.81E-05	9.76E-01	9.08E-03	3.03E-01	1.76E-03	
1_1791500_C_T	2.17E-01	1.18E-09	3.04E-02	3.30E-01	1.52E-01	1.27E-01	
1_1791513_A_C	6.90E-02	8.81E-05	6.02E-01	-1.55E-01	2.97E-01	3.08E-02	
1_1791514_A_G	7.93E-02	3.88E-04	9.64E-01	-9.68E-03	2.14E-01	2.66E-03	
1_1791515_G_C	5.52E-02	1.53E-03	8.17E-01	-6.52E-02	2.82E-01	1.36E-02	
1_1791524_C_G	7.24E-02	5.32E-06	5.12E-01	-1.55E-01	2.36E-01	3.87E-02	
1_1791542_C_T	7.00E-01	5.23E-02	6.01E-01	-3.74E-02	7.15E-02	3.08E-02	
1_1791545_C_G	5.86E-02	1.08E-04	7.50E-01	-9.19E-02	2.88E-01	1.88E-02	
1_1791554_G_A	5.17E-02	5.48E-05	6.20E-01	-1.13E-01	2.27E-01	2.92E-02	bad-chisq
1_1791578_T_C	6.21E-02	2.16E-03	7.82E-01	5.60E-02	2.02E-01	1.64E-02	
1_1791590_G_C	1.03E-01	2.61E-06	8.92E-01	-4.18E-02	3.08E-01	7.99E-03	
1_1791593_A_G	6.90E-02	5.54E-04	7.00E-01	8.35E-02	2.17E-01	2.27E-02	
1_1791608_C_T	1.69E-01	5.76E-04	1.79E-01	-1.10E-01	8.17E-02	7.91E-02	
1_1791623_A_G	6.21E-02	5.12E-05	4.38E-01	-1.71E-01	2.20E-01	4.57E-02	
1_1791624_G_A	7.93E-02	9.60E-06	8.32E-01	-4.96E-02	2.34E-01	1.25E-02	
1_1791625_G_A	7.93E-02	9.60E-06	8.32E-01	-4.96E-02	2.34E-01	1.25E-02	
1_1791651_C_T	4.17E-01	1.27E-05	5.03E-01	1.14E-01	1.70E-01	3.94E-02	
1_1791671_G_A	2.17E-01	2.41E-02	1.25E-01	-2.24E-01	1.45E-01	9.03E-02	
1_1791673_A_C	5.86E-02	1.08E-04	7.50E-01	-9.19E-02	2.88E-01	1.88E-02	
1_1791676_G_C	6.90E-02	8.81E-05	6.02E-01	-1.55E-01	2.97E-01	3.08E-02	
1_1791677_G_C	8.28E-02	5.27E-07	3.32E-01	-3.00E-01	3.09E-01	5.72E-02	
1_1791678_A_G	3.52E-01	2.60E-02	4.45E-02	2.62E-01	1.30E-01	1.18E-01	
1_1791707_C_T	8.28E-02	4.76E-01	8.47E-01	-2.08E-02	1.08E-01	1.14E-02	
1_1828555_A_C	6.90E-02	1.14E-05	4.91E-01	-2.15E-01	3.12E-01	4.06E-02	
1_1828566_G_A	1.14E-01	2.69E-07	3.38E-01	-4.75E-01	4.96E-01	5.64E-02	
1_1828589_C_G	1.14E-01	2.69E-07	3.38E-01	-4.75E-01	4.96E-01	5.64E-02	
1_1828595_C_T	2.38E-01	1.41E-09	8.87E-02	3.10E-01	1.82E-01	1.00E-01	
1_1828598_C_T	5.28E-01	1.81E-05	2.60E-01	-1.10E-01	9.71E-02	6.64E-02	
1_1828604_G_A	5.86E-02	1.08E-04	7.50E-01	-9.19E-02	2.88E-01	1.88E-02	
1_1828652_C_G	9.38E-01	2.71E-01	4.75E-01	8.90E-02	1.25E-01	4.21E-02	
1_1828658_T_C	7.00E-01	4.52E-07	6.95E-01	-4.30E-02	1.10E-01	2.31E-02	
1_1828680_G_A	7.59E-02	7.61E-04	7.70E-01	8.28E-02	2.83E-01	1.72E-02	
1_1828705_C_G	1.14E-01	2.69E-07	3.38E-01	-4.75E-01	4.96E-01	5.64E-02	
1_1828706_G_C	1.14E-01	2.69E-07	3.38E-01	-4.75E-01	4.96E-01	5.64E-02	
1_1828727_C_G	1.14E-01	2.29E-01	9.38E-01	1.29E-02	1.66E-01	4.57E-03	
1_1828733_C_T	2.41E-01	4.44E-09	1.49E-01	2.48E-01	1.71E-01	8.50E-02	
1_1828739_G_A	4.24E-01	1.66E-02	3.32E-01	-9.69E-02	9.97E-02	5.72E-02	
1_1828745_C_T	6.55E-02	1.10E-03	7.02E-01	8.72E-02	2.28E-01	2.25E-02	
1_1828763_C_T	7.48E-01	3.95E-02	8.93E-01	-1.37E-02	1.02E-01	7.90E-03	
1_1828781_C_T	5.86E-02	1.83E-02	3.55E-01	1.92E-01	2.07E-01	5.45E-02	
1_1828802_A_G	5.52E-02	2.25E-04	2.30E-01	-2.26E-01	1.88E-01	7.08E-02	
1_1828811_G_C	1.14E-01	2.69E-07	3.38E-01	-4.75E-01	4.96E-01	5.64E-02	
1_1828814_A_G	1.14E-01	2.69E-07	3.38E-01	-4.75E-01	4.96E-01	5.64E-02	
1_1828829_C_G	5.52E-02	1.53E-03	7.82E-01	5.98E-02	2.16E-01	1.63E-02	
1_1828841_C_T	4.72E-01	9.31E-03	9.19E-01	1.12E-02	1.09E-01	6.03E-03	
1_1828844_C_T	5.66E-01	3.85E-06	3.29E-01	-9.17E-02	9.38E-02	5.75E-02	
1_1828859_C_T	6.28E-01	3.58E-04	6.23E-01	-4.64E-02	9.42E-02	2.90E-02	
1_1828865_A_G	5.90E-01	7.87E-02	3.33E-01	-9.22E-02	9.51E-02	5.71E-02	
1_1828871_G_C	6.31E-01	1.26E-03	9.11E-01	1.10E-02	9.87E-02	6.56E-03	
1_1828904_C_T	8.28E-02	7.78E-01	4.85E-01	7.34E-02	1.05E-01	4.12E-02	
1_1828925_G_A	8.86E-01	1.05E-03	4.05E-01	8.81E-02	1.06E-01	4.90E-02	
1_1828976_C_T	2.72E-01	6.04E-01	2.95E-01	7.89E-02	7.52E-02	6.17E-02	
1_1829015_C_G	6.21E-02	2.16E-03	9.43E-01	1.77E-02	2.49E-01	4.19E-03	
1_1829028_G_A	1.21E-01	2.59E-06	7.59E-01	8.48E-02	2.76E-01	1.81E-02	
1_1829029_G_C	7.59E-02	2.02E-05	4.18E-01	-1.94E-01	2.40E-01	4.77E-02	
1_1829033_C_T	8.62E-02	8.55E-03	3.87E-02	-2.12E-01	1.02E-01	1.21E-01	
1_1829043_T_C	6.55E-02	1.82E-04	9.11E-01	-2.66E-02	2.38E-01	6.57E-03	
1_1829046_G_T	8.97E-02	4.81E-05	9.76E-01	9.08E-03	3.03E-01	1.76E-03	
1_1829047_G_C	1.14E-01	2.69E-07	3.38E-01	-4.75E-01	4.96E-01	5.64E-02	
1_1829060_G_C	4.86E-01	1.06E-02	3.77E-01	1.11E-01	1.25E-01	5.21E-02	
1_1829063_T_C	9.31E-01	4.04E-02	2.79E-01	1.29E-01	1.18E-01	6.38E-02	
1_1829081_C_T	2.21E-01	6.74E-10	9.29E-03	3.93E-01	1.50E-01	1.53E-01	
1_1829120_C_T	8.97E-02	4.81E-03	1.18E-02	-2.52E-01	9.96E-02	1.48E-01	
1_1829132_T_C	6.69E-01	1.04E-06	2.86E-01	-8.53E-02	7.98E-02	6.29E-02	
1_1829139_T_G	1.14E-01	2.69E-07	3.38E-01	-4.75E-01	4.96E-01	5.64E-02	
1_1829148_A_G	7.59E-02	2.60E-01	4.74E-01	-7.67E-02	1.07E-01	4.22E-02	
1_1829166_G_T	5.86E-02	1.08E-04	7.50E-01	-9.19E-02	2.88E-01	1.88E-02	
1_1829174_C_G	6.90E-02	5.54E-04	3.35E-01	-1.84E-01	1.90E-01	5.69E-02	
1_1829184_A_G	1.14E-01	2.69E-07	3.38E-01	-4.75E-01	4.96E-01	5.64E-02	
1_1829185_C_A	1.14E-01	2.69E-07	3.38E-01	-4.75E-01	4.96E-01	5.64E-02	
1_1829194_A_G	9.66E-02	1.14E-05	8.36E-01	-6.26E-02	3.02E-01	1.22E-02	
1_1829195_G_C	1.14E-01	2.69E-07	3.38E-01	-4.75E-01	4.96E-01	5.64E-02	
1_1829202_A_G	2.69E-01	2.34E-03	7.15E-01	-4.47E-02	1.22E-01	2.15E-02	
1_1829203_A_G	4.07E-01	8.42E-09	3.93E-01	9.99E-02	1.17E-01	5.04E-02	
1_1829228_T_C	6.66E-01	4.92E-03	3.24E-01	7.08E-02	7.17E-02	5.81E-02	
1_1829234_C_T	8.97E-02	7.47E-06	3.24E-01	-1.88E-01	1.90E-01	5.81E-02	
1_1829261_C_G	6.21E-02	3.73E-04	6.90E-01	-9.35E-02	2.34E-01	2.35E-02	
1_1829264_G_C	2.24E-01	4.71E-02	7.56E-01	-3.33E-02	1.07E-01	1.83E-02	
1_1829276_A_G	5.03E-01	9.53E-03	6.51E-01	3.96E-02	8.74E-02	2.67E-02	
1_1829299_G_C	1.72E-01	8.62E-01	1.42E-01	1.17E-01	7.94E-02	8.64E-02	
1_1829303_A_G	5.52E-02	2.27E-06	6.57E-02	-4.04E-01	2.19E-01	1.08E-01	bad-chisq
1_1829305_A_G	1.24E-01	2.10E-01	7.46E-01	-3.76E-02	1.16E-01	1.91E-02	
1_1829539_A_T	9.66E-02	1.14E-05	8.36E-01	-6.26E-02	3.02E-01	1.22E-02	
1_1829576_C_G	2.10E-01	8.80E-11	8.53E-03	4.39E-01	1.66E-01	1.54E-01	
1_1829602_A_G	1.48E-01	1.39E-06	6.88E-01	-6.10E-02	1.52E-01	2.36E-02	
1_1829606_C_G	5.00E-01	2.43E-02	8.92E-01	1.90E-02	1.40E-01	7.98E-03	
1_1829636_C_T	6.55E-02	1.82E-04	6.97E-01	-8.32E-02	2.13E-01	2.30E-02	
1_1829655_C_T	5.52E-02	8.04E-03	2.65E-04	-4.99E-01	1.35E-01	2.13E-01	
1_1829681_T_C	1.72E-01	8.00E-03	1.74E-01	1.77E-01	1.30E-01	8.00E-02	
1_1829693_C_G	4.21E-01	1.81E-04	7.24E-01	5.75E-02	1.63E-01	2.08E-02	
1_1829699_G_A	1.34E-01	3.29E-01	1.73E-01	1.14E-01	8.34E-02	8.02E-02	
1_1829702_C_T	7.59E-02	7.61E-04	4.61E-01	-1.12E-01	1.52E-01	4.35E-02	
1_1829735_G_A	2.24E-01	2.28E-09	5.27E-02	3.19E-01	1.64E-01	1.14E-01	
1_1829741_C_T	2.41E-01	2.27E-08	2.01E-01	2.02E-01	1.57E-01	7.53E-02	
1_1829765_C_T	7.93E-02	9.60E-06	6.95E-01	-9.74E-02	2.48E-01	2.31E-02	
1_1829768_G_A	4.31E-01	1.43E-04	5.54E-01	9.59E-02	1.62E-01	3.49E-02	
1_1829774_T_C	3.90E-01	4.78E-07	3.73E-01	1.49E-01	1.67E-01	5.25E-02	
1_1829780_C_G	3.69E-01	1.33E-08	4.17E-01	1.51E-01	1.86E-01	4.79E-02	
1_1829786_T_C	4.00E-01	1.32E-05	7.04E-01	6.64E-02	1.74E-01	2.24E-02	
1_1829789_A_G	4.14E-01	6.54E-06	2.84E-01	1.62E-01	1.51E-01	6.31E-02	
1_1829834_A_G	1.00E-01	7.78E-07	4.14E-01	-2.09E-01	2.55E-01	4.82E-02	
1_1829870_C_T	1.00E-01	7.53E-02	3.51E-01	1.87E-01	2.01E-01	5.49E-02	
1_1829885_C_T	5.86E-02	4.19E-03	8.72E-01	3.19E-02	1.98E-01	9.51E-03	
1_1829888_C_T	1.45E-01	4.78E-01	2.97E-01	1.42E-01	1.35E-01	6.15E-02	
1_1829897_C_T	1.03E-01	1.26E-01	4.14E-01	1.56E-01	1.91E-01	4.81E-02	
1_1829900_C_T	5.52E-02	2.25E-04	9.59E-01	1.30E-02	2.54E-01	3.01E-03	
1_1829924_C_T	1.41E-01	2.72E-05	7.76E-02	-1.57E-01	8.88E-02	1.04E-01	
1_1829939_T_C	4.41E-01	7.13E-04	7.63E-01	4.19E-02	1.39E-01	1.78E-02	
1_1829960_G_C	6.21E-02	1.00E-02	3.99E-01	2.07E-01	2.45E-01	4.97E-02	
1_1829984_C_G	6.21E-02	3.73E-04	3.86E-01	-1.64E-01	1.90E-01	5.11E-02	
1_1829990_C_T	5.86E-02	6.38E-02	8.26E-01	-3.69E-02	1.67E-01	1.30E-02	
1_1830020_G_C	3.97E-01	6.17E-07	4.27E-01	1.35E-01	1.70E-01	4.68E-02	
1_1830029_T_C	8.86E-01	7.72E-01	5.09E-01	-6.32E-02	9.55E-02	3.90E-02	
1_1830032_A_G	4.45E-01	9.04E-06	1.63E-01	2.07E-01	1.48E-01	8.22E-02	
1_1830065_G_A	1.62E-01	1.72E-03	1.46E-01	-1.79E-01	1.22E-01	8.57E-02	
1_1830089_C_T	5.52E-02	1.53E-03	2.31E-01	-1.80E-01	1.50E-01	7.06E-02	
1_1830092_C_T	3.28E-01	2.92E-10	2.41E-02	3.23E-01	1.42E-01	1.32E-01	
1_1830098_A_G	1.14E-01	1.05E-03	9.55E-01	8.10E-03	1.43E-01	3.35E-03	
1_1830113_A_G	4.90E-01	3.79E-03	7.97E-01	3.18E-02	1.23E-01	1.52E-02	
1_1830122_T_C	1.21E-01	2.59E-06	1.98E-01	-1.67E-01	1.29E-01	7.58E-02	
1_1830137_T_C	4.83E-01	1.54E-03	7.00E-01	6.10E-02	1.58E-01	2.27E-02	
1_1830150_C_T	2.24E-01	3.84E-10	2.87E-02	3.51E-01	1.60E-01	1.29E-01	
1_1830170_C_T	1.62E-01	1.72E-03	6.00E-01	-4.58E-02	8.73E-02	3.09E-02	
1_1830185_C_T	6.90E-02	5.54E-04	3.27E-01	-1.58E-01	1.61E-01	5.77E-02	
1_1830200_C_T	6.55E-02	6.78E-02	2.18E-01	-1.69E-01	1.37E-01	7.25E-02	
1_1830203_C_G	1.38E-01	6.69E-01	5.54E-01	-8.50E-02	1.44E-01	3.49E-02	
1_1830221_G_A	6.21E-02	5.12E-05	4.72E-01	-1.69E-01	2.34E-01	4.24E-02	
1_1830236_A_G	7.17E-01	2.20E-01	9.72E-01	2.77E-03	7.89E-02	2.07E-03	
1_1830249_A_G	1.14E-01	2.69E-07	3.38E-01	-4.75E-01	4.96E-01	5.64E-02	
1_1830250_C_T	1.14E-01	2.69E-07	3.38E-01	-4.75E-01	4.96E-01	5.64E-02	
1_1830261_G_A	7.24E-02	6.38E-02	2.38E-01	1.84E-01	1.56E-01	6.95E-02	
1_1830266_T_C	4.21E-01	4.59E-04	9.74E-01	4.06E-03	1.24E-01	1.94E-03	
1_1830275_C_T	1.17E-01	5.36E-06	7.03E-02	-2.53E-01	1.40E-01	1.06E-01	
1_1830284_A_G	4.86E-01	5.21E-03	9.29E-01	1.34E-02	1.49E-01	5.28E-03	
1_1830302_G_A	5.86E-02	1.83E-02	4.11E-01	-1.44E-01	1.75E-01	4.85E-02	
1_1830335_A_G	1.62E-01	5.48E-04	7.18E-01	4.45E-02	1.23E-01	2.13E-02	
1_1830359_G_A	8.28E-02	3.25E-05	6.75E-01	-9.86E-02	2.34E-01	2.48E-02	
1_1830368_G_C	6.21E-02	2.16E-03	8.78E-01	3.70E-02	2.41E-01	9.03E-03	
1_1830374_T_C	4.14E-01	3.93E-04	1.42E-01	1.66E-01	1.13E-01	8.64E-02	
1_1830419_C_T	5.17E-02	4.68E-04	7.49E-01	-6.59E-02	2.06E-01	1.88E-02	
1_1830422_C_T	2.41E-01	4.44E-09	2.42E-01	2.22E-01	1.90E-01	6.89E-02	
1_1830429_G_T	1.00E-01	5.48E-06	7.19E-01	-1.31E-01	3.63E-01	2.12E-02	
1_1830430_C_G	1.21E-01	2.61E-01	8.44E-01	-3.89E-02	1.97E-01	1.16E-02	
1_1830434_C_T	3.21E-01	8.85E-04	7.28E-01	4.71E-02	1.35E-01	2.05E-02	
1_1830455_A_G	3.59E-01	1.66E-08	6.48E-01	7.13E-02	1.56E-01	2.70E-02	
1_1830476_G_A	6.21E-02	1.11E-01	5.79E-01	-7.20E-02	1.30E-01	3.27E-02	
1_1830484_C_G	8.62E-02	9.74E-05	8.56E-01	4.99E-02	2.74E-01	1.07E-02	
1_1830491_C_T	7.93E-02	2.56E-02	2.75E-01	-1.52E-01	1.39E-01	6.43E-02	
1_1830518_C_G	7.93E-02	3.88E-04	8.34E-01	3.77E-02	1.80E-01	1.24E-02	
1_1830530_T_C	1.76E-01	1.82E-04	7.05E-01	-4.39E-02	1.16E-01	2.23E-02	
1_1830536_C_T	1.59E-01	1.76E-01	9.64E-01	-6.75E-03	1.49E-01	2.66E-03	
1_1830569_C_G	5.17E-02	3.04E-03	8.86E-01	-4.00E-02	2.79E-01	8.44E-03	
1_1830581_G_A	3.38E-01	9.02E-04	8.08E-01	2.83E-02	1.16E-01	1.44E-02	
1_1830587_G_A	5.52E-02	1.53E-03	9.09E-01	2.55E-02	2.22E-01	6.78E-03	
1_1830593_C_G	1.00E-01	5.48E-06	6.23E-01	1.27E-01	2.59E-01	2.90E-02	
1_1830635_C_T	1.28E-01	4.89E-01	6.50E-01	-7.82E-02	1.72E-01	2.67E-02	
1_1830638_A_G	9.66E-02	1.14E-05	8.36E-01	-6.26E-02	3.02E-01	1.22E-02	
1_1830641_A_G	3.97E-01	1.11E-08	9.83E-02	2.57E-01	1.55E-01	9.73E-02	
1_1830644_G_A	1.55E-01	5.99E-01	5.66E-01	-7.98E-02	1.39E-01	3.39E-02	
1_1830647_T_C	1.21E-01	3.08E-04	1.21E-01	-2.21E-01	1.42E-01	9.12E-02	
1_1830683_C_G	6.55E-02	2.42E-05	7.30E-01	-7.27E-02	2.10E-01	2.04E-02	
1_1830695_C_T	3.34E-01	6.59E-03	6.05E-01	-6.92E-02	1.34E-01	3.05E-02	
1_1830711_T_C	3.79E-01	1.05E-03	9.66E-01	-4.34E-03	1.03E-01	2.48E-03	
1_1830734_C_T	2.79E-01	7.82E-06	7.59E-01	-4.44E-02	1.45E-01	1.81E-02	
1_1830737_C_T	8.28E-02	1.95E-04	2.82E-01	-1.85E-01	1.72E-01	6.33E-02	
1_1830738_C_T	2.21E-01	3.95E-09	3.05E-02	3.30E-01	1.52E-01	1.27E-01	
1_1830757_C_T	1.21E-01	2.61E-01	8.44E-01	-3.89E-02	1.97E-01	1.16E-02	
1_1830762_A_G	1.14E-01	2.69E-07	3.38E-01	-4.75E-01	4.96E-01	5.64E-02	
1_1830763_C_T	1.14E-01	2.69E-07	3.38E-01	-4.75E-01	4.96E-01	5.64E-02	
1_1830769_A_T	1.45E-01	7.63E-01	4.45E-01	1.30E-01	1.71E-01	4.50E-02	
1_1830794_G_C	1.86E-01	2.57E-01	9.55E-01	8.31E-03	1.47E-01	3.32E-03	
1_1830812_C_G	7.24E-02	1.48E-03	6.76E-01	1.09E-01	2.62E-01	2.47E-02	
1_1830815_G_A	7.24E-02	5.32E-06	6.57E-01	-1.11E-01	2.49E-01	2.62E-02	
1_1830835_C_G	1.14E-01	2.69E-07	3.38E-01	-4.75E-01	4.96E-01	5.64E-02	
1_1830839_G_A	1.07E-01	6.01E-01	9.01E-01	-1.95E-02	1.57E-01	7.35E-03	
1_1830842_C_T	1.52E-01	9.61E-02	4.50E-01	-1.03E-01	1.37E-01	4.46E-02	
1_1830849_C_A	6.90E-02	1.14E-05	4.91E-01	-2.15E-01	3.12E-01	4.06E-02	
1_1830850_G_A	6.90E-02	1.14E-05	4.91E-01	-2.15E-01	3.12E-01	4.06E-02	
1_1830860_C_T	1.86E-01	2.57E-01	9.97E-01	4.74E-04	1.42E-01	1.96E-04	
1_1830872_C_T	1.00E-01	7.53E-02	5.92E-01	-5.64E-02	1.05E-01	3.16E-02	
1_1830875_C_T	2.24E-01	2.28E-09	6.00E-02	3.09E-01	1.64E-01	1.11E-01	
1_1830878_T_C	4.31E-01	1.43E-04	1.01E-01	2.43E-01	1.47E-01	9.66E-02	
1_1830887_G_A	3.14E-01	7.27E-04	5.83E-01	-6.14E-02	1.12E-01	3.24E-02	
1_1830896_G_A	4.69E-01	5.76E-03	4.53E-01	1.41E-01	1.87E-01	4.42E-02	
1_1830900_A_C	6.90E-02	1.14E-05	4.91E-01	-2.15E-01	3.12E-01	4.06E-02	
1_1830959_A_G	2.90E-01	4.65E-01	3.12E-01	-7.75E-02	7.66E-02	5.95E-02	
1_1830968_C_T	2.86E-01	3.49E-05	5.27E-01	7.92E-02	1.25E-01	3.73E-02	
1_1830971_C_T	2.03E-01	1.78E-01	2.44E-01	-1.62E-01	1.39E-01	6.87E-02	
1_1831001_T_C	1.69E-01	1.23E-01	7.59E-01	4.13E-02	1.34E-01	1.81E-02	
1_1831052_C_T	3.79E-01	5.28E-03	4.94E-01	-5.18E-02	7.57E-02	4.03E-02	
1_1831061_C_G	3.21E-01	1.04E-02	6.48E-02	2.85E-01	1.54E-01	1.09E-01	
1_1831064_C_G	4.66E-01	3.76E-03	3.87E-01	1.59E-01	1.84E-01	5.10E-02	
1_1831076_T_C	4.17E-01	3.70E-05	5.75E-01	8.38E-02	1.49E-01	3.31E-02	
1_1831082_C_T	1.59E-01	4.81E-01	4.91E-01	-9.32E-02	1.35E-01	4.06E-02	
1_1831094_T_C	3.55E-01	1.79E-03	1.44E-02	-1.78E-01	7.24E-02	1.44E-01	
1_1831106_C_T	6.55E-02	6.78E-02	9.58E-02	3.02E-01	1.81E-01	9.80E-02	
1_1831112_T_C	2.38E-01	1.80E-07	1.11E-01	2.45E-01	1.53E-01	9.39E-02	
1_1831136_G_A	4.66E-01	1.54E-02	8.59E-01	3.46E-02	1.94E-01	1.05E-02	
1_1831160_G_A	2.59E-01	1.66E-07	1.56E-01	1.80E-01	1.26E-01	8.36E-02	
1_1831161_T_C	4.17E-01	3.47E-03	2.97E-01	1.24E-01	1.19E-01	6.15E-02	
1_1831166_A_G	3.07E-01	2.22E-04	8.66E-01	-2.24E-02	1.33E-01	9.96E-03	
1_1831172_T_C	2.21E-01	3.40E-02	9.12E-01	-1.56E-02	1.41E-01	6.50E-03	
1_1831179_C_A	6.21E-02	5.12E-05	6.93E-01	-1.10E-01	2.79E-01	2.33E-02	
1_1831181_C_T	2.72E-01	3.89E-07	1.22E-01	2.03E-01	1.31E-01	9.10E-02	
1_1831187_T_C	2.00E-01	1.38E-01	1.99E-01	-1.77E-01	1.38E-01	7.57E-02	
1_1831190_C_G	5.86E-02	1.08E-04	7.50E-01	-9.19E-02	2.88E-01	1.88E-02	
1_1831220_G_A	8.62E-02	5.12E-04	2.92E-01	-1.77E-01	1.67E-01	6.21E-02	
1_1831221_C_T	5.17E-02	7.75E-01	7.02E-01	5.99E-02	1.56E-01	2.26E-02	
1_1831232_T_C	5.28E-01	1.81E-02	8.47E-01	-1.91E-02	9.89E-02	1.14E-02	
1_1831246_T_C	6.90E-02	8.81E-05	6.02E-01	-1.55E-01	2.97E-01	3.08E-02	
1_1831256_T_C	3.34E-01	3.00E-03	8.53E-01	-2.48E-02	1.34E-01	1.10E-02	
1_1831283_A_G	6.90E-02	2.83E-03	1.42E-01	-2.17E-01	1.47E-01	8.64E-02	
1_1831286_G_C	8.97E-02	4.81E-05	9.76E-01	9.08E-03	3.03E-01	1.76E-03	
1_1831289_G_C	1.59E-01	9.55E-01	1.86E-01	-1.92E-01	1.45E-01	7.79E-02	
1_1831298_G_A	7.03E-01	6.16E-01	8.97E-02	-1.21E-01	7.13E-02	9.98E-02	
1_1831316_A_G	4.21E-01	6.78E-05	1.36E-01	2.14E-01	1.43E-01	8.78E-02	
1_1831331_A_G	9.31E-02	5.78E-01	6.15E-01	5.00E-02	9.94E-02	2.97E-02	
1_1831335_C_T	2.21E-01	6.74E-10	3.47E-02	3.65E-01	1.72E-01	1.24E-01	
1_1831346_C_T	6.90E-02	1.18E-02	3.19E-01	1.87E-01	1.88E-01	5.87E-02	
1_1831349_T_C	2.76E-01	1.23E-05	6.33E-02	2.46E-01	1.32E-01	1.09E-01	
1_1831361_G_C	3.59E-01	6.79E-08	1.70E-01	2.01E-01	1.46E-01	8.09E-02	
1_1831364_A_G	2.10E-01	1.71E-01	3.13E-01	-1.36E-01	1.35E-01	5.94E-02	
1_1831370_G_A	2.45E-01	1.33E-08	4.31E-02	2.93E-01	1.44E-01	1.19E-01	
1_1831391_T_C	7.93E-02	7.30E-02	8.89E-01	-1.81E-02	1.30E-01	8.21E-03	
1_1831395_C_T	2.66E-01	3.92E-06	4.49E-02	2.92E-01	1.45E-01	1.18E-01	
1_1831404_T_C	3.97E-01	2.06E-05	3.13E-01	1.46E-01	1.45E-01	5.94E-02	
1_1831406_G_C	3.72E-01	4.64E-07	1.88E-01	2.01E-01	1.53E-01	7.76E-02	
1_1831412_G_A	7.59E-02	4.31E-02	8.63E-01	2.09E-02	1.22E-01	1.01E-02	
1_1831422_C_T	2.24E-01	2.28E-09	5.43E-02	3.18E-01	1.65E-01	1.13E-01	
1_1831427_C_T	4.17E-01	3.70E-05	1.64E-01	1.88E-01	1.35E-01	8.19E-02	
1_1831436_A_G	8.97E-02	4.81E-05	4.41E-01	1.88E-01	2.44E-01	4.55E-02	
1_1831438_G_A	1.07E-01	1.23E-06	7.41E-01	-1.08E-01	3.28E-01	1.95E-02	
1_1831439_A_G	1.03E-01	2.61E-06	8.92E-01	-4.18E-02	3.08E-01	7.99E-03	
1_1843976_C_T	2.48E-01	2.93E-06	1.80E-01	2.00E-01	1.49E-01	7.90E-02	
1_1843982_C_T	1.66E-01	4.61E-01	8.43E-01	-3.35E-02	1.69E-01	1.17E-02	
1_1843985_T_C	1.17E-01	3.28E-01	6.34E-01	-8.78E-02	1.84E-01	2.80E-02	
1_1843991_C_T	3.03E-01	3.27E-04	5.10E-01	1.03E-01	1.56E-01	3.88E-02	
1_1843994_C_T	1.14E-01	2.69E-07	3.38E-01	-4.75E-01	4.96E-01	5.64E-02	
1_1844003_C_G	6.86E-01	2.49E-02	4.09E-01	6.86E-02	8.30E-02	4.87E-02	
1_1844018_G_C	1.07E-01	1.23E-06	7.93E-01	-8.47E-02	3.23E-01	1.55E-02	
1_1844037_G_A	2.41E-01	4.44E-09	2.42E-01	2.22E-01	1.90E-01	6.89E-02	
1_1844039_G_C	2.41E-01	4.44E-09	2.42E-01	2.22E-01	1.90E-01	6.89E-02	
1_1844056_A_G	3.62E-01	2.16E-09	2.84E-01	2.23E-01	2.08E-01	6.31E-02	
1_1844060_T_C	4.48E-01	3.37E-04	8.00E-02	2.62E-01	1.49E-01	1.03E-01	
1_1844066_T_C	2.45E-01	4.14E-03	4.16E-01	-1.07E-01	1.32E-01	4.79E-02	
1_1844069_C_G	9.31E-02	4.96E-08	6.50E-02	-4.52E-01	2.44E-01	1.09E-01	
1_1844081_C_T	2.41E-01	4.44E-09	2.42E-01	2.22E-01	1.90E-01	6.89E-02	
1_1844085_T_G	1.03E-01	4.14E-04	9.66E-01	6.69E-03	1.55E-01	2.54E-03	
1_1844090_T_C	3.48E-01	1.81E-03	8.19E-01	-2.73E-02	1.19E-01	1.35E-02	
1_1844100_T_G	3.62E-01	2.16E-09	2.84E-01	2.23E-01	2.08E-01	6.31E-02	
1_1844105_G_A	2.45E-01	1.67E-03	2.01E-01	-1.79E-01	1.40E-01	7.53E-02	
1_1844114_C_T	5.52E-02	8.04E-03	6.69E-01	9.32E-02	2.18E-01	2.52E-02	
1_1844117_G_A	3.41E-01	3.51E-03	7.62E-01	3.98E-02	1.31E-01	1.79E-02	
1_1844120_T_C	5.14E-01	7.71E-01	2.92E-01	-8.27E-02	7.83E-02	6.21E-02	
1_1844129_G_A	9.31E-02	2.35E-05	9.12E-01	2.62E-02	2.37E-01	6.51E-03	
1_1844147_G_C	6.90E-02	1.14E-05	4.91E-01	-2.15E-01	3.12E-01	4.06E-02	
1_1844156_T_C	8.28E-02	5.27E-07	3.32E-01	-3.00E-01	3.09E-01	5.72E-02	
1_1844165_G_A	4.48E-01	8.19E-04	8.53E-01	-2.98E-02	1.61E-01	1.09E-02	
1_1844192_A_G	3.90E-01	3.37E-08	7.41E-01	5.60E-02	1.69E-01	1.95E-02	
1_1844204_G_T	2.34E-01	2.46E-09	1.14E-01	2.70E-01	1.70E-01	9.30E-02	
1_1844207_G_C	4.38E-01	2.32E-03	4.12E-01	1.32E-01	1.61E-01	4.83E-02	
1_1844222_C_G	6.21E-02	5.12E-05	6.58E-01	-1.14E-01	2.58E-01	2.61E-02	
1_1844231_C_T	7.59E-02	1.15E-01	1.21E-01	-2.04E-01	1.31E-01	9.12E-02	
1_1844234_C_G	6.21E-02	3.73E-04	8.20E-01	-5.83E-02	2.56E-01	1.34E-02	
1_1844237_A_G	3.83E-01	3.67E-07	8.24E-01	3.82E-02	1.71E-01	1.31E-02	
1_1844259_G_A	3.62E-01	2.16E-09	2.84E-01	2.23E-01	2.08E-01	6.31E-02	
1_1844270_G_A	5.17E-02	5.84E-02	9.69E-01	-6.55E-03	1.70E-01	2.28E-03	
1_1844312_G_A	5.86E-02	1.08E-04	8.25E-01	-5.73E-02	2.59E-01	1.30E-02	
1_1844318_C_T	1.59E-01	7.88E-01	8.88E-01	2.00E-02	1.41E-01	8.33E-03	
1_1844324_G_C	6.90E-02	1.14E-05	4.91E-01	-2.15E-01	3.12E-01	4.06E-02	
1_1844334_G_A	6.90E-02	1.14E-05	4.91E-01	-2.15E-01	3.12E-01	4.06E-02	
1_1844336_C_T	5.17E-02	5.84E-02	4.94E-01	1.33E-01	1.95E-01	4.03E-02	
1_1844345_C_T	2.41E-01	4.44E-09	1.62E-02	3.60E-01	1.49E-01	1.41E-01	
1_1844346_A_G	5.52E-02	8.04E-03	5.53E-01	1.66E-01	2.80E-01	3.50E-02	
1_1844366_C_T	7.59E-02	3.52E-03	3.58E-01	-1.36E-01	1.48E-01	5.42E-02	
1_1844367_G_A	7.24E-02	1.48E-03	7.05E-01	1.02E-01	2.69E-01	2.23E-02	
1_1844368_T_C	7.24E-02	1.48E-03	7.05E-01	1.02E-01	2.69E-01	2.23E-02	
1_1844393_C_T	6.21E-02	2.16E-03	9.19E-01	-2.40E-02	2.35E-01	6.01E-03	
1_1844408_C_G	6.45E-01	4.04E-03	6.01E-01	4.02E-02	7.69E-02	3.08E-02	
1_1844447_T_C	5.86E-01	1.39E-03	5.74E-01	4.70E-02	8.35E-02	3.32E-02	
1_1844448_A_G	6.55E-02	1.82E-04	6.91E-01	-1.06E-01	2.65E-01	2.35E-02	
1_1844456_C_G	1.10E-01	5.79E-07	5.38E-01	-2.44E-01	3.96E-01	3.63E-02	
1_1844477_G_A	7.59E-02	2.02E-05	7.11E-01	-8.70E-02	2.34E-01	2.19E-02	
1_1844492_C_T	1.31E-01	6.28E-01	5.47E-02	1.73E-01	8.99E-02	1.13E-01	
1_1844495_C_T	2.38E-01	7.79E-07	3.09E-01	1.44E-01	1.42E-01	5.99E-02	
1_1844498_C_G	1.03E-01	2.61E-06	8.71E-01	-4.59E-02	2.82E-01	9.60E-03	
1_1844510_A_G	4.86E-01	2.04E-02	2.93E-02	1.80E-01	8.24E-02	1.28E-01	
1_1844525_C_G	1.14E-01	2.69E-07	3.38E-01	-4.75E-01	4.96E-01	5.64E-02	
1_1844528_G_A	1.14E-01	2.69E-07	3.38E-01	-4.75E-01	4.96E-01	5.64E-02	
1_1844540_G_A	1.14E-01	2.69E-07	3.38E-01	-4.75E-01	4.96E-01	5.64E-02	
1_1844562_T_G	1.21E-01	2.61E-01	8.44E-01	-3.89E-02	1.97E-01	1.16E-02	
1_1844612_C_T	6.21E-02	2.16E-03	4.04E-01	1.68E-01	2.00E-01	4.92E-02	
1_1844618_C_T	1.21E-01	4.48E-01	9.21E-01	-1.53E-02	1.54E-01	5.87E-03	
1_1844630_C_T	3.86E-01	7.89E-07	3.69E-01	1.16E-01	1.30E-01	5.29E-02	
1_1844631_G_A	1.14E-01	2.69E-07	3.38E-01	-4.75E-01	4.96E-01	5.64E-02	
1_1844633_G_C	1.14E-01	2.69E-07	3.38E-01	-4.75E-01	4.96E-01	5.64E-02	
1_1844642_G_A	2.28E-01	6.91E-03	7.10E-01	-6.44E-02	1.73E-01	2.19E-02	
1_1844648_G_A	5.52E-02	8.04E-03	5.53E-01	1.66E-01	2.80E-01	3.50E-02	
1_1844654_C_T	2.24E-01	3.84E-10	2.60E-02	3.55E-01	1.59E-01	1.31E-01	
1_1844666_C_T	7.24E-02	1.48E-03	4.81E-01	-1.13E-01	1.60E-01	4.15E-02	
1_1844669_A_G	4.76E-01	6.40E-03	2.65E-01	1.51E-01	1.35E-01	6.57E-02	
1_1844681_T_C	4.62E-01	1.05E-02	3.91E-01	1.27E-01	1.48E-01	5.05E-02	
1_1844690_G_C	2.17E-01	1.88E-10	2.35E-02	4.07E-01	1.79E-01	1.33E-01	
1_1844708_C_T	2.14E-01	3.32E-10	1.63E-02	3.81E-01	1.58E-01	1.41E-01	
1_1844723_A_G	1.97E-01	4.68E-01	2.20E-01	-1.52E-01	1.24E-01	7.22E-02	
1_1844741_C_T	1.48E-01	8.58E-01	9.83E-01	-3.47E-03	1.58E-01	1.29E-03	
1_1844744_G_A	2.21E-01	3.40E-02	9.94E-01	-1.23E-03	1.61E-01	4.50E-04	
1_1844778_C_T	5.52E-02	8.04E-03	8.79E-01	-3.09E-02	2.03E-01	8.98E-03	
1_1844783_T_C	1.45E-01	6.11E-05	9.91E-01	-1.35E-03	1.24E-01	6.39E-04	
1_1844786_T_C	8.97E-02	2.63E-04	8.60E-01	3.26E-02	1.84E-01	1.04E-02	
1_1844796_G_A	8.28E-02	5.27E-07	3.32E-01	-3.00E-01	3.09E-01	5.72E-02	
1_1844797_C_A	8.28E-02	5.27E-07	3.32E-01	-3.00E-01	3.09E-01	5.72E-02	
1_1844825_C_T	2.31E-01	2.24E-08	2.10E-01	2.00E-01	1.59E-01	7.38E-02	
1_1844867_C_T	5.52E-02	1.53E-03	9.55E-01	1.42E-02	2.50E-01	3.33E-03	
1_1844873_C_T	2.34E-01	1.31E-08	3.72E-01	1.37E-01	1.53E-01	5.27E-02	
1_1844879_T_C	5.76E-01	3.25E-04	1.97E-01	1.05E-01	8.12E-02	7.60E-02	
1_1844882_T_C	2.83E-01	1.15E-03	2.03E-01	1.84E-01	1.44E-01	7.50E-02	
1_1844936_T_C	1.79E-01	8.56E-01	7.81E-01	3.37E-02	1.21E-01	1.64E-02	
1_1844963_A_G	7.93E-02	1.15E-06	1.50E-01	-3.29E-01	2.28E-01	8.48E-02	
1_1844990_C_T	1.28E-01	7.36E-01	1.33E-01	1.37E-01	9.08E-02	8.83E-02	
1_1845002_G_A	5.52E-02	1.53E-03	7.82E-01	-7.08E-02	2.56E-01	1.63E-02	
1_1845003_C_T	6.21E-02	5.12E-05	7.32E-01	-9.32E-02	2.72E-01	2.02E-02	
1_1845023_C_T	7.93E-02	6.69E-05	9.50E-01	1.46E-02	2.30E-01	3.73E-03	
1_1845044_C_G	8.97E-02	7.47E-06	6.30E-01	-1.32E-01	2.73E-01	2.84E-02	
1_1845050_G_A	9.66E-02	1.14E-05	8.26E-01	-6.52E-02	2.96E-01	1.30E-02	
1_1845051_C_A	1.00E-01	5.48E-06	7.19E-01	-1.31E-01	3.63E-01	2.12E-02	
1_1845059_G_C	2.52E-01	4.53E-07	3.72E-01	1.35E-01	1.50E-01	5.27E-02	
1_1845064_A_T	8.28E-02	3.25E-05	8.71E-01	4.09E-02	2.51E-01	9.60E-03	
1_1845066_A_G	1.14E-01	2.69E-07	3.38E-01	-4.75E-01	4.96E-01	5.64E-02	
1_1845075_C_T	6.21E-02	3.73E-04	8.20E-01	-5.83E-02	2.56E-01	1.34E-02	
1_1845107_C_T	6.03E-01	1.15E-02	3.11E-01	6.91E-02	6.81E-02	5.97E-02	
1_1845146_T_C	1.14E-01	2.69E-07	3.38E-01	-4.75E-01	4.96E-01	5.64E-02	
1_1845147_C_T	9.66E-02	1.67E-06	5.33E-01	-1.69E-01	2.70E-01	3.67E-02	
1_1845152_T_C	1.00E-01	5.48E-06	7.19E-01	-1.31E-01	3.63E-01	2.12E-02	
1_1845161_A_G	8.31E-01	9.70E-01	3.81E-01	-7.13E-02	8.13E-02	5.17E-02	
1_1845175_G_A	2.14E-01	7.30E-03	3.93E-01	-1.41E-01	1.65E-01	5.03E-02	
1_1871829_C_T	2.28E-01	7.33E-09	1.06E-01	2.50E-01	1.54E-01	9.50E-02	
1_1871837_C_G	6.90E-02	1.14E-05	4.91E-01	-2.15E-01	3.12E-01	4.06E-02	
1_1871856_G_A	1.10E-01	1.12E-04	1.29E-01	-2.04E-01	1.34E-01	8.95E-02	
1_1871861_C_A	6.21E-02	3.73E-04	7.90E-01	-7.30E-02	2.74E-01	1.57E-02	
1_1871866_G_A	1.10E-01	5.79E-07	7.17E-01	-1.30E-01	3.60E-01	2.13E-02	
1_1871868_G_C	1.14E-01	2.69E-07	3.38E-01	-4.75E-01	4.96E-01	5.64E-02	
1_1871883_A_G	3.72E-01	1.72E-09	1.96E-01	2.49E-01	1.92E-01	7.61E-02	
1_1871889_C_G	1.14E-01	2.69E-07	3.38E-01	-4.75E-01	4.96E-01	5.64E-02	
1_1871921_T_A	8.97E-02	4.81E-05	9.76E-01	9.08E-03	3.03E-01	1.76E-03	
1_1871924_C_A	8.62E-02	9.74E-05	8.93E-01	3.81E-02	2.84E-01	7.90E-03	
1_1871925_G_A	6.90E-02	1.14E-05	3.26E-01	-2.28E-01	2.32E-01	5.78E-02	
1_1871934_C_G	5.86E-02	7.57E-04	9.90E-01	-3.11E-03	2.54E-01	7.23E-04	
1_1871985_G_A	4.14E-01	1.92E-02	5.17E-01	8.27E-02	1.28E-01	3.82E-02	
1_1872006_C_T	5.86E-02	4.19E-03	3.65E-01	-1.75E-01	1.92E-01	5.33E-02	
1_1872009_C_T	5.86E-02	8.69E-01	4.11E-01	1.31E-01	1.59E-01	4.85E-02	
1_1872024_G_A	8.28E-02	4.52E-06	6.47E-01	-1.17E-01	2.54E-01	2.70E-02	
1_1872036_C_G	6.90E-02	8.81E-05	5.66E-01	-1.24E-01	2.17E-01	3.38E-02	
1_1872064_A_G	7.59E-02	2.02E-05	4.24E-01	-2.23E-01	2.78E-01	4.72E-02	
1_1872075_C_G	7.59E-02	2.48E-06	5.02E-01	-1.50E-01	2.24E-01	3.96E-02	
1_1872089_G_A	1.72E-01	2.79E-01	9.15E-02	-2.35E-01	1.39E-01	9.93E-02	
1_1872090_C_T	1.21E-01	2.61E-01	6.05E-01	-8.11E-02	1.56E-01	3.05E-02	
1_1872105_G_A	4.41E-01	2.91E-04	9.53E-01	-8.71E-03	1.47E-01	3.50E-03	
1_1872106_C_T	2.07E-01	7.48E-03	3.36E-01	-1.57E-01	1.63E-01	5.67E-02	
1_1872114_C_G	8.62E-02	2.12E-06	5.90E-01	-1.25E-01	2.32E-01	3.18E-02	
1_1872117_G_C	6.55E-02	2.42E-05	6.43E-01	-1.30E-01	2.81E-01	2.73E-02	
1_1872118_A_G	5.00E-01	2.43E-02	9.13E-01	2.00E-02	1.84E-01	6.41E-03	
1_1872120_C_G	4.24E-01	8.21E-03	1.37E-01	1.93E-01	1.29E-01	8.75E-02	
1_1872129_T_C	4.86E-01	2.04E-02	9.46E-01	-1.19E-02	1.75E-01	4.01E-03	
1_1872142_G_A	1.03E-01	1.63E-05	9.93E-01	2.39E-03	2.83E-01	4.98E-04	
1_1872157_G_A	1.17E-01	5.36E-06	3.68E-01	-1.78E-01	1.97E-01	5.31E-02	
1_1872160_A_G	1.03E-01	2.61E-06	8.92E-01	-4.18E-02	3.08E-01	7.99E-03	
1_1872168_C_G	8.28E-02	3.25E-05	7.29E-01	-8.39E-02	2.42E-01	2.05E-02	
1_1872192_T_C	5.10E-01	1.69E-01	2.93E-02	-2.44E-01	1.12E-01	1.28E-01	
1_1872211_T_C	4.34E-01	2.50E-04	5.95E-01	9.38E-02	1.76E-01	3.14E-02	
1_1872246_G_A	1.24E-01	3.64E-05	6.09E-01	-8.65E-02	1.69E-01	3.01E-02	
1_1872267_T_C	4.76E-01	1.28E-02	8.34E-01	3.88E-02	1.85E-01	1.24E-02	
1_1872276_C_G	4.52E-01	1.33E-03	4.69E-01	1.21E-01	1.67E-01	4.27E-02	
1_1872302_G_C	1.14E-01	2.69E-07	3.38E-01	-4.75E-01	4.96E-01	5.64E-02	
1_1872318_T_C	1.66E-01	1.00E-03	8.51E-01	-2.59E-02	1.37E-01	1.11E-02	
1_1872339_A_G	6.21E-02	2.16E-03	7.25E-01	8.26E-02	2.34E-01	2.08E-02	
1_1872348_G_A	7.93E-02	3.88E-04	7.68E-01	7.41E-02	2.52E-01	1.74E-02	
1_1872351_T_C	2.52E-01	4.00E-03	2.02E-01	-1.94E-01	1.52E-01	7.52E-02	
1_1872372_C_G	7.59E-02	7.61E-04	7.72E-01	7.05E-02	2.44E-01	1.71E-02	
1_1872375_T_C	2.66E-01	1.38E-05	4.98E-02	2.89E-01	1.47E-01	1.15E-01	
1_1872402_G_A	3.66E-01	3.24E-02	9.59E-01	-7.40E-03	1.44E-01	3.04E-03	
1_1872403_C_T	5.52E-02	3.31E-02	4.04E-02	-3.13E-01	1.52E-01	1.20E-01	
1_1872411_G_A	1.79E-01	6.24E-01	3.72E-01	-1.32E-01	1.47E-01	5.26E-02	
1_1872420_G_A	8.97E-02	4.81E-05	8.80E-01	3.77E-02	2.50E-01	8.88E-03	
1_1872443_G_A	1.07E-01	1.23E-06	7.10E-01	-1.21E-01	3.26E-01	2.19E-02	
1_1872444_A_G	6.21E-02	3.73E-04	7.58E-01	-7.39E-02	2.40E-01	1.82E-02	
1_1885377_C_T	2.41E-01	4.44E-09	2.42E-01	2.22E-01	1.90E-01	6.89E-02	
1_1885398_C_T	2.41E-01	4.76E-07	1.23E-01	2.34E-01	1.51E-01	9.08E-02	
1_1885404_T_C	6.10E-01	4.38E-02	6.28E-01	4.23E-02	8.71E-02	2.86E-02	
1_1885473_A_G	6.21E-02	1.11E-01	9.27E-02	-2.52E-01	1.49E-01	9.89E-02	
1_1885482_G_A	2.24E-01	2.32E-02	1.69E-01	-1.79E-01	1.30E-01	8.10E-02	
1_1885485_G_C	7.59E-02	7.61E-04	2.58E-01	-1.96E-01	1.72E-01	6.67E-02	
1_1885488_C_T	5.52E-02	2.57E-05	2.52E-01	-2.64E-01	2.30E-01	6.75E-02	bad-chisq
1_1885519_C_T	2.83E-01	1.68E-05	1.13E-01	2.06E-01	1.29E-01	9.34E-02	
1_1885539_T_C	2.24E-01	4.71E-02	2.04E-01	-1.68E-01	1.32E-01	7.48E-02	
1_1885548_C_G	1.14E-01	2.69E-07	3.38E-01	-4.75E-01	4.96E-01	5.64E-02	
1_1885551_T_C	1.21E-01	4.09E-07	1.16E-01	-2.71E-01	1.72E-01	9.26E-02	
1_1885557_T_C	4.55E-01	9.47E-03	8.29E-01	3.51E-02	1.62E-01	1.28E-02	
1_1885569_C_T	6.21E-02	3.71E-02	1.36E-02	-3.54E-01	1.42E-01	1.45E-01	
1_1885578_C_T	1.59E-01	9.55E-01	3.98E-01	1.21E-01	1.43E-01	4.99E-02	
1_1885581_T_C	4.07E-01	5.29E-06	6.94E-01	5.97E-02	1.52E-01	2.32E-02	
1_1885605_C_T	9.31E-02	6.44E-04	4.17E-01	-1.34E-01	1.65E-01	4.79E-02	
1_1885617_C_G	2.34E-01	2.98E-07	6.69E-02	2.60E-01	1.41E-01	1.08E-01	
1_1885626_C_T	5.17E-02	5.84E-02	3.61E-01	-1.48E-01	1.61E-01	5.38E-02	
1_1885630_T_C	2.14E-01	2.96E-03	2.50E-01	-1.87E-01	1.62E-01	6.77E-02	
1_1885635_T_C	4.62E-01	2.41E-03	4.31E-01	1.37E-01	1.75E-01	4.64E-02	
1_1885653_T_C	3.83E-01	3.97E-05	6.35E-01	6.13E-02	1.29E-01	2.80E-02	
1_1885659_T_G	4.76E-01	1.28E-02	4.98E-01	1.43E-01	2.10E-01	3.99E-02	
1_1885665_C_G	1.90E-01	5.70E-02	5.87E-01	-9.23E-02	1.70E-01	3.20E-02	
1_1885692_T_C	4.48E-01	8.19E-04	5.18E-01	1.11E-01	1.72E-01	3.81E-02	
1_1885713_C_G	6.90E-02	8.81E-05	6.02E-01	-1.55E-01	2.97E-01	3.08E-02	
1_1885715_G_A	7.24E-02	4.24E-05	5.86E-01	-1.29E-01	2.37E-01	3.21E-02	
1_1887123_T_C	6.90E-02	8.81E-05	6.02E-01	-1.55E-01	2.97E-01	3.08E-02	
1_1887130_C_T	7.93E-02	1.15E-06	2.46E-01	-2.70E-01	2.32E-01	6.83E-02	
1_1887138_T_C	3.83E-01	3.67E-07	5.21E-01	8.68E-02	1.35E-01	3.78E-02	
1_1887144_C_T	2.14E-01	1.27E-01	3.78E-01	-1.26E-01	1.43E-01	5.20E-02	
1_1887153_C_T	4.14E-01	1.98E-05	1.24E-01	2.30E-01	1.49E-01	9.04E-02	
1_1887171_C_G	6.90E-02	8.81E-05	6.02E-01	-1.55E-01	2.97E-01	3.08E-02	
1_1887174_C_T	6.28E-01	1.51E-04	1.98E-01	9.61E-02	7.45E-02	7.58E-02	
1_1887184_C_T	2.38E-01	1.80E-07	4.63E-01	1.12E-01	1.52E-01	4.32E-02	
1_1887195_C_T	2.41E-01	1.08E-07	5.29E-02	3.02E-01	1.55E-01	1.14E-01	
1_1887213_G_A	6.21E-02	3.73E-04	6.85E-01	-8.89E-02	2.19E-01	2.39E-02	
1_1887222_C_G	2.76E-01	4.00E-05	9.33E-02	2.52E-01	1.50E-01	9.87E-02	
1_1887247_T_C	7.93E-02	9.60E-06	3.53E-01	-2.40E-01	2.58E-01	5.47E-02	
1_1887270_G_A	1.66E-01	9.21E-01	2.19E-01	1.83E-01	1.49E-01	7.25E-02	
1_1887276_T_C	8.28E-02	1.95E-04	1.07E-01	-2.28E-01	1.41E-01	9.48E-02	
1_1887291_C_T	1.24E-01	5.85E-01	8.28E-01	2.86E-02	1.31E-01	1.28E-02	
1_1887300_G_C	2.83E-01	5.34E-05	5.48E-02	2.75E-01	1.43E-01	1.13E-01	
1_1887309_G_A	2.31E-01	1.09E-07	1.11E-01	2.48E-01	1.55E-01	9.39E-02	
1_1887312_T_C	4.76E-01	1.28E-02	4.98E-01	1.43E-01	2.10E-01	3.99E-02	
1_1887317_T_C	1.10E-01	5.79E-07	5.38E-01	-2.44E-01	3.96E-01	3.63E-02	
1_1887341_A_C	8.28E-02	5.27E-07	3.32E-01	-3.00E-01	3.09E-01	5.72E-02	
1_1887343_C_T	2.17E-01	1.88E-10	2.35E-02	4.07E-01	1.79E-01	1.33E-01	
1_1887360_C_T	2.86E-01	8.03E-04	1.36E-01	2.23E-01	1.49E-01	8.77E-02	
1_1887374_A_G	1.66E-01	2.91E-01	1.60E-01	2.17E-01	1.54E-01	8.28E-02	
1_1887405_C_T	2.31E-01	4.26E-09	2.95E-02	3.37E-01	1.54E-01	1.28E-01	
1_1887423_C_T	2.28E-01	2.17E-10	2.38E-02	3.61E-01	1.59E-01	1.33E-01	
1_1887478_C_A	5.86E-02	1.20E-05	4.41E-01	-1.78E-01	2.31E-01	4.54E-02	bad-chisq
1_1887486_G_C	2.62E-01	1.68E-06	8.05E-01	-3.93E-02	1.59E-01	1.45E-02	
1_1887495_T_C	1.07E-01	1.23E-06	7.39E-01	-9.82E-02	2.94E-01	1.97E-02	
1_1887567_C_T	6.90E-02	5.54E-04	9.41E-01	-1.31E-02	1.77E-01	4.36E-03	
1_1887570_T_C	5.00E-01	1.28E-02	5.83E-01	-5.92E-02	1.08E-01	3.24E-02	
1_1887579_C_T	5.52E-02	8.04E-03	9.63E-01	-8.95E-03	1.94E-01	2.71E-03	
1_1887588_T_C	5.52E-02	2.25E-04	7.05E-01	-8.73E-02	2.31E-01	2.23E-02	
1_1887597_G_C	5.17E-02	5.48E-05	4.00E-01	-2.17E-01	2.57E-01	4.96E-02	bad-chisq
1_1887598_G_A	8.62E-02	4.36E-02	1.55E-01	2.42E-01	1.70E-01	8.38E-02	
1_1887611_A_G	6.55E-02	1.82E-04	8.24E-01	-5.93E-02	2.66E-01	1.31E-02	
1_1887621_G_A	1.10E-01	1.90E-03	5.53E-01	-6.16E-02	1.04E-01	3.49E-02	
1_1887622_C_T	2.66E-01	2.57E-07	9.34E-01	1.15E-02	1.40E-01	4.86E-03	
1_1887624_G_C	8.62E-02	2.41E-01	4.97E-01	1.05E-01	1.54E-01	4.01E-02	
1_1887646_A_G	8.62E-02	4.36E-02	1.55E-01	2.42E-01	1.70E-01	8.38E-02	
1_1887651_C_T	8.62E-02	9.74E-05	8.62E-02	-2.38E-01	1.38E-01	1.01E-01	
1_1887657_G_A	7.93E-02	6.69E-05	2.61E-01	-1.97E-01	1.75E-01	6.63E-02	
1_1887666_G_A	3.28E-01	5.67E-03	3.41E-01	1.49E-01	1.56E-01	5.61E-02	
1_1887693_C_T	6.90E-02	1.14E-05	5.73E-01	-1.44E-01	2.55E-01	3.32E-02	
1_1887705_G_A	5.86E-02	8.69E-01	4.74E-01	8.57E-02	1.20E-01	4.22E-02	
1_1887723_G_C	5.52E-02	1.53E-03	9.88E-01	3.69E-03	2.38E-01	9.14E-04	
1_1887726_C_T	7.59E-02	2.02E-05	3.14E-01	-2.55E-01	2.53E-01	5.93E-02	
1_1887735_C_T	2.59E-01	2.70E-06	4.45E-02	3.11E-01	1.54E-01	1.18E-01	
1_1887744_G_C	7.24E-02	4.24E-05	5.44E-01	-1.73E-01	2.85E-01	3.58E-02	
1_1887765_G_A	2.48E-01	7.42E-07	3.56E-01	1.31E-01	1.42E-01	5.44E-02	
1_1887771_C_T	1.76E-01	2.11E-01	2.51E-01	1.79E-01	1.55E-01	6.76E-02	
1_1887807_C_T	6.21E-02	3.71E-02	6.20E-03	-3.94E-01	1.43E-01	1.60E-01	
1_1887810_G_C	1.00E-01	7.53E-02	3.51E-01	1.87E-01	2.01E-01	5.49E-02	
1_1887834_A_G	9.31E-02	2.14E-02	3.66E-02	3.81E-01	1.81E-01	1.23E-01	
1_1887855_G_A	3.52E-01	6.47E-03	8.44E-01	2.57E-02	1.30E-01	1.16E-02	
1_1894989_G_A	8.28E-02	5.27E-07	3.32E-01	-3.00E-01	3.09E-01	5.72E-02	
1_1894999_A_C	4.76E-01	1.28E-02	4.98E-01	1.43E-01	2.10E-01	3.99E-02	
1_1895008_G_A	1.72E-01	4.42E-01	3.16E-01	1.62E-01	1.61E-01	5.91E-02	
1_1895019_C_T	2.34E-01	2.46E-09	3.13E-02	3.37E-01	1.56E-01	1.27E-01	
1_1895020_A_T	6.55E-02	1.10E-03	6.88E-01	1.04E-01	2.58E-01	2.37E-02	
1_1895021_G_C	4.76E-01	1.28E-02	4.98E-01	1.43E-01	2.10E-01	3.99E-02	
1_1895022_C_G	1.00E-01	5.48E-06	7.19E-01	-1.31E-01	3.63E-01	2.12E-02	
1_1895043_C_T	7.59E-02	2.02E-05	7.24E-01	-8.33E-02	2.36E-01	2.08E-02	
1_1895047_A_T	7.24E-02	5.32E-06	6.67E-01	-1.12E-01	2.61E-01	2.53E-02	
1_1895049_G_C	2.34E-01	6.50E-08	6.97E-02	2.91E-01	1.60E-01	1.07E-01	
1_1895052_C_T	2.21E-01	6.74E-10	4.20E-02	3.44E-01	1.69E-01	1.20E-01	
1_1895053_G_A	1.76E-01	9.96E-01	3.55E-01	-1.39E-01	1.50E-01	5.45E-02	
1_1895063_G_A	8.28E-02	5.27E-07	3.32E-01	-3.00E-01	3.09E-01	5.72E-02	
1_1895070_C_T	1.17E-01	8.09E-01	8.33E-01	3.41E-02	1.62E-01	1.24E-02	
1_1895071_G_A	2.24E-01	3.84E-10	7.75E-03	4.33E-01	1.62E-01	1.56E-01	
1_1895079_C_G	1.14E-01	2.69E-07	3.38E-01	-4.75E-01	4.96E-01	5.64E-02	
1_1895087_T_A	7.59E-02	2.48E-06	5.93E-01	-1.41E-01	2.64E-01	3.15E-02	
1_1895091_C_T	1.41E-01	5.69E-01	7.83E-01	-4.02E-02	1.46E-01	1.62E-02	
1_1895103_C_T	5.17E-02	1.52E-02	2.34E-01	-1.64E-01	1.37E-01	7.01E-02	
1_1895104_G_A	5.52E-02	1.07E-01	3.55E-01	-1.41E-01	1.52E-01	5.46E-02	
1_1895111_A_T	5.17E-02	3.04E-03	8.58E-01	-4.92E-02	2.75E-01	1.06E-02	
1_1895113_C_G	1.21E-01	2.61E-01	8.44E-01	-3.89E-02	1.97E-01	1.16E-02	
1_1895121_C_T	1.93E-01	3.90E-01	3.43E-01	-1.31E-01	1.38E-01	5.59E-02	
1_1895125_C_G	1.14E-01	2.69E-07	3.38E-01	-4.75E-01	4.96E-01	5.64E-02	
1_1895138_A_C	1.14E-01	2.69E-07	3.38E-01	-4.75E-01	4.96E-01	5.64E-02	
1_1895145_G_C	7.93E-02	9.60E-06	5.48E-01	-1.64E-01	2.73E-01	3.54E-02	
1_1895147_C_G	1.14E-01	2.69E-07	3.38E-01	-4.75E-01	4.96E-01	5.64E-02	
1_1895148_C_T	5.52E-02	3.31E-02	9.52E-02	-2.09E-01	1.25E-01	9.82E-02	
1_1895163_G_A	1.90E-01	3.19E-01	2.98E-01	-1.47E-01	1.41E-01	6.14E-02	
1_1895166_G_A	1.76E-01	2.11E-01	5.05E-01	-8.94E-02	1.34E-01	3.93E-02	
1_1895171_A_G	7.59E-02	7.61E-04	5.37E-01	1.52E-01	2.46E-01	3.64E-02	
1_1895175_T_C	4.66E-01	1.54E-02	8.59E-01	3.46E-02	1.94E-01	1.05E-02	
1_1895196_G_A	8.97E-02	1.62E-02	7.93E-02	-2.26E-01	1.29E-01	1.03E-01	
1_1895197_T_C	4.52E-01	5.68E-04	3.08E-01	1.73E-01	1.70E-01	6.01E-02	
1_1895201_T_A	5.86E-02	7.57E-04	8.43E-02	-3.01E-01	1.74E-01	1.02E-01	
1_1895217_G_C	1.14E-01	2.69E-07	3.38E-01	-4.75E-01	4.96E-01	5.64E-02	
1_1895224_T_C	4.52E-01	1.33E-03	5.53E-01	1.04E-01	1.75E-01	3.50E-02	
1_1895228_C_T	1.72E-01	8.88E-01	3.47E-01	-1.39E-01	1.47E-01	5.55E-02	
1_1895255_A_C	1.07E-01	1.66E-07	1.69E-01	-4.37E-01	3.17E-01	8.10E-02	
1_1895273_T_C	5.17E-02	4.68E-04	6.84E-01	-1.04E-01	2.56E-01	2.40E-02	
1_1895275_G_C	9.66E-02	1.14E-05	8.93E-01	-4.08E-02	3.03E-01	7.92E-03	
1_1895276_C_G	9.66E-02	1.14E-05	8.93E-01	-4.08E-02	3.03E-01	7.92E-03	
1_1895279_C_T	8.62E-02	2.12E-06	5.03E-01	-1.90E-01	2.83E-01	3.95E-02	
1_1895284_G_A	2.38E-01	3.85E-08	8.69E-02	2.49E-01	1.45E-01	1.01E-01	
1_1895302_A_T	6.90E-02	1.14E-05	4.91E-01	-2.15E-01	3.12E-01	4.06E-02	
1_1895307_C_T	2.10E-01	4.74E-03	4.43E-01	-1.17E-01	1.52E-01	4.53E-02	
1_1895344_T_C	4.72E-01	8.67E-03	4.63E-01	1.43E-01	1.95E-01	4.33E-02	
1_1895353_G_A	1.03E-01	1.63E-05	8.83E-01	4.16E-02	2.83E-01	8.67E-03	
1_1895360_G_A	1.10E-01	5.79E-07	5.38E-01	-2.44E-01	3.96E-01	3.63E-02	
1_1895365_C_T	2.24E-01	5.95E-11	1.20E-02	4.01E-01	1.59E-01	1.47E-01	
1_1897686_T_C	6.90E-02	1.14E-05	4.91E-01	-2.15E-01	3.12E-01	4.06E-02	
1_1897729_T_C	5.00E-01	4.38E-02	2.12E-01	-1.54E-01	1.23E-01	7.35E-02	
1_1897755_G_C	8.97E-02	4.81E-05	5.32E-01	1.59E-01	2.54E-01	3.69E-02	
1_1897758_C_G	7.93E-02	6.69E-05	9.78E-01	8.12E-03	2.91E-01	1.64E-03	
1_1897762_T_G	3.62E-01	2.16E-09	2.84E-01	2.23E-01	2.08E-01	6.31E-02	
1_1897763_T_C	3.62E-01	2.16E-09	2.84E-01	2.23E-01	2.08E-01	6.31E-02	
1_1897846_G_T	2.52E-01	4.50E-09	1.91E-01	2.22E-01	1.69E-01	7.70E-02	
1_1897878_C_T	3.72E-01	1.72E-09	1.96E-01	2.49E-01	1.92E-01	7.61E-02	
1_1897880_A_C	6.90E-02	1.14E-05	4.91E-01	-2.15E-01	3.12E-01	4.06E-02	
1_1897889_A_C	1.21E-01	2.61E-01	8.44E-01	-3.89E-02	1.97E-01	1.16E-02	
1_1946676_C_T	2.45E-01	6.58E-01	6.75E-01	3.50E-02	8.34E-02	2.47E-02	
1_1946697_C_G	4.59E-01	1.52E-03	3.48E-01	1.61E-01	1.71E-01	5.53E-02	
1_1946700_C_G	1.24E-01	3.65E-01	7.96E-01	-4.86E-02	1.88E-01	1.52E-02	
1_1946702_T_C	7.24E-02	4.24E-05	7.52E-01	-7.84E-02	2.48E-01	1.86E-02	
1_1946706_T_C	8.97E-01	4.84E-02	1.60E-01	1.35E-01	9.60E-02	8.27E-02	
1_1946715_G_A	6.90E-02	1.14E-05	4.02E-01	-1.91E-01	2.28E-01	4.94E-02	
1_1946745_T_C	4.28E-01	5.34E-04	2.22E-01	1.89E-01	1.55E-01	7.19E-02	
1_1946748_C_T	9.31E-02	2.35E-05	9.53E-01	-1.70E-02	2.86E-01	3.51E-03	
1_1946751_A_G	1.07E-01	9.41E-02	2.06E-01	2.27E-01	1.79E-01	7.45E-02	
1_1946752_C_A	1.14E-01	2.69E-07	3.38E-01	-4.75E-01	4.96E-01	5.64E-02	
1_1946793_C_T	4.10E-01	9.99E-07	1.01E-01	1.58E-01	9.56E-02	9.66E-02	
1_1946797_C_T	2.52E-01	2.25E-08	2.01E-01	2.14E-01	1.67E-01	7.53E-02	
1_1946800_G_A	5.52E-02	2.25E-04	7.45E-01	-6.36E-02	1.96E-01	1.91E-02	
1_1946803_C_A	1.00E-01	5.48E-06	7.19E-01	-1.31E-01	3.63E-01	2.12E-02	
1_1946804_G_A	1.00E-01	5.48E-06	7.19E-01	-1.31E-01	3.63E-01	2.12E-02	
1_1946835_C_T	7.24E-02	1.48E-03	7.05E-01	1.02E-01	2.69E-01	2.23E-02	
1_1946841_C_G	3.21E-01	8.85E-04	2.23E-01	1.92E-01	1.57E-01	7.18E-02	
1_1946844_T_C	2.34E-01	2.77E-03	5.78E-01	-1.06E-01	1.90E-01	3.28E-02	
1_1946850_G_C	7.24E-02	6.50E-03	2.43E-01	-2.11E-01	1.80E-01	6.88E-02	
1_1946851_A_G	9.31E-02	4.54E-07	4.61E-01	-1.99E-01	2.69E-01	4.35E-02	
1_1946853_C_G	5.52E-02	2.57E-05	4.22E-01	-2.06E-01	2.56E-01	4.73E-02	bad-chisq
1_1946857_G_A	1.14E-01	2.69E-07	3.38E-01	-4.75E-01	4.96E-01	5.64E-02	
1_1946860_G_T	1.28E-01	4.89E-01	7.52E-01	-5.62E-02	1.77E-01	1.87E-02	
1_1946893_A_G	1.21E-01	2.61E-01	8.44E-01	-3.89E-02	1.97E-01	1.16E-02	
1_1946902_A_G	1.90E-01	1.09E-01	4.21E-01	1.37E-01	1.70E-01	4.75E-02	
1_1946910_C_G	7.59E-02	2.50E-07	1.57E-01	-3.62E-01	2.55E-01	8.33E-02	bad-chisq
1_1946927_T_C	2.41E-01	4.44E-09	2.42E-01	2.22E-01	1.90E-01	6.89E-02	
1_1946930_C_T	4.28E-01	2.13E-04	7.77E-02	2.67E-01	1.51E-01	1.04E-01	
1_1946937_C_T	5.52E-02	3.31E-02	5.62E-01	9.34E-02	1.61E-01	3.42E-02	
1_1946945_A_G	3.69E-01	1.33E-08	4.17E-01	1.51E-01	1.86E-01	4.79E-02	
1_1946946_C_T	5.86E-02	1.08E-04	8.48E-01	-4.69E-02	2.44E-01	1.13E-02	
1_1946947_G_A	3.52E-01	4.79E-02	4.14E-01	1.45E-01	1.78E-01	4.81E-02	
1_1946980_C_A	1.14E-01	2.69E-07	3.38E-01	-4.75E-01	4.96E-01	5.64E-02	
1_1946981_A_T	1.14E-01	2.69E-07	3.38E-01	-4.75E-01	4.96E-01	5.64E-02	
1_1946994_C_G	1.07E-01	1.97E-01	5.03E-01	1.21E-01	1.81E-01	3.95E-02	
1_1947007_A_G	2.34E-01	2.77E-03	5.78E-01	-1.06E-01	1.90E-01	3.28E-02	
1_1947013_A_G	6.21E-02	3.73E-04	9.32E-01	-2.10E-02	2.45E-01	5.04E-03	
1_1947066_G_C	2.90E-01	5.56E-04	1.49E-01	2.04E-01	1.41E-01	8.49E-02	
1_1947084_G_A	4.00E-01	4.25E-06	5.73E-01	8.60E-02	1.53E-01	3.32E-02	
1_1947099_T_C	1.28E-01	1.84E-05	7.40E-01	-5.55E-02	1.67E-01	1.96E-02	
1_1947111_G_A	1.62E-01	4.91E-03	5.20E-01	-5.48E-02	8.51E-02	3.79E-02	
1_1947112_C_T	3.00E-01	1.75E-04	8.99E-01	-1.77E-02	1.40E-01	7.45E-03	
1_1947123_G_A	1.07E-01	2.17E-04	8.49E-02	-2.38E-01	1.38E-01	1.01E-01	
1_1947132_G_A	6.21E-02	5.12E-05	1.77E-01	-2.38E-01	1.76E-01	7.95E-02	
1_1947144_C_G	1.14E-01	2.69E-07	3.38E-01	-4.75E-01	4.96E-01	5.64E-02	
1_1947153_C_G	8.62E-02	2.27E-03	5.92E-01	-7.73E-02	1.44E-01	3.16E-02	
1_1947162_C_T	2.45E-01	1.33E-08	3.21E-01	1.77E-01	1.78E-01	5.85E-02	
1_1947180_C_T	2.48E-01	7.42E-07	3.04E-01	1.53E-01	1.49E-01	6.05E-02	
1_1947198_C_T	2.31E-01	7.50E-10	1.77E-02	3.87E-01	1.62E-01	1.39E-01	
1_1947203_C_G	6.90E-02	8.81E-05	6.02E-01	-1.55E-01	2.97E-01	3.08E-02	
1_1947240_A_G	1.62E-01	4.67E-01	8.97E-01	-1.83E-02	1.41E-01	7.66E-03	
1_1947246_G_A	2.24E-01	8.89E-02	3.51E-01	-1.32E-01	1.42E-01	5.49E-02	
1_1947279_G_A	9.31E-02	3.54E-06	7.28E-01	-7.62E-02	2.19E-01	2.05E-02	
1_1947282_G_A	8.21E-01	6.24E-01	7.97E-02	-1.42E-01	8.08E-02	1.03E-01	
1_1947288_C_T	2.21E-01	6.74E-10	4.81E-02	3.35E-01	1.69E-01	1.16E-01	
1_1947309_G_A	8.97E-02	4.81E-05	8.02E-01	-4.97E-02	1.98E-01	1.48E-02	
1_1947316_A_G	1.14E-01	2.69E-07	3.38E-01	-4.75E-01	4.96E-01	5.64E-02	
1_1947317_G_C	1.14E-01	2.69E-07	3.38E-01	-4.75E-01	4.96E-01	5.64E-02	
1_1947318_C_G	7.93E-02	6.69E-05	9.78E-01	8.12E-03	2.91E-01	1.64E-03	
1_1947330_C_T	8.28E-02	3.13E-01	5.93E-01	-9.08E-02	1.69E-01	3.15E-02	
1_1947332_C_T	8.28E-02	1.95E-04	6.92E-01	9.98E-02	2.52E-01	2.34E-02	
1_1947336_T_C	4.59E-01	1.52E-03	8.10E-02	2.68E-01	1.53E-01	1.03E-01	
1_1947340_T_C	5.10E-01	3.70E-02	5.07E-01	-9.98E-02	1.50E-01	3.91E-02	
1_1947349_C_A	2.17E-01	1.88E-10	2.35E-02	4.07E-01	1.79E-01	1.33E-01	
1_1947372_T_C	4.48E-01	8.19E-04	7.79E-01	4.24E-02	1.51E-01	1.66E-02	
1_1947378_G_C	4.59E-01	1.52E-03	5.90E-01	8.40E-02	1.56E-01	3.17E-02	
1_1947385_C_T	1.03E-01	9.79E-01	6.20E-01	-7.10E-02	1.43E-01	2.93E-02	
1_1947397_G_A	7.24E-02	5.32E-06	4.36E-01	-1.75E-01	2.24E-01	4.59E-02	
1_1947407_G_A	1.14E-01	2.69E-07	3.38E-01	-4.75E-01	4.96E-01	5.64E-02	
1_1947412_G_A	5.52E-02	1.53E-03	8.14E-01	-5.71E-02	2.42E-01	1.39E-02	
1_1947414_T_C	5.86E-01	1.34E-02	3.29E-01	9.03E-02	9.22E-02	5.76E-02	
1_1947417_C_G	5.17E-02	4.11E-01	7.74E-01	4.47E-02	1.55E-01	1.70E-02	
1_1947435_G_A	2.62E-01	2.18E-08	9.58E-02	2.64E-01	1.58E-01	9.80E-02	
1_1947438_T_C	3.03E-01	3.27E-04	3.71E-01	1.28E-01	1.43E-01	5.27E-02	
1_1947450_C_G	1.76E-01	7.51E-01	2.86E-01	-1.52E-01	1.42E-01	6.29E-02	
1_1948593_C_G	4.72E-01	8.67E-03	4.62E-01	1.43E-01	1.94E-01	4.34E-02	
1_1948611_C_T	3.62E-01	7.33E-02	2.83E-01	1.48E-01	1.38E-01	6.32E-02	
1_1948614_C_T	3.34E-01	2.68E-02	9.60E-01	7.76E-03	1.56E-01	2.93E-03	
1_1948620_C_T	2.97E-01	6.91E-04	9.12E-02	2.47E-01	1.46E-01	9.94E-02	
1_1948638_C_T	1.55E-01	8.43E-01	6.87E-01	-5.77E-02	1.43E-01	2.38E-02	
1_1948644_C_G	6.90E-02	8.81E-05	6.02E-01	-1.55E-01	2.97E-01	3.08E-02	
1_1948656_T_C	3.79E-01	1.05E-08	3.84E-02	2.99E-01	1.44E-01	1.22E-01	
1_1948666_A_G	6.21E-02	5.58E-06	2.31E-01	-3.12E-01	2.60E-01	7.06E-02	bad-chisq
1_1948674_T_C	4.21E-01	1.81E-04	8.36E-01	3.27E-02	1.58E-01	1.22E-02	
1_1948677_C_G	2.41E-01	6.46E-03	1.73E-01	-1.88E-01	1.37E-01	8.02E-02	
1_1948680_C_G	9.66E-02	6.69E-05	5.96E-01	-9.73E-02	1.83E-01	3.13E-02	
1_1948692_G_A	4.66E-01	1.54E-02	8.59E-01	3.46E-02	1.94E-01	1.05E-02	
1_1948695_G_A	8.97E-02	4.81E-05	9.76E-01	9.08E-03	3.03E-01	1.76E-03	
1_1948708_T_C	2.79E-01	2.60E-05	6.89E-02	2.58E-01	1.41E-01	1.07E-01	
1_1948713_C_T	5.17E-02	1.75E-01	5.26E-01	9.73E-02	1.53E-01	3.74E-02	
1_1948716_C_G	2.03E-01	5.30E-02	9.99E-02	-2.36E-01	1.43E-01	9.68E-02	
1_1948717_C_T	2.34E-01	2.46E-09	6.82E-03	4.09E-01	1.50E-01	1.59E-01	
1_1948725_A_G	2.41E-01	2.27E-08	5.15E-02	2.87E-01	1.47E-01	1.14E-01	
1_1948732_G_T	8.62E-02	9.74E-05	8.22E-01	5.59E-02	2.48E-01	1.33E-02	
1_1948740_G_A	4.48E-01	3.37E-04	1.24E-01	2.46E-01	1.59E-01	9.05E-02	
1_1948760_G_C	5.52E-02	1.53E-03	8.17E-01	-6.52E-02	2.82E-01	1.36E-02	
1_1948761_T_C	4.14E-01	5.66E-05	3.71E-02	2.53E-01	1.21E-01	1.22E-01	
1_1948776_C_T	2.31E-01	1.84E-11	8.86E-04	4.92E-01	1.46E-01	1.94E-01	
1_1948788_G_C	2.03E-01	1.01E-01	2.17E-01	-1.72E-01	1.39E-01	7.26E-02	
1_1948809_G_A	4.34E-01	2.50E-04	3.98E-01	1.20E-01	1.42E-01	4.98E-02	
1_1948815_G_A	8.62E-02	9.74E-05	5.30E-01	-1.05E-01	1.68E-01	3.70E-02	
1_1948818_C_A	1.17E-01	8.99E-01	9.26E-01	-1.53E-02	1.65E-01	5.45E-03	
1_1948830_G_C	1.17E-01	8.71E-07	8.87E-01	-4.76E-02	3.34E-01	8.40E-03	
1_1948831_G_A	5.52E-02	1.53E-03	8.17E-01	-6.52E-02	2.82E-01	1.36E-02	
1_1948832_T_C	7.24E-02	4.24E-05	5.19E-01	-1.79E-01	2.78E-01	3.80E-02	
1_1948839_G_C	1.14E-01	2.69E-07	3.38E-01	-4.75E-01	4.96E-01	5.64E-02	
1_1948841_G_A	3.62E-01	2.16E-09	2.84E-01	2.23E-01	2.08E-01	6.31E-02	
1_1948845_G_C	3.48E-01	6.08E-02	4.14E-01	1.21E-01	1.48E-01	4.82E-02	
1_1948848_C_T	1.66E-01	8.26E-01	8.95E-01	1.82E-02	1.37E-01	7.79E-03	
1_1948851_G_A	1.24E-01	2.06E-01	7.82E-01	-4.47E-02	1.61E-01	1.64E-02	
1_1948854_G_C	6.90E-02	8.81E-05	8.76E-01	-3.63E-02	2.32E-01	9.24E-03	
1_1948863_G_A	4.52E-01	6.30E-03	1.08E-01	2.69E-01	1.67E-01	9.46E-02	
1_1948881_G_A	5.86E-02	1.08E-04	7.81E-01	-7.41E-02	2.67E-01	1.64E-02	
1_1948887_C_T	5.52E-02	3.31E-02	1.91E-01	-2.05E-01	1.57E-01	7.71E-02	
1_1948893_G_C	5.52E-02	2.25E-04	3.76E-01	-1.98E-01	2.23E-01	5.22E-02	
1_1948920_C_T	2.38E-01	7.26E-01	8.30E-01	-2.22E-02	1.03E-01	1.27E-02	
1_1948923_C_G	1.03E-01	2.61E-06	7.34E-01	-9.81E-02	2.89E-01	2.00E-02	
1_1948929_C_T	1.00E-01	1.67E-01	7.03E-01	-3.88E-02	1.02E-01	2.25E-02	
1_1948941_A_G	1.79E-01	8.56E-01	3.70E-01	-1.27E-01	1.41E-01	5.28E-02	
1_1948945_C_A	6.90E-02	1.14E-05	4.91E-01	-2.15E-01	3.12E-01	4.06E-02	
1_1948946_G_A	5.17E-02	4.68E-04	7.89E-01	-7.50E-02	2.80E-01	1.58E-02	
1_1948960_T_C	2.31E-01	4.26E-09	2.44E-02	3.38E-01	1.49E-01	1.32E-01	
1_1948983_C_T	2.17E-01	1.18E-09	2.12E-02	3.56E-01	1.54E-01	1.35E-01	
1_1948986_C_G	1.52E-01	2.01E-02	7.98E-01	2.36E-02	9.24E-02	1.51E-02	
1_1948990_G_A	2.86E-01	1.08E-05	7.65E-02	2.14E-01	1.20E-01	1.04E-01	
1_1955880_T_A	2.52E-01	9.19E-03	4.96E-01	-9.66E-02	1.42E-01	4.01E-02	
1_1955892_C_T	1.62E-01	5.75E-01	8.60E-01	-2.25E-02	1.28E-01	1.04E-02	
1_1955928_G_C	8.28E-02	3.25E-05	8.69E-01	-4.21E-02	2.54E-01	9.76E-03	
1_1955934_C_T	8.62E-02	2.27E-03	2.77E-01	-1.19E-01	1.09E-01	6.41E-02	
1_1955988_G_A	2.66E-01	1.52E-03	3.97E-01	-1.25E-01	1.48E-01	5.00E-02	
1_1956000_T_C	5.86E-02	1.20E-05	3.87E-01	-2.14E-01	2.47E-01	5.10E-02	bad-chisq
1_1956006_G_A	8.97E-02	9.84E-07	6.22E-01	-1.15E-01	2.32E-01	2.91E-02	
1_1956012_C_T	1.00E-01	5.48E-06	2.69E-01	-1.91E-01	1.72E-01	6.51E-02	
1_1956014_T_C	1.14E-01	2.69E-07	3.38E-01	-4.75E-01	4.96E-01	5.64E-02	
1_1956016_C_T	1.93E-01	3.05E-03	7.23E-01	-5.74E-02	1.62E-01	2.09E-02	
1_1956036_C_T	6.90E-02	1.18E-02	6.12E-01	7.65E-02	1.51E-01	2.99E-02	
1_1956048_C_T	5.17E-02	3.04E-03	8.83E-01	3.43E-02	2.33E-01	8.69E-03	
1_1956066_G_C	2.41E-01	1.44E-02	5.32E-01	-8.19E-02	1.31E-01	3.69E-02	
1_1956084_G_A	1.00E-01	7.53E-02	3.51E-01	1.87E-01	2.01E-01	5.49E-02	
1_1956087_A_G	2.31E-01	2.23E-02	4.52E-01	-9.68E-02	1.28E-01	4.43E-02	
1_1956093_G_A	2.93E-01	1.37E-04	5.23E-01	9.42E-02	1.47E-01	3.76E-02	
1_1956096_C_T	1.24E-01	3.64E-05	1.27E-01	-2.09E-01	1.37E-01	8.98E-02	
1_1956100_C_T	2.76E-01	4.00E-05	7.89E-01	3.99E-02	1.49E-01	1.58E-02	
1_1956105_C_T	1.79E-01	1.56E-01	1.17E-01	1.37E-01	8.70E-02	9.23E-02	
1_1956117_G_C	7.24E-02	4.24E-05	5.73E-01	-1.39E-01	2.46E-01	3.33E-02	
1_1956120_C_G	8.28E-02	5.27E-07	3.32E-01	-3.00E-01	3.09E-01	5.72E-02	
1_1956159_C_G	5.17E-02	4.68E-04	2.45E-01	-2.07E-01	1.78E-01	6.85E-02	
1_1956160_A_T	1.00E-01	7.53E-02	3.51E-01	1.87E-01	2.01E-01	5.49E-02	
1_1956174_C_T	8.97E-02	4.81E-05	5.12E-01	-1.06E-01	1.61E-01	3.86E-02	
1_1956210_C_T	1.34E-01	3.29E-01	8.24E-01	3.11E-02	1.40E-01	1.31E-02	
1_1956213_C_G	1.03E-01	2.61E-06	6.13E-02	-2.55E-01	1.36E-01	1.10E-01	
1_1956215_C_T	5.17E-02	3.04E-03	6.92E-01	-8.53E-02	2.15E-01	2.34E-02	
1_1956265_C_T	5.17E-02	3.04E-03	8.80E-01	3.52E-02	2.33E-01	8.90E-03	
1_1956282_G_A	1.00E-01	7.78E-07	4.32E-01	-2.31E-01	2.93E-01	4.63E-02	
1_1956297_T_C	5.55E-01	1.98E-01	1.91E-02	-2.06E-01	8.74E-02	1.38E-01	
1_1956312_C_G	8.62E-02	2.12E-06	5.03E-01	-1.90E-01	2.83E-01	3.95E-02	
1_1956321_G_C	6.55E-02	2.42E-05	6.95E-01	-1.04E-01	2.65E-01	2.31E-02	
1_1956336_C_T	6.55E-02	1.82E-04	7.44E-01	-7.05E-02	2.15E-01	1.93E-02	
1_1956339_C_T	3.90E-01	5.40E-06	1.45E-02	1.89E-01	7.68E-02	1.43E-01	
1_1956360_C_G	1.17E-01	1.24E-07	4.30E-02	-6.76E-01	3.32E-01	1.19E-01	
1_1956403_T_C	1.10E-01	1.12E-04	4.02E-01	-1.18E-01	1.40E-01	4.94E-02	
1_1956408_C_T	5.17E-02	5.48E-05	4.31E-01	-1.64E-01	2.08E-01	4.65E-02	bad-chisq
1_1956411_G_A	6.21E-02	2.16E-03	9.31E-01	1.81E-02	2.09E-01	5.12E-03	
1_1956417_C_G	8.28E-02	9.85E-04	6.97E-01	-6.28E-02	1.61E-01	2.30E-02	
1_1956429_C_T	6.21E-02	3.73E-04	6.93E-01	-9.02E-02	2.28E-01	2.33E-02	
1_1956444_T_C	6.55E-02	2.58E-06	3.89E-01	-2.01E-01	2.33E-01	5.08E-02	bad-chisq
1_1956445_A_C	6.21E-02	2.16E-03	7.31E-01	8.84E-02	2.57E-01	2.03E-02	
1_1956447_C_T	2.76E-01	4.00E-05	5.18E-01	8.51E-02	1.32E-01	3.81E-02	
1_1956451_G_T	5.52E-02	8.04E-03	5.53E-01	1.66E-01	2.80E-01	3.50E-02	
1_1956465_T_C	3.79E-01	2.08E-05	3.36E-01	1.18E-01	1.23E-01	5.66E-02	
1_1956474_T_C	5.86E-02	4.19E-03	8.15E-01	5.23E-02	2.24E-01	1.38E-02	
1_1956483_T_C	4.14E-01	2.55E-01	5.37E-01	-6.61E-02	1.07E-01	3.64E-02	
1_1956501_C_T	5.62E-01	3.09E-01	9.54E-03	-2.30E-01	8.82E-02	1.52E-01	
1_1956507_C_T	1.34E-01	9.47E-01	6.88E-01	6.03E-02	1.50E-01	2.37E-02	
1_1956514_T_C	1.41E-01	1.08E-06	5.82E-01	-1.02E-01	1.85E-01	3.25E-02	
1_1956522_G_A	5.17E-02	3.04E-03	9.63E-01	-1.06E-02	2.29E-01	2.72E-03	
1_1956543_G_C	1.10E-01	5.79E-07	6.18E-01	-1.81E-01	3.62E-01	2.94E-02	
1_1956558_C_G	8.62E-02	9.74E-05	3.51E-01	-1.43E-01	1.52E-01	5.50E-02	
1_1956573_T_C	9.66E-02	2.08E-07	8.77E-02	-3.31E-01	1.93E-01	1.00E-01	
1_1956576_T_C	1.24E-01	1.63E-04	6.96E-01	-5.36E-02	1.37E-01	2.31E-02	
1_1956582_T_C	8.62E-02	2.27E-03	9.40E-01	-9.59E-03	1.28E-01	4.43E-03	
1_1956583_T_G	1.14E-01	2.69E-07	3.38E-01	-4.75E-01	4.96E-01	5.64E-02	
1_1956586_C_T	6.90E-02	2.83E-03	5.65E-01	1.43E-01	2.48E-01	3.39E-02	
1_1956588_C_G	1.14E-01	2.69E-07	3.38E-01	-4.75E-01	4.96E-01	5.64E-02	
1_1956593_T_C	7.59E-02	1.37E-04	8.62E-01	4.56E-02	2.63E-01	1.02E-02	
1_1956597_C_T	7.59E-02	1.35E-02	3.16E-01	-1.48E-01	1.47E-01	5.90E-02	
1_1956602_T_C	7.93E-02	6.69E-05	9.78E-01	8.12E-03	2.91E-01	1.64E-03	
1_1956609_G_C	9.66E-02	1.14E-05	8.36E-01	-6.26E-02	3.02E-01	1.22E-02	
1_1956613_G_C	1.14E-01	2.69E-07	3.38E-01	-4.75E-01	4.96E-01	5.64E-02	
1_1956614_C_T	1.14E-01	2.69E-07	3.38E-01	-4.75E-01	4.96E-01	5.64E-02	
1_1956617_G_C	8.97E-02	4.81E-05	9.76E-01	9.08E-03	3.03E-01	1.76E-03	
1_1956622_A_G	1.14E-01	2.69E-07	3.38E-01	-4.75E-01	4.96E-01	5.64E-02	
1_1956626_C_A	5.62E-01	1.35E-01	2.11E-01	-1.25E-01	9.97E-02	7.37E-02	
1_1956628_C_T	8.28E-02	1.95E-04	9.46E-01	1.87E-02	2.74E-01	4.01E-03	
1_1956635_A_C	1.14E-01	2.69E-07	3.38E-01	-4.75E-01	4.96E-01	5.64E-02	
1_1956681_G_A	2.10E-01	1.13E-02	5.16E-01	1.16E-01	1.79E-01	3.82E-02	
1_1956685_C_T	7.93E-02	7.57E-03	4.45E-01	-9.87E-02	1.29E-01	4.50E-02	
1_1956693_C_T	1.69E-01	6.28E-02	2.59E-01	-1.45E-01	1.29E-01	6.65E-02	
1_1956713_A_C	1.41E-01	8.19E-01	4.85E-01	-8.21E-02	1.17E-01	4.12E-02	
1_1956724_G_T	8.62E-02	1.56E-05	7.59E-01	-7.87E-02	2.56E-01	1.81E-02	
1_1956727_A_G	1.14E-01	2.69E-07	3.38E-01	-4.75E-01	4.96E-01	5.64E-02	
1_1956729_T_C	1.76E-01	1.16E-07	4.53E-02	-1.97E-01	9.82E-02	1.18E-01	
1_1956734_A_G	1.14E-01	2.69E-07	3.38E-01	-4.75E-01	4.96E-01	5.64E-02	
1_1956739_A_G	1.28E-01	5.91E-07	2.27E-01	-2.61E-01	2.15E-01	7.12E-02	
1_1956748_A_G	6.55E-02	1.10E-03	8.68E-01	3.43E-02	2.06E-01	9.82E-03	
1_1956763_C_G	1.14E-01	2.69E-07	3.38E-01	-4.75E-01	4.96E-01	5.64E-02	
1_1956771_G_A	7.93E-02	6.69E-05	9.21E-01	-2.29E-02	2.30E-01	5.85E-03	
1_1956790_G_A	7.93E-02	9.60E-06	3.58E-01	-2.60E-01	2.83E-01	5.41E-02	
1_1956793_C_G	1.03E-01	4.30E-08	1.30E-01	-5.40E-01	3.56E-01	8.90E-02	
1_1956802_C_T	2.28E-01	3.79E-08	8.73E-01	2.20E-02	1.38E-01	9.40E-03	
1_1956808_A_T	9.66E-02	1.14E-05	8.36E-01	-6.26E-02	3.02E-01	1.22E-02	
1_1956831_C_T	7.59E-02	1.37E-04	8.98E-01	3.48E-02	2.72E-01	7.53E-03	
1_1956835_G_T	9.66E-02	1.14E-05	8.36E-01	-6.26E-02	3.02E-01	1.22E-02	
1_1956843_G_A	5.69E-01	3.71E-03	2.92E-01	-7.15E-02	6.77E-02	6.21E-02	
1_1956852_C_T	7.24E-02	1.48E-03	4.37E-01	-1.21E-01	1.55E-01	4.59E-02	
1_1956861_C_T	8.28E-02	4.51E-02	4.48E-01	-8.89E-02	1.17E-01	4.47E-02	
1_1956930_C_G	1.07E-01	1.23E-06	7.41E-01	-1.08E-01	3.28E-01	1.95E-02	
1_1956937_C_T	5.52E-02	2.25E-04	8.29E-01	-5.19E-02	2.41E-01	1.27E-02	
1_1956951_C_T	4.55E-01	5.74E-05	4.63E-01	7.44E-02	1.01E-01	4.33E-02	
1_1956957_C_T	4.10E-01	1.03E-05	4.18E-01	8.46E-02	1.04E-01	4.78E-02	
1_1956963_G_C	1.17E-01	8.09E-01	5.14E-01	-9.37E-02	1.43E-01	3.85E-02	
1_1956981_G_C	7.93E-02	6.69E-05	8.10E-01	-5.54E-02	2.30E-01	1.42E-02	
1_1956982_C_T	9.66E-02	1.45E-03	7.01E-01	-5.94E-02	1.55E-01	2.26E-02	
1_1957008_C_T	6.21E-02	3.73E-04	9.93E-01	1.66E-03	1.85E-01	5.27E-04	
1_1957023_A_G	4.10E-01	2.19E-03	4.86E-02	-1.33E-01	6.70E-02	1.16E-01	
1_1957041_T_C	1.62E-01	4.13E-05	2.04E-02	-2.29E-01	9.82E-02	1.36E-01	
1_1957046_C_T	1.14E-01	2.69E-07	3.38E-01	-4.75E-01	4.96E-01	5.64E-02	
1_1957059_C_G	1.34E-01	2.27E-05	3.32E-01	-1.62E-01	1.67E-01	5.71E-02	
1_1957093_G_A	6.90E-02	8.81E-05	6.02E-01	-1.55E-01	2.97E-01	3.08E-02	
1_1957098_T_C	7.45E-01	9.69E-02	4.97E-01	6.38E-02	9.38E-02	4.01E-02	
1_1957143_C_G	4.69E-01	1.16E-02	9.85E-01	3.09E-03	1.62E-01	1.12E-03	
1_1957155_T_C	6.90E-02	2.83E-03	3.48E-01	-1.29E-01	1.38E-01	5.53E-02	
1_1957194_G_A	6.90E-02	8.81E-05	3.28E-01	-2.03E-01	2.07E-01	5.76E-02	
1_1957214_G_C	1.14E-01	2.69E-07	3.38E-01	-4.75E-01	4.96E-01	5.64E-02	
1_1957233_C_T	6.55E-02	5.36E-03	1.08E-01	-2.21E-01	1.37E-01	9.47E-02	
1_1957236_G_A	1.59E-01	9.55E-01	4.10E-01	7.65E-02	9.28E-02	4.85E-02	
1_1957248_T_C	2.59E-01	9.80E-06	1.01E-01	2.43E-01	1.48E-01	9.66E-02	
1_1957299_T_C	2.41E-01	1.06E-01	9.19E-01	1.04E-02	1.03E-01	5.96E-03	
1_1957305_C_T	9.66E-02	1.15E-01	7.95E-01	3.05E-02	1.17E-01	1.53E-02	
1_1957312_C_T	4.21E-01	1.47E-08	4.00E-01	9.95E-02	1.18E-01	4.96E-02	
1_1957329_C_T	7.59E-02	3.52E-03	9.21E-02	-2.44E-01	1.45E-01	9.91E-02	
1_1957332_G_A	7.59E-02	1.37E-04	8.02E-02	-2.65E-01	1.51E-01	1.03E-01	
1_1957340_C_A	6.90E-02	8.81E-05	6.02E-01	-1.55E-01	2.97E-01	3.08E-02	
1_1957350_A_G	3.10E-01	5.67E-03	4.47E-02	2.77E-01	1.38E-01	1.18E-01	
1_1957354_G_A	6.90E-02	8.81E-05	6.02E-01	-1.55E-01	2.97E-01	3.08E-02	
1_1957355_C_T	6.90E-02	8.81E-05	6.02E-01	-1.55E-01	2.97E-01	3.08E-02	
1_1957377_C_T	4.17E-01	3.63E-07	8.08E-02	2.00E-01	1.14E-01	1.03E-01	
1_1957385_G_C	1.07E-01	1.23E-06	7.93E-01	-8.47E-02	3.23E-01	1.55E-02	
1_1957389_T_C	8.07E-01	9.67E-01	9.05E-01	1.12E-02	9.46E-02	7.01E-03	
1_1957392_C_T	2.55E-01	1.32E-08	1.27E-01	2.32E-01	1.51E-01	8.99E-02	
1_1957395_A_G	3.38E-01	1.02E-02	2.22E-01	1.84E-01	1.51E-01	7.19E-02	
1_1957396_G_A	1.14E-01	2.69E-07	3.38E-01	-4.75E-01	4.96E-01	5.64E-02	
1_1957403_G_A	1.07E-01	1.23E-06	7.10E-01	-1.21E-01	3.26E-01	2.19E-02	
1_1957408_C_T	2.90E-01	1.30E-01	7.53E-01	-2.46E-02	7.80E-02	1.85E-02	
1_1957416_C_T	5.17E-02	1.75E-01	8.25E-01	-3.89E-02	1.76E-01	1.30E-02	
1_1957440_C_T	4.38E-01	6.30E-05	9.23E-01	1.34E-02	1.39E-01	5.67E-03	
1_1957456_C_T	5.86E-02	7.57E-04	9.13E-01	-2.54E-02	2.32E-01	6.45E-03	
1_1957467_G_A	5.17E-02	3.04E-03	4.94E-01	-1.18E-01	1.73E-01	4.03E-02	
1_1957470_G_A	5.17E-02	4.68E-04	1.20E-01	-3.00E-01	1.92E-01	9.14E-02	
1_1957482_C_T	2.66E-01	3.92E-06	5.78E-01	8.52E-02	1.53E-01	3.28E-02	
1_1957485_A_G	4.90E-01	3.79E-03	9.82E-01	2.49E-03	1.09E-01	1.35E-03	
1_1957486_C_T	1.07E-01	4.46E-05	3.54E-02	-2.77E-01	1.31E-01	1.24E-01	
1_1957494_G_A	4.41E-01	4.12E-05	7.03E-02	2.05E-01	1.13E-01	1.06E-01	
1_1957534_A_G	1.17E-01	8.71E-07	9.08E-01	-3.89E-02	3.35E-01	6.84E-03	
1_1957549_C_A	1.10E-01	5.79E-07	6.23E-01	-1.77E-01	3.60E-01	2.90E-02	
1_1957560_T_C	9.31E-02	2.35E-05	9.74E-01	-8.76E-03	2.69E-01	1.92E-03	
1_1957579_A_G	2.55E-01	2.75E-07	2.36E-01	1.76E-01	1.48E-01	6.98E-02	
1_1957582_C_G	1.14E-01	2.69E-07	3.38E-01	-4.75E-01	4.96E-01	5.64E-02	
1_1957609_G_A	1.17E-01	8.71E-07	9.29E-01	-3.00E-02	3.35E-01	5.29E-03	
1_1957621_G_A	3.31E-01	1.61E-10	2.34E-02	3.50E-01	1.53E-01	1.33E-01	
1_1957626_C_G	8.28E-02	5.27E-07	3.32E-01	-3.00E-01	3.09E-01	5.72E-02	
1_1957627_G_C	1.14E-01	2.69E-07	3.38E-01	-4.75E-01	4.96E-01	5.64E-02	
1_1957633_T_C	2.34E-01	1.50E-02	9.87E-01	2.54E-03	1.55E-01	9.63E-04	
1_1957650_C_T	7.00E-01	1.69E-06	2.49E-02	1.63E-01	7.21E-02	1.32E-01	
1_1957656_C_T	2.72E-01	6.42E-02	2.55E-01	8.63E-02	7.57E-02	6.70E-02	
1_1957713_C_T	8.97E-02	4.81E-05	9.76E-01	9.08E-03	3.03E-01	1.76E-03	
1_1957716_G_A	4.69E-01	3.13E-06	4.32E-01	7.48E-02	9.52E-02	4.63E-02	
1_1957899_C_T	2.69E-01	3.50E-08	4.08E-01	1.26E-01	1.52E-01	4.88E-02	
1_1957908_T_C	5.28E-01	4.54E-03	7.77E-01	2.78E-02	9.80E-02	1.67E-02	
1_1957912_C_G	6.21E-02	5.12E-05	6.93E-01	-1.10E-01	2.79E-01	2.33E-02	
1_1957913_A_T	7.59E-02	7.61E-04	7.70E-01	8.28E-02	2.83E-01	1.72E-02	
1_1957927_C_T	7.59E-02	7.61E-04	7.70E-01	8.28E-02	2.83E-01	1.72E-02	
1_1957930_T_C	1.10E-01	5.79E-07	7.17E-01	-1.30E-01	3.60E-01	2.13E-02	
1_1957944_C_T	3.79E-01	1.05E-08	2.10E-01	1.95E-01	1.55E-01	7.38E-02	
1_1957953_A_G	4.72E-01	8.45E-04	6.33E-01	6.29E-02	1.32E-01	2.81E-02	
1_1957968_T_C	6.55E-02	1.82E-04	8.85E-01	-3.11E-02	2.16E-01	8.51E-03	
1_1957980_G_A	6.55E-02	2.58E-06	4.10E-01	-1.94E-01	2.35E-01	4.86E-02	bad-chisq
1_1957986_T_C	3.83E-01	2.93E-04	4.05E-01	9.07E-02	1.09E-01	4.91E-02	
1_1958034_A_G	1.00E-01	9.50E-08	2.75E-01	-3.25E-01	2.97E-01	6.43E-02	
1_1958038_A_C	1.14E-01	2.69E-07	3.38E-01	-4.75E-01	4.96E-01	5.64E-02	
1_1958053_A_G	2.66E-01	1.52E-03	3.97E-01	-1.25E-01	1.48E-01	5.00E-02	
1_1958066_T_C	8.97E-02	4.81E-05	9.76E-01	9.08E-03	3.03E-01	1.76E-03	
1_1958074_G_A	1.28E-01	9.85E-01	7.34E-01	5.66E-02	1.66E-01	2.01E-02	
1_1958075_A_C	2.66E-01	1.52E-03	3.97E-01	-1.25E-01	1.48E-01	5.00E-02	
1_1958076_G_C	8.62E-02	9.74E-05	8.59E-01	4.90E-02	2.75E-01	1.05E-02	
1_1958077_C_T	7.59E-02	7.61E-04	7.72E-01	7.05E-02	2.44E-01	1.71E-02	
1_1958080_C_A	5.52E-02	5.67E-01	9.61E-01	5.87E-03	1.21E-01	2.86E-03	
1_1958081_G_A	1.07E-01	1.23E-06	7.93E-01	-8.47E-02	3.23E-01	1.55E-02	
1_1958088_G_A	5.17E-02	3.04E-03	9.70E-01	-8.97E-03	2.40E-01	2.21E-03	
1_1958089_C_T	7.24E-02	1.48E-03	6.50E-01	1.08E-01	2.37E-01	2.67E-02	
1_1958095_G_C	7.24E-02	2.36E-02	7.13E-01	-5.91E-02	1.60E-01	2.17E-02	
1_1958096_A_C	5.52E-02	1.53E-03	7.09E-01	8.39E-02	2.25E-01	2.20E-02	
1_1958108_A_C	7.93E-02	6.69E-05	7.32E-01	-8.53E-02	2.49E-01	2.02E-02	
1_1958117_C_T	2.17E-01	1.88E-10	2.35E-02	4.07E-01	1.79E-01	1.33E-01	
1_1958118_C_G	5.17E-02	1.75E-01	1.86E-01	-2.06E-01	1.56E-01	7.78E-02	
1_1958119_G_A	1.14E-01	2.69E-07	3.38E-01	-4.75E-01	4.96E-01	5.64E-02	
1_1958120_C_T	5.17E-02	1.75E-01	1.86E-01	-2.06E-01	1.56E-01	7.78E-02	
1_1958122_T_C	1.34E-01	2.27E-05	9.43E-01	9.44E-03	1.32E-01	4.21E-03	
1_1958143_C_G	1.14E-01	2.69E-07	3.38E-01	-4.75E-01	4.96E-01	5.64E-02	
1_1958157_C_G	8.28E-02	3.25E-05	7.72E-01	-7.16E-02	2.47E-01	1.71E-02	
1_1958163_G_C	8.97E-02	7.47E-06	8.72E-01	-4.01E-02	2.49E-01	9.48E-03	
1_1958196_G_A	7.93E-02	6.69E-05	9.78E-01	8.12E-03	2.91E-01	1.64E-03	
1_1958206_C_G	7.59E-02	1.37E-04	7.75E-01	-6.92E-02	2.42E-01	1.68E-02	
1_1958208_G_A	2.41E-01	3.01E-02	6.13E-01	-6.92E-02	1.37E-01	2.99E-02	
1_1958223_C_G	5.86E-02	1.08E-04	8.47E-01	-5.23E-02	2.71E-01	1.14E-02	
1_1958231_A_C	1.14E-01	2.69E-07	3.38E-01	-4.75E-01	4.96E-01	5.64E-02	
1_1958233_T_G	1.14E-01	2.69E-07	3.38E-01	-4.75E-01	4.96E-01	5.64E-02	
1_1958234_C_G	8.28E-02	5.27E-07	3.32E-01	-3.00E-01	3.09E-01	5.72E-02	
1_1958235_C_A	1.14E-01	2.69E-07	3.38E-01	-4.75E-01	4.96E-01	5.64E-02	
1_1977471_C_T	1.17E-01	5.36E-06	8.70E-01	3.67E-02	2.24E-01	9.66E-03	
1_1977483_C_T	1.00E-01	7.53E-02	3.51E-01	1.87E-01	2.01E-01	5.49E-02	
1_1977484_T_C	1.00E-01	7.53E-02	3.51E-01	1.87E-01	2.01E-01	5.49E-02	
1_1977489_A_G	9.31E-02	4.54E-07	4.61E-01	-1.99E-01	2.69E-01	4.35E-02	
1_1977498_C_A	1.14E-01	2.69E-07	3.38E-01	-4.75E-01	4.96E-01	5.64E-02	
1_1977504_G_T	1.10E-01	5.79E-07	6.18E-01	-1.81E-01	3.62E-01	2.94E-02	
1_1977516_C_G	1.14E-01	2.69E-07	3.38E-01	-4.75E-01	4.96E-01	5.64E-02	
1_1977537_T_C	1.14E-01	2.69E-07	3.38E-01	-4.75E-01	4.96E-01	5.64E-02	
1_1977540_T_C	6.90E-02	2.83E-03	5.41E-01	1.49E-01	2.43E-01	3.60E-02	
1_1977559_C_T	6.90E-02	1.14E-05	4.91E-01	-2.15E-01	3.12E-01	4.06E-02	
1_1977564_G_A	6.55E-02	1.82E-04	9.60E-01	-1.18E-02	2.37E-01	2.93E-03	
1_1977567_C_T	2.83E-01	1.59E-04	6.37E-01	-6.21E-02	1.31E-01	2.78E-02	
1_1977578_C_T	1.34E-01	6.79E-01	7.90E-01	-4.02E-02	1.51E-01	1.57E-02	
1_1977585_C_G	1.28E-01	8.81E-08	1.38E-01	-3.60E-01	2.42E-01	8.73E-02	
1_1977588_G_A	3.62E-01	2.23E-02	1.25E-01	2.11E-01	1.37E-01	9.04E-02	
1_1977592_C_G	1.34E-01	1.30E-07	8.74E-02	-3.85E-01	2.24E-01	1.01E-01	
1_1977594_G_C	6.90E-02	1.14E-05	4.91E-01	-2.15E-01	3.12E-01	4.06E-02	
1_1977603_G_A	1.03E-01	1.68E-03	7.51E-01	-4.67E-02	1.47E-01	1.87E-02	
1_1977606_T_C	4.76E-01	3.04E-03	9.63E-01	-5.97E-03	1.28E-01	2.74E-03	
1_1977621_G_C	1.14E-01	2.69E-07	3.38E-01	-4.75E-01	4.96E-01	5.64E-02	
1_1977625_G_A	1.00E-01	5.48E-06	7.19E-01	-1.31E-01	3.63E-01	2.12E-02	
1_1977630_T_C	1.41E-01	1.08E-06	6.88E-01	-7.65E-02	1.90E-01	2.36E-02	
1_1977636_G_A	5.52E-02	1.53E-03	6.58E-01	-1.12E-01	2.52E-01	2.61E-02	
1_1977654_C_T	2.72E-01	1.82E-04	1.70E-01	2.00E-01	1.46E-01	8.09E-02	
1_1977687_G_T	2.21E-01	3.95E-09	8.76E-02	2.72E-01	1.59E-01	1.00E-01	
1_1977696_T_C	1.93E-01	7.82E-02	5.86E-01	-8.93E-02	1.64E-01	3.21E-02	
1_1977720_A_G	4.97E-01	3.52E-04	9.56E-01	5.37E-03	9.65E-02	3.28E-03	
1_1978344_G_C	2.34E-01	6.50E-08	6.97E-02	2.91E-01	1.60E-01	1.07E-01	
1_1978356_T_C	2.31E-01	2.24E-08	4.97E-02	3.31E-01	1.68E-01	1.15E-01	
1_1978429_T_C	9.10E-01	7.42E-01	5.35E-01	-6.17E-02	9.93E-02	3.66E-02	
1_1978446_C_T	7.24E-02	2.76E-04	8.51E-01	4.57E-02	2.42E-01	1.11E-02	
1_1978458_C_G	1.07E-01	1.66E-07	1.69E-01	-4.37E-01	3.17E-01	8.10E-02	
1_1978464_A_G	2.48E-01	3.82E-08	8.74E-01	2.59E-02	1.63E-01	9.37E-03	
1_1978491_T_C	9.66E-02	1.14E-05	8.36E-01	-6.26E-02	3.02E-01	1.22E-02	
1_1978494_C_T	8.97E-02	4.81E-05	9.12E-01	2.85E-02	2.58E-01	6.52E-03	
1_1978503_C_T	5.31E-01	2.58E-04	3.88E-01	5.82E-02	6.74E-02	5.08E-02	
1_1978527_G_A	2.86E-01	1.34E-03	4.25E-02	-2.22E-01	1.09E-01	1.19E-01	
1_1978552_G_C	6.90E-02	1.14E-05	4.91E-01	-2.15E-01	3.12E-01	4.06E-02	
1_1978557_C_G	2.17E-01	4.90E-02	2.78E-01	-1.47E-01	1.35E-01	6.39E-02	
1_1978569_C_T	2.59E-01	2.70E-06	4.03E-01	-9.04E-02	1.08E-01	4.93E-02	
1_1978572_T_C	5.17E-01	1.14E-01	2.80E-02	-2.37E-01	1.07E-01	1.29E-01	
1_1978597_C_T	5.17E-02	5.84E-02	2.00E-01	2.90E-01	2.26E-01	7.55E-02	
1_1978605_G_C	4.62E-01	1.78E-04	9.52E-01	-6.91E-03	1.14E-01	3.56E-03	
1_1978611_A_G	6.41E-01	1.27E-01	5.84E-01	-4.40E-02	8.02E-02	3.23E-02	
1_1978620_C_T	1.14E-01	2.69E-07	3.38E-01	-4.75E-01	4.96E-01	5.64E-02	
1_1978623_G_C	1.45E-01	1.39E-05	2.18E-01	-1.87E-01	1.51E-01	7.26E-02	
1_1978668_G_A	1.14E-01	2.69E-07	3.38E-01	-4.75E-01	4.96E-01	5.64E-02	
1_1978677_T_C	5.86E-02	7.57E-04	9.56E-01	-1.11E-02	2.02E-01	3.24E-03	
1_1978682_T_C	7.24E-02	1.48E-03	9.38E-01	-1.55E-02	1.99E-01	4.59E-03	
1_1978698_T_G	1.14E-01	2.69E-07	3.38E-01	-4.75E-01	4.96E-01	5.64E-02	
1_1978702_A_G	1.00E-01	5.48E-06	7.19E-01	-1.31E-01	3.63E-01	2.12E-02	
1_1978722_T_C	9.66E-02	1.14E-05	7.32E-01	8.43E-02	2.46E-01	2.02E-02	
1_1978729_C_G	9.31E-02	3.54E-06	8.01E-01	-7.56E-02	3.00E-01	1.48E-02	
1_1978739_A_C	9.31E-02	3.54E-06	8.01E-01	-7.56E-02	3.00E-01	1.48E-02	
1_1978749_G_C	1.86E-01	4.05E-02	2.52E-01	1.81E-01	1.57E-01	6.74E-02	
1_1978752_C_T	1.34E-01	5.29E-01	3.90E-01	-1.43E-01	1.66E-01	5.06E-02	
1_1978753_G_A	1.52E-01	7.32E-01	3.21E-01	-1.52E-01	1.53E-01	5.85E-02	
1_1978755_C_G	1.83E-01	3.32E-06	1.50E-01	-1.87E-01	1.30E-01	8.47E-02	
1_1978758_C_T	4.86E-01	1.08E-03	4.64E-01	9.58E-02	1.31E-01	4.32E-02	
1_1978770_T_C	5.14E-01	7.75E-03	3.67E-01	1.07E-01	1.19E-01	5.32E-02	
1_1978788_C_T	5.86E-02	4.19E-03	9.19E-01	-1.65E-02	1.61E-01	6.02E-03	
1_1978810_C_A	6.90E-02	1.14E-05	4.91E-01	-2.15E-01	3.12E-01	4.06E-02	
1_1978827_C_T	5.86E-02	3.99E-01	2.49E-01	1.52E-01	1.32E-01	6.80E-02	
1_1978830_T_C	1.00E-01	5.48E-06	7.19E-01	-1.31E-01	3.63E-01	2.12E-02	
1_1978836_C_T	1.31E-01	8.94E-01	4.18E-01	1.31E-01	1.62E-01	4.77E-02	
1_1978841_A_C	1.14E-01	2.69E-07	3.38E-01	-4.75E-01	4.96E-01	5.64E-02	
1_1978844_G_A	1.14E-01	2.69E-07	3.38E-01	-4.75E-01	4.96E-01	5.64E-02	
1_1978845_C_T	6.90E-02	2.83E-03	5.43E-01	1.40E-01	2.30E-01	3.59E-02	
1_1978846_A_T	1.10E-01	5.79E-07	7.17E-01	-1.30E-01	3.58E-01	2.14E-02	
1_1978854_A_G	5.52E-01	1.99E-03	2.45E-01	1.09E-01	9.36E-02	6.85E-02	
1_1978893_G_A	8.97E-02	7.47E-06	8.06E-01	-6.20E-02	2.52E-01	1.45E-02	
1_1990246_C_T	9.31E-02	1.33E-04	5.42E-01	-1.19E-01	1.96E-01	3.59E-02	
1_1990265_C_T	1.21E-01	2.61E-01	8.44E-01	-3.89E-02	1.97E-01	1.16E-02	
1_1990266_G_A	1.00E-01	5.48E-06	8.91E-01	-3.64E-02	2.65E-01	8.10E-03	
1_1990275_C_T	1.03E-01	1.63E-05	9.91E-01	-2.55E-03	2.21E-01	6.82E-04	
1_1990302_C_T	1.72E-01	8.88E-01	1.79E-01	-1.79E-01	1.33E-01	7.91E-02	
1_1990309_A_G	5.17E-02	1.52E-02	7.09E-02	-2.89E-01	1.59E-01	1.06E-01	
1_1990362_A_G	9.66E-02	2.08E-07	3.54E-01	-2.60E-01	2.80E-01	5.46E-02	
1_1990365_C_T	3.66E-01	5.44E-09	3.44E-01	1.87E-01	1.98E-01	5.57E-02	
1_1990374_T_C	4.66E-01	1.54E-02	8.59E-01	3.46E-02	1.94E-01	1.05E-02	
1_1990404_A_G	5.52E-02	8.04E-03	7.40E-01	7.84E-02	2.37E-01	1.95E-02	
1_1990422_C_T	3.83E-01	1.34E-05	2.73E-01	1.57E-01	1.43E-01	6.45E-02	
1_1990423_G_A	8.62E-02	1.73E-01	2.64E-01	1.34E-01	1.20E-01	6.58E-02	
1_1990425_G_C	1.10E-01	5.79E-07	5.38E-01	-2.44E-01	3.96E-01	3.63E-02	
1_1990456_A_G	2.31E-01	2.24E-08	9.40E-02	2.59E-01	1.54E-01	9.85E-02	
1_1990460_T_C	7.24E-02	4.24E-05	5.14E-01	-1.63E-01	2.49E-01	3.85E-02	
1_1990470_T_C	4.59E-01	1.52E-03	3.96E-01	1.42E-01	1.67E-01	5.01E-02	
1_1990472_C_G	5.52E-02	2.25E-04	8.39E-01	-5.65E-02	2.77E-01	1.20E-02	
1_1990473_G_C	1.07E-01	1.23E-06	7.10E-01	-1.21E-01	3.26E-01	2.19E-02	
1_1990479_A_G	9.66E-02	6.69E-05	1.26E-01	-2.69E-01	1.75E-01	9.01E-02	
1_1990485_G_C	5.17E-02	4.68E-04	9.98E-01	5.40E-04	2.72E-01	1.17E-04	
1_1990515_C_G	5.86E-02	1.77E-01	8.11E-01	-2.90E-02	1.21E-01	1.41E-02	
1_1990528_T_A	5.17E-02	4.68E-04	7.89E-01	-7.50E-02	2.80E-01	1.58E-02	
1_1990533_C_G	8.28E-02	1.95E-04	9.46E-01	1.87E-02	2.74E-01	4.01E-03	
1_1990536_C_T	4.03E-01	2.52E-05	8.82E-01	2.36E-02	1.59E-01	8.73E-03	
1_1990540_T_G	1.14E-01	2.69E-07	3.38E-01	-4.75E-01	4.96E-01	5.64E-02	
1_1990542_G_C	1.00E-01	3.32E-05	5.25E-01	1.45E-01	2.28E-01	3.75E-02	
1_1990545_C_G	1.00E-01	5.48E-06	8.97E-01	-3.35E-02	2.58E-01	7.66E-03	
1_1990584_A_G	3.14E-01	1.79E-03	5.17E-01	7.65E-02	1.18E-01	3.82E-02	
1_1990590_C_T	8.62E-02	2.27E-03	8.84E-01	-2.21E-02	1.52E-01	8.61E-03	
1_1990592_G_C	5.52E-02	2.25E-04	9.02E-01	2.72E-02	2.22E-01	7.23E-03	
1_1990602_G_C	6.21E-02	5.12E-05	6.93E-01	-1.10E-01	2.79E-01	2.33E-02	
1_1990674_G_C	1.14E-01	2.69E-07	3.38E-01	-4.75E-01	4.96E-01	5.64E-02	
1_1990707_C_G	6.90E-02	1.14E-05	8.58E-01	-4.38E-02	2.44E-01	1.06E-02	
1_1990710_C_T	4.07E-01	1.62E-05	7.18E-01	5.82E-02	1.61E-01	2.13E-02	
1_1990713_T_C	4.48E-01	1.88E-03	5.51E-01	9.52E-02	1.60E-01	3.51E-02	
1_1990722_G_C	5.86E-02	1.08E-04	7.75E-01	-6.71E-02	2.35E-01	1.68E-02	
1_1990725_G_C	6.55E-02	1.10E-03	6.59E-01	1.11E-01	2.52E-01	2.60E-02	
1_1990753_T_A	4.07E-01	1.63E-06	3.28E-01	1.77E-01	1.80E-01	5.77E-02	
1_1990764_C_T	1.55E-01	3.94E-01	5.08E-01	1.05E-01	1.59E-01	3.90E-02	
1_1990776_G_C	3.66E-01	3.50E-07	1.49E-02	3.25E-01	1.33E-01	1.43E-01	
1_1990782_G_C	2.90E-01	5.56E-04	9.67E-02	2.44E-01	1.47E-01	9.77E-02	
1_1990785_G_C	7.93E-02	6.69E-05	9.78E-01	8.12E-03	2.91E-01	1.64E-03	
1_1990819_C_A	4.76E-01	1.28E-02	4.98E-01	1.43E-01	2.10E-01	3.99E-02	
1_1990832_A_G	4.72E-01	8.67E-03	5.03E-01	1.30E-01	1.94E-01	3.95E-02	
1_1990834_G_C	4.76E-01	1.28E-02	4.98E-01	1.43E-01	2.10E-01	3.99E-02	
1_1990860_A_G	6.21E-02	3.73E-04	8.84E-01	-3.43E-02	2.35E-01	8.59E-03	
1_1990864_C_G	6.90E-02	8.81E-05	6.02E-01	-1.55E-01	2.97E-01	3.08E-02	
1_1990869_C_T	2.38E-01	2.22E-04	1.85E-01	-9.74E-02	7.32E-02	7.81E-02	
1_1990872_T_C	2.38E-01	1.72E-03	2.84E-01	-1.36E-01	1.27E-01	6.31E-02	
1_1990878_G_A	2.52E-01	4.50E-09	1.34E-01	2.65E-01	1.77E-01	8.82E-02	
1_1990890_C_T	5.17E-02	3.04E-03	2.90E-01	-1.81E-01	1.71E-01	6.23E-02	
1_1990902_G_A	5.17E-02	7.75E-01	2.84E-01	-1.54E-01	1.44E-01	6.31E-02	
1_1990914_C_T	2.79E-01	2.60E-05	5.21E-01	9.64E-02	1.50E-01	3.78E-02	
1_1990927_C_G	5.52E-02	1.53E-03	7.82E-01	-7.08E-02	2.56E-01	1.63E-02	
1_1990938_C_T	1.69E-01	5.52E-01	4.68E-01	1.07E-01	1.47E-01	4.28E-02	
1_1990945_A_G	4.48E-01	3.37E-04	3.15E-01	1.74E-01	1.73E-01	5.92E-02	
1_1990968_C_G	1.45E-01	7.63E-01	5.26E-01	1.03E-01	1.62E-01	3.74E-02	
1_1990992_G_A	4.66E-01	7.81E-03	1.52E-01	2.43E-01	1.69E-01	8.43E-02	
1_1991001_G_A	2.10E-01	8.80E-11	8.53E-03	4.39E-01	1.66E-01	1.54E-01	
1_1991016_T_C	7.03E-01	3.07E-01	3.89E-01	-6.30E-02	7.30E-02	5.08E-02	
1_1991040_C_T	5.52E-02	2.25E-04	8.68E-03	-4.19E-01	1.58E-01	1.54E-01	
1_1991043_G_C	3.93E-01	1.01E-06	7.29E-01	5.30E-02	1.53E-01	2.04E-02	
1_1991046_C_G	3.72E-01	3.59E-02	8.73E-01	2.41E-02	1.51E-01	9.41E-03	
1_1991054_T_A	3.48E-01	2.04E-08	1.72E-01	2.07E-01	1.51E-01	8.05E-02	
1_1991055_C_T	3.83E-01	9.87E-08	4.24E-01	1.35E-01	1.69E-01	4.71E-02	
1_1991058_G_A	4.03E-01	2.65E-06	4.20E-01	1.31E-01	1.62E-01	4.75E-02	
1_1991064_G_C	7.24E-02	2.76E-04	9.84E-01	4.97E-03	2.46E-01	1.19E-03	
1_1991068_G_C	1.14E-01	2.69E-07	3.38E-01	-4.75E-01	4.96E-01	5.64E-02	
1_1991070_G_C	3.79E-01	1.05E-08	2.42E-01	2.06E-01	1.75E-01	6.90E-02	
1_1991074_T_G	8.62E-02	9.74E-05	8.59E-01	4.90E-02	2.75E-01	1.05E-02	
1_1991088_A_G	4.62E-01	1.05E-02	8.34E-01	3.81E-02	1.81E-01	1.24E-02	
1_1991097_G_C	6.90E-02	8.81E-05	4.22E-01	-2.00E-01	2.49E-01	4.73E-02	
1_1991100_C_T	6.90E-02	5.54E-04	3.60E-01	-1.48E-01	1.62E-01	5.39E-02	
1_1991105_T_C	3.34E-01	2.68E-02	2.52E-01	1.59E-01	1.38E-01	6.75E-02	
1_1991112_G_C	1.14E-01	2.69E-07	3.38E-01	-4.75E-01	4.96E-01	5.64E-02	
1_1991129_G_C	2.34E-01	2.77E-03	5.78E-01	-1.06E-01	1.90E-01	3.28E-02	
1_1991136_T_C	4.86E-01	1.06E-02	3.48E-01	1.85E-01	1.97E-01	5.54E-02	
1_1991139_A_G	4.24E-01	3.14E-04	1.72E-01	1.86E-01	1.36E-01	8.04E-02	
1_1991145_G_C	3.66E-01	5.44E-09	3.75E-01	1.71E-01	1.93E-01	5.23E-02	
1_1991150_G_A	3.76E-01	4.32E-09	2.51E-01	2.07E-01	1.80E-01	6.76E-02	
1_1991169_C_G	7.24E-02	1.48E-03	6.74E-01	1.02E-01	2.42E-01	2.48E-02	
1_1991175_C_G	4.59E-01	7.03E-03	1.93E-01	2.20E-01	1.69E-01	7.67E-02	
1_1991181_C_G	6.55E-02	2.42E-05	6.43E-01	-1.30E-01	2.81E-01	2.73E-02	
1_1991188_C_G	1.38E-01	3.87E-07	8.44E-02	-3.58E-01	2.07E-01	1.02E-01	
1_1991198_C_T	1.31E-01	4.03E-01	7.07E-01	-5.63E-02	1.50E-01	2.21E-02	
1_1991209_C_T	5.17E-02	1.52E-02	5.15E-01	-1.24E-01	1.91E-01	3.84E-02	
1_1991215_A_G	5.52E-01	1.88E-03	7.38E-01	-5.11E-02	1.52E-01	1.98E-02	
1_1991229_G_A	7.93E-02	7.30E-02	6.98E-01	-4.42E-02	1.14E-01	2.29E-02	
1_1991232_A_G	4.55E-01	4.62E-03	1.97E-01	1.90E-01	1.47E-01	7.59E-02	
1_1991236_C_G	1.24E-01	8.52E-01	6.73E-01	7.00E-02	1.66E-01	2.49E-02	
1_1991241_C_T	3.17E-01	5.03E-04	9.63E-01	-7.04E-03	1.50E-01	2.77E-03	
1_1991244_G_C	7.59E-02	2.48E-06	4.39E-01	-1.81E-01	2.34E-01	4.56E-02	
1_1991248_G_A	3.62E-01	2.16E-09	2.84E-01	2.23E-01	2.08E-01	6.31E-02	
1_1991253_G_C	3.00E-01	4.77E-04	3.34E-01	1.22E-01	1.26E-01	5.69E-02	
1_1991257_G_A	2.62E-01	9.94E-08	9.31E-01	1.50E-02	1.72E-01	5.14E-03	
1_1991262_G_C	4.72E-01	8.67E-03	4.73E-01	1.44E-01	2.00E-01	4.23E-02	
1_1991264_C_T	3.69E-01	1.33E-08	4.17E-01	1.51E-01	1.86E-01	4.79E-02	
1_1991289_G_A	1.17E-01	4.88E-02	2.82E-01	-1.00E-01	9.29E-02	6.34E-02	
1_1991292_G_C	1.52E-01	5.01E-01	6.18E-01	7.56E-02	1.52E-01	2.94E-02	
1_1991307_A_G	5.86E-02	1.77E-01	6.57E-01	-5.85E-02	1.32E-01	2.62E-02	
1_1991316_A_G	3.79E-01	1.67E-07	6.96E-01	5.87E-02	1.50E-01	2.31E-02	
1_1991356_G_A	4.14E-01	1.98E-05	4.72E-01	1.24E-01	1.72E-01	4.24E-02	
1_1991373_G_C	3.21E-01	1.04E-02	7.61E-02	2.69E-01	1.51E-01	1.04E-01	
1_1991400_T_C	1.59E-01	3.03E-01	5.18E-01	9.92E-02	1.53E-01	3.81E-02	
1_1991406_C_G	1.14E-01	5.73E-05	1.45E-01	-1.92E-01	1.31E-01	8.59E-02	
1_1991412_C_G	1.69E-01	1.23E-01	5.41E-01	9.59E-02	1.57E-01	3.61E-02	
1_1991413_A_C	1.00E-01	7.53E-02	3.51E-01	1.87E-01	2.01E-01	5.49E-02	
1_1991434_T_C	6.28E-01	4.99E-03	4.70E-01	5.57E-02	7.69E-02	4.26E-02	
1_1991445_A_G	4.59E-01	3.35E-03	5.42E-01	1.10E-01	1.80E-01	3.59E-02	
1_1991446_T_C	3.72E-01	1.62E-06	2.27E-01	1.73E-01	1.43E-01	7.12E-02	
1_1991454_G_A	3.41E-01	7.61E-03	6.41E-01	6.49E-02	1.39E-01	2.75E-02	
1_1991472_C_G	1.07E-01	1.23E-06	7.10E-01	-1.21E-01	3.26E-01	2.19E-02	
1_1991499_C_G	3.76E-01	7.37E-08	4.18E-01	1.56E-01	1.92E-01	4.78E-02	
1_1991502_C_T	5.52E-02	2.25E-04	9.59E-01	1.30E-02	2.54E-01	3.01E-03	
1_1991511_C_G	2.55E-01	2.53E-03	1.92E-01	-2.03E-01	1.55E-01	7.68E-02	
1_1991550_C_G	8.97E-02	1.22E-03	1.05E-01	-2.13E-01	1.31E-01	9.54E-02	
1_1991553_G_A	1.79E-01	1.56E-01	4.10E-01	1.24E-01	1.50E-01	4.86E-02	
1_1991574_G_A	2.66E-01	1.52E-03	2.55E-01	-8.31E-02	7.29E-02	6.70E-02	
1_1991604_G_C	3.31E-01	3.47E-02	6.52E-02	3.20E-01	1.73E-01	1.08E-01	
1_1991631_G_C	2.41E-01	4.44E-09	2.42E-01	2.22E-01	1.90E-01	6.89E-02	
1_1991679_G_A	1.28E-01	1.50E-01	5.01E-01	-6.09E-02	9.02E-02	3.97E-02	
1_1991682_G_C	5.86E-02	4.19E-03	5.72E-02	-2.87E-01	1.50E-01	1.12E-01	
1_1991697_C_T	8.62E-02	4.36E-02	1.10E-01	2.52E-01	1.57E-01	9.40E-02	
1_1991706_C_G	6.55E-02	2.42E-05	5.94E-01	-1.55E-01	2.91E-01	3.14E-02	
1_1991709_G_A	1.03E-01	2.61E-06	7.28E-01	-1.02E-01	2.93E-01	2.05E-02	
1_1991710_A_G	4.52E-01	1.21E-02	3.48E-01	-9.09E-02	9.68E-02	5.53E-02	
1_1991720_C_G	3.41E-01	3.22E-09	2.78E-02	2.97E-01	1.34E-01	1.29E-01	
1_1991722_C_T	7.93E-02	9.46E-03	1.78E-02	3.84E-01	1.61E-01	1.39E-01	
1_1991730_G_C	5.86E-02	4.19E-03	4.43E-01	1.83E-01	2.38E-01	4.53E-02	
1_1991764_C_T	5.86E-02	1.83E-02	3.13E-01	2.34E-01	2.31E-01	5.94E-02	
1_1991804_C_T	5.38E-01	1.49E-02	3.73E-01	1.13E-01	1.27E-01	5.26E-02	
1_1991808_G_C	4.45E-01	1.97E-04	3.91E-01	1.35E-01	1.58E-01	5.05E-02	
1_1991830_G_A	3.86E-01	2.20E-07	8.03E-02	2.76E-01	1.57E-01	1.03E-01	
1_1991832_C_G	6.90E-02	1.14E-05	4.91E-01	-2.15E-01	3.12E-01	4.06E-02	
1_1991836_G_A	5.52E-02	3.31E-02	7.36E-01	-5.99E-02	1.77E-01	1.99E-02	
1_1991867_G_C	4.76E-01	1.28E-02	4.98E-01	1.43E-01	2.10E-01	3.99E-02	
1_1991880_C_G	7.93E-02	3.88E-04	6.17E-01	1.14E-01	2.28E-01	2.95E-02	
1_1991916_C_T	2.62E-01	1.68E-06	3.43E-01	1.34E-01	1.41E-01	5.59E-02	
1_1991919_C_G	1.72E-01	1.63E-01	7.02E-01	6.32E-02	1.65E-01	2.25E-02	
1_1991946_G_C	6.55E-02	2.42E-05	6.14E-01	-1.27E-01	2.51E-01	2.97E-02	
1_1991973_T_C	6.55E-02	2.12E-02	8.02E-01	-4.40E-02	1.75E-01	1.48E-02	
1_1991989_C_T	6.55E-02	5.36E-03	4.28E-01	1.83E-01	2.30E-01	4.67E-02	
1_1994598_C_T	4.31E-01	1.43E-04	3.20E-01	1.23E-01	1.23E-01	5.85E-02	
1_1994610_T_C	2.45E-01	4.14E-03	1.03E-01	-2.04E-01	1.25E-01	9.60E-02	
1_1994623_G_A	6.90E-02	4.04E-02	5.94E-01	8.49E-02	1.59E-01	3.14E-02	
1_1994628_C_T	5.86E-02	4.19E-03	2.89E-01	-1.85E-01	1.74E-01	6.24E-02	
1_1994646_C_G	1.00E-01	3.32E-05	1.03E-01	-2.87E-01	1.76E-01	9.59E-02	
1_1994679_C_T	5.86E-02	1.20E-05	3.14E-01	-2.15E-01	2.13E-01	5.94E-02	bad-chisq
1_1994688_A_C	5.07E-01	2.64E-02	9.42E-01	1.31E-02	1.78E-01	4.32E-03	
1_1994689_G_C	1.14E-01	2.69E-07	3.38E-01	-4.75E-01	4.96E-01	5.64E-02	
1_1994695_C_A	4.00E-01	1.29E-06	2.87E-01	1.86E-01	1.74E-01	6.27E-02	
1_1994697_T_C	4.10E-01	8.58E-05	9.08E-01	1.94E-02	1.67E-01	6.85E-03	
1_1994735_T_C	7.24E-02	4.24E-05	5.19E-01	-1.79E-01	2.78E-01	3.80E-02	
1_1994749_A_C	5.52E-02	2.75E-01	1.68E-01	-2.07E-01	1.50E-01	8.12E-02	
1_1994757_T_C	1.48E-01	1.39E-06	9.90E-02	-2.36E-01	1.43E-01	9.71E-02	
1_1994785_C_A	3.62E-01	2.16E-09	2.84E-01	2.23E-01	2.08E-01	6.31E-02	
1_2018048_C_T	6.90E-02	8.81E-05	8.15E-01	4.97E-02	2.12E-01	1.38E-02	
1_2018054_C_T	4.62E-01	2.41E-03	4.21E-01	1.56E-01	1.94E-01	4.75E-02	
1_2018096_G_A	4.34E-01	2.50E-04	4.82E-01	1.11E-01	1.58E-01	4.14E-02	
1_2018105_G_C	2.21E-01	6.74E-10	4.20E-02	3.44E-01	1.69E-01	1.20E-01	
1_2018108_G_C	3.55E-01	6.68E-02	4.36E-01	1.44E-01	1.85E-01	4.60E-02	
1_2018117_G_C	1.34E-01	7.78E-01	7.24E-01	-6.47E-02	1.83E-01	2.08E-02	
1_2018125_C_A	6.21E-02	5.12E-05	5.45E-01	-1.33E-01	2.20E-01	3.57E-02	
1_2018132_T_C	4.97E-01	1.69E-02	7.95E-01	4.52E-02	1.73E-01	1.54E-02	
1_2018133_C_G	7.24E-02	4.24E-05	5.44E-01	-1.73E-01	2.85E-01	3.58E-02	
1_2018136_T_G	2.34E-01	2.77E-03	5.78E-01	-1.06E-01	1.90E-01	3.28E-02	
1_2018138_C_G	9.66E-02	1.14E-05	8.93E-01	-4.08E-02	3.03E-01	7.92E-03	
1_2018140_T_A	2.34E-01	2.77E-03	5.78E-01	-1.06E-01	1.90E-01	3.28E-02	
1_2018150_G_A	2.17E-01	1.88E-10	2.35E-02	4.07E-01	1.79E-01	1.33E-01	
1_2018153_C_G	4.17E-01	1.27E-05	8.68E-01	-2.48E-02	1.48E-01	9.84E-03	
1_2018158_C_G	1.07E-01	1.23E-06	7.10E-01	-1.21E-01	3.26E-01	2.19E-02	
1_2018163_C_T	2.17E-01	1.88E-10	2.35E-02	4.07E-01	1.79E-01	1.33E-01	
1_2018190_C_G	1.14E-01	2.69E-07	3.38E-01	-4.75E-01	4.96E-01	5.64E-02	
1_2018218_G_A	4.28E-01	2.13E-04	5.43E-01	1.06E-01	1.73E-01	3.59E-02	
1_2018234_C_T	8.28E-02	2.53E-01	4.13E-01	1.16E-01	1.41E-01	4.83E-02	
1_2018237_C_T	1.24E-01	7.16E-06	3.01E-01	-1.82E-01	1.75E-01	6.10E-02	
1_2018249_T_C	2.72E-01	6.10E-05	6.07E-01	7.00E-02	1.36E-01	3.03E-02	
1_2018258_G_A	7.93E-02	1.87E-03	2.26E-01	-2.06E-01	1.69E-01	7.14E-02	
1_2018264_C_T	6.21E-02	3.73E-04	8.98E-01	-2.51E-02	1.95E-01	7.59E-03	
1_2018273_A_G	6.90E-02	2.83E-03	5.43E-01	1.40E-01	2.30E-01	3.59E-02	
1_2018298_C_T	1.14E-01	2.29E-01	3.49E-01	1.63E-01	1.73E-01	5.52E-02	
1_2018310_A_G	4.45E-01	9.09E-08	3.89E-01	-6.73E-02	7.80E-02	5.08E-02	
1_2018311_C_T	4.31E-01	4.25E-07	5.89E-01	-4.25E-02	7.86E-02	3.18E-02	
1_2018318_C_G	7.24E-02	5.47E-07	2.06E-01	-2.82E-01	2.22E-01	7.45E-02	bad-chisq
1_2018331_G_T	1.00E-01	5.48E-06	7.19E-01	-1.31E-01	3.63E-01	2.12E-02	
1_2018332_C_G	3.17E-01	6.13E-02	6.96E-01	-3.11E-02	7.93E-02	2.31E-02	
1_2018339_C_T	2.55E-01	6.24E-08	2.41E-01	1.67E-01	1.42E-01	6.91E-02	
1_2018375_T_C	2.93E-01	9.94E-04	1.06E-01	2.30E-01	1.42E-01	9.50E-02	
1_2018399_C_T	2.41E-01	4.44E-09	2.31E-02	3.24E-01	1.42E-01	1.33E-01	
1_2018413_T_C	5.86E-02	4.19E-03	4.12E-01	-1.73E-01	2.10E-01	4.83E-02	
1_2018432_A_G	1.90E-01	5.70E-02	5.30E-01	-9.44E-02	1.50E-01	3.70E-02	
1_2018456_T_C	5.03E-01	2.16E-03	5.14E-01	6.25E-02	9.57E-02	3.84E-02	
1_2018459_C_G	2.59E-01	3.31E-05	9.41E-02	2.35E-01	1.40E-01	9.85E-02	
1_2018486_C_G	1.52E-01	3.50E-06	5.18E-01	-1.05E-01	1.62E-01	3.81E-02	
1_2018495_G_C	5.52E-02	2.25E-04	9.59E-01	1.30E-02	2.54E-01	3.01E-03	
1_2018496_C_T	2.86E-01	1.55E-02	9.07E-01	-8.61E-03	7.39E-02	6.86E-03	
1_2018511_G_A	1.14E-01	2.69E-07	3.38E-01	-4.75E-01	4.96E-01	5.64E-02	
1_2018553_G_C	9.66E-02	1.14E-05	8.97E-01	-3.92E-02	3.02E-01	7.64E-03	
1_2018579_G_C	7.59E-02	2.02E-05	3.23E-01	-2.08E-01	2.10E-01	5.82E-02	
1_2018580_C_G	2.41E-01	6.46E-03	8.95E-01	-2.13E-02	1.61E-01	7.78E-03	
1_2018582_C_G	4.14E-01	6.29E-02	4.62E-01	-6.45E-02	8.76E-02	4.34E-02	
1_2018584_C_T	1.00E-01	1.73E-04	6.55E-01	8.59E-02	1.92E-01	2.63E-02	
1_2018608_C_A	2.17E-01	9.28E-02	8.57E-01	2.70E-02	1.49E-01	1.06E-02	
1_2018615_T_C	7.59E-02	7.61E-04	3.64E-01	-1.50E-01	1.65E-01	5.35E-02	
1_2018620_A_G	1.90E-01	1.94E-01	9.33E-01	-1.27E-02	1.50E-01	4.99E-03	
1_2018622_C_A	1.00E-01	7.78E-07	4.45E-01	-2.04E-01	2.67E-01	4.50E-02	
1_2018623_G_A	5.72E-01	7.03E-02	4.31E-01	-7.24E-02	9.17E-02	4.64E-02	
1_2023400_C_T	1.17E-01	6.79E-03	9.86E-01	-2.30E-03	1.32E-01	1.03E-03	
1_2023427_A_G	1.00E-01	5.48E-06	2.27E-01	-2.02E-01	1.67E-01	7.12E-02	
1_2023439_C_T	7.93E-02	7.30E-02	1.73E-01	1.93E-01	1.42E-01	8.01E-02	
1_2023445_T_G	5.07E-01	2.64E-02	9.42E-01	1.31E-02	1.78E-01	4.32E-03	
1_2023451_G_A	4.76E-01	3.04E-03	9.80E-01	-3.77E-03	1.51E-01	1.47E-03	
1_2023452_C_T	5.52E-02	1.07E-01	3.73E-01	1.32E-01	1.48E-01	5.25E-02	
1_2023469_G_C	7.93E-02	6.69E-05	9.78E-01	8.12E-03	2.91E-01	1.64E-03	
1_2023485_G_C	1.14E-01	2.69E-07	3.38E-01	-4.75E-01	4.96E-01	5.64E-02	
1_2023487_A_G	3.21E-01	2.47E-03	9.95E-01	-4.72E-04	7.15E-02	3.89E-04	
1_2023488_T_C	2.41E-01	6.46E-03	9.48E-01	9.06E-03	1.39E-01	3.84E-03	
1_2023504_A_C	5.86E-02	2.40E-01	5.47E-02	2.31E-01	1.20E-01	1.13E-01	
1_2023512_G_A	7.59E-02	3.52E-03	3.25E-01	1.53E-01	1.55E-01	5.80E-02	
1_2023513_A_C	1.14E-01	2.69E-07	3.38E-01	-4.75E-01	4.96E-01	5.64E-02	
1_2023520_C_T	1.03E-01	4.52E-01	1.10E-01	1.58E-01	9.83E-02	9.41E-02	
1_2023547_C_T	6.90E-02	2.83E-03	5.79E-01	1.43E-01	2.58E-01	3.27E-02	
1_2023554_G_A	7.59E-02	1.37E-04	8.65E-01	4.47E-02	2.63E-01	1.00E-02	
1_2023555_C_T	1.21E-01	4.09E-07	5.52E-01	-1.68E-01	2.82E-01	3.51E-02	
1_2025519_G_C	1.14E-01	2.69E-07	3.38E-01	-4.75E-01	4.96E-01	5.64E-02	
1_2025535_T_C	1.14E-01	2.69E-07	3.38E-01	-4.75E-01	4.96E-01	5.64E-02	
1_2025540_T_C	8.03E-01	1.86E-01	2.85E-01	1.35E-01	1.26E-01	6.30E-02	
1_2025550_T_C	9.48E-01	1.75E-01	1.18E-01	2.21E-01	1.41E-01	9.20E-02	
1_2025567_G_A	7.38E-01	9.64E-04	1.35E-01	2.07E-01	1.38E-01	8.81E-02	
1_2025571_C_T	1.14E-01	2.69E-07	3.38E-01	-4.75E-01	4.96E-01	5.64E-02	
1_2025574_C_T	5.52E-02	8.04E-03	7.98E-01	6.25E-02	2.45E-01	1.51E-02	
1_2025575_G_C	8.38E-01	7.17E-08	2.66E-02	3.16E-01	1.42E-01	1.30E-01	
1_2025586_G_C	8.38E-01	7.17E-08	2.66E-02	3.16E-01	1.42E-01	1.30E-01	
1_2025593_G_A	6.21E-02	5.12E-05	6.93E-01	-1.10E-01	2.79E-01	2.33E-02	
1_2025596_A_G	6.38E-01	3.77E-03	1.40E-01	1.02E-01	6.90E-02	8.68E-02	
1_2025599_G_A	7.59E-02	1.37E-04	9.55E-01	-1.08E-02	1.92E-01	3.32E-03	
1_2025618_T_A	9.21E-01	1.87E-03	7.16E-02	2.28E-01	1.26E-01	1.06E-01	
1_2025623_G_C	8.28E-02	5.27E-07	3.32E-01	-3.00E-01	3.09E-01	5.72E-02	
1_2025644_T_C	8.28E-02	4.52E-06	6.10E-01	-1.26E-01	2.47E-01	3.01E-02	
1_2025647_C_G	4.14E-01	1.53E-04	4.82E-02	2.72E-01	1.37E-01	1.16E-01	
1_2025650_A_G	4.00E-01	3.88E-05	8.00E-02	2.20E-01	1.25E-01	1.03E-01	
1_2025659_C_G	1.97E-01	5.50E-02	5.02E-01	1.14E-01	1.70E-01	3.96E-02	
1_2025661_A_G	7.38E-01	9.64E-04	1.35E-01	2.07E-01	1.38E-01	8.81E-02	
1_2025662_T_C	8.48E-01	7.50E-01	2.05E-01	1.73E-01	1.36E-01	7.46E-02	
1_2025664_C_A	1.10E-01	5.79E-07	5.38E-01	-2.44E-01	3.96E-01	3.63E-02	
1_2025668_G_A	4.24E-01	9.39E-02	4.81E-01	6.46E-02	9.15E-02	4.15E-02	
1_2025671_G_C	1.14E-01	2.69E-07	3.38E-01	-4.75E-01	4.96E-01	5.64E-02	
1_2025686_G_C	5.17E-02	3.04E-03	8.55E-01	-5.01E-02	2.74E-01	1.08E-02	
1_2025695_C_G	6.72E-01	3.85E-04	7.34E-02	1.47E-01	8.18E-02	1.05E-01	
1_2025701_C_T	5.76E-01	8.21E-03	8.30E-01	1.65E-02	7.70E-02	1.26E-02	
1_2025707_C_T	7.93E-02	6.34E-01	6.99E-01	4.18E-02	1.08E-01	2.28E-02	
1_2025732_G_T	3.00E-01	5.81E-09	5.68E-02	1.96E-01	1.02E-01	1.12E-01	
1_2025740_G_A	1.34E-01	1.01E-04	2.43E-01	-1.11E-01	9.48E-02	6.88E-02	
1_2025749_C_T	8.97E-01	8.84E-05	2.85E-01	1.46E-01	1.37E-01	6.29E-02	
1_2025755_G_A	7.69E-01	2.23E-02	2.47E-01	1.33E-01	1.14E-01	6.82E-02	
1_2025756_T_C	2.72E-01	5.63E-04	2.73E-01	-1.31E-01	1.19E-01	6.46E-02	
1_2025770_C_T	1.45E-01	4.78E-01	6.44E-01	6.42E-02	1.39E-01	2.73E-02	
1_2025774_A_C	2.34E-01	2.77E-03	8.05E-01	-3.74E-02	1.51E-01	1.46E-02	
1_2025775_A_G	2.34E-01	2.77E-03	8.05E-01	-3.74E-02	1.51E-01	1.46E-02	
1_2025794_T_C	7.59E-02	2.02E-05	8.58E-01	-3.78E-02	2.12E-01	1.05E-02	
1_2025800_C_T	2.14E-01	5.10E-01	5.62E-01	4.93E-02	8.49E-02	3.42E-02	
1_2025818_G_A	5.17E-02	1.52E-02	5.92E-01	1.09E-01	2.02E-01	3.16E-02	
1_2025827_G_C	5.86E-02	7.57E-04	7.19E-01	-9.45E-02	2.63E-01	2.12E-02	
1_2025830_T_C	5.52E-02	2.27E-06	8.43E-02	-3.69E-01	2.13E-01	1.02E-01	bad-chisq
1_2025833_C_G	5.24E-01	3.24E-07	5.61E-01	4.27E-02	7.34E-02	3.43E-02	
1_2025836_C_G	1.21E-01	9.75E-01	5.83E-01	-8.29E-02	1.51E-01	3.24E-02	
1_2025845_G_C	5.86E-02	7.57E-04	9.37E-01	1.74E-02	2.22E-01	4.63E-03	
1_2025860_C_T	4.34E-01	3.85E-06	4.35E-02	1.45E-01	7.14E-02	1.19E-01	
1_2025879_C_T	3.79E-01	1.67E-07	8.32E-02	1.31E-01	7.56E-02	1.02E-01	
1_2025887_A_G	8.72E-01	3.54E-04	1.94E-01	1.38E-01	1.06E-01	7.65E-02	
1_2025896_T_C	8.97E-02	2.63E-04	4.62E-01	1.61E-01	2.19E-01	4.33E-02	
1_2025906_T_C	8.28E-01	4.23E-01	3.94E-01	-8.02E-02	9.39E-02	5.02E-02	
1_2025911_G_T	5.90E-01	2.02E-01	7.41E-01	3.77E-02	1.14E-01	1.95E-02	
1_2025920_T_C	7.93E-02	6.69E-05	9.71E-01	8.75E-03	2.40E-01	2.15E-03	
1_2025924_A_G	6.69E-01	1.07E-04	9.18E-01	-1.24E-02	1.20E-01	6.09E-03	
1_2025950_C_G	5.24E-01	1.93E-01	4.56E-01	-5.98E-02	8.02E-02	4.39E-02	
1_2025959_T_C	5.07E-01	7.94E-05	4.34E-01	6.50E-02	8.30E-02	4.62E-02	
1_2025968_C_T	4.38E-01	1.07E-01	3.23E-01	-7.71E-02	7.79E-02	5.82E-02	
1_2025974_G_C	4.62E-01	6.76E-01	2.96E-01	-8.73E-02	8.34E-02	6.16E-02	
1_2025977_G_C	7.72E-01	2.84E-03	3.24E-01	1.38E-01	1.40E-01	5.81E-02	
1_2025980_T_C	1.03E-01	2.61E-06	9.79E-01	-7.49E-03	2.85E-01	1.55E-03	
1_2025986_G_C	1.34E-01	1.30E-07	8.74E-02	-3.85E-01	2.24E-01	1.01E-01	
1_2025998_T_C	9.31E-02	2.35E-05	8.25E-01	5.89E-02	2.65E-01	1.31E-02	
1_2026005_G_A	7.93E-02	1.76E-01	4.83E-01	-7.46E-02	1.06E-01	4.14E-02	
1_2026010_G_C	1.10E-01	5.79E-07	6.23E-01	-1.77E-01	3.60E-01	2.90E-02	
1_2026016_G_A	7.93E-02	9.60E-06	5.32E-01	-1.26E-01	2.02E-01	3.68E-02	
1_2026017_T_C	8.48E-01	5.01E-01	3.21E-01	1.21E-01	1.21E-01	5.85E-02	
1_2026046_G_C	1.14E-01	2.69E-07	3.38E-01	-4.75E-01	4.96E-01	5.64E-02	
1_2026052_T_C	7.59E-02	2.50E-07	1.98E-01	-2.99E-01	2.32E-01	7.58E-02	bad-chisq
1_2026068_C_G	9.31E-02	2.35E-05	9.52E-01	1.60E-02	2.66E-01	3.55E-03	
1_2026073_T_C	8.97E-02	4.81E-05	5.99E-01	1.19E-01	2.26E-01	3.10E-02	
1_2026084_G_C	1.14E-01	2.69E-07	3.38E-01	-4.75E-01	4.96E-01	5.64E-02	
1_2026087_A_C	1.10E-01	5.79E-07	7.15E-01	-1.31E-01	3.60E-01	2.15E-02	
1_2026094_G_A	1.17E-01	8.71E-07	8.90E-01	-4.64E-02	3.34E-01	8.18E-03	
1_2026097_T_C	1.14E-01	2.69E-07	3.38E-01	-4.75E-01	4.96E-01	5.64E-02	
1_2026099_G_A	1.14E-01	2.69E-07	3.38E-01	-4.75E-01	4.96E-01	5.64E-02	
1_2026103_T_C	9.66E-02	1.67E-06	6.29E-01	-1.21E-01	2.51E-01	2.85E-02	
1_2026104_G_A	5.86E-02	1.08E-04	7.81E-01	-7.41E-02	2.67E-01	1.64E-02	
1_2026105_T_C	6.55E-02	2.42E-05	5.94E-01	-1.55E-01	2.91E-01	3.14E-02	
1_2026106_G_C	7.59E-02	2.02E-05	4.59E-01	-2.04E-01	2.75E-01	4.36E-02	
1_2026118_C_T	1.14E-01	1.59E-01	6.31E-01	-4.68E-02	9.75E-02	2.83E-02	
1_2026139_G_A	1.45E-01	6.11E-05	4.83E-02	-1.87E-01	9.42E-02	1.16E-01	
1_2028761_G_A	4.24E-01	1.22E-04	7.78E-02	2.59E-01	1.46E-01	1.04E-01	
1_2028770_C_T	1.03E-01	4.30E-08	7.64E-02	-2.74E-01	1.54E-01	1.04E-01	
1_2028824_C_T	3.31E-01	1.81E-03	9.45E-01	8.40E-03	1.21E-01	4.10E-03	
1_2028860_G_A	7.59E-02	2.48E-06	5.24E-01	-1.62E-01	2.54E-01	3.76E-02	
1_2028881_A_G	5.17E-02	3.04E-03	8.86E-01	-4.00E-02	2.79E-01	8.44E-03	
1_2028884_A_G	1.34E-01	1.40E-03	5.47E-01	-6.27E-02	1.04E-01	3.55E-02	
1_2028902_T_C	6.55E-02	2.42E-05	5.88E-01	-1.35E-01	2.48E-01	3.19E-02	
1_2028963_C_T	1.07E-01	1.97E-01	5.05E-01	1.03E-01	1.54E-01	3.93E-02	
1_2028971_C_T	2.17E-01	1.88E-10	2.35E-02	4.07E-01	1.79E-01	1.33E-01	
1_2028995_G_A	2.76E-01	8.38E-02	7.68E-01	-2.80E-02	9.46E-02	1.74E-02	
1_2028998_C_T	2.86E-01	8.03E-04	4.38E-01	1.00E-01	1.29E-01	4.57E-02	
1_2029007_C_T	5.17E-02	3.04E-03	7.28E-01	8.70E-02	2.50E-01	2.05E-02	
1_2029028_A_G	1.48E-01	8.58E-01	3.30E-01	-1.39E-01	1.42E-01	5.74E-02	
1_2029031_C_T	5.86E-02	1.83E-02	7.92E-01	-3.92E-02	1.48E-01	1.56E-02	
1_2029058_C_G	1.14E-01	2.69E-07	3.38E-01	-4.75E-01	4.96E-01	5.64E-02	
1_2029061_C_G	8.97E-02	7.47E-06	5.37E-01	-1.55E-01	2.50E-01	3.64E-02	
1_2029070_G_A	6.90E-02	8.81E-05	6.02E-01	-1.55E-01	2.97E-01	3.08E-02	
1_2029080_G_A	1.14E-01	2.69E-07	3.38E-01	-4.75E-01	4.96E-01	5.64E-02	
1_2029085_G_A	7.93E-02	3.88E-04	5.81E-01	1.16E-01	2.10E-01	3.25E-02	
1_2029100_G_A	5.52E-02	1.53E-03	8.17E-01	-6.52E-02	2.82E-01	1.36E-02	
1_2029112_C_T	6.90E-02	2.66E-01	2.36E-01	-1.42E-01	1.20E-01	6.99E-02	
1_2029115_G_C	5.52E-02	1.53E-03	8.17E-01	-6.52E-02	2.82E-01	1.36E-02	
1_2029136_A_G	6.21E-02	5.12E-05	5.35E-01	-1.37E-01	2.20E-01	3.66E-02	
1_2029145_A_G	5.86E-02	1.08E-04	7.50E-01	-9.19E-02	2.88E-01	1.88E-02	
1_2029184_C_G	1.14E-01	2.69E-07	3.38E-01	-4.75E-01	4.96E-01	5.64E-02	
1_2029187_C_T	9.31E-02	2.35E-05	7.85E-01	-6.04E-02	2.21E-01	1.61E-02	
1_2029199_C_T	1.14E-01	2.69E-07	3.38E-01	-4.75E-01	4.96E-01	5.64E-02	
1_2029244_A_G	1.14E-01	2.69E-07	3.38E-01	-4.75E-01	4.96E-01	5.64E-02	
1_2029289_G_A	5.17E-02	4.68E-04	6.84E-01	-1.04E-01	2.56E-01	2.40E-02	
1_2029313_G_A	8.62E-02	5.12E-04	4.99E-01	-1.19E-01	1.75E-01	3.99E-02	
1_2029334_T_C	4.86E-01	5.21E-03	4.05E-01	1.23E-01	1.48E-01	4.91E-02	
1_2029346_A_G	4.52E-01	1.33E-03	3.93E-01	1.00E-01	1.18E-01	5.03E-02	
1_2029355_C_T	1.14E-01	2.69E-07	3.38E-01	-4.75E-01	4.96E-01	5.64E-02	
1_2029437_C_T	7.86E-01	1.11E-03	3.51E-01	7.23E-02	7.74E-02	5.50E-02	
1_2029445_A_G	1.45E-01	2.96E-01	4.64E-01	8.51E-02	1.16E-01	4.32E-02	
1_2029460_C_G	1.14E-01	2.69E-07	3.38E-01	-4.75E-01	4.96E-01	5.64E-02	
1_2029469_G_A	1.14E-01	2.69E-07	3.38E-01	-4.75E-01	4.96E-01	5.64E-02	
1_2029475_C_T	6.21E-02	5.12E-05	6.93E-01	-1.10E-01	2.79E-01	2.33E-02	
1_2029493_C_T	1.00E-01	5.48E-06	7.19E-01	-1.31E-01	3.63E-01	2.12E-02	
1_2029496_G_C	1.00E-01	5.48E-06	7.19E-01	-1.31E-01	3.63E-01	2.12E-02	
1_2029508_G_A	1.00E-01	5.48E-06	7.19E-01	-1.31E-01	3.63E-01	2.12E-02	
1_2029514_G_A	1.41E-01	5.69E-01	4.07E-01	-1.29E-01	1.55E-01	4.89E-02	
1_2029613_T_C	4.59E-01	2.65E-04	7.80E-01	4.27E-02	1.53E-01	1.65E-02	
1_2029646_T_C	4.21E-01	1.81E-04	4.48E-01	9.87E-02	1.30E-01	4.47E-02	
1_2029649_C_G	6.90E-02	1.14E-05	4.91E-01	-2.15E-01	3.12E-01	4.06E-02	
1_2029654_C_G	6.90E-02	8.81E-05	6.02E-01	-1.55E-01	2.97E-01	3.08E-02	
1_2029658_T_C	4.59E-01	3.35E-03	9.65E-01	6.55E-03	1.47E-01	2.62E-03	
1_2029664_G_A	8.97E-02	2.63E-04	2.94E-01	-1.84E-01	1.75E-01	6.18E-02	
1_2029667_G_C	3.48E-01	4.70E-09	3.56E-01	1.35E-01	1.46E-01	5.44E-02	
1_2029673_C_G	1.14E-01	2.69E-07	3.38E-01	-4.75E-01	4.96E-01	5.64E-02	
1_2029691_C_T	1.00E-01	7.78E-07	5.65E-01	-1.37E-01	2.38E-01	3.40E-02	
1_2029697_G_A	1.24E-01	7.16E-06	5.68E-01	1.38E-01	2.41E-01	3.37E-02	
1_2029703_G_C	1.14E-01	2.69E-07	3.38E-01	-4.75E-01	4.96E-01	5.64E-02	
1_2029715_C_T	6.55E-02	9.28E-01	8.23E-01	2.68E-02	1.20E-01	1.32E-02	
1_2029721_A_G	9.31E-02	7.51E-02	6.61E-01	-5.86E-02	1.33E-01	2.59E-02	
1_2029724_C_T	4.52E-01	5.68E-04	8.87E-01	2.16E-02	1.52E-01	8.36E-03	
1_2029727_C_T	3.24E-01	3.09E-02	2.61E-02	3.60E-01	1.61E-01	1.31E-01	
1_2029736_A_G	2.83E-01	3.78E-01	1.30E-01	1.00E-01	6.60E-02	8.90E-02	
1_2029808_G_C	5.52E-02	1.53E-03	8.15E-01	-6.19E-02	2.64E-01	1.38E-02	
1_2029856_C_G	7.24E-02	2.76E-04	9.02E-01	-2.88E-02	2.34E-01	7.23E-03	
1_2029871_T_C	5.03E-01	2.16E-03	2.05E-01	1.67E-01	1.31E-01	7.47E-02	
1_2029877_A_G	1.03E-01	4.14E-04	6.77E-01	-5.81E-02	1.39E-01	2.46E-02	
1_2029880_C_G	2.10E-01	8.80E-11	8.53E-03	4.39E-01	1.66E-01	1.54E-01	
1_2029898_T_C	1.24E-01	3.64E-05	9.24E-02	-2.26E-01	1.34E-01	9.90E-02	
1_2029913_C_T	2.62E-01	1.68E-06	3.56E-02	3.01E-01	1.42E-01	1.23E-01	
1_2029916_G_C	7.93E-02	1.15E-06	4.40E-01	-1.71E-01	2.21E-01	4.56E-02	
1_2030009_C_T	6.90E-02	9.02E-02	6.33E-03	3.06E-01	1.11E-01	1.60E-01	
1_2030048_C_T	8.97E-02	7.47E-06	7.74E-01	-6.96E-02	2.42E-01	1.69E-02	
1_2030105_G_C	2.69E-01	2.95E-05	5.76E-02	2.67E-01	1.40E-01	1.12E-01	
1_2030136_T_C	8.69E-01	2.03E-01	7.18E-01	3.09E-02	8.57E-02	2.13E-02	
1_2030159_G_C	5.17E-02	1.52E-02	4.94E-01	1.65E-01	2.42E-01	4.03E-02	
1_2030213_C_T	5.52E-02	2.25E-04	7.02E-01	-9.21E-02	2.40E-01	2.26E-02	
1_2030261_C_G	1.14E-01	2.69E-07	3.38E-01	-4.75E-01	4.96E-01	5.64E-02	
1_2030285_C_T	3.72E-01	3.18E-08	5.03E-01	1.18E-01	1.76E-01	3.94E-02	
1_2030312_C_T	1.10E-01	6.97E-02	2.33E-03	2.83E-01	9.22E-02	1.78E-01	
1_2030333_C_T	3.79E-01	1.73E-05	9.55E-02	-1.25E-01	7.45E-02	9.81E-02	
1_2030348_G_A	8.31E-01	1.77E-03	6.11E-02	1.49E-01	7.92E-02	1.10E-01	
1_2030378_G_C	1.00E-01	5.48E-06	7.19E-01	-1.31E-01	3.63E-01	2.12E-02	
1_2030387_G_A	1.69E-01	5.76E-04	4.48E-01	-6.70E-02	8.82E-02	4.47E-02	
1_2030388_C_T	2.79E-01	7.68E-03	3.66E-01	-1.05E-01	1.16E-01	5.32E-02	
1_2030405_C_T	1.97E-01	1.05E-01	9.99E-01	2.45E-04	1.60E-01	9.04E-05	
1_2030420_A_G	8.28E-02	1.16E-01	6.65E-01	-5.54E-02	1.28E-01	2.55E-02	
1_2030431_T_C	5.86E-02	1.20E-05	2.72E-01	-2.98E-01	2.71E-01	6.48E-02	bad-chisq
1_2030435_A_G	1.41E-01	1.16E-04	9.15E-01	1.56E-02	1.46E-01	6.27E-03	
1_2030436_C_G	1.14E-01	2.69E-07	3.38E-01	-4.75E-01	4.96E-01	5.64E-02	
1_2030450_C_T	1.07E-01	8.07E-01	5.23E-01	9.05E-02	1.42E-01	3.77E-02	
1_2030468_C_G	8.97E-02	4.81E-05	9.76E-01	9.08E-03	3.03E-01	1.76E-03	
1_2030480_C_G	1.14E-01	2.69E-07	3.38E-01	-4.75E-01	4.96E-01	5.64E-02	
1_2030495_C_T	6.21E-02	5.42E-01	5.74E-01	8.38E-02	1.49E-01	3.31E-02	
1_2030496_A_G	8.62E-02	5.12E-04	6.65E-01	8.63E-02	1.99E-01	2.56E-02	
1_2030564_T_C	1.38E-01	4.77E-02	4.29E-01	9.68E-02	1.22E-01	4.66E-02	
1_2030576_C_G	1.14E-01	2.69E-07	3.38E-01	-4.75E-01	4.96E-01	5.64E-02	
1_2030588_G_C	8.62E-02	2.12E-06	4.60E-01	-2.01E-01	2.71E-01	4.36E-02	
1_2030618_A_G	6.55E-02	2.42E-05	5.94E-01	-1.55E-01	2.91E-01	3.14E-02	
1_2030624_C_G	6.21E-02	5.12E-05	8.71E-01	3.54E-02	2.18E-01	9.55E-03	
1_2030639_C_T	5.86E-02	1.08E-04	8.47E-01	-5.23E-02	2.71E-01	1.14E-02	
1_2030651_A_G	7.59E-02	1.37E-04	9.04E-01	-2.56E-02	2.14E-01	7.08E-03	
1_2030672_C_G	4.48E-01	8.51E-03	9.17E-01	1.41E-02	1.36E-01	6.12E-03	
1_2030696_C_T	8.28E-02	4.52E-06	6.49E-01	-1.14E-01	2.51E-01	2.68E-02	
1_2030723_G_A	6.21E-02	5.12E-05	1.74E-01	-2.36E-01	1.73E-01	8.01E-02	
1_2030801_G_C	5.52E-02	2.25E-04	9.59E-01	1.30E-02	2.54E-01	3.01E-03	
1_2030817_C_T	7.59E-02	7.61E-04	7.70E-01	8.28E-02	2.83E-01	1.72E-02	
1_2030825_C_T	2.10E-01	8.80E-11	8.53E-03	4.39E-01	1.66E-01	1.54E-01	
1_2030843_C_T	7.59E-02	7.61E-04	6.82E-01	9.85E-02	2.40E-01	2.42E-02	
1_2030846_T_C	4.55E-01	2.13E-03	8.21E-01	3.32E-02	1.47E-01	1.33E-02	
1_2030873_T_C	8.62E-02	2.12E-06	4.25E-01	-2.14E-01	2.67E-01	4.70E-02	
1_2030882_C_G	6.55E-02	2.42E-05	6.15E-01	-1.34E-01	2.66E-01	2.96E-02	
1_2030906_A_G	2.17E-01	1.88E-10	2.35E-02	4.07E-01	1.79E-01	1.33E-01	
1_2030924_C_T	2.86E-01	1.08E-05	3.03E-01	1.46E-01	1.42E-01	6.07E-02	
1_2030927_C_T	1.00E-01	3.32E-05	1.75E-01	-2.18E-01	1.60E-01	7.99E-02	
1_2030930_T_C	1.24E-01	1.24E-06	5.61E-01	-1.28E-01	2.20E-01	3.43E-02	
1_2030933_C_T	2.97E-01	3.02E-05	2.37E-01	1.70E-01	1.44E-01	6.96E-02	
1_2030972_T_C	8.28E-02	4.52E-06	1.14E-01	-2.63E-01	1.66E-01	9.30E-02	
1_2031008_C_T	1.10E-01	5.79E-07	7.17E-01	-1.30E-01	3.58E-01	2.14E-02	
1_2031042_T_C	4.69E-01	1.16E-02	7.78E-01	4.77E-02	1.69E-01	1.66E-02	
1_2031047_G_A	4.62E-01	2.41E-03	3.93E-01	1.48E-01	1.73E-01	5.04E-02	
1_2031059_A_G	7.59E-02	1.37E-04	2.81E-01	-1.90E-01	1.76E-01	6.35E-02	
1_2031062_C_T	7.24E-02	5.47E-07	9.32E-02	-3.46E-01	2.06E-01	9.88E-02	bad-chisq
1_2031083_A_G	1.14E-01	2.69E-07	3.38E-01	-4.75E-01	4.96E-01	5.64E-02	
1_2031089_A_G	6.90E-02	1.14E-01	1.25E-01	-2.17E-01	1.41E-01	9.03E-02	
1_2031140_T_C	5.17E-02	3.04E-03	9.58E-01	-1.21E-02	2.30E-01	3.11E-03	
1_2031143_C_G	6.00E-01	3.88E-05	6.46E-01	3.34E-02	7.28E-02	2.71E-02	
1_2052093_G_A	1.14E-01	2.69E-07	3.38E-01	-4.75E-01	4.96E-01	5.64E-02	
1_2052095_G_C	6.90E-02	8.81E-05	6.02E-01	-1.55E-01	2.97E-01	3.08E-02	
1_2052104_G_C	1.66E-01	6.76E-01	4.93E-01	8.16E-02	1.19E-01	4.04E-02	
1_2052107_C_G	5.17E-02	5.48E-05	4.00E-01	-2.17E-01	2.57E-01	4.96E-02	bad-chisq
1_2052128_C_G	1.10E-01	5.79E-07	6.18E-01	-1.81E-01	3.62E-01	2.94E-02	
1_2052161_C_G	2.86E-01	1.08E-05	2.45E-01	1.69E-01	1.45E-01	6.84E-02	
1_2052164_C_T	4.45E-01	4.51E-02	9.47E-01	5.86E-03	8.80E-02	3.92E-03	
1_2052176_C_G	1.14E-01	2.69E-07	3.38E-01	-4.75E-01	4.96E-01	5.64E-02	
1_2052185_C_G	1.14E-01	2.69E-07	3.38E-01	-4.75E-01	4.96E-01	5.64E-02	
1_2052187_A_C	5.17E-02	3.04E-03	8.86E-01	-4.00E-02	2.79E-01	8.44E-03	
1_2052202_A_C	1.14E-01	2.69E-07	3.38E-01	-4.75E-01	4.96E-01	5.64E-02	
1_2052204_G_T	1.14E-01	2.69E-07	3.38E-01	-4.75E-01	4.96E-01	5.64E-02	
1_2052212_G_C	4.31E-01	3.67E-04	3.06E-01	1.40E-01	1.37E-01	6.03E-02	
1_2052215_C_T	6.55E-02	2.58E-06	2.11E-01	-3.14E-01	2.51E-01	7.37E-02	bad-chisq
1_2052239_G_C	7.93E-02	9.60E-06	7.59E-01	-7.10E-02	2.31E-01	1.81E-02	
1_2052287_G_A	3.79E-01	7.00E-02	9.22E-01	-1.26E-02	1.30E-01	5.74E-03	
1_2052296_C_T	2.69E-01	9.24E-05	2.05E-01	-1.25E-01	9.84E-02	7.46E-02	
1_2052310_A_G	6.90E-02	8.81E-05	6.02E-01	-1.55E-01	2.97E-01	3.08E-02	
1_2052327_A_G	1.14E-01	3.69E-03	6.23E-01	-5.53E-02	1.12E-01	2.90E-02	
1_2052330_G_T	8.62E-02	1.56E-05	9.89E-01	-3.62E-03	2.59E-01	8.25E-04	
1_2052331_G_C	1.76E-01	2.91E-06	5.22E-01	-7.66E-02	1.19E-01	3.77E-02	
1_2052345_T_C	8.97E-02	7.47E-06	6.30E-01	-1.32E-01	2.73E-01	2.84E-02	
1_2052366_A_G	6.21E-02	5.12E-05	3.45E-01	-2.08E-01	2.20E-01	5.56E-02	
1_2052377_C_T	2.59E-01	2.06E-01	2.20E-01	9.20E-02	7.49E-02	7.22E-02	
1_2052398_C_T	2.34E-01	2.46E-09	1.55E-01	2.46E-01	1.72E-01	8.38E-02	
1_2052410_C_G	1.21E-01	2.61E-01	8.44E-01	-3.89E-02	1.97E-01	1.16E-02	
1_2052455_C_T	7.93E-02	4.01E-01	1.03E-01	2.24E-01	1.37E-01	9.60E-02	
1_2052464_G_A	7.59E-02	7.61E-04	7.70E-01	8.28E-02	2.83E-01	1.72E-02	
1_2052470_C_T	7.24E-02	1.48E-03	2.52E-01	-2.13E-01	1.86E-01	6.75E-02	
1_2052494_T_C	1.00E-01	5.48E-06	9.94E-01	-2.00E-03	2.67E-01	4.41E-04	
1_2052500_T_C	7.24E-02	2.76E-04	9.47E-01	-1.59E-02	2.38E-01	3.94E-03	
1_2052524_C_T	1.59E-01	4.81E-01	9.50E-01	8.87E-03	1.41E-01	3.71E-03	
1_2052536_C_T	1.03E-01	1.81E-02	4.27E-01	-1.09E-01	1.37E-01	4.68E-02	
1_2052541_A_C	3.03E-01	1.26E-05	5.71E-01	5.24E-02	9.25E-02	3.34E-02	
1_2052571_A_C	6.90E-02	8.81E-05	6.02E-01	-1.55E-01	2.97E-01	3.08E-02	
1_2052575_G_A	5.17E-02	3.04E-03	6.85E-01	9.75E-02	2.40E-01	2.39E-02	
1_2052576_C_T	6.90E-02	1.14E-05	4.91E-01	-2.15E-01	3.12E-01	4.06E-02	
1_2052587_C_T	8.62E-02	2.73E-02	2.11E-01	-1.52E-01	1.21E-01	7.37E-02	
1_2052589_A_C	3.59E-01	2.62E-03	4.17E-01	-5.65E-02	6.94E-02	4.79E-02	
1_2052591_G_A	7.59E-02	2.02E-05	4.59E-01	-2.04E-01	2.75E-01	4.36E-02	
1_2052596_C_G	6.90E-02	2.83E-03	7.33E-01	-6.16E-02	1.80E-01	2.01E-02	
1_2052608_A_G	5.17E-02	1.52E-02	5.22E-01	1.54E-01	2.40E-01	3.78E-02	
1_2052632_G_A	7.59E-02	1.37E-04	8.62E-01	4.56E-02	2.63E-01	1.02E-02	
1_2052640_C_T	6.21E-02	5.12E-05	6.93E-01	-1.10E-01	2.79E-01	2.33E-02	
1_2052659_C_T	2.97E-01	2.98E-04	3.87E-01	6.62E-02	7.63E-02	5.10E-02	
1_2052660_G_T	7.59E-02	7.61E-04	5.37E-01	1.52E-01	2.46E-01	3.64E-02	
1_2052665_C_A	1.17E-01	6.20E-01	5.89E-01	4.92E-02	9.10E-02	3.19E-02	
1_2052677_C_G	1.00E-01	8.43E-01	1.88E-01	1.78E-01	1.35E-01	7.74E-02	
1_2052686_T_C	4.76E-01	4.31E-02	6.88E-01	2.79E-02	6.93E-02	2.37E-02	
1_2052704_C_G	3.00E-01	1.22E-03	5.20E-02	2.81E-01	1.44E-01	1.14E-01	
1_2052746_C_T	2.07E-01	3.00E-03	5.60E-01	-7.95E-02	1.36E-01	3.44E-02	
1_2052764_C_T	6.90E-02	8.81E-05	9.93E-01	-1.73E-03	2.11E-01	4.83E-04	
1_2052770_G_C	1.76E-01	2.11E-01	9.74E-01	-4.49E-03	1.40E-01	1.90E-03	
1_2052778_C_G	5.17E-02	3.04E-03	8.86E-01	-4.00E-02	2.79E-01	8.44E-03	
1_2052787_C_A	1.14E-01	2.69E-07	3.38E-01	-4.75E-01	4.96E-01	5.64E-02	
1_2052789_A_G	1.10E-01	5.79E-07	7.17E-01	-1.30E-01	3.60E-01	2.13E-02	
1_2052790_C_T	5.17E-02	1.52E-02	4.76E-01	1.89E-01	2.65E-01	4.20E-02	
1_2052804_A_G	3.59E-01	3.83E-09	4.74E-01	1.01E-01	1.40E-01	4.23E-02	
1_2052809_C_G	1.69E-01	6.28E-02	8.25E-01	3.47E-02	1.57E-01	1.30E-02	
1_2052821_G_C	5.52E-02	8.04E-03	5.71E-01	1.13E-01	2.00E-01	3.34E-02	
1_2052851_G_A	1.86E-01	1.09E-03	1.10E-02	-1.99E-01	7.79E-02	1.49E-01	
1_2052856_C_A	6.90E-02	1.14E-05	4.91E-01	-2.15E-01	3.12E-01	4.06E-02	
1_2052866_G_C	1.00E-01	5.48E-06	7.99E-01	6.39E-02	2.51E-01	1.50E-02	
1_2052867_G_A	8.28E-02	5.27E-07	3.32E-01	-3.00E-01	3.09E-01	5.72E-02	
1_2052872_G_C	8.62E-02	1.56E-05	8.77E-01	3.76E-02	2.43E-01	9.14E-03	
1_2052875_C_T	2.52E-01	1.05E-07	2.73E-01	1.58E-01	1.44E-01	6.46E-02	
1_2052880_C_T	1.14E-01	2.69E-07	3.38E-01	-4.75E-01	4.96E-01	5.64E-02	
1_2052882_C_T	6.21E-02	7.09E-01	8.14E-01	-3.40E-02	1.45E-01	1.38E-02	
1_2052889_G_A	1.97E-01	1.86E-01	9.95E-01	9.34E-04	1.65E-01	3.34E-04	
1_2052902_T_C	4.97E-01	5.57E-02	2.34E-01	-1.74E-01	1.46E-01	7.01E-02	
1_2052905_T_C	4.83E-01	4.77E-02	2.04E-01	-1.76E-01	1.38E-01	7.49E-02	
1_2052909_C_A	6.90E-02	1.14E-05	4.91E-01	-2.15E-01	3.12E-01	4.06E-02	
1_2052923_C_T	3.00E-01	1.13E-07	4.60E-01	9.18E-02	1.24E-01	4.35E-02	
1_2052935_C_T	3.03E-01	1.26E-05	7.84E-01	-3.01E-02	1.10E-01	1.61E-02	
1_2052939_G_T	1.14E-01	2.69E-07	3.38E-01	-4.75E-01	4.96E-01	5.64E-02	
1_2052963_A_T	1.83E-01	2.81E-02	1.88E-01	-1.06E-01	8.03E-02	7.74E-02	
1_2052964_C_G	1.14E-01	2.69E-07	3.38E-01	-4.75E-01	4.96E-01	5.64E-02	
1_2052978_G_C	1.14E-01	2.69E-07	3.38E-01	-4.75E-01	4.96E-01	5.64E-02	
1_2052997_G_A	1.41E-01	5.74E-06	8.31E-01	3.74E-02	1.75E-01	1.26E-02	
1_2052998_C_G	5.86E-02	1.20E-05	4.61E-01	-1.63E-01	2.21E-01	4.34E-02	bad-chisq
1_2052999_A_G	1.17E-01	8.71E-07	9.08E-01	-3.89E-02	3.38E-01	6.79E-03	
1_2053000_A_G	1.21E-01	2.59E-06	4.18E-01	2.18E-01	2.69E-01	4.77E-02	
1_2053001_C_T	2.17E-01	1.18E-09	1.58E-01	2.39E-01	1.69E-01	8.32E-02	
1_2053007_G_C	6.55E-02	1.10E-03	7.41E-01	7.90E-02	2.39E-01	1.95E-02	
1_2053031_G_C	8.28E-02	4.52E-06	9.77E-01	-6.77E-03	2.37E-01	1.68E-03	
1_2053036_C_G	7.59E-02	7.61E-04	7.70E-01	8.28E-02	2.83E-01	1.72E-02	
1_2053041_C_T	5.17E-02	4.68E-04	8.75E-01	-3.84E-02	2.44E-01	9.27E-03	
1_2053055_A_G	5.90E-01	3.92E-04	2.19E-01	9.67E-02	7.85E-02	7.24E-02	
1_2053056_C_G	1.14E-01	2.69E-07	3.38E-01	-4.75E-01	4.96E-01	5.64E-02	
1_2053060_A_G	7.59E-02	2.02E-05	4.24E-01	-2.23E-01	2.78E-01	4.72E-02	
1_2133272_G_A	8.62E-02	1.56E-05	6.29E-01	-8.73E-02	1.81E-01	2.85E-02	
1_2133289_C_G	6.90E-02	8.81E-05	6.02E-01	-1.55E-01	2.97E-01	3.08E-02	
1_2133317_A_G	3.59E-01	2.46E-04	4.81E-01	6.83E-02	9.69E-02	4.15E-02	
1_2133326_G_C	7.24E-02	1.48E-03	6.92E-01	8.42E-02	2.12E-01	2.34E-02	
1_2133332_G_A	5.17E-02	5.48E-05	4.88E-01	-1.66E-01	2.40E-01	4.09E-02	bad-chisq
1_2133392_G_C	7.59E-02	2.02E-05	6.35E-01	-1.24E-01	2.60E-01	2.80E-02	
1_2133428_C_G	1.14E-01	2.69E-07	3.38E-01	-4.75E-01	4.96E-01	5.64E-02	
1_2133455_C_T	2.62E-01	1.68E-06	5.24E-01	1.02E-01	1.60E-01	3.76E-02	
1_2133494_T_C	4.90E-01	3.79E-03	9.35E-01	-1.21E-02	1.47E-01	4.82E-03	
1_2133503_G_C	8.97E-02	4.81E-05	9.12E-01	2.85E-02	2.58E-01	6.52E-03	
1_2133515_G_C	1.14E-01	2.69E-07	3.38E-01	-4.75E-01	4.96E-01	5.64E-02	
1_2133560_A_G	2.34E-01	6.69E-03	4.62E-01	-9.93E-02	1.35E-01	4.34E-02	
1_2133599_C_T	2.72E-01	8.27E-10	2.34E-02	2.82E-01	1.24E-01	1.33E-01	
1_2133626_T_C	7.41E-01	3.20E-01	5.71E-01	-4.35E-02	7.68E-02	3.34E-02	
1_2133629_G_C	7.66E-01	3.02E-01	5.83E-01	-4.21E-02	7.67E-02	3.23E-02	
1_2133640_G_A	2.76E-01	3.51E-01	9.58E-01	4.25E-03	8.02E-02	3.12E-03	
1_2133648_A_G	1.17E-01	8.71E-07	8.57E-01	6.00E-02	3.33E-01	1.06E-02	
1_2133651_G_A	1.14E-01	2.69E-07	3.38E-01	-4.75E-01	4.96E-01	5.64E-02	
1_2133653_G_C	1.14E-01	2.69E-07	3.38E-01	-4.75E-01	4.96E-01	5.64E-02	
1_2133659_G_A	5.52E-02	3.31E-02	7.87E-01	-4.81E-02	1.78E-01	1.59E-02	
1_2133660_G_T	1.14E-01	2.69E-07	3.38E-01	-4.75E-01	4.96E-01	5.64E-02	
1_2133668_C_G	2.28E-01	6.91E-03	7.54E-01	-5.42E-02	1.73E-01	1.85E-02	
1_2133669_A_G	1.14E-01	2.69E-07	3.38E-01	-4.75E-01	4.96E-01	5.64E-02	
1_2133670_C_T	1.14E-01	2.69E-07	3.38E-01	-4.75E-01	4.96E-01	5.64E-02	
1_2133704_C_T	6.21E-02	5.12E-05	4.70E-01	-1.69E-01	2.33E-01	4.26E-02	
1_2133720_A_G	7.93E-02	9.60E-06	3.58E-01	-2.60E-01	2.83E-01	5.41E-02	
1_2133732_G_A	1.14E-01	2.69E-07	3.38E-01	-4.75E-01	4.96E-01	5.64E-02	
1_2133734_G_C	1.14E-01	2.69E-07	3.38E-01	-4.75E-01	4.96E-01	5.64E-02	
1_2133770_C_T	7.93E-02	3.60E-01	2.55E-01	1.31E-01	1.15E-01	6.71E-02	
1_2133778_T_C	6.21E-02	5.12E-05	3.97E-01	-1.96E-01	2.31E-01	5.00E-02	
1_2133812_C_G	5.86E-02	1.08E-04	8.25E-01	-5.73E-02	2.59E-01	1.30E-02	
1_2133836_C_T	1.03E-01	4.52E-01	9.76E-02	2.27E-01	1.37E-01	9.75E-02	
1_2133861_T_A	6.90E-02	1.14E-05	4.91E-01	-2.15E-01	3.12E-01	4.06E-02	
1_2133863_G_C	5.17E-02	4.68E-04	7.89E-01	-7.50E-02	2.80E-01	1.58E-02	
1_2133884_C_G	1.14E-01	2.69E-07	3.38E-01	-4.75E-01	4.96E-01	5.64E-02	
1_2133890_C_T	8.97E-02	7.47E-06	5.16E-01	-1.70E-01	2.62E-01	3.83E-02	
1_2133911_T_C	9.31E-02	1.33E-04	6.90E-01	-5.60E-02	1.40E-01	2.36E-02	
1_2133935_G_C	8.97E-02	4.81E-05	9.76E-01	9.08E-03	3.03E-01	1.76E-03	
1_2133956_C_T	6.21E-02	3.73E-04	1.39E-01	-2.56E-01	1.73E-01	8.70E-02	
1_2133986_G_C	5.17E-02	3.04E-03	9.52E-01	-1.60E-02	2.64E-01	3.57E-03	
1_2133995_G_A	7.59E-02	2.60E-01	5.37E-01	8.14E-02	1.32E-01	3.64E-02	
1_2134006_G_A	2.10E-01	8.80E-11	8.53E-03	4.39E-01	1.66E-01	1.54E-01	
1_2134017_A_C	7.59E-02	2.02E-05	4.24E-01	-2.23E-01	2.78E-01	4.72E-02	
1_2134020_A_C	6.90E-02	8.81E-05	6.02E-01	-1.55E-01	2.97E-01	3.08E-02	
1_2134025_C_G	5.17E-02	4.68E-04	7.49E-01	-7.49E-02	2.34E-01	1.89E-02	
1_2134028_G_A	8.28E-02	4.52E-06	1.06E-01	-3.87E-01	2.39E-01	9.51E-02	
1_2134031_C_T	2.17E-01	1.88E-10	2.35E-02	4.07E-01	1.79E-01	1.33E-01	
1_2134039_A_T	1.14E-01	2.69E-07	3.38E-01	-4.75E-01	4.96E-01	5.64E-02	
1_2134040_C_T	7.59E-02	4.97E-01	8.36E-01	-2.39E-02	1.16E-01	1.22E-02	
1_2134067_G_A	6.90E-02	2.83E-03	4.89E-01	1.44E-01	2.09E-01	4.08E-02	
1_2134076_G_C	3.21E-01	2.14E-03	3.10E-01	1.65E-01	1.62E-01	5.98E-02	
1_2134092_C_G	1.14E-01	2.69E-07	3.38E-01	-4.75E-01	4.96E-01	5.64E-02	
1_2134094_G_A	5.86E-02	1.08E-04	7.40E-01	-7.82E-02	2.35E-01	1.96E-02	
1_2134100_C_T	3.66E-01	5.44E-09	3.75E-01	1.71E-01	1.93E-01	5.23E-02	
1_2134112_G_A	7.93E-02	6.69E-05	8.52E-01	3.95E-02	2.12E-01	1.10E-02	
1_2134118_G_C	5.17E-02	3.04E-03	8.86E-01	-4.00E-02	2.79E-01	8.44E-03	
1_2134132_G_A	1.21E-01	2.61E-01	8.44E-01	-3.89E-02	1.97E-01	1.16E-02	
1_2134134_G_A	9.31E-02	2.35E-05	9.71E-01	-9.84E-03	2.69E-01	2.16E-03	
1_2134135_A_G	1.14E-01	2.69E-07	3.38E-01	-4.75E-01	4.96E-01	5.64E-02	
1_2134138_G_C	6.90E-02	8.81E-05	6.02E-01	-1.55E-01	2.97E-01	3.08E-02	
1_2134140_G_A	8.97E-02	4.81E-05	9.76E-01	9.08E-03	3.03E-01	1.76E-03	
1_2134145_G_A	1.72E-01	2.79E-01	8.71E-01	-2.52E-02	1.54E-01	9.60E-03	
1_2134150_A_C	1.14E-01	2.69E-07	3.38E-01	-4.75E-01	4.96E-01	5.64E-02	
1_2134152_C_A	5.86E-02	4.19E-03	8.43E-01	4.69E-02	2.37E-01	1.17E-02	
1_2134153_G_A	5.86E-02	4.19E-03	7.56E-01	7.99E-02	2.57E-01	1.83E-02	
1_2134154_C_G	1.00E-01	5.48E-06	7.19E-01	-1.31E-01	3.63E-01	2.12E-02	
1_2134158_C_A	4.76E-01	1.28E-02	4.98E-01	1.43E-01	2.10E-01	3.99E-02	
1_2134159_G_A	4.76E-01	1.28E-02	4.98E-01	1.43E-01	2.10E-01	3.99E-02	
1_2134160_C_G	6.90E-01	5.72E-01	1.59E-01	-1.08E-01	7.62E-02	8.29E-02	
1_2134165_C_G	1.21E-01	2.61E-01	8.44E-01	-3.89E-02	1.97E-01	1.16E-02	
1_2134179_A_T	1.48E-01	8.77E-01	9.66E-01	-6.78E-03	1.57E-01	2.54E-03	
1_2134184_G_A	6.90E-02	1.18E-02	2.06E-01	-2.11E-01	1.67E-01	7.45E-02	
1_2134187_C_T	2.17E-01	1.88E-10	2.35E-02	4.07E-01	1.79E-01	1.33E-01	
1_2134188_G_A	5.86E-02	7.57E-04	6.38E-01	-1.12E-01	2.38E-01	2.77E-02	
1_2134189_C_A	5.17E-02	3.04E-03	8.86E-01	-4.00E-02	2.79E-01	8.44E-03	
1_2134190_G_C	4.69E-01	5.76E-03	4.34E-01	1.48E-01	1.88E-01	4.61E-02	
1_2134192_A_C	1.14E-01	2.69E-07	3.38E-01	-4.75E-01	4.96E-01	5.64E-02	
1_2134211_C_T	5.17E-02	3.04E-03	9.79E-01	6.99E-03	2.62E-01	1.57E-03	
1_2142303_C_T	1.69E-01	3.62E-01	7.99E-01	-4.09E-02	1.61E-01	1.50E-02	
1_2142308_C_T	2.14E-01	3.32E-10	1.46E-02	3.86E-01	1.57E-01	1.43E-01	
1_2142326_C_T	3.10E-01	4.07E-04	2.23E-01	1.83E-01	1.50E-01	7.17E-02	
1_2142333_G_A	3.55E-01	6.68E-02	4.36E-01	1.44E-01	1.85E-01	4.60E-02	
1_2142338_G_C	2.72E-01	1.91E-05	6.82E-01	6.38E-02	1.55E-01	2.42E-02	
1_2142341_G_A	5.17E-02	3.04E-03	4.90E-01	1.74E-01	2.52E-01	4.07E-02	
1_2142344_C_T	2.45E-01	1.33E-08	3.53E-01	1.65E-01	1.78E-01	5.48E-02	
1_2142350_C_G	3.41E-01	1.56E-02	3.70E-01	1.56E-01	1.74E-01	5.28E-02	
1_2142353_C_T	1.28E-01	7.36E-01	4.88E-01	-1.12E-01	1.62E-01	4.09E-02	
1_2142360_G_T	2.34E-01	2.46E-09	1.96E-01	2.29E-01	1.77E-01	7.61E-02	
1_2142362_G_C	7.93E-02	9.60E-06	6.94E-01	-7.80E-02	1.98E-01	2.32E-02	
1_2142368_T_C	6.14E-01	2.50E-01	2.28E-01	-1.03E-01	8.54E-02	7.10E-02	
1_2142376_G_A	3.76E-01	1.84E-08	5.33E-01	1.02E-01	1.64E-01	3.68E-02	
1_2142392_G_C	5.86E-02	1.08E-04	9.30E-01	-2.21E-02	2.51E-01	5.17E-03	
1_2142395_C_G	2.76E-01	1.23E-05	5.00E-01	1.11E-01	1.64E-01	3.98E-02	
1_2142398_G_A	3.38E-01	3.88E-02	5.91E-01	8.51E-02	1.58E-01	3.17E-02	
1_2142399_C_T	2.41E-01	4.44E-09	2.42E-01	2.22E-01	1.90E-01	6.89E-02	
1_2142400_A_C	2.41E-01	4.44E-09	2.42E-01	2.22E-01	1.90E-01	6.89E-02	
1_2142402_C_T	7.59E-02	4.97E-01	6.00E-01	5.89E-02	1.12E-01	3.09E-02	
1_2142417_G_T	3.55E-01	6.68E-02	4.36E-01	1.44E-01	1.85E-01	4.60E-02	
1_2142424_A_T	3.55E-01	6.68E-02	4.36E-01	1.44E-01	1.85E-01	4.60E-02	
1_2142441_G_C	2.41E-01	4.44E-09	2.42E-01	2.22E-01	1.90E-01	6.89E-02	
1_2142446_A_G	2.48E-01	3.82E-08	3.55E-01	1.59E-01	1.72E-01	5.45E-02	
1_2142449_C_T	3.00E-01	1.96E-05	2.39E-01	1.58E-01	1.34E-01	6.94E-02	
1_2142452_C_G	2.41E-01	4.44E-09	2.42E-01	2.22E-01	1.90E-01	6.89E-02	
1_2142453_C_A	2.03E-01	1.16E-02	4.83E-01	-1.19E-01	1.70E-01	4.14E-02	
1_2142458_G_C	1.97E-01	5.50E-02	6.45E-01	-6.46E-02	1.40E-01	2.71E-02	
1_2142467_A_G	3.83E-01	9.87E-08	1.46E-01	1.93E-01	1.32E-01	8.56E-02	
1_2142479_T_C	6.21E-02	2.16E-03	9.53E-01	1.32E-02	2.26E-01	3.45E-03	
1_2142488_G_C	6.21E-02	5.58E-06	2.57E-01	-2.50E-01	2.20E-01	6.68E-02	bad-chisq
1_2142507_A_G	1.00E-01	5.48E-06	7.19E-01	-1.31E-01	3.63E-01	2.12E-02	
1_2142509_C_G	6.55E-02	2.42E-05	6.43E-01	-1.30E-01	2.81E-01	2.73E-02	
1_2142512_C_G	5.17E-02	5.48E-05	6.59E-01	-1.05E-01	2.37E-01	2.60E-02	bad-chisq
1_2142515_G_A	2.76E-01	1.22E-04	3.67E-02	2.84E-01	1.35E-01	1.23E-01	
1_2142518_G_A	5.86E-02	7.34E-01	2.02E-01	-1.74E-01	1.36E-01	7.52E-02	
1_2142524_T_C	3.38E-01	4.83E-03	4.10E-01	1.18E-01	1.43E-01	4.86E-02	
1_2142525_T_A	1.00E-01	5.48E-06	7.19E-01	-1.31E-01	3.63E-01	2.12E-02	
1_2142541_C_G	1.07E-01	9.41E-02	4.41E-01	1.29E-01	1.68E-01	4.55E-02	
1_2142548_C_T	6.21E-02	1.00E-02	5.24E-01	-9.22E-02	1.45E-01	3.76E-02	
1_2142563_T_C	3.21E-01	1.27E-04	3.16E-01	1.21E-01	1.21E-01	5.91E-02	
1_2142566_G_C	2.55E-01	8.48E-07	1.44E-02	-1.85E-01	7.51E-02	1.44E-01	
1_2142572_C_T	1.66E-01	2.97E-03	2.00E-02	-1.93E-01	8.23E-02	1.37E-01	
1_2142573_C_G	6.21E-02	3.73E-04	7.90E-01	-7.30E-02	2.74E-01	1.57E-02	
1_2142581_T_C	2.28E-01	1.56E-02	4.77E-01	-1.02E-01	1.44E-01	4.20E-02	
1_2142590_T_C	4.31E-01	5.31E-05	3.53E-01	1.48E-01	1.59E-01	5.48E-02	
1_2142595_T_A	5.17E-02	5.48E-05	3.74E-01	-2.26E-01	2.54E-01	5.24E-02	bad-chisq
1_2142609_G_A	9.66E-02	1.14E-05	9.83E-01	-6.73E-03	3.07E-01	1.29E-03	
1_2142614_C_T	2.21E-01	6.74E-10	9.50E-02	2.79E-01	1.66E-01	9.82E-02	
1_2142618_C_A	3.76E-01	1.43E-01	8.09E-01	-4.10E-02	1.70E-01	1.42E-02	
1_2142626_G_C	1.86E-01	4.05E-02	4.64E-01	-1.11E-01	1.51E-01	4.31E-02	
1_2142627_C_T	2.31E-01	4.41E-03	6.74E-01	-7.52E-02	1.78E-01	2.48E-02	
1_2142629_C_T	3.38E-01	4.67E-05	3.67E-01	8.73E-02	9.66E-02	5.32E-02	
1_2142644_C_G	1.52E-01	7.50E-01	9.72E-01	6.13E-03	1.72E-01	2.10E-03	
1_2142650_G_A	1.00E-01	1.73E-04	3.96E-01	-1.32E-01	1.55E-01	5.00E-02	
1_2142663_C_G	1.28E-01	4.89E-01	3.60E-01	-1.57E-01	1.71E-01	5.40E-02	
1_2142668_G_C	1.00E-01	5.48E-06	7.19E-01	-1.31E-01	3.63E-01	2.12E-02	
1_2142683_C_T	2.14E-01	3.32E-10	1.88E-02	3.73E-01	1.58E-01	1.38E-01	
1_2142694_A_G	8.28E-02	5.27E-07	3.32E-01	-3.00E-01	3.09E-01	5.72E-02	
1_2142697_C_G	8.28E-02	5.27E-07	3.32E-01	-3.00E-01	3.09E-01	5.72E-02	
1_2142701_C_T	2.66E-01	1.04E-06	3.30E-01	1.59E-01	1.63E-01	5.74E-02	
1_2142707_C_T	1.48E-01	6.25E-01	6.01E-01	7.96E-02	1.52E-01	3.08E-02	
1_2142711_T_C	4.41E-01	7.13E-04	7.37E-01	5.96E-02	1.77E-01	1.98E-02	
1_2142734_C_T	3.28E-01	5.67E-03	9.26E-01	-1.19E-02	1.28E-01	5.46E-03	
1_2142738_C_T	8.97E-02	4.81E-05	1.48E-01	-2.71E-01	1.87E-01	8.52E-02	
1_2142744_C_G	1.14E-01	2.69E-07	3.38E-01	-4.75E-01	4.96E-01	5.64E-02	
1_2142754_C_G	6.55E-02	5.36E-03	5.14E-01	1.69E-01	2.59E-01	3.85E-02	
1_2142755_C_G	4.21E-01	6.78E-05	4.83E-01	1.22E-01	1.74E-01	4.13E-02	
1_2142756_C_T	1.03E-01	1.26E-01	4.15E-01	1.51E-01	1.85E-01	4.80E-02	
1_2142773_C_T	2.14E-01	3.32E-10	1.91E-02	3.72E-01	1.58E-01	1.38E-01	
1_2142779_C_T	2.72E-01	5.58E-06	1.61E-01	2.04E-01	1.45E-01	8.26E-02	
1_2142788_C_T	6.28E-01	2.75E-01	1.39E-02	-1.98E-01	8.00E-02	1.44E-01	
1_2142791_C_G	1.07E-01	1.23E-06	7.93E-01	-8.47E-02	3.23E-01	1.55E-02	
1_2142803_G_C	4.52E-01	2.29E-04	8.07E-01	3.69E-02	1.50E-01	1.44E-02	
1_2142811_T_C	2.41E-01	4.44E-09	2.42E-01	2.22E-01	1.90E-01	6.89E-02	
1_2142820_C_G	8.62E-02	9.74E-05	7.82E-01	7.49E-02	2.71E-01	1.63E-02	
1_2142824_G_C	4.41E-01	1.66E-03	6.55E-01	7.75E-02	1.73E-01	2.63E-02	
1_2142825_C_G	8.28E-02	5.27E-07	3.32E-01	-3.00E-01	3.09E-01	5.72E-02	
1_2142826_G_A	7.93E-02	9.60E-06	3.58E-01	-2.60E-01	2.83E-01	5.41E-02	
1_2142840_G_C	6.90E-02	1.14E-05	4.91E-01	-2.15E-01	3.12E-01	4.06E-02	
1_2142849_G_A	3.90E-01	4.78E-07	4.30E-01	1.35E-01	1.71E-01	4.65E-02	
1_2142865_C_T	7.17E-01	2.15E-03	1.08E-02	1.93E-01	7.52E-02	1.49E-01	
1_2142866_G_C	5.17E-02	3.04E-03	4.59E-01	-1.72E-01	2.32E-01	4.36E-02	
1_2142869_G_A	4.00E-01	1.29E-06	5.92E-01	8.56E-02	1.60E-01	3.16E-02	
1_2142887_C_G	3.55E-01	6.68E-02	9.18E-01	-1.54E-02	1.49E-01	6.10E-03	
1_2142889_G_C	2.41E-01	4.44E-09	2.42E-01	2.22E-01	1.90E-01	6.89E-02	
1_2142899_C_T	7.59E-02	2.48E-06	5.27E-01	-1.70E-01	2.69E-01	3.73E-02	
1_2142900_A_C	4.52E-01	5.68E-04	5.62E-01	9.79E-02	1.68E-01	3.42E-02	
1_2142911_G_C	8.62E-02	5.12E-04	7.59E-01	-6.33E-02	2.06E-01	1.81E-02	
1_2142912_G_A	4.86E-01	1.06E-02	3.48E-01	1.85E-01	1.97E-01	5.54E-02	
1_2142917_G_A	3.38E-01	2.05E-02	5.85E-01	8.21E-02	1.50E-01	3.22E-02	
1_2142920_T_C	4.86E-01	1.06E-02	3.48E-01	1.85E-01	1.97E-01	5.54E-02	
1_2142922_G_A	7.38E-01	9.24E-02	6.64E-01	-3.26E-02	7.51E-02	2.56E-02	
1_2142923_A_G	4.66E-01	7.43E-04	2.40E-01	1.97E-01	1.68E-01	6.92E-02	
1_2142951_G_A	5.86E-02	1.08E-04	7.50E-01	-9.19E-02	2.88E-01	1.88E-02	
1_2142953_G_C	2.83E-01	1.68E-05	3.36E-01	1.50E-01	1.56E-01	5.67E-02	
1_2142961_C_T	3.72E-01	1.72E-09	1.96E-01	2.49E-01	1.92E-01	7.61E-02	
1_2142972_G_C	1.24E-01	1.24E-06	9.19E-01	-2.68E-02	2.64E-01	5.98E-03	
1_2142973_C_G	1.14E-01	2.69E-07	3.38E-01	-4.75E-01	4.96E-01	5.64E-02	
1_2142977_C_T	6.90E-02	5.54E-04	1.51E-01	-2.37E-01	1.65E-01	8.45E-02	
1_2142989_C_T	2.48E-01	3.82E-08	3.55E-01	1.59E-01	1.72E-01	5.45E-02	
1_2143013_C_G	5.17E-02	4.68E-04	7.89E-01	-7.50E-02	2.80E-01	1.58E-02	
1_2143025_C_T	2.45E-01	2.06E-02	1.46E-01	-2.01E-01	1.38E-01	8.56E-02	
1_2166095_C_G	1.14E-01	2.69E-07	3.38E-01	-4.75E-01	4.96E-01	5.64E-02	
1_2166120_A_C	8.97E-02	4.81E-05	9.76E-01	9.08E-03	3.03E-01	1.76E-03	
1_2166125_C_G	6.90E-02	8.81E-05	6.02E-01	-1.55E-01	2.97E-01	3.08E-02	
1_2166128_G_A	7.24E-02	4.24E-05	5.21E-01	-1.78E-01	2.78E-01	3.78E-02	
1_2166158_G_C	1.90E-01	6.96E-01	5.96E-01	-5.23E-02	9.85E-02	3.13E-02	
1_2166179_G_C	1.21E-01	2.59E-06	7.29E-01	9.69E-02	2.79E-01	2.05E-02	
1_2166182_C_T	9.31E-02	9.43E-03	6.67E-01	6.03E-02	1.40E-01	2.54E-02	
1_2166200_C_G	6.90E-02	8.81E-05	6.02E-01	-1.55E-01	2.97E-01	3.08E-02	
1_2166216_A_G	1.14E-01	2.69E-07	3.38E-01	-4.75E-01	4.96E-01	5.64E-02	
1_2166217_A_G	2.41E-01	4.44E-09	2.42E-01	2.22E-01	1.90E-01	6.89E-02	
1_2166218_C_T	5.17E-02	5.84E-02	8.61E-01	3.40E-02	1.94E-01	1.03E-02	
1_2166245_C_G	2.59E-01	1.66E-07	3.00E-01	1.65E-01	1.59E-01	6.11E-02	
1_2166266_G_A	2.17E-01	1.88E-10	5.07E-03	4.32E-01	1.53E-01	1.64E-01	
1_2166305_G_C	2.69E-01	2.70E-04	2.42E-01	1.67E-01	1.43E-01	6.89E-02	
1_2166341_G_C	5.52E-02	2.25E-04	8.39E-01	-5.65E-02	2.77E-01	1.20E-02	
1_2166360_A_T	1.21E-01	2.61E-01	8.54E-01	2.65E-02	1.43E-01	1.09E-02	
1_2166368_G_A	1.41E-01	3.63E-01	4.27E-01	1.07E-01	1.34E-01	4.68E-02	
1_2166407_C_T	3.52E-01	8.15E-06	5.50E-01	4.61E-02	7.70E-02	3.53E-02	
1_2166419_C_G	1.07E-01	1.23E-06	7.10E-01	-1.21E-01	3.26E-01	2.19E-02	
1_2166455_C_T	7.93E-02	3.88E-04	1.82E-01	-2.19E-01	1.64E-01	7.85E-02	
1_2166494_C_G	1.00E-01	5.48E-06	7.19E-01	-1.31E-01	3.63E-01	2.12E-02	
1_2166518_G_A	8.97E-02	4.81E-05	8.92E-01	3.74E-02	2.75E-01	8.02E-03	
1_2166521_C_G	3.00E-01	6.05E-05	2.87E-01	1.28E-01	1.20E-01	6.27E-02	
1_2166536_G_C	5.17E-02	4.68E-04	9.98E-01	5.40E-04	2.72E-01	1.17E-04	
1_2166551_C_G	2.38E-01	1.41E-09	6.56E-02	3.29E-01	1.78E-01	1.08E-01	
1_2166570_G_A	1.97E-01	1.05E-01	7.57E-01	4.23E-02	1.37E-01	1.82E-02	
1_2166583_C_A	6.90E-02	1.14E-05	4.91E-01	-2.15E-01	3.12E-01	4.06E-02	
1_2166596_T_C	4.83E-01	3.40E-03	9.12E-01	-1.65E-02	1.50E-01	6.50E-03	
1_2166605_G_C	2.14E-01	3.32E-10	4.60E-02	3.45E-01	1.72E-01	1.17E-01	
1_2166611_T_C	1.66E-01	1.69E-01	7.14E-01	5.64E-02	1.54E-01	2.16E-02	
1_2166653_C_G	6.55E-02	5.36E-03	5.14E-01	1.69E-01	2.59E-01	3.85E-02	
1_2166671_G_C	9.31E-02	3.54E-06	8.01E-01	-7.56E-02	3.00E-01	1.48E-02	
1_2166674_G_C	6.55E-02	2.42E-05	6.47E-01	-1.29E-01	2.80E-01	2.70E-02	
1_2166695_G_C	1.03E-01	1.26E-01	4.86E-01	1.30E-01	1.87E-01	4.10E-02	
1_2166720_G_A	1.14E-01	2.69E-07	3.38E-01	-4.75E-01	4.96E-01	5.64E-02	
1_2166726_G_T	6.21E-02	5.12E-05	6.58E-01	-1.16E-01	2.61E-01	2.61E-02	
1_2166728_G_C	2.97E-01	9.36E-06	2.23E-01	1.86E-01	1.52E-01	7.17E-02	
1_2166731_G_C	2.90E-01	7.58E-02	5.58E-01	5.01E-02	8.55E-02	3.45E-02	
1_2166737_G_C	1.10E-01	5.79E-07	7.15E-01	-1.31E-01	3.60E-01	2.15E-02	
1_2166749_G_C	1.14E-01	2.69E-07	3.38E-01	-4.75E-01	4.96E-01	5.64E-02	
1_2166758_C_G	7.24E-02	1.48E-03	6.18E-01	1.28E-01	2.56E-01	2.94E-02	
1_2166785_C_T	5.17E-02	1.52E-02	4.94E-01	1.65E-01	2.42E-01	4.03E-02	
1_2166787_C_G	8.97E-02	4.81E-05	9.76E-01	9.08E-03	3.03E-01	1.76E-03	
1_2166803_C_G	1.10E-01	5.79E-07	7.17E-01	-1.30E-01	3.60E-01	2.13E-02	
1_2166827_G_A	3.83E-01	1.63E-02	9.88E-01	1.31E-03	8.45E-02	9.12E-04	
1_2166872_C_G	6.21E-02	3.73E-04	7.90E-01	-7.30E-02	2.74E-01	1.57E-02	
1_2166879_A_G	6.90E-02	1.14E-05	4.91E-01	-2.15E-01	3.12E-01	4.06E-02	
1_2166887_G_A	8.28E-02	9.85E-04	6.31E-01	9.53E-02	1.98E-01	2.83E-02	
1_2166888_G_A	1.62E-01	9.34E-01	2.02E-01	1.64E-01	1.28E-01	7.51E-02	
1_2166889_G_A	1.97E-01	1.86E-01	7.14E-01	4.97E-02	1.36E-01	2.16E-02	
1_2166911_C_T	9.66E-02	2.39E-01	7.61E-01	-2.96E-02	9.74E-02	1.79E-02	
1_2166980_C_T	2.83E-01	5.34E-05	2.58E-01	1.57E-01	1.39E-01	6.66E-02	
1_2166986_A_G	1.07E-01	3.05E-02	5.14E-01	-6.45E-02	9.87E-02	3.85E-02	
1_2167004_G_A	5.17E-02	5.84E-02	1.46E-01	-1.88E-01	1.29E-01	8.56E-02	
1_2167023_C_A	1.14E-01	2.69E-07	3.38E-01	-4.75E-01	4.96E-01	5.64E-02	
1_2167037_G_C	1.69E-01	1.77E-03	2.92E-01	-1.34E-01	1.27E-01	6.20E-02	
1_2167070_C_T	9.66E-02	2.39E-01	3.71E-02	2.81E-01	1.34E-01	1.22E-01	
1_2167076_G_C	5.17E-02	1.52E-02	2.13E-01	-2.19E-01	1.75E-01	7.33E-02	
1_2167124_C_T	6.55E-02	9.28E-01	2.66E-01	1.44E-01	1.29E-01	6.56E-02	
1_2167148_G_A	8.97E-02	4.81E-03	5.06E-01	-1.02E-01	1.53E-01	3.92E-02	
1_2167181_A_G	6.21E-02	3.73E-04	8.99E-01	-2.72E-02	2.14E-01	7.51E-03	
1_2167187_C_G	9.31E-02	2.35E-05	8.97E-01	3.46E-02	2.67E-01	7.63E-03	
1_2167197_C_T	1.45E-01	5.23E-01	6.18E-01	4.34E-02	8.70E-02	2.94E-02	
1_2167211_G_C	1.14E-01	5.73E-05	7.05E-01	-6.16E-02	1.63E-01	2.23E-02	
1_2167223_C_G	1.21E-01	2.59E-06	7.09E-01	1.02E-01	2.73E-01	2.20E-02	
1_2167226_C_T	2.83E-01	1.68E-05	7.68E-01	-3.53E-02	1.20E-01	1.74E-02	
1_2167229_C_G	5.17E-02	4.68E-04	8.29E-01	-4.72E-02	2.19E-01	1.27E-02	
1_2167274_C_G	7.24E-02	1.48E-03	6.76E-01	1.09E-01	2.62E-01	2.47E-02	
1_2167280_C_G	5.52E-02	1.53E-03	9.55E-01	1.42E-02	2.50E-01	3.33E-03	
1_2167286_C_G	1.79E-01	4.24E-01	1.17E-01	-1.95E-01	1.24E-01	9.22E-02	
1_2167290_C_A	1.14E-01	2.69E-07	3.38E-01	-4.75E-01	4.96E-01	5.64E-02	
1_2167291_G_A	1.14E-01	2.69E-07	3.38E-01	-4.75E-01	4.96E-01	5.64E-02	
1_2167292_C_G	1.10E-01	5.79E-07	7.91E-01	9.53E-02	3.59E-01	1.57E-02	
1_2167307_T_C	6.55E-02	1.10E-03	6.85E-01	8.30E-02	2.04E-01	2.40E-02	
1_2167316_C_G	6.21E-02	5.12E-05	8.50E-01	-4.85E-02	2.56E-01	1.11E-02	
1_2167325_G_C	5.52E-02	3.31E-02	5.30E-01	1.35E-01	2.15E-01	3.70E-02	
1_2167329_A_G	1.14E-01	2.69E-07	3.38E-01	-4.75E-01	4.96E-01	5.64E-02	
1_2167340_C_G	4.83E-01	1.41E-02	9.77E-01	-4.87E-03	1.69E-01	1.69E-03	
1_2167367_A_G	5.86E-02	1.83E-02	9.10E-01	2.11E-02	1.87E-01	6.65E-03	
1_2175275_T_C	1.31E-01	9.21E-06	1.63E-01	-1.86E-01	1.33E-01	8.22E-02	
1_2175276_A_G	3.83E-01	9.87E-08	4.66E-01	1.31E-01	1.80E-01	4.30E-02	
1_2175281_G_A	8.28E-02	4.52E-06	6.96E-01	-1.05E-01	2.69E-01	2.30E-02	
1_2175285_A_G	2.31E-01	2.23E-02	4.59E-01	-1.04E-01	1.41E-01	4.36E-02	
1_2175302_C_T	6.55E-02	9.28E-01	9.23E-01	1.32E-02	1.37E-01	5.70E-03	
1_2175311_T_C	9.31E-02	1.33E-04	3.09E-01	-1.70E-01	1.67E-01	5.99E-02	
1_2175335_A_G	5.03E-01	1.85E-02	8.24E-01	3.75E-02	1.68E-01	1.31E-02	
1_2175338_G_C	6.90E-02	5.54E-04	9.79E-01	6.63E-03	2.46E-01	1.59E-03	
1_2175339_C_T	1.76E-01	5.30E-01	3.12E-01	-1.33E-01	1.32E-01	5.95E-02	
1_2175355_C_G	1.14E-01	2.69E-07	3.38E-01	-4.75E-01	4.96E-01	5.64E-02	
1_2175356_G_C	7.93E-02	9.60E-06	3.58E-01	-2.60E-01	2.83E-01	5.41E-02	
1_2175360_G_A	7.59E-02	3.52E-03	9.14E-01	1.64E-02	1.52E-01	6.36E-03	
1_2175377_G_C	2.97E-01	7.88E-04	1.56E-01	-1.34E-01	9.40E-02	8.35E-02	
1_2175384_A_G	6.21E-02	2.16E-03	8.21E-01	5.34E-02	2.35E-01	1.34E-02	
1_2175386_T_C	4.45E-01	5.63E-03	1.65E-01	2.15E-01	1.55E-01	8.17E-02	
1_2175390_A_G	6.90E-02	8.81E-05	6.02E-01	-1.55E-01	2.97E-01	3.08E-02	
1_2175404_G_A	6.21E-02	2.16E-03	1.87E-01	-2.13E-01	1.61E-01	7.77E-02	
1_2175424_C_A	1.14E-01	2.69E-07	3.38E-01	-4.75E-01	4.96E-01	5.64E-02	
1_2175457_T_C	1.14E-01	2.69E-07	3.38E-01	-4.75E-01	4.96E-01	5.64E-02	
1_2175470_G_C	2.38E-01	3.85E-08	3.56E-02	3.30E-01	1.56E-01	1.23E-01	
1_2175487_C_T	1.14E-01	2.69E-07	3.38E-01	-4.75E-01	4.96E-01	5.64E-02	
1_2175502_C_T	1.21E-01	2.61E-01	8.44E-01	-3.89E-02	1.97E-01	1.16E-02	
1_2175518_T_C	4.83E-01	2.03E-04	1.75E-01	-1.11E-01	8.20E-02	7.98E-02	
1_2175521_C_G	6.55E-02	5.36E-03	8.80E-01	3.13E-02	2.08E-01	8.88E-03	
1_2175527_G_C	1.21E-01	5.68E-08	6.08E-02	-5.00E-01	2.66E-01	1.10E-01	
1_2175549_G_A	1.48E-01	1.39E-06	2.35E-01	-2.09E-01	1.76E-01	7.00E-02	
1_2175550_G_A	8.62E-02	2.12E-06	8.14E-01	-5.37E-02	2.28E-01	1.39E-02	
1_2175551_C_T	2.31E-01	4.26E-09	3.18E-02	3.36E-01	1.56E-01	1.26E-01	
1_2175554_G_C	4.48E-01	4.11E-03	1.54E-01	2.08E-01	1.46E-01	8.39E-02	
1_2175561_A_G	1.14E-01	2.69E-07	3.38E-01	-4.75E-01	4.96E-01	5.64E-02	
1_2175580_A_G	1.14E-01	2.69E-07	3.38E-01	-4.75E-01	4.96E-01	5.64E-02	
1_2175596_C_T	2.90E-01	1.94E-06	1.36E-01	2.06E-01	1.38E-01	8.78E-02	
1_2175608_G_C	1.93E-01	1.10E-03	5.97E-02	-1.46E-01	7.73E-02	1.11E-01	
1_2175617_T_C	5.66E-01	1.06E-02	5.27E-01	-6.01E-02	9.49E-02	3.73E-02	
1_2175621_G_A	7.93E-02	1.15E-06	4.29E-01	-2.27E-01	2.86E-01	4.66E-02	
1_2175625_C_A	1.34E-01	5.29E-01	3.90E-01	-1.43E-01	1.66E-01	5.06E-02	
1_2175635_G_C	6.55E-02	1.82E-04	9.44E-01	-1.72E-02	2.43E-01	4.17E-03	
1_2175642_A_C	1.14E-01	2.69E-07	3.38E-01	-4.75E-01	4.96E-01	5.64E-02	
1_2175643_A_T	1.14E-01	2.69E-07	3.38E-01	-4.75E-01	4.96E-01	5.64E-02	
1_2175649_T_A	1.14E-01	2.69E-07	3.38E-01	-4.75E-01	4.96E-01	5.64E-02	
1_2175662_C_T	6.55E-02	2.12E-02	1.31E-01	-1.69E-01	1.12E-01	8.89E-02	
1_2175665_C_T	3.45E-01	6.36E-01	6.22E-01	3.39E-02	6.87E-02	2.90E-02	
1_2175696_A_G	1.14E-01	2.69E-07	3.38E-01	-4.75E-01	4.96E-01	5.64E-02	
1_2175710_C_T	1.34E-01	6.79E-01	8.00E-01	3.70E-02	1.46E-01	1.49E-02	
1_2175719_G_C	8.28E-02	4.52E-06	5.51E-01	-1.46E-01	2.45E-01	3.52E-02	
1_2175725_T_C	2.38E-01	1.54E-06	1.28E-01	-1.34E-01	8.80E-02	8.96E-02	
1_2175731_C_T	6.90E-02	2.83E-03	5.34E-01	-1.08E-01	1.74E-01	3.66E-02	
1_2175749_G_C	2.28E-01	1.31E-09	1.46E-01	2.52E-01	1.73E-01	8.56E-02	
1_2175762_G_A	1.14E-01	2.69E-07	3.38E-01	-4.75E-01	4.96E-01	5.64E-02	
1_2175791_G_A	1.17E-01	5.72E-04	2.94E-01	-1.37E-01	1.30E-01	6.18E-02	
1_2175792_A_C	1.14E-01	2.69E-07	3.38E-01	-4.75E-01	4.96E-01	5.64E-02	
1_2175800_G_A	9.66E-02	1.67E-06	5.13E-01	-1.63E-01	2.49E-01	3.86E-02	
1_2175806_T_C	8.21E-01	8.42E-02	5.43E-01	-4.94E-02	8.10E-02	3.59E-02	
1_2175827_C_T	3.93E-01	5.63E-02	4.90E-01	-4.82E-02	6.97E-02	4.07E-02	
1_2175839_C_T	1.34E-01	7.78E-01	5.78E-01	8.32E-02	1.49E-01	3.28E-02	
1_2175845_G_A	1.17E-01	1.37E-04	7.32E-01	-5.46E-02	1.59E-01	2.02E-02	
1_2175854_C_G	1.03E-01	2.61E-06	9.49E-01	-1.80E-02	2.79E-01	3.80E-03	
1_2175860_T_C	1.00E-01	9.50E-08	3.12E-01	-3.09E-01	3.05E-01	5.96E-02	
1_2241062_C_T	2.79E-01	8.09E-05	7.40E-02	2.61E-01	1.46E-01	1.05E-01	
1_2241071_G_A	8.28E-02	1.16E-01	1.82E-01	-1.45E-01	1.09E-01	7.87E-02	
1_2241098_T_C	2.21E-01	3.29E-01	1.43E-01	-1.41E-01	9.64E-02	8.61E-02	
1_2241101_T_C	3.31E-01	3.84E-09	8.04E-02	2.36E-01	1.35E-01	1.03E-01	
1_2241107_T_C	1.14E-01	2.69E-07	3.38E-01	-4.75E-01	4.96E-01	5.64E-02	
1_2241111_T_A	8.97E-02	4.81E-05	9.76E-01	9.08E-03	3.03E-01	1.76E-03	
1_2241125_C_T	8.62E-02	2.27E-03	3.10E-01	1.55E-01	1.53E-01	5.98E-02	
1_2241131_T_C	6.21E-02	3.73E-04	8.87E-01	-3.46E-02	2.42E-01	8.41E-03	
1_2241143_C_G	1.41E-01	9.11E-01	6.47E-01	-7.73E-02	1.69E-01	2.70E-02	
1_2241149_C_T	5.86E-01	6.63E-03	5.69E-01	4.72E-02	8.28E-02	3.36E-02	
1_2241155_C_G	1.00E-01	5.48E-06	7.19E-01	-1.31E-01	3.63E-01	2.12E-02	
1_2241176_C_T	6.55E-02	1.82E-04	7.37E-01	-8.96E-02	2.66E-01	1.98E-02	
1_2241182_C_T	2.66E-01	6.99E-05	3.44E-01	-7.20E-02	7.59E-02	5.57E-02	
1_2241185_C_G	4.07E-01	1.52E-03	4.65E-01	-5.48E-02	7.48E-02	4.31E-02	
1_2241191_G_C	1.28E-01	4.89E-01	7.52E-01	-5.62E-02	1.77E-01	1.87E-02	
1_2241212_C_T	6.55E-02	1.82E-04	9.87E-01	3.35E-03	2.12E-01	9.31E-04	
1_2241215_G_C	8.28E-02	1.95E-04	7.83E-01	7.35E-02	2.66E-01	1.63E-02	
1_2241233_T_C	5.97E-01	1.06E-02	5.12E-01	5.45E-02	8.29E-02	3.87E-02	
1_2241248_T_C	4.59E-01	1.40E-02	8.73E-01	1.23E-02	7.69E-02	9.41E-03	
1_2241279_T_G	2.34E-01	2.77E-03	5.78E-01	-1.06E-01	1.90E-01	3.28E-02	
1_2241284_C_T	2.14E-01	9.36E-01	2.47E-01	1.13E-01	9.74E-02	6.83E-02	
1_2241285_T_G	6.21E-02	3.73E-04	7.90E-01	-7.30E-02	2.74E-01	1.57E-02	
1_2241287_G_C	9.66E-02	6.69E-05	2.82E-01	-1.83E-01	1.70E-01	6.33E-02	
1_2241294_G_A	8.28E-02	1.95E-04	7.46E-01	8.67E-02	2.67E-01	1.91E-02	
1_2241299_C_T	5.17E-01	9.52E-07	4.35E-01	6.34E-02	8.11E-02	4.60E-02	
1_2241312_C_T	5.52E-02	2.25E-04	6.62E-01	-1.08E-01	2.46E-01	2.58E-02	
1_2241317_G_A	2.34E-01	8.47E-01	3.79E-01	-7.46E-02	8.45E-02	5.19E-02	
1_2241326_C_G	5.17E-02	4.68E-04	7.89E-01	-7.50E-02	2.80E-01	1.58E-02	
1_2241338_G_C	2.14E-01	1.23E-04	3.23E-01	-8.24E-02	8.32E-02	5.83E-02	
1_2241366_A_G	6.90E-02	1.14E-05	4.91E-01	-2.15E-01	3.12E-01	4.06E-02	
1_2241369_C_A	1.00E-01	5.48E-06	7.19E-01	-1.31E-01	3.63E-01	2.12E-02	
1_2241374_T_C	5.34E-01	1.71E-04	3.11E-01	9.19E-02	9.06E-02	5.97E-02	
1_2241407_A_G	2.24E-01	2.28E-09	5.27E-02	3.19E-01	1.64E-01	1.14E-01	
1_2241434_C_T	8.76E-01	4.86E-02	3.65E-01	7.92E-02	8.72E-02	5.34E-02	
1_2241435_C_T	7.59E-02	7.61E-04	7.70E-01	8.28E-02	2.83E-01	1.72E-02	
1_2241458_C_T	7.93E-02	6.69E-05	2.73E-01	-1.87E-01	1.70E-01	6.46E-02	
1_2241477_C_T	1.03E-01	7.17E-01	3.96E-01	-1.27E-01	1.50E-01	5.01E-02	
1_2241482_G_C	1.76E-01	2.11E-01	8.14E-01	-3.71E-02	1.58E-01	1.39E-02	
1_2241498_C_T	6.90E-02	1.14E-05	5.81E-01	-1.14E-01	2.05E-01	3.26E-02	
1_2241512_C_G	2.52E-01	4.53E-07	2.93E-02	3.41E-01	1.56E-01	1.28E-01	
1_2241513_A_G	7.59E-02	2.02E-05	4.24E-01	-2.23E-01	2.78E-01	4.72E-02	
1_2241515_T_C	2.90E-01	2.15E-02	9.52E-01	-6.20E-03	1.02E-01	3.58E-03	
1_2241525_G_C	5.41E-01	1.11E-02	2.94E-01	1.14E-01	1.08E-01	6.18E-02	
1_2241545_G_A	8.28E-02	1.16E-01	9.17E-01	-1.12E-02	1.07E-01	6.17E-03	
1_2241572_T_C	6.21E-02	2.16E-03	3.15E-01	-1.85E-01	1.83E-01	5.93E-02	
1_2241573_G_C	7.93E-02	9.60E-06	3.58E-01	-2.60E-01	2.83E-01	5.41E-02	
1_2241590_T_C	4.76E-01	5.67E-04	8.97E-01	-9.21E-03	7.11E-02	7.64E-03	
1_2241599_C_T	6.55E-02	2.42E-05	6.15E-01	-1.34E-01	2.66E-01	2.96E-02	
1_2241602_C_T	5.52E-02	2.25E-04	6.68E-01	-8.96E-02	2.09E-01	2.53E-02	
1_2241608_A_G	3.03E-01	3.98E-05	7.22E-01	4.15E-02	1.16E-01	2.10E-02	
1_2241620_C_T	8.62E-02	1.56E-05	8.17E-01	-5.12E-02	2.21E-01	1.37E-02	
1_2264465_G_C	1.07E-01	1.23E-06	7.10E-01	-1.21E-01	3.26E-01	2.19E-02	
1_2264510_G_C	5.86E-02	7.57E-04	9.71E-01	-9.07E-03	2.48E-01	2.15E-03	
1_2264511_G_A	7.93E-02	1.76E-01	4.42E-01	-8.05E-02	1.05E-01	4.53E-02	
1_2264594_T_C	1.17E-01	1.24E-07	4.30E-02	-6.76E-01	3.32E-01	1.19E-01	
1_2264599_G_A	1.14E-01	2.69E-07	3.38E-01	-4.75E-01	4.96E-01	5.64E-02	
1_2264600_C_T	8.62E-02	9.74E-05	6.69E-01	1.04E-01	2.42E-01	2.52E-02	
1_2264603_G_C	1.14E-01	2.69E-07	3.38E-01	-4.75E-01	4.96E-01	5.64E-02	
1_2264612_T_C	5.17E-02	4.68E-04	7.89E-01	-7.50E-02	2.80E-01	1.58E-02	
1_2264651_C_T	5.86E-02	1.20E-05	3.00E-01	-2.34E-01	2.25E-01	6.10E-02	bad-chisq
1_2264661_A_G	1.10E-01	5.79E-07	7.17E-01	-1.30E-01	3.58E-01	2.14E-02	
1_2264674_T_C	3.72E-01	1.72E-09	1.96E-01	2.49E-01	1.92E-01	7.61E-02	
1_2264677_T_C	7.93E-02	1.15E-06	4.77E-01	-1.96E-01	2.75E-01	4.20E-02	
1_2283932_G_C	8.97E-02	4.81E-05	9.76E-01	9.08E-03	3.03E-01	1.76E-03	
1_2283944_C_G	4.07E-01	1.62E-05	6.71E-01	5.73E-02	1.35E-01	2.51E-02	
1_2283962_C_G	5.17E-02	3.04E-03	8.86E-01	-4.00E-02	2.79E-01	8.44E-03	
1_2283968_C_G	1.00E-01	5.48E-06	7.19E-01	-1.31E-01	3.63E-01	2.12E-02	
1_2283971_T_C	8.62E-02	9.74E-05	7.22E-01	8.99E-02	2.53E-01	2.10E-02	
1_2284040_C_T	2.55E-01	6.24E-08	4.26E-01	1.06E-01	1.33E-01	4.69E-02	
1_2284049_C_T	5.52E-02	1.53E-03	9.55E-01	1.42E-02	2.50E-01	3.33E-03	
1_2284070_C_G	5.17E-02	5.84E-02	4.17E-01	-1.25E-01	1.54E-01	4.78E-02	
1_2284085_C_G	9.66E-02	1.67E-06	6.05E-01	-1.52E-01	2.94E-01	3.05E-02	
1_2284088_A_G	8.28E-02	1.49E-02	6.24E-02	-2.00E-01	1.07E-01	1.10E-01	
1_2284094_G_C	4.31E-01	6.17E-06	1.86E-01	-1.41E-01	1.07E-01	7.78E-02	
1_2284097_C_T	1.03E-01	2.32E-01	5.74E-01	6.89E-02	1.22E-01	3.31E-02	
1_2284106_C_G	7.93E-02	2.56E-02	6.25E-02	-2.03E-01	1.08E-01	1.10E-01	
1_2284118_C_G	4.03E-01	2.65E-06	3.12E-01	1.64E-01	1.62E-01	5.96E-02	
1_2284140_A_C	6.55E-02	1.82E-04	5.46E-01	-1.58E-01	2.62E-01	3.56E-02	
1_2284151_G_A	4.72E-01	8.67E-03	8.99E-01	-2.06E-02	1.62E-01	7.48E-03	
1_2284190_C_T	1.03E-01	1.81E-02	7.64E-01	3.81E-02	1.27E-01	1.77E-02	
1_2284229_G_A	9.66E-02	1.14E-05	8.97E-01	-3.92E-02	3.02E-01	7.64E-03	
1_2284238_A_G	4.28E-01	8.07E-05	3.30E-01	7.03E-02	7.20E-02	5.75E-02	
1_2284253_T_C	2.00E-01	7.53E-02	1.00E+00	-4.78E-05	1.36E-01	2.08E-05	
1_2284259_C_G	5.52E-02	1.53E-03	7.87E-01	6.47E-02	2.40E-01	1.59E-02	
1_2284277_A_G	4.21E-01	1.27E-03	3.79E-01	-7.78E-02	8.83E-02	5.18E-02	
1_2284283_G_C	9.24E-01	8.29E-01	4.01E-01	-1.00E-01	1.19E-01	4.95E-02	
1_2284304_G_C	4.79E-01	1.98E-07	4.39E-01	7.63E-02	9.84E-02	4.56E-02	
1_2284310_C_T	5.52E-02	2.57E-05	2.57E-01	-2.79E-01	2.46E-01	6.68E-02	bad-chisq
1_2284334_C_G	5.86E-02	1.08E-04	7.13E-01	-9.18E-02	2.49E-01	2.17E-02	
1_2284343_C_G	6.55E-02	1.82E-04	9.45E-01	-1.57E-02	2.27E-01	4.07E-03	
1_2284349_G_C	3.07E-01	4.44E-07	4.66E-01	-5.67E-02	7.77E-02	4.30E-02	
1_2284351_C_A	6.90E-02	1.14E-05	4.91E-01	-2.15E-01	3.12E-01	4.06E-02	
1_2284355_G_A	9.31E-02	2.35E-05	9.93E-01	2.36E-03	2.57E-01	5.42E-04	
1_2284358_G_A	6.90E-02	7.71E-01	7.57E-01	4.43E-02	1.43E-01	1.82E-02	
1_2284363_C_A	6.90E-02	8.81E-05	6.02E-01	-1.55E-01	2.97E-01	3.08E-02	
1_2284371_C_A	1.14E-01	2.69E-07	3.38E-01	-4.75E-01	4.96E-01	5.64E-02	
1_2284415_C_G	6.55E-02	2.42E-05	5.94E-01	-1.55E-01	2.91E-01	3.14E-02	
1_2284418_G_A	1.14E-01	2.69E-07	3.38E-01	-4.75E-01	4.96E-01	5.64E-02	
1_2284430_G_C	7.59E-02	7.61E-04	7.70E-01	8.28E-02	2.83E-01	1.72E-02	
1_2284436_G_C	1.14E-01	2.69E-07	3.38E-01	-4.75E-01	4.96E-01	5.64E-02	
1_2284496_A_G	4.62E-01	1.07E-03	7.84E-01	4.24E-02	1.55E-01	1.62E-02	
1_2284520_G_C	4.21E-01	6.78E-05	8.57E-01	-2.61E-02	1.45E-01	1.06E-02	
1_2284538_T_C	2.55E-01	5.99E-03	3.49E-02	-1.95E-01	9.20E-02	1.24E-01	
1_2284565_C_G	9.66E-02	3.36E-04	1.19E-01	-2.26E-01	1.45E-01	9.17E-02	
1_2284566_G_C	5.00E-01	2.43E-02	9.13E-01	2.00E-02	1.84E-01	6.41E-03	
1_2284568_C_G	3.28E-01	1.20E-02	3.38E-01	1.41E-01	1.47E-01	5.64E-02	
1_2284571_C_T	6.90E-02	8.59E-01	6.44E-01	5.13E-02	1.11E-01	2.72E-02	
1_2284577_C_G	3.55E-01	6.68E-02	4.36E-01	1.44E-01	1.85E-01	4.60E-02	
1_2284586_G_A	1.48E-01	1.59E-03	4.89E-01	7.23E-02	1.05E-01	4.07E-02	
1_2284592_A_G	4.24E-01	4.45E-05	3.46E-01	1.25E-01	1.33E-01	5.55E-02	
1_2284604_C_G	7.93E-02	3.88E-04	4.81E-01	-1.22E-01	1.73E-01	4.16E-02	
1_2284610_G_C	7.24E-02	4.24E-05	5.21E-01	-1.78E-01	2.78E-01	3.78E-02	
1_2284631_G_A	7.59E-02	1.15E-01	3.12E-01	-1.10E-01	1.09E-01	5.95E-02	
1_2284643_C_G	8.97E-02	9.84E-07	3.65E-01	-1.59E-01	1.75E-01	5.34E-02	
1_2284673_A_G	5.17E-02	1.52E-02	5.09E-01	-1.26E-01	1.91E-01	3.90E-02	
1_2284689_G_A	2.41E-01	4.44E-09	2.42E-01	2.22E-01	1.90E-01	6.89E-02	
1_2284693_G_C	1.14E-01	2.69E-07	3.38E-01	-4.75E-01	4.96E-01	5.64E-02	
1_2284727_C_T	3.97E-01	6.76E-06	5.20E-01	8.43E-02	1.31E-01	3.79E-02	
1_2284739_C_T	2.41E-01	4.44E-09	2.42E-01	2.22E-01	1.90E-01	6.89E-02	
1_2284740_A_C	1.14E-01	2.69E-07	3.38E-01	-4.75E-01	4.96E-01	5.64E-02	
1_2284742_C_G	1.14E-01	2.69E-07	3.38E-01	-4.75E-01	4.96E-01	5.64E-02	
1_2284793_G_C	4.55E-01	9.36E-04	7.63E-01	4.49E-02	1.49E-01	1.78E-02	
1_2284850_T_C	4.97E-01	1.69E-02	8.65E-01	3.02E-02	1.77E-01	1.00E-02	
1_2284856_G_A	3.62E-01	2.23E-02	8.30E-01	3.02E-02	1.41E-01	1.26E-02	
1_2284867_G_C	4.76E-01	6.40E-03	9.97E-01	-5.95E-04	1.74E-01	2.01E-04	
1_2284874_G_A	4.34E-01	2.59E-02	7.94E-01	3.25E-02	1.24E-01	1.54E-02	
1_2284890_C_G	3.55E-01	6.68E-02	4.36E-01	1.44E-01	1.85E-01	4.60E-02	
1_2284898_G_C	5.52E-02	1.53E-03	8.69E-01	-3.88E-02	2.34E-01	9.75E-03	
1_2284907_C_T	2.86E-01	1.06E-04	1.16E-01	2.07E-01	1.32E-01	9.24E-02	
1_2284910_G_C	2.62E-01	2.15E-05	1.20E-01	2.25E-01	1.44E-01	9.16E-02	
1_2284926_G_A	1.03E-01	1.63E-05	8.88E-01	-3.21E-02	2.27E-01	8.32E-03	
1_2293124_C_T	5.17E-02	1.52E-02	1.98E-01	-2.25E-01	1.74E-01	7.59E-02	
1_2293125_T_A	2.59E-01	1.88E-02	4.70E-01	-9.61E-02	1.33E-01	4.26E-02	
1_2293157_T_C	5.31E-01	1.30E-01	1.57E-01	-1.87E-01	1.32E-01	8.32E-02	
1_2293181_C_G	3.93E-01	3.38E-06	8.40E-01	2.97E-02	1.47E-01	1.19E-02	
1_2293190_A_G	3.24E-01	3.09E-02	9.47E-02	2.66E-01	1.58E-01	9.83E-02	
1_2293193_G_C	4.14E-01	6.54E-06	4.24E-01	1.38E-01	1.72E-01	4.71E-02	
1_2293205_G_A	5.52E-02	1.53E-03	8.51E-01	4.56E-02	2.42E-01	1.11E-02	
1_2293226_G_C	3.55E-01	6.68E-02	4.36E-01	1.44E-01	1.85E-01	4.60E-02	
1_2293247_C_T	3.07E-01	1.61E-02	1.64E-01	2.05E-01	1.46E-01	8.20E-02	
1_2293280_G_C	1.21E-01	2.61E-01	8.44E-01	-3.89E-02	1.97E-01	1.16E-02	
1_2293286_C_G	9.66E-02	3.36E-04	2.28E-01	-2.05E-01	1.69E-01	7.10E-02	
1_2293320_G_A	1.03E-01	4.30E-08	1.30E-01	-5.40E-01	3.56E-01	8.90E-02	
1_2293332_C_G	2.62E-01	2.44E-03	1.95E-01	-2.03E-01	1.56E-01	7.63E-02	
1_2293335_C_A	2.38E-01	9.93E-03	2.29E-01	-1.63E-01	1.35E-01	7.08E-02	
1_2293336_G_A	1.86E-01	1.50E-01	7.00E-01	-5.51E-02	1.43E-01	2.27E-02	
1_2293352_C_T	1.17E-01	1.78E-01	3.93E-01	1.43E-01	1.67E-01	5.04E-02	
1_2293362_C_G	1.14E-01	2.69E-07	3.38E-01	-4.75E-01	4.96E-01	5.64E-02	
1_2293376_C_G	2.79E-01	5.43E-04	2.16E-02	-3.17E-01	1.37E-01	1.35E-01	
1_2293379_C_G	6.90E-02	1.19E-06	1.56E-01	-3.62E-01	2.55E-01	8.35E-02	bad-chisq
1_2293380_G_C	1.14E-01	2.69E-07	3.38E-01	-4.75E-01	4.96E-01	5.64E-02	
1_2293400_T_C	1.66E-01	1.69E-01	7.51E-01	4.44E-02	1.40E-01	1.87E-02	
1_2293406_C_T	1.55E-01	6.47E-01	3.14E-01	-1.48E-01	1.47E-01	5.93E-02	
1_2293409_G_C	9.31E-02	1.33E-04	5.65E-01	-8.99E-02	1.56E-01	3.40E-02	
1_2293410_A_G	5.52E-02	2.57E-05	6.23E-01	-1.17E-01	2.39E-01	2.90E-02	bad-chisq
1_2293448_C_G	5.52E-02	2.25E-04	8.80E-01	-4.10E-02	2.71E-01	8.91E-03	
1_2293496_G_C	3.28E-01	1.20E-02	4.40E-01	-9.41E-02	1.22E-01	4.55E-02	
1_2293511_G_C	1.14E-01	1.15E-01	1.60E-01	2.30E-01	1.63E-01	8.27E-02	
1_2293515_A_G	5.17E-02	3.04E-03	8.37E-01	-4.80E-02	2.33E-01	1.21E-02	
1_2293535_T_C	1.10E-01	2.25E-01	7.37E-03	-2.89E-01	1.07E-01	1.57E-01	
1_2293568_C_T	5.17E-02	5.48E-05	5.89E-01	-1.23E-01	2.26E-01	3.19E-02	bad-chisq
1_2293571_G_C	2.28E-01	1.16E-01	5.83E-01	-7.29E-02	1.33E-01	3.23E-02	
1_2293577_C_G	8.62E-02	1.56E-05	9.44E-01	1.80E-02	2.55E-01	4.15E-03	
1_2293580_T_C	4.55E-01	9.47E-03	3.07E-01	-9.46E-02	9.24E-02	6.02E-02	
1_2293604_C_G	2.41E-01	4.44E-09	1.00E-01	2.78E-01	1.68E-01	9.67E-02	
1_2293608_T_C	1.03E-01	2.32E-01	7.87E-01	3.42E-02	1.26E-01	1.59E-02	
1_2293629_A_G	2.21E-01	2.91E-03	4.04E-01	-1.43E-01	1.72E-01	4.92E-02	
1_2293634_C_G	7.93E-02	9.60E-06	7.30E-01	-7.88E-02	2.28E-01	2.04E-02	
1_2293641_A_G	9.31E-02	2.35E-05	9.53E-01	-1.70E-02	2.86E-01	3.51E-03	
1_2293646_C_T	2.45E-01	1.33E-08	3.51E-01	1.66E-01	1.78E-01	5.49E-02	
1_2293683_A_G	1.55E-01	8.43E-01	6.53E-01	-6.17E-02	1.37E-01	2.65E-02	
1_2293694_G_C	9.66E-02	2.08E-07	3.54E-01	-2.60E-01	2.80E-01	5.46E-02	
1_2293697_A_G	2.21E-01	7.11E-03	9.35E-01	-1.23E-02	1.51E-01	4.80E-03	
1_2293715_C_T	2.31E-01	1.09E-07	3.78E-02	3.07E-01	1.47E-01	1.22E-01	
1_2293730_A_G	3.38E-01	1.02E-02	9.52E-01	8.34E-03	1.38E-01	3.57E-03	
1_2293733_G_A	1.79E-01	1.56E-01	5.18E-01	9.91E-02	1.53E-01	3.81E-02	
1_2293735_G_A	1.10E-01	5.79E-07	6.23E-01	-1.77E-01	3.60E-01	2.90E-02	
1_2319017_G_T	4.07E-01	3.42E-08	7.07E-01	3.82E-02	1.02E-01	2.21E-02	
1_2319019_C_G	4.07E-01	3.42E-08	7.07E-01	3.82E-02	1.02E-01	2.21E-02	
1_2319027_A_C	1.07E-01	1.23E-06	7.93E-01	-8.47E-02	3.23E-01	1.55E-02	
1_2319050_G_A	4.41E-01	1.66E-03	9.20E-02	2.51E-01	1.48E-01	9.91E-02	
1_2319065_C_T	6.21E-02	5.12E-05	6.93E-01	-1.10E-01	2.79E-01	2.33E-02	
1_2319079_A_C	2.59E-01	7.67E-09	2.37E-01	1.86E-01	1.57E-01	6.96E-02	
1_2319107_C_T	8.28E-02	1.49E-02	5.91E-01	-6.10E-02	1.13E-01	3.17E-02	
1_2319120_G_A	3.62E-01	2.16E-09	2.84E-01	2.23E-01	2.08E-01	6.31E-02	
1_2319124_C_T	4.48E-01	8.19E-04	3.40E-01	1.57E-01	1.65E-01	5.62E-02	
1_2319148_C_G	1.00E-01	7.53E-02	3.51E-01	1.87E-01	2.01E-01	5.49E-02	
1_2319170_T_C	4.97E-01	8.66E-03	4.94E-01	1.13E-01	1.64E-01	4.03E-02	
1_2319176_C_T	2.52E-01	1.05E-07	4.16E-02	3.14E-01	1.53E-01	1.20E-01	
1_2319182_G_C	3.31E-01	3.47E-02	6.52E-02	3.20E-01	1.73E-01	1.08E-01	
1_2319189_A_G	1.14E-01	5.73E-05	2.08E-01	-1.97E-01	1.56E-01	7.42E-02	
1_2319197_C_G	1.14E-01	2.69E-07	3.38E-01	-4.75E-01	4.96E-01	5.64E-02	
1_2319206_T_C	4.83E-01	1.41E-02	6.82E-01	-6.36E-02	1.55E-01	2.41E-02	
1_2319212_T_C	3.93E-01	8.94E-05	3.47E-01	1.30E-01	1.38E-01	5.54E-02	
1_2319230_G_C	1.14E-01	2.69E-07	3.38E-01	-4.75E-01	4.96E-01	5.64E-02	
1_2319258_C_T	6.21E-02	3.73E-04	8.95E-01	2.72E-02	2.07E-01	7.75E-03	
1_2319263_C_G	3.76E-01	1.43E-01	8.09E-01	-4.10E-02	1.70E-01	1.42E-02	
1_2319266_T_C	9.66E-02	1.67E-06	5.13E-01	-1.63E-01	2.49E-01	3.86E-02	
1_2319272_C_T	1.14E-01	2.69E-07	3.38E-01	-4.75E-01	4.96E-01	5.64E-02	
1_2319273_G_T	9.66E-02	1.67E-06	6.15E-01	-1.44E-01	2.87E-01	2.97E-02	
1_2319290_G_A	8.62E-02	1.56E-05	9.89E-01	-3.62E-03	2.59E-01	8.25E-04	
1_2319292_G_A	1.21E-01	4.48E-01	5.38E-01	1.07E-01	1.73E-01	3.63E-02	
1_2319296_T_C	1.28E-01	9.85E-01	4.16E-01	-9.79E-02	1.20E-01	4.79E-02	
1_2319298_A_G	1.14E-01	2.69E-07	3.38E-01	-4.75E-01	4.96E-01	5.64E-02	
1_2319300_A_G	2.59E-01	1.57E-03	1.29E-01	-2.47E-01	1.62E-01	8.93E-02	
1_2319301_C_T	1.34E-01	8.15E-07	1.55E-01	-2.74E-01	1.92E-01	8.38E-02	
1_2319305_G_C	3.07E-01	7.72E-03	1.43E-01	2.32E-01	1.58E-01	8.61E-02	
1_2319308_C_G	1.45E-01	4.78E-01	2.22E-01	-2.02E-01	1.65E-01	7.19E-02	
1_2319332_C_T	6.90E-02	8.81E-05	9.18E-01	-2.31E-02	2.26E-01	6.04E-03	
1_2319334_T_C	1.10E-01	5.79E-07	7.15E-01	-1.31E-01	3.60E-01	2.15E-02	
1_2319351_C_T	7.59E-02	1.35E-02	5.21E-02	-2.59E-01	1.33E-01	1.14E-01	
1_2319360_T_C	4.48E-01	3.37E-04	2.77E-01	1.39E-01	1.28E-01	6.41E-02	
1_2319363_T_C	3.31E-01	3.41E-03	4.16E-01	-8.15E-02	1.00E-01	4.80E-02	
1_2319381_C_T	1.97E-01	1.05E-01	8.43E-01	-2.93E-02	1.47E-01	1.17E-02	
1_2319388_G_A	5.86E-02	1.08E-04	8.25E-01	-5.73E-02	2.59E-01	1.30E-02	
1_2319393_G_C	1.14E-01	2.69E-07	3.38E-01	-4.75E-01	4.96E-01	5.64E-02	
1_2319410_C_T	3.21E-01	1.27E-04	1.94E-01	1.69E-01	1.30E-01	7.64E-02	
1_2319426_T_C	4.69E-01	2.71E-03	4.55E-01	1.22E-01	1.63E-01	4.40E-02	
1_2319429_C_T	6.55E-02	1.10E-03	3.05E-01	-1.87E-01	1.82E-01	6.04E-02	
1_2319438_T_C	3.48E-01	3.37E-02	2.27E-01	1.77E-01	1.46E-01	7.12E-02	
1_2319461_G_C	5.17E-02	4.68E-04	9.64E-01	-1.22E-02	2.68E-01	2.69E-03	
1_2319494_C_G	1.41E-01	1.50E-03	1.54E-01	-1.68E-01	1.18E-01	8.39E-02	
1_2319515_C_G	4.76E-01	6.40E-03	8.99E-01	-2.01E-02	1.59E-01	7.45E-03	
1_2319528_A_G	8.28E-02	7.78E-01	8.07E-01	-2.78E-02	1.14E-01	1.44E-02	
1_2319545_T_C	6.38E-01	2.06E-05	9.00E-01	-1.02E-02	8.05E-02	7.43E-03	
1_2319552_C_T	3.24E-01	3.16E-02	7.70E-01	-2.16E-02	7.39E-02	1.72E-02	
1_2319561_T_C	7.24E-02	4.24E-05	4.71E-01	-1.95E-01	2.70E-01	4.25E-02	
1_2319569_C_G	7.24E-02	4.24E-05	9.79E-01	-5.59E-03	2.17E-01	1.52E-03	
1_2319573_C_T	8.97E-02	4.67E-02	1.53E-01	-1.45E-01	1.01E-01	8.42E-02	
1_2319575_G_C	3.62E-01	9.55E-09	8.40E-02	2.47E-01	1.42E-01	1.02E-01	
1_2319584_G_C	1.24E-01	5.85E-01	5.80E-01	-9.29E-02	1.68E-01	3.26E-02	
1_2319585_A_T	1.34E-01	1.30E-07	8.74E-02	-3.85E-01	2.24E-01	1.01E-01	
1_2319593_C_T	1.03E-01	4.14E-04	7.62E-02	-2.52E-01	1.41E-01	1.04E-01	
1_2319597_C_T	6.55E-02	6.78E-02	3.41E-01	-1.35E-01	1.42E-01	5.61E-02	
1_2319608_C_T	3.83E-01	4.28E-06	2.69E-02	2.63E-01	1.18E-01	1.30E-01	
1_2319615_A_T	9.31E-02	6.44E-04	4.21E-01	-1.36E-01	1.68E-01	4.75E-02	
1_2319616_G_C	1.17E-01	5.36E-06	1.91E-01	-2.37E-01	1.81E-01	7.70E-02	
1_2319628_T_C	5.17E-02	4.68E-04	9.99E-01	2.72E-04	2.19E-01	7.33E-05	
1_2319632_G_C	1.62E-01	1.27E-01	9.85E-01	-2.25E-03	1.18E-01	1.12E-03	
1_2319638_C_T	1.45E-01	8.54E-04	6.45E-01	-4.89E-02	1.06E-01	2.72E-02	
1_2319639_G_A	5.52E-02	2.25E-04	5.30E-01	-1.45E-01	2.30E-01	3.71E-02	
1_2319648_G_A	5.52E-02	2.25E-04	6.36E-01	-1.20E-01	2.52E-01	2.79E-02	
1_2319657_G_A	2.14E-01	4.95E-11	3.76E-03	4.99E-01	1.71E-01	1.70E-01	
1_2319666_C_T	2.24E-01	2.28E-09	5.27E-02	3.19E-01	1.64E-01	1.14E-01	
1_2319677_T_C	4.48E-01	4.11E-03	9.43E-02	2.66E-01	1.58E-01	9.84E-02	
1_2319680_T_C	5.52E-02	2.57E-05	1.43E-01	-2.85E-01	1.94E-01	8.62E-02	bad-chisq
1_2319686_T_C	3.41E-01	7.61E-03	2.78E-01	1.34E-01	1.23E-01	6.39E-02	
1_2320349_T_C	7.93E-02	9.60E-06	3.58E-01	-2.60E-01	2.83E-01	5.41E-02	
1_2320355_T_C	1.14E-01	2.69E-07	5.29E-01	-1.48E-01	2.35E-01	3.71E-02	
1_2320363_G_A	4.90E-01	2.90E-02	8.59E-01	-3.30E-02	1.86E-01	1.05E-02	
1_2320369_A_T	1.00E-01	3.32E-05	3.62E-01	-1.56E-01	1.71E-01	5.37E-02	
1_2320376_A_G	7.24E-02	1.48E-03	2.46E-01	-1.99E-01	1.71E-01	6.84E-02	
1_2320380_A_G	5.86E-02	7.57E-04	7.48E-01	-8.67E-02	2.69E-01	1.90E-02	
1_2320395_C_A	5.52E-02	1.53E-03	8.17E-01	-6.52E-02	2.82E-01	1.36E-02	
1_2320396_G_A	1.14E-01	2.69E-07	3.38E-01	-4.75E-01	4.96E-01	5.64E-02	
1_2320409_T_C	5.17E-02	5.48E-05	6.59E-01	-1.05E-01	2.37E-01	2.60E-02	bad-chisq
1_2320431_G_A	2.10E-01	5.10E-02	8.79E-01	-2.57E-02	1.69E-01	8.96E-03	
1_2320445_G_C	6.21E-02	5.42E-01	3.56E-01	1.23E-01	1.33E-01	5.44E-02	
1_2320463_G_C	1.10E-01	5.79E-07	5.38E-01	-2.44E-01	3.96E-01	3.63E-02	
1_2320493_C_T	1.55E-01	5.99E-01	2.60E-01	-1.41E-01	1.25E-01	6.63E-02	
1_2320499_G_C	8.62E-02	9.74E-05	7.84E-01	6.47E-02	2.35E-01	1.62E-02	
1_2320502_C_T	8.62E-02	2.12E-06	6.40E-01	-1.12E-01	2.40E-01	2.76E-02	
1_2320503_G_T	1.14E-01	2.69E-07	3.38E-01	-4.75E-01	4.96E-01	5.64E-02	
1_2320504_A_C	1.14E-01	2.69E-07	3.38E-01	-4.75E-01	4.96E-01	5.64E-02	
1_2320505_A_G	3.14E-01	4.13E-03	6.01E-01	7.69E-02	1.47E-01	3.08E-02	
1_2320511_T_C	2.45E-01	6.44E-08	1.79E-01	1.89E-01	1.40E-01	7.92E-02	
1_2320529_A_G	2.62E-01	1.68E-06	4.84E-01	1.13E-01	1.61E-01	4.13E-02	
1_2320532_C_G	8.28E-02	1.95E-04	5.37E-01	-1.04E-01	1.68E-01	3.64E-02	
1_2320566_G_A	1.14E-01	2.69E-07	3.38E-01	-4.75E-01	4.96E-01	5.64E-02	
1_2320574_C_G	2.93E-01	5.58E-03	2.97E-01	1.56E-01	1.49E-01	6.14E-02	
1_2320578_A_C	1.21E-01	2.61E-01	8.44E-01	-3.89E-02	1.97E-01	1.16E-02	
1_2320579_G_A	1.38E-01	3.87E-07	8.44E-02	-3.58E-01	2.07E-01	1.02E-01	
1_2320595_C_T	1.00E-01	3.03E-03	1.69E-01	-1.70E-01	1.24E-01	8.09E-02	
1_2320601_T_C	4.31E-01	2.04E-03	2.80E-01	1.59E-01	1.47E-01	6.36E-02	
1_2320632_T_G	8.28E-02	5.27E-07	3.32E-01	-3.00E-01	3.09E-01	5.72E-02	
1_2320644_G_T	7.93E-02	9.60E-06	3.58E-01	-2.60E-01	2.83E-01	5.41E-02	
1_2320646_C_G	2.66E-01	3.92E-06	6.84E-02	2.56E-01	1.40E-01	1.07E-01	
1_2320649_T_C	4.38E-01	6.30E-05	3.20E-01	1.30E-01	1.31E-01	5.86E-02	
1_2320670_C_T	3.59E-01	9.47E-07	8.02E-02	2.22E-01	1.26E-01	1.03E-01	
1_2320700_C_G	6.21E-02	2.16E-03	8.21E-01	5.34E-02	2.35E-01	1.34E-02	
1_2320709_G_A	5.17E-02	4.68E-04	8.30E-01	-4.37E-02	2.03E-01	1.27E-02	
1_2320712_G_C	2.97E-01	3.02E-05	1.38E-01	2.26E-01	1.52E-01	8.73E-02	
1_2320725_T_C	2.72E-01	1.91E-05	7.19E-02	2.76E-01	1.53E-01	1.06E-01	
1_2320728_T_C	1.76E-01	2.11E-01	5.83E-01	-8.60E-02	1.57E-01	3.24E-02	
1_2320742_C_T	7.24E-02	2.76E-04	9.05E-01	2.82E-02	2.36E-01	7.05E-03	
1_2320751_C_G	4.93E-01	1.16E-02	4.01E-01	1.54E-01	1.83E-01	4.95E-02	
1_2320754_T_C	4.07E-01	1.73E-02	7.81E-01	-3.25E-02	1.17E-01	1.64E-02	
1_2320763_G_A	8.28E-02	4.18E-03	7.82E-01	4.70E-02	1.70E-01	1.63E-02	
1_2320770_G_A	6.55E-02	2.42E-05	6.15E-01	-1.34E-01	2.66E-01	2.96E-02	
1_2320772_C_T	1.34E-01	3.29E-01	8.71E-01	2.86E-02	1.76E-01	9.58E-03	
1_2320793_G_A	5.86E-02	4.19E-03	1.73E-01	-2.36E-01	1.73E-01	8.02E-02	
1_2320794_C_T	6.90E-02	8.59E-01	3.33E-01	1.11E-01	1.14E-01	5.70E-02	
1_2320799_T_C	3.76E-01	2.79E-07	1.03E-01	2.02E-01	1.23E-01	9.59E-02	
1_2320804_T_A	1.14E-01	2.69E-07	3.38E-01	-4.75E-01	4.96E-01	5.64E-02	
1_2320814_A_G	1.24E-01	7.13E-03	1.98E-01	-1.47E-01	1.14E-01	7.59E-02	
1_2320816_C_T	9.66E-02	1.14E-05	8.36E-01	-6.26E-02	3.02E-01	1.22E-02	
1_2320832_G_C	1.14E-01	6.48E-01	7.59E-01	5.20E-02	1.70E-01	1.81E-02	
1_2320835_T_C	2.76E-01	1.23E-05	9.79E-01	3.73E-03	1.44E-01	1.53E-03	
1_2320838_C_T	7.93E-02	1.87E-03	3.95E-01	-1.22E-01	1.44E-01	5.01E-02	
1_2320847_C_A	2.17E-01	1.88E-10	2.35E-02	4.07E-01	1.79E-01	1.33E-01	
1_2320850_G_A	2.21E-01	6.74E-10	4.81E-02	3.35E-01	1.69E-01	1.16E-01	
1_2320864_A_G	2.21E-01	6.74E-10	4.86E-02	3.34E-01	1.69E-01	1.16E-01	
1_2320889_C_T	3.17E-01	2.98E-03	8.70E-01	2.44E-02	1.49E-01	9.65E-03	
1_2320907_T_C	5.52E-02	2.25E-04	5.81E-01	-1.18E-01	2.14E-01	3.26E-02	
1_2320940_C_T	2.59E-01	6.94E-07	4.11E-01	1.38E-01	1.68E-01	4.85E-02	
1_2320943_C_T	1.86E-01	4.05E-02	8.52E-01	2.39E-02	1.28E-01	1.10E-02	
1_2320945_A_C	4.86E-01	1.06E-02	9.55E-01	9.01E-03	1.59E-01	3.33E-03	
1_2320970_C_G	1.07E-01	1.23E-06	7.46E-01	-1.06E-01	3.27E-01	1.91E-02	
1_2320973_T_C	4.76E-01	3.04E-03	7.80E-01	-4.29E-02	1.54E-01	1.65E-02	
1_2320979_G_A	1.24E-01	3.64E-05	3.24E-01	-1.34E-01	1.36E-01	5.81E-02	
1_2320988_C_G	2.38E-01	2.15E-02	6.05E-01	-7.14E-02	1.38E-01	3.05E-02	
1_2320991_C_T	5.86E-02	1.08E-04	9.15E-01	-2.36E-02	2.19E-01	6.33E-03	
1_2321024_C_G	2.28E-01	2.84E-03	4.69E-01	-1.23E-01	1.70E-01	4.27E-02	
1_2321036_C_T	3.00E-01	1.22E-03	2.30E-01	1.51E-01	1.25E-01	7.07E-02	
1_2321048_G_C	3.48E-01	1.02E-09	8.59E-03	3.72E-01	1.41E-01	1.54E-01	
1_2321051_C_T	2.76E-01	2.36E-07	7.68E-01	4.60E-02	1.56E-01	1.74E-02	
1_2321063_C_T	1.93E-01	2.46E-01	9.77E-01	3.55E-03	1.22E-01	1.71E-03	
1_2321087_C_G	9.66E-02	1.14E-05	8.36E-01	-6.26E-02	3.02E-01	1.22E-02	
1_2321090_G_A	5.52E-02	1.53E-03	8.15E-01	-6.19E-02	2.64E-01	1.38E-02	
1_2321108_G_C	3.69E-01	3.08E-09	1.37E-01	2.66E-01	1.78E-01	8.75E-02	
1_2321140_G_C	5.17E-02	4.68E-04	6.89E-01	-1.01E-01	2.53E-01	2.36E-02	
1_2321143_C_T	1.24E-01	3.65E-01	7.74E-01	-5.28E-02	1.84E-01	1.69E-02	
1_2321147_C_T	2.45E-01	1.33E-08	2.93E-01	1.92E-01	1.82E-01	6.20E-02	
1_2321152_C_G	7.59E-02	1.37E-04	8.24E-01	5.10E-02	2.29E-01	1.31E-02	
1_2321154_A_G	8.62E-02	9.74E-05	4.35E-01	1.88E-01	2.41E-01	4.60E-02	
1_2321159_G_C	2.59E-01	1.66E-07	7.38E-01	4.91E-02	1.46E-01	1.98E-02	
1_2321174_T_C	3.28E-01	5.67E-03	3.60E-01	1.09E-01	1.19E-01	5.39E-02	
1_2321192_T_C	7.93E-02	6.69E-05	9.25E-02	-2.77E-01	1.64E-01	9.90E-02	
1_2321201_G_A	2.31E-01	2.24E-08	9.40E-02	2.59E-01	1.54E-01	9.85E-02	
1_2321219_C_T	1.48E-01	8.77E-01	8.94E-01	1.82E-02	1.36E-01	7.89E-03	
1_2321225_C_T	1.24E-01	3.65E-01	7.25E-01	-6.47E-02	1.84E-01	2.07E-02	
1_2321231_A_G	1.86E-01	4.05E-02	3.51E-01	-1.35E-01	1.44E-01	5.50E-02	
1_2321255_T_C	4.07E-01	4.76E-07	3.30E-01	1.46E-01	1.50E-01	5.74E-02	
1_2321258_T_C	4.45E-01	7.44E-05	9.77E-02	2.02E-01	1.22E-01	9.74E-02	
1_2321301_T_A	1.14E-01	2.69E-07	3.38E-01	-4.75E-01	4.96E-01	5.64E-02	
1_2321303_G_C	1.14E-01	2.69E-07	3.38E-01	-4.75E-01	4.96E-01	5.64E-02	
1_2321337_A_C	8.28E-02	5.27E-07	3.32E-01	-3.00E-01	3.09E-01	5.72E-02	
1_2321339_G_C	2.10E-01	8.80E-11	8.53E-03	4.39E-01	1.66E-01	1.54E-01	
1_2321342_T_C	4.86E-01	2.04E-02	7.53E-01	-4.90E-02	1.55E-01	1.86E-02	
1_2321348_T_C	5.86E-02	1.08E-04	3.19E-01	-1.69E-01	1.70E-01	5.87E-02	
1_2321356_G_C	1.28E-01	8.81E-08	1.38E-01	-3.60E-01	2.42E-01	8.73E-02	
1_2321368_T_A	1.24E-01	1.24E-06	2.28E-01	-2.23E-01	1.84E-01	7.10E-02	
1_2321369_C_T	7.24E-02	1.48E-03	8.14E-01	4.14E-02	1.76E-01	1.38E-02	
1_2321370_G_T	1.14E-01	2.69E-07	3.38E-01	-4.75E-01	4.96E-01	5.64E-02	
1_2321378_G_C	9.66E-02	1.02E-01	5.55E-01	1.14E-01	1.93E-01	3.48E-02	
1_2321381_C_T	5.86E-02	4.19E-03	1.14E-01	-2.44E-01	1.54E-01	9.29E-02	
1_2321399_A_G	8.62E-02	4.53E-01	6.47E-02	2.52E-01	1.36E-01	1.09E-01	
1_2321417_C_T	8.28E-02	7.78E-01	4.94E-01	-8.47E-02	1.24E-01	4.03E-02	
1_2321434_A_G	1.14E-01	2.69E-07	3.38E-01	-4.75E-01	4.96E-01	5.64E-02	
1_2321463_G_A	6.55E-02	1.82E-04	7.37E-01	-8.96E-02	2.66E-01	1.98E-02	
1_2321474_G_C	1.21E-01	2.61E-01	8.44E-01	-3.89E-02	1.97E-01	1.16E-02	
1_2321478_A_G	1.14E-01	2.69E-07	3.38E-01	-4.75E-01	4.96E-01	5.64E-02	
1_2321480_C_G	7.24E-02	5.32E-06	3.74E-01	-2.53E-01	2.84E-01	5.24E-02	
1_2321484_A_G	5.52E-02	1.07E-01	5.35E-01	-1.04E-01	1.67E-01	3.66E-02	
1_2321492_T_C	2.69E-01	5.51E-03	9.87E-02	-1.89E-01	1.14E-01	9.72E-02	
1_2321508_T_C	1.76E-01	1.18E-01	7.82E-01	4.31E-02	1.56E-01	1.63E-02	
1_2321513_T_C	5.45E-01	6.16E-01	9.12E-04	-3.41E-01	1.02E-01	1.94E-01	
1_2321516_C_G	8.97E-02	7.47E-06	1.25E-01	-3.00E-01	1.95E-01	9.04E-02	
1_2321517_G_T	5.52E-02	2.25E-04	8.14E-01	-6.04E-02	2.57E-01	1.38E-02	
1_2321526_C_T	3.03E-01	3.33E-09	2.95E-01	1.41E-01	1.35E-01	6.17E-02	
1_2321531_C_G	5.17E-02	3.04E-03	1.99E-01	-2.26E-01	1.75E-01	7.56E-02	
1_2321538_C_T	3.38E-01	5.66E-09	1.09E-01	1.84E-01	1.15E-01	9.43E-02	
1_2321543_C_T	6.55E-02	1.10E-03	4.21E-01	-1.39E-01	1.73E-01	4.75E-02	
1_2321564_C_G	1.17E-01	8.71E-07	1.55E-01	-2.39E-01	1.68E-01	8.36E-02	
1_2321569_T_C	1.52E-01	1.80E-08	1.06E-02	-4.25E-01	1.65E-01	1.50E-01	
1_2321590_T_C	6.21E-02	3.73E-04	9.30E-01	-2.21E-02	2.52E-01	5.16E-03	
1_2321592_A_T	2.34E-01	2.77E-03	5.78E-01	-1.06E-01	1.90E-01	3.28E-02	
1_2321595_A_G	1.07E-01	1.23E-06	7.10E-01	-1.21E-01	3.26E-01	2.19E-02	
1_2321596_C_A	2.28E-01	6.91E-03	7.10E-01	-6.44E-02	1.73E-01	2.19E-02	
1_2321603_C_G	3.00E-01	4.77E-04	2.81E-01	1.56E-01	1.45E-01	6.36E-02	
1_2321609_C_T	5.17E-02	3.04E-03	6.59E-01	-7.21E-02	1.63E-01	2.60E-02	
1_2321624_C_G	2.14E-01	4.95E-11	3.76E-03	4.99E-01	1.71E-01	1.70E-01	
1_2321625_C_A	2.34E-01	2.77E-03	5.78E-01	-1.06E-01	1.90E-01	3.28E-02	
1_2321633_C_T	3.24E-01	1.52E-03	3.20E-01	1.32E-01	1.32E-01	5.86E-02	
1_2321636_A_G	4.48E-01	9.35E-02	8.90E-01	1.40E-02	1.00E-01	8.19E-03	
1_2321637_T_C	3.72E-01	1.62E-06	5.34E-02	2.54E-01	1.31E-01	1.14E-01	
1_2321657_C_T	2.90E-01	6.86E-06	1.51E-01	2.23E-01	1.55E-01	8.45E-02	
1_2321669_A_G	8.24E-01	5.30E-01	6.05E-01	-4.13E-02	7.97E-02	3.05E-02	
1_2321702_G_A	5.52E-02	2.25E-04	8.83E-01	-3.98E-02	2.71E-01	8.67E-03	
1_2321771_G_A	2.03E-01	2.58E-02	5.00E-01	1.12E-01	1.66E-01	3.98E-02	
1_2321777_G_A	2.66E-01	2.57E-07	4.28E-01	1.19E-01	1.50E-01	4.67E-02	
1_2321778_G_A	1.28E-01	5.91E-07	2.38E-01	-2.29E-01	1.93E-01	6.95E-02	
1_2321781_G_A	8.97E-02	4.81E-05	9.76E-01	9.08E-03	3.03E-01	1.76E-03	
1_2321786_C_G	5.52E-02	2.25E-04	8.83E-01	-3.98E-02	2.71E-01	8.67E-03	
1_2321796_C_A	1.07E-01	1.23E-06	7.93E-01	-8.47E-02	3.23E-01	1.55E-02	
1_2321797_G_A	8.62E-02	1.56E-05	5.77E-01	-1.37E-01	2.46E-01	3.29E-02	
1_2321798_C_G	1.10E-01	5.79E-07	6.23E-01	-1.77E-01	3.60E-01	2.90E-02	
1_2321807_G_C	1.00E-01	7.53E-02	3.51E-01	1.87E-01	2.01E-01	5.49E-02	
1_2321810_C_G	1.07E-01	1.23E-06	7.10E-01	-1.21E-01	3.26E-01	2.19E-02	
1_2321812_A_G	2.76E-01	5.50E-08	5.89E-01	8.20E-02	1.52E-01	3.18E-02	
1_2321819_T_C	3.21E-01	4.86E-03	6.01E-01	-7.38E-02	1.41E-01	3.08E-02	
1_2321821_C_G	1.00E-01	7.53E-02	3.51E-01	1.87E-01	2.01E-01	5.49E-02	
1_2321826_C_G	2.72E-01	9.26E-08	7.45E-01	5.17E-02	1.59E-01	1.92E-02	
1_2321837_T_C	2.17E-01	4.64E-03	2.38E-01	-1.61E-01	1.36E-01	6.94E-02	
1_2321844_C_T	2.93E-01	1.46E-05	3.47E-01	1.28E-01	1.36E-01	5.55E-02	
1_2321855_C_T	3.52E-01	7.35E-05	2.24E-01	1.38E-01	1.13E-01	7.16E-02	
1_2321856_G_A	9.66E-02	6.69E-05	9.86E-01	-4.12E-03	2.27E-01	1.07E-03	
1_2321858_C_G	5.52E-02	1.53E-03	9.04E-01	-3.09E-02	2.57E-01	7.10E-03	
1_2321861_G_A	2.10E-01	1.84E-03	3.08E-01	-1.58E-01	1.55E-01	6.00E-02	
1_2321876_A_G	5.52E-02	2.25E-04	7.74E-01	-6.47E-02	2.25E-01	1.69E-02	
1_2321877_T_C	4.86E-01	1.06E-02	3.48E-01	1.85E-01	1.97E-01	5.54E-02	
1_2321903_G_C	4.66E-01	1.72E-03	8.28E-01	-3.05E-02	1.40E-01	1.28E-02	
1_2321907_C_T	2.72E-01	9.26E-08	1.24E-01	2.24E-01	1.45E-01	9.06E-02	
1_2321915_C_T	3.21E-01	4.33E-06	1.05E-02	2.45E-01	9.53E-02	1.50E-01	
1_2321924_A_G	2.48E-01	3.82E-08	3.55E-01	1.59E-01	1.72E-01	5.45E-02	
1_2321930_T_C	4.48E-01	4.11E-03	8.47E-01	3.42E-02	1.77E-01	1.14E-02	
1_2321937_T_G	3.86E-01	1.26E-01	9.85E-01	3.07E-03	1.58E-01	1.14E-03	
1_2321940_C_T	8.97E-02	4.81E-05	9.76E-01	9.08E-03	3.03E-01	1.76E-03	
1_2321943_C_T	4.00E-01	4.25E-06	1.68E-01	2.03E-01	1.47E-01	8.12E-02	
1_2321969_C_T	2.93E-01	1.37E-04	4.08E-01	1.32E-01	1.59E-01	4.87E-02	
1_2321972_C_G	2.66E-01	3.92E-06	4.93E-01	1.14E-01	1.66E-01	4.04E-02	
1_2335319_G_C	5.17E-02	4.68E-04	7.89E-01	-6.88E-02	2.57E-01	1.58E-02	
1_2335322_G_C	6.21E-02	5.12E-05	7.32E-01	-9.32E-02	2.72E-01	2.02E-02	
1_2335346_G_C	1.79E-01	4.24E-01	1.97E-01	-1.85E-01	1.43E-01	7.60E-02	
1_2335358_T_C	6.55E-02	5.36E-03	3.55E-01	-1.65E-01	1.78E-01	5.45E-02	
1_2335361_C_T	2.52E-01	6.84E-06	2.26E-01	1.77E-01	1.46E-01	7.13E-02	
1_2335382_C_G	6.55E-02	2.42E-05	6.15E-01	-1.34E-01	2.66E-01	2.96E-02	
1_2335394_G_C	9.66E-02	5.39E-03	7.68E-01	-4.69E-02	1.59E-01	1.74E-02	
1_2335409_G_A	2.17E-01	1.88E-10	2.35E-02	4.07E-01	1.79E-01	1.33E-01	
1_2335445_A_G	2.41E-01	4.44E-09	2.42E-01	2.22E-01	1.90E-01	6.89E-02	
1_2335449_C_T	2.24E-01	2.28E-09	5.48E-02	3.17E-01	1.65E-01	1.13E-01	
1_2335454_C_T	1.41E-01	6.51E-01	4.56E-01	-8.65E-02	1.16E-01	4.39E-02	
1_2335461_G_A	8.97E-02	4.81E-05	9.76E-01	9.08E-03	3.03E-01	1.76E-03	
1_2335476_A_G	5.52E-02	8.04E-03	8.68E-01	3.37E-02	2.02E-01	9.81E-03	
1_2335514_G_A	7.93E-02	7.30E-02	9.16E-01	1.44E-02	1.36E-01	6.23E-03	
1_2335520_G_C	9.31E-02	6.44E-04	3.93E-01	-1.43E-01	1.67E-01	5.03E-02	
1_2335532_G_C	4.00E-01	4.25E-06	1.58E-01	2.11E-01	1.49E-01	8.31E-02	
1_2335553_G_C	7.93E-02	9.60E-06	6.95E-01	-9.74E-02	2.48E-01	2.31E-02	
1_2335580_G_A	6.21E-02	2.71E-01	1.53E-01	2.01E-01	1.40E-01	8.41E-02	
1_2335632_T_G	1.48E-01	6.09E-01	2.11E-01	-1.97E-01	1.57E-01	7.36E-02	
1_2335637_G_A	6.21E-02	3.73E-04	9.39E-01	1.72E-02	2.25E-01	4.51E-03	
1_2335640_G_A	4.79E-01	4.69E-03	8.70E-01	-2.46E-02	1.50E-01	9.63E-03	
1_2335655_G_C	2.14E-01	6.95E-02	8.62E-01	-2.45E-02	1.41E-01	1.02E-02	
1_2335664_C_T	6.21E-02	3.73E-04	4.52E-02	-3.12E-01	1.55E-01	1.18E-01	
1_2335688_C_T	6.21E-02	1.00E-02	3.99E-01	2.07E-01	2.45E-01	4.97E-02	
1_2335694_C_T	2.21E-01	1.06E-10	1.09E-02	4.29E-01	1.67E-01	1.49E-01	
1_2335706_C_T	2.45E-01	4.14E-02	9.83E-02	-1.96E-01	1.18E-01	9.73E-02	
1_2335718_C_G	8.97E-02	4.81E-05	9.76E-01	9.08E-03	3.03E-01	1.76E-03	
1_2335736_T_C	3.62E-01	4.16E-02	7.65E-01	-4.17E-02	1.39E-01	1.76E-02	
1_2335748_T_C	4.69E-01	1.21E-03	7.02E-01	5.67E-02	1.48E-01	2.26E-02	
1_2335754_C_T	2.34E-01	2.98E-07	5.60E-02	2.75E-01	1.43E-01	1.12E-01	
1_2335775_A_G	5.17E-02	1.52E-02	1.62E-01	-2.28E-01	1.62E-01	8.23E-02	
1_2335787_G_C	1.38E-01	3.87E-07	8.44E-02	-3.58E-01	2.07E-01	1.02E-01	
1_2335793_C_G	2.86E-01	3.49E-05	8.42E-02	2.36E-01	1.36E-01	1.02E-01	
1_2335796_G_C	5.17E-02	1.52E-02	1.93E-01	-2.15E-01	1.65E-01	7.67E-02	
1_2335799_G_C	3.28E-01	2.54E-03	2.05E-02	3.00E-01	1.29E-01	1.36E-01	
1_2335808_G_C	1.10E-01	5.79E-07	5.38E-01	-2.44E-01	3.96E-01	3.63E-02	
1_2335817_G_C	1.03E-01	3.61E-07	2.49E-01	-3.37E-01	2.91E-01	6.80E-02	
1_2335833_C_T	7.93E-02	1.15E-06	4.80E-01	-1.94E-01	2.75E-01	4.16E-02	
1_2335841_A_G	1.38E-01	7.92E-04	2.73E-01	-1.30E-01	1.18E-01	6.46E-02	
1_2335844_C_T	5.17E-02	3.04E-03	1.90E-01	-2.26E-01	1.72E-01	7.72E-02	
1_2335847_T_C	4.90E-01	2.90E-02	8.59E-01	-3.30E-02	1.86E-01	1.05E-02	
1_2335880_G_C	8.28E-02	1.95E-04	7.85E-01	7.26E-02	2.66E-01	1.61E-02	
1_2335897_A_C	7.59E-02	2.02E-05	2.73E-01	-2.15E-01	1.96E-01	6.45E-02	
1_2335921_C_G	1.86E-01	5.99E-01	2.96E-01	-1.33E-01	1.27E-01	6.16E-02	
1_2335925_C_G	8.97E-02	4.81E-05	9.76E-01	9.08E-03	3.03E-01	1.76E-03	
1_2335934_G_C	1.45E-01	4.78E-01	2.22E-01	-2.02E-01	1.65E-01	7.19E-02	
1_2335950_A_G	1.14E-01	2.69E-07	3.38E-01	-4.75E-01	4.96E-01	5.64E-02	
1_2335965_T_A	8.97E-02	9.84E-07	3.09E-01	-3.15E-01	3.09E-01	6.00E-02	
1_2335970_C_G	1.10E-01	7.59E-08	1.13E-01	-5.67E-01	3.57E-01	9.33E-02	
1_2335985_A_G	4.31E-01	1.86E-05	6.54E-01	6.53E-02	1.46E-01	2.64E-02	
1_2335991_T_C	2.66E-01	3.70E-03	6.61E-01	-5.84E-02	1.33E-01	2.58E-02	
1_2336033_A_G	6.90E-02	5.54E-04	1.79E-01	-2.46E-01	1.83E-01	7.91E-02	
1_2336043_G_T	1.62E-01	9.34E-01	4.16E-02	-2.92E-01	1.42E-01	1.20E-01	
1_2336045_G_C	6.55E-02	2.42E-05	4.24E-01	-1.84E-01	2.30E-01	4.71E-02	
1_2336051_G_A	2.28E-01	7.33E-09	8.95E-02	2.69E-01	1.58E-01	9.99E-02	
1_2336066_G_A	2.34E-01	2.77E-03	1.73E-02	-2.99E-01	1.25E-01	1.40E-01	
1_2336072_C_T	1.76E-01	1.18E-01	4.08E-01	-1.26E-01	1.53E-01	4.88E-02	
1_2336087_T_C	3.17E-01	3.35E-02	7.28E-01	-3.09E-02	8.86E-02	2.05E-02	
1_2336108_C_T	8.28E-02	3.25E-05	8.20E-01	-5.18E-02	2.28E-01	1.34E-02	
1_2336129_C_G	5.17E-02	4.68E-04	9.17E-01	2.51E-02	2.40E-01	6.17E-03	
1_2336141_G_A	2.10E-01	2.49E-02	1.27E-01	-2.08E-01	1.36E-01	8.99E-02	
1_2336150_T_C	4.07E-01	1.62E-05	7.35E-01	5.35E-02	1.58E-01	2.00E-02	
1_2336156_C_G	8.97E-02	7.47E-06	4.41E-01	-1.93E-01	2.50E-01	4.54E-02	
1_2336159_C_T	2.45E-01	6.44E-08	3.62E-02	3.22E-01	1.53E-01	1.23E-01	
1_2336168_T_C	4.52E-01	1.33E-03	5.76E-01	9.02E-02	1.61E-01	3.29E-02	
1_2336174_C_T	2.24E-01	2.28E-09	6.39E-02	3.05E-01	1.64E-01	1.09E-01	
1_2336210_A_G	2.17E-01	2.41E-02	9.99E-01	1.92E-04	1.40E-01	8.05E-05	
1_2336235_A_G	5.52E-02	1.53E-03	7.43E-01	-8.86E-02	2.70E-01	1.94E-02	
1_2336236_C_T	5.52E-02	1.53E-03	7.43E-01	-8.86E-02	2.70E-01	1.94E-02	
1_2357201_C_G	1.14E-01	2.69E-07	3.38E-01	-4.75E-01	4.96E-01	5.64E-02	
1_2357207_C_T	8.28E-02	5.27E-07	3.32E-01	-3.00E-01	3.09E-01	5.72E-02	
1_2357252_C_T	1.14E-01	2.69E-07	3.38E-01	-4.75E-01	4.96E-01	5.64E-02	
1_2357255_C_T	6.21E-02	2.16E-03	7.31E-01	8.84E-02	2.57E-01	2.03E-02	
1_2357258_C_T	6.21E-02	1.00E-02	3.84E-02	-3.22E-01	1.55E-01	1.22E-01	
1_2357261_G_C	1.17E-01	8.71E-07	9.22E-01	-3.27E-02	3.35E-01	5.75E-03	
1_2357273_C_G	1.14E-01	2.69E-07	3.38E-01	-4.75E-01	4.96E-01	5.64E-02	
1_2357276_C_T	1.10E-01	1.11E-01	4.53E-02	2.60E-01	1.29E-01	1.18E-01	
1_2357279_C_T	1.00E-01	5.48E-06	7.19E-01	-1.31E-01	3.63E-01	2.12E-02	
1_2357285_T_C	7.59E-02	2.02E-05	4.24E-01	-2.23E-01	2.78E-01	4.72E-02	
1_2357291_T_C	4.24E-01	1.54E-05	9.12E-01	1.74E-02	1.58E-01	6.48E-03	
1_2357303_G_A	7.93E-02	1.15E-06	2.27E-01	-2.84E-01	2.35E-01	7.12E-02	
1_2357318_A_G	6.55E-02	2.42E-05	6.15E-01	-1.34E-01	2.66E-01	2.96E-02	
1_2357327_G_A	7.59E-02	2.48E-06	5.27E-01	-1.70E-01	2.69E-01	3.73E-02	
1_2357334_C_T	6.90E-02	1.14E-05	4.91E-01	-2.15E-01	3.12E-01	4.06E-02	
1_2357348_C_G	1.10E-01	7.64E-01	9.70E-01	6.21E-03	1.66E-01	2.20E-03	
1_2357376_A_G	8.28E-02	5.27E-07	3.32E-01	-3.00E-01	3.09E-01	5.72E-02	
1_2357378_C_G	8.28E-02	5.27E-07	3.32E-01	-3.00E-01	3.09E-01	5.72E-02	
1_2357382_G_C	4.72E-01	8.67E-03	4.21E-01	1.57E-01	1.94E-01	4.74E-02	
1_2357384_C_G	1.21E-01	2.61E-01	8.44E-01	-3.89E-02	1.97E-01	1.16E-02	
1_2357400_C_G	1.00E-01	7.53E-02	3.51E-01	1.87E-01	2.01E-01	5.49E-02	
1_2357405_C_T	2.86E-01	3.49E-05	8.15E-01	-3.62E-02	1.54E-01	1.38E-02	
1_2357448_C_T	5.86E-02	1.08E-04	6.07E-01	-1.21E-01	2.35E-01	3.03E-02	
1_2357450_C_G	1.03E-01	4.30E-08	1.30E-01	-5.40E-01	3.56E-01	8.90E-02	
1_2357483_C_T	2.34E-01	6.50E-08	6.97E-02	2.91E-01	1.60E-01	1.07E-01	
1_2357510_T_C	4.72E-01	8.45E-04	3.13E-01	1.61E-01	1.60E-01	5.94E-02	
1_2357561_G_A	1.97E-01	5.50E-02	1.93E-01	-1.30E-01	9.95E-02	7.66E-02	
1_2357574_C_T	3.34E-01	7.08E-05	1.99E-01	1.47E-01	1.14E-01	7.57E-02	
1_2357585_G_C	8.28E-02	4.52E-06	4.38E-01	-1.62E-01	2.08E-01	4.57E-02	
1_2357612_A_G	3.69E-01	8.47E-06	6.01E-01	5.67E-02	1.08E-01	3.08E-02	
1_2357636_C_G	8.28E-02	4.52E-06	2.63E-01	-3.01E-01	2.68E-01	6.59E-02	
1_2357639_T_C	1.10E-01	2.22E-05	3.16E-01	-1.84E-01	1.83E-01	5.91E-02	
1_2357642_C_T	2.86E-01	3.11E-06	1.63E-01	2.07E-01	1.48E-01	8.22E-02	
1_2357648_T_C	4.66E-01	3.76E-03	3.72E-01	1.57E-01	1.75E-01	5.26E-02	
1_2357672_A_G	2.14E-01	4.95E-11	3.76E-03	4.99E-01	1.71E-01	1.70E-01	
1_2357711_T_C	2.72E-01	3.43E-02	7.92E-01	2.80E-02	1.06E-01	1.56E-02	
1_2357712_G_A	6.55E-02	9.28E-01	3.57E-01	1.19E-01	1.30E-01	5.42E-02	
1_2357717_G_A	2.52E-01	2.15E-01	1.76E-01	1.48E-01	1.09E-01	7.97E-02	
1_2357771_G_A	9.31E-02	2.35E-05	9.53E-01	-1.70E-02	2.86E-01	3.51E-03	
1_2357789_C_T	6.55E-02	1.78E-01	9.59E-01	-6.87E-03	1.34E-01	3.02E-03	
1_2357799_T_C	6.90E-02	1.14E-05	4.91E-01	-2.15E-01	3.12E-01	4.06E-02	
1_2357817_C_T	2.38E-01	1.41E-09	4.08E-02	2.90E-01	1.41E-01	1.20E-01	
1_2357825_C_G	1.79E-01	8.56E-01	3.05E-01	-1.49E-01	1.45E-01	6.04E-02	
1_2357828_C_T	4.62E-01	1.05E-02	7.35E-01	6.24E-02	1.84E-01	2.00E-02	
1_2357831_C_G	9.66E-02	1.67E-06	1.52E-01	-2.61E-01	1.82E-01	8.43E-02	
1_2357855_C_T	2.34E-01	2.46E-09	1.14E-01	2.70E-01	1.70E-01	9.30E-02	
1_2357864_C_G	4.21E-01	1.81E-04	2.43E-01	1.81E-01	1.54E-01	6.88E-02	
1_2357882_G_C	2.55E-01	1.13E-06	5.35E-01	9.95E-02	1.60E-01	3.66E-02	
1_2357915_G_A	1.28E-01	8.81E-08	1.38E-01	-3.60E-01	2.42E-01	8.73E-02	
1_2357942_G_C	4.76E-01	1.28E-02	4.98E-01	1.43E-01	2.10E-01	3.99E-02	
1_2357957_G_C	2.79E-01	2.20E-06	1.97E-01	1.62E-01	1.25E-01	7.60E-02	
1_2357978_G_C	3.79E-01	2.08E-05	4.51E-01	9.19E-02	1.22E-01	4.44E-02	
1_2357990_T_C	4.59E-01	7.03E-03	7.63E-01	5.33E-02	1.77E-01	1.78E-02	
1_2358005_C_T	5.52E-02	8.04E-03	3.17E-01	-1.61E-01	1.60E-01	5.90E-02	
1_2358012_G_A	8.62E-02	1.56E-05	1.55E-01	-2.70E-01	1.89E-01	8.36E-02	
1_2359391_T_C	2.45E-01	1.33E-08	5.28E-01	1.10E-01	1.75E-01	3.72E-02	
1_2359421_C_G	2.55E-01	9.95E-04	2.65E-01	-1.71E-01	1.53E-01	6.57E-02	
1_2359436_A_G	1.14E-01	2.69E-07	3.38E-01	-4.75E-01	4.96E-01	5.64E-02	
1_2359449_C_G	6.90E-02	1.14E-05	4.91E-01	-2.15E-01	3.12E-01	4.06E-02	
1_2359469_T_C	6.21E-02	3.73E-04	1.58E-01	-2.54E-01	1.79E-01	8.30E-02	
1_2359505_C_T	2.38E-01	2.41E-10	1.53E-02	3.45E-01	1.41E-01	1.42E-01	
1_2359514_C_G	1.69E-01	2.20E-01	6.37E-01	6.98E-02	1.48E-01	2.78E-02	
1_2359518_T_C	1.10E-01	5.79E-07	5.38E-01	-2.44E-01	3.96E-01	3.63E-02	
1_2359519_T_A	1.14E-01	2.69E-07	3.38E-01	-4.75E-01	4.96E-01	5.64E-02	
1_2359520_C_T	3.83E-01	8.15E-03	7.81E-01	-2.92E-02	1.05E-01	1.64E-02	
1_2359565_C_G	9.66E-02	1.67E-06	5.20E-01	-1.67E-01	2.59E-01	3.79E-02	
1_2359590_C_T	1.00E-01	3.23E-01	8.91E-01	-1.30E-02	9.48E-02	8.06E-03	
1_2359631_G_A	5.86E-02	6.38E-02	3.22E-01	1.91E-01	1.93E-01	5.84E-02	
1_2359640_C_T	1.17E-01	2.10E-03	3.53E-02	-1.88E-01	8.90E-02	1.24E-01	
1_2359646_G_A	8.28E-02	5.27E-07	3.32E-01	-3.00E-01	3.09E-01	5.72E-02	
1_2359649_T_C	8.28E-02	3.25E-05	9.75E-01	7.18E-03	2.27E-01	1.86E-03	
1_2359703_C_G	7.93E-02	3.88E-04	9.93E-01	-1.80E-03	2.18E-01	4.87E-04	
1_2359712_G_A	1.03E-01	3.61E-07	3.15E-01	-2.96E-01	2.94E-01	5.91E-02	
1_2359727_C_T	5.17E-02	1.52E-02	8.00E-01	5.45E-02	2.15E-01	1.49E-02	
1_2359740_C_G	8.97E-02	7.47E-06	8.97E-01	-3.59E-02	2.77E-01	7.62E-03	
1_2359766_T_C	1.00E-01	3.03E-03	9.76E-01	4.13E-03	1.36E-01	1.78E-03	
1_2359773_C_T	1.55E-01	3.94E-01	8.14E-01	3.48E-02	1.48E-01	1.38E-02	
1_2359777_A_G	4.59E-01	2.65E-04	7.99E-01	1.86E-02	7.31E-02	1.50E-02	
1_2359814_G_A	7.59E-02	7.61E-04	7.70E-01	8.28E-02	2.83E-01	1.72E-02	
1_2362984_C_T	1.00E-01	5.48E-06	7.19E-01	-1.31E-01	3.63E-01	2.12E-02	
1_2363027_G_A	3.28E-01	2.54E-03	5.62E-01	8.73E-02	1.50E-01	3.42E-02	
1_2363028_C_T	6.21E-02	5.12E-05	5.62E-01	-1.28E-01	2.21E-01	3.42E-02	
1_2363045_C_T	2.38E-01	1.80E-07	1.87E-01	1.99E-01	1.51E-01	7.77E-02	
1_2363087_C_T	6.55E-02	1.10E-03	7.05E-01	7.81E-02	2.06E-01	2.23E-02	
1_2363099_A_G	5.86E-02	7.57E-04	6.13E-01	-7.96E-02	1.57E-01	2.98E-02	
1_2363108_G_C	7.24E-02	5.32E-06	6.57E-01	-1.11E-01	2.49E-01	2.62E-02	
1_2363144_T_C	5.52E-02	2.25E-04	8.83E-01	-3.98E-02	2.71E-01	8.67E-03	
1_2363147_C_T	7.59E-02	4.31E-02	9.85E-01	2.50E-03	1.34E-01	1.10E-03	
1_2363150_C_T	3.14E-01	4.69E-02	5.84E-01	-4.32E-02	7.89E-02	3.23E-02	
1_2363153_A_G	6.55E-02	1.82E-04	8.24E-01	-5.93E-02	2.66E-01	1.31E-02	
1_2363155_A_C	1.00E-01	5.48E-06	7.19E-01	-1.31E-01	3.63E-01	2.12E-02	
1_2363160_T_C	4.21E-01	9.74E-06	2.38E-02	-1.79E-01	7.87E-02	1.33E-01	
1_2363165_G_C	7.59E-02	2.48E-06	5.27E-01	-1.70E-01	2.69E-01	3.73E-02	
1_2363174_G_C	7.93E-02	9.60E-06	2.67E-01	-2.74E-01	2.46E-01	6.53E-02	
1_2363176_A_G	5.17E-02	7.75E-01	3.68E-01	-1.29E-01	1.43E-01	5.31E-02	
1_2363183_T_C	5.17E-02	1.75E-01	2.34E-01	1.84E-01	1.54E-01	7.01E-02	
1_2363189_C_G	2.17E-01	1.88E-10	2.15E-02	3.76E-01	1.63E-01	1.35E-01	
1_2363207_G_A	5.52E-02	2.25E-04	9.75E-01	-7.85E-03	2.47E-01	1.88E-03	
1_2363232_G_A	8.97E-02	4.81E-05	9.76E-01	9.08E-03	3.03E-01	1.76E-03	
1_2363240_G_C	1.76E-01	6.09E-02	8.99E-01	-1.94E-02	1.53E-01	7.47E-03	
1_2363241_G_A	1.66E-01	4.97E-06	4.73E-01	-1.00E-01	1.39E-01	4.23E-02	
1_2363243_G_C	4.38E-01	7.15E-07	6.43E-01	4.73E-02	1.02E-01	2.74E-02	
1_2363246_T_C	5.24E-01	1.33E-03	7.55E-01	3.18E-02	1.02E-01	1.84E-02	
1_2363249_C_T	5.17E-02	7.75E-01	6.44E-01	-6.66E-02	1.44E-01	2.72E-02	
1_2363264_C_G	5.52E-02	2.57E-05	3.54E-01	-2.13E-01	2.30E-01	5.46E-02	bad-chisq
1_2363266_C_G	6.55E-02	1.82E-04	8.23E-01	-5.99E-02	2.68E-01	1.32E-02	
1_2363273_G_C	1.14E-01	2.69E-07	3.38E-01	-4.75E-01	4.96E-01	5.64E-02	
1_2363303_G_A	2.24E-01	4.71E-02	8.29E-01	2.86E-02	1.33E-01	1.27E-02	
1_2363307_G_A	1.14E-01	2.69E-07	3.38E-01	-4.75E-01	4.96E-01	5.64E-02	
1_2363316_T_G	9.24E-01	8.29E-01	3.26E-01	-1.06E-01	1.07E-01	5.78E-02	
1_2363320_G_C	1.14E-01	2.69E-07	3.38E-01	-4.75E-01	4.96E-01	5.64E-02	
1_2363321_C_G	1.14E-01	2.69E-07	3.38E-01	-4.75E-01	4.96E-01	5.64E-02	
1_2363324_G_A	9.31E-02	4.54E-07	7.10E-01	-9.37E-02	2.52E-01	2.19E-02	
1_2363345_C_T	2.28E-01	2.17E-10	4.82E-03	4.36E-01	1.54E-01	1.65E-01	
1_2363358_A_G	2.41E-01	1.08E-07	1.92E-02	3.50E-01	1.49E-01	1.37E-01	
1_2363363_G_A	1.72E-01	2.43E-05	2.57E-01	-1.15E-01	1.01E-01	6.68E-02	
1_2363369_C_T	1.21E-01	2.61E-01	3.40E-01	1.58E-01	1.65E-01	5.62E-02	
1_2363382_C_T	5.17E-02	5.48E-05	5.30E-01	-1.54E-01	2.45E-01	3.71E-02	bad-chisq
1_2363388_A_G	1.17E-01	5.36E-06	5.94E-01	1.31E-01	2.46E-01	3.14E-02	
1_2363396_C_T	7.93E-02	6.69E-05	8.03E-01	-4.31E-02	1.73E-01	1.47E-02	
1_2363408_G_C	3.14E-01	2.78E-04	7.14E-01	-4.72E-02	1.29E-01	2.16E-02	
1_2363411_G_A	7.93E-02	6.69E-05	7.32E-01	-8.53E-02	2.49E-01	2.02E-02	
1_2363426_C_T	4.62E-01	1.07E-03	8.58E-01	-2.21E-02	1.23E-01	1.06E-02	
1_2363441_C_T	7.59E-02	4.31E-02	9.36E-02	-1.88E-01	1.12E-01	9.87E-02	
1_2363454_G_A	6.55E-02	1.10E-03	9.19E-01	-2.35E-02	2.32E-01	5.96E-03	
1_2363456_T_C	2.55E-01	2.53E-03	2.91E-01	-1.41E-01	1.34E-01	6.22E-02	
1_2363457_T_A	2.66E-01	1.52E-03	3.97E-01	-1.25E-01	1.48E-01	5.00E-02	
1_2363467_C_A	1.07E-01	1.66E-07	1.69E-01	-4.37E-01	3.17E-01	8.10E-02	
1_2363516_A_G	2.38E-01	7.66E-09	4.35E-01	1.29E-01	1.65E-01	4.60E-02	
1_2363534_C_T	5.52E-02	2.57E-05	3.62E-01	-2.00E-01	2.19E-01	5.37E-02	bad-chisq
1_2363537_T_C	3.76E-01	8.74E-02	5.28E-01	-7.99E-02	1.26E-01	3.72E-02	
1_2363540_G_A	2.41E-01	5.85E-02	2.61E-01	-1.29E-01	1.14E-01	6.62E-02	
1_2363553_A_C	1.00E-01	3.32E-05	1.03E-01	-2.87E-01	1.76E-01	9.59E-02	
1_2363564_T_C	6.55E-02	1.82E-04	8.24E-01	-5.93E-02	2.66E-01	1.31E-02	
1_2363570_C_T	5.52E-02	8.04E-03	6.69E-01	9.32E-02	2.18E-01	2.52E-02	
1_2363588_C_T	7.24E-02	5.32E-06	7.86E-01	-6.66E-02	2.45E-01	1.60E-02	
1_2363591_G_C	6.55E-02	2.58E-06	4.10E-01	-1.94E-01	2.35E-01	4.86E-02	bad-chisq
1_2363603_C_T	7.24E-02	1.48E-03	9.52E-02	-2.26E-01	1.35E-01	9.82E-02	
1_2363609_C_T	2.66E-01	2.57E-07	3.69E-01	1.01E-01	1.12E-01	5.29E-02	
1_2363633_G_C	6.55E-02	2.42E-05	6.43E-01	-1.30E-01	2.81E-01	2.73E-02	
1_2363645_G_C	8.62E-02	9.74E-05	3.30E-01	-1.61E-01	1.65E-01	5.75E-02	
1_2363648_C_G	1.00E-01	5.48E-06	7.19E-01	-1.31E-01	3.63E-01	2.12E-02	
1_2363666_C_T	6.55E-02	5.36E-03	4.17E-01	-1.42E-01	1.75E-01	4.79E-02	
1_2363675_C_G	7.59E-02	1.37E-04	9.19E-01	-2.30E-02	2.25E-01	6.03E-03	
1_2363681_G_C	7.93E-02	9.60E-06	5.48E-01	-1.64E-01	2.73E-01	3.54E-02	
1_2363683_A_G	1.14E-01	2.69E-07	3.38E-01	-4.75E-01	4.96E-01	5.64E-02	
1_2363692_C_A	1.14E-01	2.69E-07	3.38E-01	-4.75E-01	4.96E-01	5.64E-02	
1_2363702_G_A	7.93E-02	6.69E-05	8.12E-01	-5.30E-02	2.22E-01	1.41E-02	
1_2363704_C_G	1.14E-01	2.29E-01	9.38E-01	1.29E-02	1.66E-01	4.57E-03	
1_2363714_G_A	6.55E-02	2.12E-02	5.26E-01	1.21E-01	1.91E-01	3.74E-02	
1_2363726_C_T	7.59E-02	8.29E-01	7.33E-01	-4.69E-02	1.37E-01	2.01E-02	
1_2363744_G_C	1.00E-01	3.23E-01	5.64E-01	-8.79E-02	1.52E-01	3.40E-02	
1_2363747_A_G	8.28E-02	4.18E-03	4.12E-01	1.43E-01	1.74E-01	4.84E-02	
1_2363759_C_G	5.52E-02	8.04E-03	7.63E-01	6.66E-02	2.20E-01	1.78E-02	
1_2363760_C_A	4.62E-01	5.16E-03	1.92E-01	1.90E-01	1.45E-01	7.68E-02	
1_2363761_A_G	7.59E-02	2.60E-01	2.22E-01	-1.41E-01	1.15E-01	7.19E-02	
1_2363822_C_G	6.90E-02	1.14E-05	4.91E-01	-2.15E-01	3.12E-01	4.06E-02	
1_2363889_A_G	4.66E-01	1.19E-04	2.57E-01	1.17E-01	1.03E-01	6.68E-02	
1_2363919_C_T	6.21E-02	3.71E-02	5.45E-01	-9.08E-02	1.50E-01	3.57E-02	
1_2363925_C_A	2.24E-01	1.06E-02	8.99E-01	-1.77E-02	1.39E-01	7.49E-03	
1_2363927_G_C	2.55E-01	9.95E-04	2.65E-01	-1.71E-01	1.53E-01	6.57E-02	
1_2363961_G_A	1.14E-01	2.69E-07	3.38E-01	-4.75E-01	4.96E-01	5.64E-02	
1_2363962_A_C	1.14E-01	2.69E-07	3.38E-01	-4.75E-01	4.96E-01	5.64E-02	
1_2363963_C_G	8.97E-02	4.81E-05	9.53E-01	1.53E-02	2.59E-01	3.47E-03	
1_2363975_G_A	6.55E-02	1.82E-04	7.37E-01	-8.96E-02	2.66E-01	1.98E-02	
1_2363981_C_T	7.24E-02	2.76E-04	7.20E-01	-8.05E-02	2.25E-01	2.11E-02	
1_2363999_G_C	5.17E-02	1.52E-02	4.81E-01	1.87E-01	2.64E-01	4.15E-02	
1_2364026_C_T	7.93E-02	8.59E-02	3.67E-01	1.45E-01	1.61E-01	5.32E-02	
1_2364066_G_A	7.24E-02	2.76E-04	4.48E-01	-1.90E-01	2.50E-01	4.47E-02	
1_2364086_G_C	8.97E-02	4.81E-05	8.93E-01	3.24E-02	2.41E-01	7.93E-03	
1_2364107_C_T	7.59E-02	2.02E-05	1.26E-01	-2.66E-01	1.74E-01	9.00E-02	
1_2364113_G_C	1.17E-01	5.36E-06	6.56E-01	1.10E-01	2.46E-01	2.62E-02	
1_2364116_T_C	4.00E-01	1.55E-02	3.09E-01	1.17E-01	1.15E-01	5.99E-02	
1_2364119_C_G	1.38E-01	3.87E-07	2.12E-01	-2.26E-01	1.81E-01	7.35E-02	
1_2364152_A_G	6.21E-02	1.75E-01	6.44E-03	3.29E-01	1.20E-01	1.60E-01	
1_2369246_A_G	2.14E-01	2.16E-01	5.32E-01	-7.57E-02	1.21E-01	3.69E-02	
1_2369249_G_C	2.28E-01	1.56E-02	4.45E-01	-1.10E-01	1.44E-01	4.50E-02	
1_2369264_G_A	6.21E-02	5.12E-05	6.93E-01	-1.10E-01	2.79E-01	2.33E-02	
1_2369294_G_A	3.00E-01	1.13E-07	3.26E-02	2.31E-01	1.08E-01	1.26E-01	
1_2369342_T_C	1.07E-01	1.63E-01	4.14E-01	8.78E-02	1.07E-01	4.82E-02	
1_2369360_C_G	1.86E-01	1.50E-01	4.55E-01	1.20E-01	1.61E-01	4.40E-02	
1_2369376_C_T	5.86E-02	8.69E-01	3.88E-01	1.26E-01	1.45E-01	5.09E-02	
1_2369381_C_T	3.41E-01	3.02E-06	3.36E-02	2.11E-01	9.89E-02	1.25E-01	
1_2369398_C_G	5.17E-02	4.68E-04	7.89E-01	-7.50E-02	2.80E-01	1.58E-02	
1_2369408_A_G	1.69E-01	3.62E-01	7.88E-01	-4.33E-02	1.61E-01	1.58E-02	
1_2369423_G_A	6.55E-02	1.10E-03	9.19E-01	2.46E-02	2.41E-01	6.00E-03	
1_2369450_C_G	1.72E-01	1.63E-01	5.33E-01	7.23E-02	1.16E-01	3.67E-02	
1_2369451_A_G	1.07E-01	2.17E-04	7.84E-01	5.13E-02	1.87E-01	1.61E-02	
1_2369452_T_C	5.86E-02	1.08E-04	7.50E-01	-9.19E-02	2.88E-01	1.88E-02	
1_2369489_T_C	2.59E-01	3.85E-03	4.91E-01	-9.61E-02	1.39E-01	4.06E-02	
1_2369495_A_G	3.07E-01	8.05E-06	1.01E-01	2.27E-01	1.38E-01	9.66E-02	
1_2369498_A_G	1.45E-01	4.78E-01	6.94E-01	6.12E-02	1.55E-01	2.32E-02	
1_2369504_C_T	5.52E-02	8.04E-03	3.91E-01	-1.43E-01	1.66E-01	5.06E-02	
1_2369513_A_G	4.17E-01	3.70E-05	5.34E-01	9.64E-02	1.55E-01	3.67E-02	
1_2369525_T_C	1.93E-01	1.44E-01	8.68E-01	-2.54E-02	1.53E-01	9.77E-03	
1_2369534_G_A	8.62E-02	2.41E-07	3.75E-01	-1.95E-01	2.20E-01	5.23E-02	
1_2369543_C_T	5.52E-02	1.53E-03	9.55E-01	1.42E-02	2.50E-01	3.33E-03	
1_2369547_A_G	8.97E-02	4.81E-05	9.76E-01	9.08E-03	3.03E-01	1.76E-03	
1_2369558_G_C	6.55E-02	2.42E-05	7.23E-01	-9.79E-02	2.76E-01	2.09E-02	
1_2369569_A_G	1.45E-01	7.63E-01	6.05E-01	-8.85E-02	1.71E-01	3.05E-02	
1_2369570_T_C	5.31E-01	3.27E-03	4.09E-02	2.38E-01	1.16E-01	1.20E-01	
1_2369582_C_T	2.28E-01	1.31E-09	6.10E-03	4.11E-01	1.49E-01	1.61E-01	
1_2369585_G_C	4.66E-01	1.54E-02	8.59E-01	3.46E-02	1.94E-01	1.05E-02	
1_2369618_C_G	4.52E-01	5.68E-04	6.14E-01	7.61E-02	1.51E-01	2.98E-02	
1_2369654_T_C	4.83E-01	1.05E-04	8.29E-03	2.73E-01	1.03E-01	1.55E-01	
1_2369657_T_C	3.07E-01	2.59E-05	3.41E-02	2.12E-01	9.94E-02	1.24E-01	
1_2369678_C_G	5.17E-02	5.48E-05	6.59E-01	-1.05E-01	2.37E-01	2.60E-02	bad-chisq
1_2369699_C_T	7.24E-02	2.36E-02	7.91E-02	-1.91E-01	1.09E-01	1.03E-01	
1_2369702_G_A	5.52E-02	2.57E-05	5.40E-01	-1.45E-01	2.36E-01	3.61E-02	bad-chisq
1_2369723_T_C	8.72E-01	7.26E-02	9.35E-01	7.24E-03	8.94E-02	4.77E-03	
1_2369732_G_A	1.38E-01	2.23E-06	3.72E-01	-1.52E-01	1.70E-01	5.27E-02	
1_2369747_C_T	5.17E-02	4.68E-04	6.20E-01	-1.13E-01	2.28E-01	2.92E-02	
1_2369757_G_C	6.21E-02	5.12E-05	6.93E-01	-1.10E-01	2.79E-01	2.33E-02	
1_2369765_C_G	5.52E-02	1.53E-03	8.17E-01	-6.52E-02	2.82E-01	1.36E-02	
1_2369822_T_C	4.28E-01	1.27E-03	5.60E-01	8.38E-02	1.44E-01	3.44E-02	
1_2369837_C_G	1.14E-01	2.69E-07	3.38E-01	-4.75E-01	4.96E-01	5.64E-02	
1_2369843_C_T	7.93E-02	9.60E-06	3.08E-01	-1.74E-01	1.70E-01	6.00E-02	
1_2369856_T_G	2.59E-01	1.88E-02	5.02E-01	-6.53E-02	9.71E-02	3.96E-02	
1_2369867_C_T	8.97E-02	4.81E-03	2.99E-01	1.45E-01	1.39E-01	6.12E-02	
1_2369871_C_T	6.21E-02	2.16E-03	6.06E-01	-8.54E-02	1.65E-01	3.04E-02	
1_2369903_T_C	1.14E-01	2.69E-07	3.38E-01	-4.75E-01	4.96E-01	5.64E-02	
1_2369906_A_G	1.69E-01	6.28E-02	9.62E-01	-7.18E-03	1.51E-01	2.80E-03	
1_2369912_A_G	6.90E-01	1.83E-02	6.01E-01	3.90E-02	7.46E-02	3.08E-02	
1_2369921_C_T	2.48E-01	3.82E-08	4.53E-01	1.26E-01	1.67E-01	4.42E-02	
1_2369933_A_G	3.66E-01	1.25E-06	5.87E-01	7.36E-02	1.35E-01	3.20E-02	
1_2369942_T_C	4.72E-01	8.67E-03	4.21E-01	1.57E-01	1.94E-01	4.74E-02	
1_2369948_G_A	6.69E-01	2.98E-02	5.13E-01	4.81E-02	7.35E-02	3.86E-02	
1_2369954_C_G	7.59E-02	7.61E-04	6.40E-01	1.02E-01	2.18E-01	2.76E-02	
1_2369966_G_C	2.41E-01	3.01E-02	6.35E-01	3.60E-02	7.58E-02	2.80E-02	
1_2369999_C_T	8.97E-02	4.67E-02	5.32E-01	-7.87E-02	1.26E-01	3.69E-02	
1_2370017_C_T	5.86E-02	4.19E-03	7.34E-01	8.37E-02	2.47E-01	2.00E-02	
1_2370026_G_A	5.52E-02	6.41E-01	4.79E-01	-1.09E-01	1.54E-01	4.17E-02	
1_2370027_C_T	6.21E-02	7.09E-01	4.88E-01	-1.01E-01	1.45E-01	4.09E-02	
1_2370056_A_G	1.38E-01	9.34E-01	6.99E-01	-6.66E-02	1.72E-01	2.28E-02	
1_2370062_C_T	2.03E-01	4.82E-03	3.06E-02	-1.66E-01	7.65E-02	1.27E-01	
1_2370068_T_C	4.72E-01	4.20E-03	6.05E-01	8.48E-02	1.64E-01	3.05E-02	
1_2370080_C_G	1.00E-01	9.50E-08	2.75E-01	-3.25E-01	2.97E-01	6.43E-02	
1_2370083_C_T	2.66E-01	3.06E-01	5.88E-01	4.01E-02	7.40E-02	3.19E-02	
1_2370104_T_C	2.72E-01	9.26E-08	1.92E-01	1.90E-01	1.45E-01	7.68E-02	
1_2370128_C_T	4.83E-01	6.64E-04	1.33E-01	1.65E-01	1.10E-01	8.84E-02	
1_2370179_G_A	6.55E-02	2.94E-01	6.86E-01	5.48E-02	1.35E-01	2.38E-02	
1_2370182_T_C	3.90E-01	2.00E-03	9.85E-01	-2.18E-03	1.15E-01	1.12E-03	
1_2370186_C_T	3.21E-01	6.27E-01	8.23E-01	1.54E-02	6.86E-02	1.32E-02	
1_2370198_C_T	2.17E-01	1.88E-10	2.35E-02	4.07E-01	1.79E-01	1.33E-01	
1_2370203_C_T	1.90E-01	5.70E-02	7.27E-01	-4.64E-02	1.33E-01	2.06E-02	
1_2370208_A_G	2.31E-01	4.26E-09	1.97E-01	2.00E-01	1.54E-01	7.60E-02	
1_2370209_T_C	2.66E-01	3.92E-06	2.20E-01	1.54E-01	1.25E-01	7.23E-02	
1_2370215_A_G	4.66E-01	3.05E-04	5.68E-01	8.33E-02	1.46E-01	3.37E-02	
1_2370216_C_G	6.90E-02	8.81E-05	6.02E-01	-1.55E-01	2.97E-01	3.08E-02	
1_2370233_C_T	5.52E-02	3.31E-02	9.00E-01	2.18E-02	1.74E-01	7.39E-03	
1_2370236_C_G	1.17E-01	8.71E-07	5.64E-01	-1.10E-01	1.91E-01	3.40E-02	
1_2370248_C_T	5.52E-02	8.04E-03	2.45E-01	-1.93E-01	1.65E-01	6.86E-02	
1_2370263_C_T	2.66E-01	3.92E-06	8.74E-02	2.45E-01	1.43E-01	1.01E-01	
1_2370276_C_T	2.28E-01	7.33E-09	7.32E-02	2.90E-01	1.61E-01	1.05E-01	
1_2370281_G_C	7.93E-02	6.69E-05	4.43E-01	-1.63E-01	2.13E-01	4.52E-02	
1_2370288_C_T	5.17E-02	1.52E-02	8.44E-01	-3.86E-02	1.96E-01	1.16E-02	
1_2370294_A_G	5.24E-01	2.47E-08	3.37E-01	-8.19E-02	8.50E-02	5.66E-02	
1_2370304_C_G	8.28E-02	5.27E-07	3.32E-01	-3.00E-01	3.09E-01	5.72E-02	
1_2370311_C_G	1.14E-01	2.69E-07	3.38E-01	-4.75E-01	4.96E-01	5.64E-02	
1_2370316_G_A	2.10E-01	8.80E-11	8.53E-03	4.39E-01	1.66E-01	1.54E-01	
1_2370322_C_G	3.31E-01	3.47E-02	6.52E-02	3.20E-01	1.73E-01	1.08E-01	
1_2370326_C_G	2.62E-01	6.22E-06	6.20E-02	2.78E-01	1.48E-01	1.10E-01	
1_2370338_G_A	2.72E-01	6.10E-05	1.09E-01	2.34E-01	1.46E-01	9.42E-02	
1_2370356_C_T	7.93E-02	6.69E-05	9.14E-01	2.27E-02	2.11E-01	6.34E-03	
1_2370358_C_T	1.21E-01	2.61E-01	8.44E-01	-3.89E-02	1.97E-01	1.16E-02	
1_2370359_G_C	6.90E-02	8.81E-05	6.02E-01	-1.55E-01	2.97E-01	3.08E-02	
1_2370362_G_C	1.69E-01	3.62E-01	7.88E-01	-4.33E-02	1.61E-01	1.58E-02	
1_2370374_G_A	1.72E-01	8.00E-03	4.78E-01	-9.25E-02	1.30E-01	4.18E-02	
1_2370383_C_T	2.59E-01	2.70E-06	3.84E-01	1.13E-01	1.29E-01	5.13E-02	
1_2370386_C_G	1.21E-01	2.61E-01	8.54E-01	-2.86E-02	1.55E-01	1.09E-02	
1_2370416_C_G	1.72E-01	2.79E-01	5.10E-01	1.06E-01	1.61E-01	3.89E-02	
1_2370422_G_A	3.17E-01	2.98E-03	5.74E-01	7.70E-02	1.37E-01	3.32E-02	
1_2370445_C_T	1.52E-01	5.01E-01	4.77E-01	-1.12E-01	1.58E-01	4.19E-02	
1_2370450_C_T	1.69E-01	2.20E-01	9.11E-01	1.60E-02	1.42E-01	6.62E-03	
1_2370467_C_T	8.41E-01	2.87E-04	8.80E-01	1.43E-02	9.50E-02	8.90E-03	
1_2370468_G_A	6.21E-02	2.16E-03	7.31E-01	8.84E-02	2.57E-01	2.03E-02	
1_2370485_A_G	5.17E-01	1.38E-06	2.89E-01	-9.05E-02	8.51E-02	6.25E-02	
1_2370488_G_C	7.24E-02	4.24E-05	5.19E-01	-1.79E-01	2.78E-01	3.80E-02	
1_2370491_C_G	1.07E-01	1.23E-06	8.41E-01	-6.37E-02	3.17E-01	1.18E-02	
1_2370494_G_C	7.24E-02	1.48E-03	1.18E-01	-1.82E-01	1.16E-01	9.21E-02	
1_2370512_A_G	8.97E-02	4.81E-05	8.99E-01	3.01E-02	2.37E-01	7.46E-03	
1_2370527_C_G	6.55E-02	1.82E-04	9.07E-01	2.38E-02	2.03E-01	6.92E-03	
1_2370533_G_A	9.17E-01	4.76E-01	9.99E-01	7.48E-05	1.06E-01	4.15E-05	
1_2370542_A_G	2.17E-01	1.88E-10	2.35E-02	4.07E-01	1.79E-01	1.33E-01	
1_2370554_G_A	5.17E-02	8.03E-01	4.24E-01	1.02E-01	1.28E-01	4.71E-02	
1_2370555_A_C	2.10E-01	8.80E-11	8.53E-03	4.39E-01	1.66E-01	1.54E-01	
1_2370567_C_T	5.52E-02	5.67E-01	8.54E-01	2.22E-02	1.20E-01	1.09E-02	
1_2370581_G_A	8.62E-02	2.12E-06	4.60E-01	-2.01E-01	2.71E-01	4.36E-02	
1_2370611_C_G	1.03E-01	2.54E-01	6.58E-01	7.63E-02	1.72E-01	2.61E-02	
1_2370623_G_A	9.66E-02	6.69E-05	7.78E-02	-2.66E-01	1.50E-01	1.04E-01	
1_2370626_G_C	1.07E-01	1.23E-06	8.92E-01	-4.11E-02	3.02E-01	8.01E-03	
1_2370641_C_T	2.34E-01	1.31E-08	6.68E-02	2.69E-01	1.46E-01	1.08E-01	
1_2370644_C_T	5.17E-02	5.84E-02	4.20E-01	1.61E-01	2.00E-01	4.75E-02	
1_2370665_C_G	9.31E-02	2.35E-05	8.94E-01	3.58E-02	2.69E-01	7.83E-03	
1_2370672_A_G	1.00E-01	7.53E-02	3.51E-01	1.87E-01	2.01E-01	5.49E-02	
1_2370683_G_C	2.38E-01	1.41E-09	6.56E-02	3.29E-01	1.78E-01	1.08E-01	
1_2370686_C_T	2.86E-01	3.11E-06	4.13E-01	1.02E-01	1.24E-01	4.82E-02	
1_2391275_G_A	2.79E-01	6.42E-04	4.87E-01	9.31E-02	1.34E-01	4.10E-02	
1_2391288_C_T	6.21E-02	2.16E-03	7.31E-01	8.84E-02	2.57E-01	2.03E-02	
1_2391297_C_T	2.14E-01	4.95E-11	3.76E-03	4.99E-01	1.71E-01	1.70E-01	
1_2391317_G_C	1.00E-01	7.53E-02	3.51E-01	1.87E-01	2.01E-01	5.49E-02	
1_2391327_C_A	8.97E-02	4.81E-05	9.76E-01	9.08E-03	3.03E-01	1.76E-03	
1_2391328_G_A	8.97E-02	4.81E-05	9.76E-01	9.08E-03	3.03E-01	1.76E-03	
1_2391345_C_T	2.38E-01	1.80E-07	1.22E-01	2.20E-01	1.42E-01	9.10E-02	
1_2391356_C_T	2.17E-01	1.18E-09	7.23E-02	2.94E-01	1.63E-01	1.06E-01	
1_2391380_G_A	6.90E-02	1.14E-01	4.99E-01	1.04E-01	1.54E-01	3.99E-02	
1_2391407_A_G	2.83E-01	1.59E-04	2.49E-01	1.50E-01	1.30E-01	6.79E-02	
1_2391411_C_T	8.28E-02	1.95E-04	6.94E-01	9.89E-02	2.51E-01	2.32E-02	
1_2391437_C_T	1.00E-01	1.73E-04	7.22E-01	7.71E-02	2.17E-01	2.10E-02	
1_2391447_C_T	2.55E-01	2.75E-07	6.55E-02	2.60E-01	1.41E-01	1.08E-01	
1_2391449_C_G	4.03E-01	8.39E-06	2.80E-02	2.77E-01	1.25E-01	1.29E-01	
1_2391452_C_T	3.48E-01	8.33E-08	1.34E-01	1.41E-01	9.40E-02	8.81E-02	
1_2391464_T_C	4.86E-01	1.06E-02	9.34E-01	-1.24E-02	1.50E-01	4.86E-03	
1_2391506_G_C	1.34E-01	5.29E-01	4.91E-01	9.95E-02	1.44E-01	4.06E-02	
1_2391515_C_G	1.14E-01	2.69E-07	3.38E-01	-4.75E-01	4.96E-01	5.64E-02	
1_2391518_C_T	5.52E-02	5.67E-01	5.52E-01	-8.63E-02	1.45E-01	3.50E-02	
1_2391527_C_G	1.03E-01	4.30E-08	1.30E-01	-5.40E-01	3.56E-01	8.90E-02	
1_2391533_G_A	6.90E-02	4.04E-02	7.83E-01	-4.19E-02	1.52E-01	1.62E-02	
1_2391534_C_T	7.93E-02	7.57E-03	4.02E-01	-1.37E-01	1.63E-01	4.94E-02	
1_2391539_C_T	6.55E-02	2.42E-05	8.34E-01	-5.13E-02	2.44E-01	1.24E-02	
1_2413339_T_C	3.69E-01	3.08E-09	1.19E-01	2.80E-01	1.79E-01	9.17E-02	
1_2413357_G_C	1.10E-01	5.79E-07	5.38E-01	-2.44E-01	3.96E-01	3.63E-02	
1_2413432_C_T	8.97E-02	1.22E-03	1.78E-01	-1.88E-01	1.39E-01	7.93E-02	
1_2413433_C_G	2.38E-01	7.79E-07	1.34E-01	2.27E-01	1.51E-01	8.82E-02	
1_2413437_G_A	4.07E-01	5.29E-06	3.76E-01	1.58E-01	1.78E-01	5.22E-02	
1_2413445_G_A	1.52E-01	7.50E-01	1.66E-01	-2.08E-01	1.50E-01	8.16E-02	
1_2413522_G_A	3.86E-01	1.44E-08	1.40E-01	2.41E-01	1.62E-01	8.70E-02	
1_2413527_A_G	1.48E-01	8.77E-01	5.85E-01	-7.98E-02	1.46E-01	3.22E-02	
1_2413529_A_G	2.62E-01	9.94E-08	9.31E-01	1.50E-02	1.72E-01	5.14E-03	
1_2413545_G_A	2.10E-01	8.80E-11	8.53E-03	4.39E-01	1.66E-01	1.54E-01	
1_2413565_G_A	1.21E-01	2.61E-01	8.44E-01	-3.89E-02	1.97E-01	1.16E-02	
1_2413568_T_C	3.93E-01	3.38E-06	3.80E-01	1.23E-01	1.40E-01	5.18E-02	
1_2413573_G_A	1.48E-01	6.09E-01	2.14E-01	-1.99E-01	1.60E-01	7.31E-02	
1_2413609_G_A	2.17E-01	1.88E-10	2.35E-02	4.07E-01	1.79E-01	1.33E-01	
1_2413612_G_C	1.14E-01	2.69E-07	3.38E-01	-4.75E-01	4.96E-01	5.64E-02	
1_2413624_A_G	8.28E-02	1.95E-04	6.81E-01	9.77E-02	2.37E-01	2.43E-02	
1_2413636_T_C	2.21E-01	6.74E-10	4.20E-02	3.44E-01	1.69E-01	1.20E-01	
1_2413644_G_C	4.76E-01	1.28E-02	4.98E-01	1.43E-01	2.10E-01	3.99E-02	
1_2413645_C_G	4.59E-01	1.52E-03	4.17E-01	1.47E-01	1.82E-01	4.78E-02	
1_2413664_T_C	2.14E-01	6.95E-02	1.78E-01	-1.99E-01	1.47E-01	7.94E-02	
1_2413675_C_T	2.21E-01	6.74E-10	4.67E-02	3.34E-01	1.67E-01	1.17E-01	
1_2413681_C_T	2.83E-01	4.42E-04	1.30E-01	2.24E-01	1.48E-01	8.90E-02	
1_2413688_T_C	4.00E-01	4.25E-06	1.35E-01	2.04E-01	1.36E-01	8.80E-02	
1_2413694_A_G	4.76E-01	1.28E-02	4.98E-01	1.43E-01	2.10E-01	3.99E-02	
1_2413697_A_C	4.62E-01	2.41E-03	4.21E-01	1.56E-01	1.94E-01	4.75E-02	
1_2413698_A_G	4.76E-01	1.28E-02	4.98E-01	1.43E-01	2.10E-01	3.99E-02	
1_2413705_G_A	2.38E-01	9.93E-03	1.50E-01	-1.09E-01	7.55E-02	8.48E-02	
1_2413706_T_C	9.66E-02	1.14E-05	8.93E-01	-4.08E-02	3.03E-01	7.92E-03	
1_2413712_G_A	4.86E-01	2.04E-02	9.44E-01	-1.23E-02	1.75E-01	4.16E-03	
1_2413717_C_T	9.31E-02	2.35E-05	9.73E-01	9.74E-03	2.83E-01	2.03E-03	
1_2413723_T_C	3.24E-01	5.00E-08	2.31E-01	1.43E-01	1.19E-01	7.06E-02	
1_2413762_G_C	1.76E-01	9.96E-01	4.07E-01	-1.19E-01	1.43E-01	4.89E-02	
1_2413765_A_G	3.86E-01	7.89E-07	6.63E-01	7.31E-02	1.67E-01	2.57E-02	
1_2413766_C_T	1.31E-01	8.94E-01	5.62E-01	-6.91E-02	1.19E-01	3.42E-02	
1_2413774_A_G	4.76E-01	1.28E-02	4.98E-01	1.43E-01	2.10E-01	3.99E-02	
1_2413777_C_T	8.97E-02	4.81E-05	1.84E-01	-2.21E-01	1.66E-01	7.82E-02	
1_2413864_G_A	9.66E-02	1.67E-06	6.05E-01	-1.52E-01	2.94E-01	3.05E-02	
1_2413872_A_G	1.28E-01	4.89E-01	7.52E-01	-5.62E-02	1.77E-01	1.87E-02	
1_2413875_A_G	2.17E-01	1.88E-10	2.35E-02	4.07E-01	1.79E-01	1.33E-01	
1_2413888_G_A	1.45E-01	4.78E-01	2.22E-01	-2.02E-01	1.65E-01	7.19E-02	
1_2413896_A_G	2.10E-01	5.10E-02	1.78E-01	-1.98E-01	1.46E-01	7.94E-02	
1_2413898_G_A	1.14E-01	2.69E-07	3.38E-01	-4.75E-01	4.96E-01	5.64E-02	
1_2414420_T_C	4.66E-01	3.76E-03	4.91E-01	-8.71E-02	1.26E-01	4.06E-02	
1_2414446_C_G	2.90E-01	2.27E-05	3.79E-01	1.11E-01	1.26E-01	5.19E-02	
1_2414478_C_G	1.17E-01	1.24E-07	1.35E-01	-4.95E-01	3.30E-01	8.80E-02	
1_2414501_C_G	2.17E-01	1.88E-10	2.35E-02	4.07E-01	1.79E-01	1.33E-01	
1_2414503_G_C	3.76E-01	3.36E-06	8.57E-01	-2.75E-02	1.53E-01	1.06E-02	
1_2414514_C_A	1.45E-01	4.78E-01	2.22E-01	-2.02E-01	1.65E-01	7.19E-02	
1_2414527_T_C	7.97E-01	4.82E-03	3.01E-01	8.30E-02	8.02E-02	6.09E-02	
1_2414530_C_T	9.66E-02	2.39E-01	8.89E-01	-1.87E-02	1.33E-01	8.25E-03	
1_2414548_C_T	4.52E-01	1.33E-03	6.36E-01	7.37E-02	1.56E-01	2.79E-02	
1_2414551_G_C	7.24E-02	1.48E-03	6.01E-01	1.20E-01	2.29E-01	3.08E-02	
1_2414552_C_T	6.21E-02	1.00E-02	3.43E-01	-1.61E-01	1.69E-01	5.59E-02	
1_2414560_G_A	6.55E-02	5.36E-03	2.82E-01	-1.94E-01	1.80E-01	6.34E-02	
1_2414564_C_T	7.93E-02	1.87E-03	3.81E-01	1.92E-01	2.18E-01	5.16E-02	
1_2414573_C_T	7.24E-02	2.76E-04	7.58E-01	7.84E-02	2.54E-01	1.82E-02	
1_2414581_C_T	3.17E-01	2.00E-06	2.02E-01	1.38E-01	1.08E-01	7.52E-02	
1_2414584_G_C	1.45E-01	4.78E-01	2.22E-01	-2.02E-01	1.65E-01	7.19E-02	
1_2414592_T_A	9.66E-02	1.14E-05	8.36E-01	-6.26E-02	3.02E-01	1.22E-02	
1_2414594_C_T	1.41E-01	3.13E-02	8.96E-01	1.57E-02	1.20E-01	7.69E-03	
1_2414603_C_A	2.17E-01	1.88E-10	2.35E-02	4.07E-01	1.79E-01	1.33E-01	
1_2414608_C_T	5.52E-02	6.41E-01	4.90E-01	-1.06E-01	1.54E-01	4.07E-02	
1_2414629_C_G	8.62E-02	9.74E-05	8.39E-01	5.18E-02	2.54E-01	1.20E-02	
1_2414633_G_C	2.17E-01	1.88E-10	2.35E-02	4.07E-01	1.79E-01	1.33E-01	
1_2414634_C_A	4.66E-01	3.76E-03	4.29E-01	1.43E-01	1.81E-01	4.66E-02	
1_2414669_G_A	8.28E-02	1.95E-04	6.94E-01	9.89E-02	2.51E-01	2.32E-02	
1_2414676_A_G	4.31E-01	1.43E-04	5.45E-01	1.08E-01	1.79E-01	3.57E-02	
1_2414677_T_C	4.38E-01	4.26E-04	7.71E-01	4.77E-02	1.64E-01	1.71E-02	
1_2414684_A_T	2.21E-01	6.74E-10	4.81E-02	3.35E-01	1.69E-01	1.16E-01	
1_2414686_G_C	5.17E-02	1.75E-01	2.39E-01	2.37E-01	2.00E-01	6.94E-02	
1_2414690_G_A	6.21E-02	2.16E-03	7.63E-01	6.96E-02	2.30E-01	1.78E-02	
1_2414698_C_G	2.48E-01	7.42E-07	9.06E-02	2.47E-01	1.46E-01	9.96E-02	
1_2414713_C_G	2.28E-01	7.33E-09	8.83E-02	2.68E-01	1.57E-01	1.00E-01	
1_2414714_A_C	5.03E-01	9.53E-03	3.61E-01	1.31E-01	1.43E-01	5.39E-02	
1_2414719_C_T	4.21E-01	6.78E-05	4.88E-01	1.17E-01	1.69E-01	4.09E-02	
1_2414722_C_T	5.07E-01	4.05E-02	5.27E-01	9.35E-02	1.48E-01	3.73E-02	
1_2414723_G_A	1.07E-01	1.23E-06	7.10E-01	-1.21E-01	3.26E-01	2.19E-02	
1_2414743_C_G	1.21E-01	2.59E-06	7.29E-01	9.69E-02	2.79E-01	2.05E-02	
1_2414749_G_C	2.03E-01	1.01E-01	2.17E-01	-1.79E-01	1.45E-01	7.26E-02	
1_2414752_G_C	6.21E-02	2.71E-01	8.69E-01	2.34E-02	1.42E-01	9.75E-03	
1_2414769_C_G	1.14E-01	2.69E-07	3.38E-01	-4.75E-01	4.96E-01	5.64E-02	
1_2414776_G_T	2.10E-01	8.80E-11	8.53E-03	4.39E-01	1.66E-01	1.54E-01	
1_2414797_T_C	4.10E-01	1.35E-03	1.03E-02	3.30E-01	1.28E-01	1.51E-01	
1_2414801_T_C	4.69E-01	5.76E-03	3.90E-01	1.58E-01	1.83E-01	5.07E-02	
1_2414818_T_C	5.17E-02	8.03E-01	6.52E-01	6.37E-02	1.41E-01	2.66E-02	
1_2414830_C_T	4.24E-01	5.05E-06	2.15E-01	1.86E-01	1.49E-01	7.31E-02	
1_2414839_C_T	8.62E-02	2.73E-02	8.24E-01	3.20E-02	1.43E-01	1.31E-02	
1_2414842_G_C	3.28E-01	2.92E-10	3.00E-02	3.03E-01	1.39E-01	1.27E-01	
1_2414845_A_G	3.76E-01	9.97E-07	4.67E-02	2.52E-01	1.26E-01	1.17E-01	
1_2414848_C_T	6.21E-02	3.71E-02	6.83E-01	-6.75E-02	1.65E-01	2.41E-02	
1_2414866_T_C	4.48E-01	3.37E-04	2.71E-01	1.73E-01	1.57E-01	6.49E-02	
1_2414869_C_G	2.48E-01	2.61E-03	1.09E-01	-2.38E-01	1.48E-01	9.43E-02	
1_2414872_C_G	4.24E-01	1.54E-05	4.50E-02	3.05E-01	1.52E-01	1.18E-01	
1_2414884_T_C	3.93E-01	1.07E-05	1.07E-01	2.27E-01	1.41E-01	9.47E-02	
1_2414893_T_C	1.83E-01	3.33E-01	8.73E-01	2.39E-02	1.49E-01	9.43E-03	
1_2414902_G_A	3.72E-01	3.58E-04	5.46E-01	6.64E-02	1.10E-01	3.56E-02	
1_2414903_C_T	7.24E-02	2.76E-04	8.74E-01	3.78E-02	2.38E-01	9.37E-03	
1_2414914_C_G	1.03E-01	4.30E-08	1.30E-01	-5.40E-01	3.56E-01	8.90E-02	
1_2414915_C_T	1.52E-01	9.91E-01	1.58E-01	1.20E-01	8.46E-02	8.32E-02	
1_2414918_C_G	1.14E-01	2.69E-07	3.38E-01	-4.75E-01	4.96E-01	5.64E-02	
1_2414920_G_A	2.14E-01	3.53E-02	1.55E-01	-2.00E-01	1.40E-01	8.36E-02	
1_2414930_G_T	1.14E-01	2.69E-07	3.38E-01	-4.75E-01	4.96E-01	5.64E-02	
1_2414931_A_C	1.14E-01	2.69E-07	3.38E-01	-4.75E-01	4.96E-01	5.64E-02	
1_2414947_C_G	7.59E-02	7.61E-04	7.70E-01	8.28E-02	2.83E-01	1.72E-02	
1_2414950_G_C	7.93E-02	4.01E-01	4.69E-01	-1.19E-01	1.64E-01	4.27E-02	
1_2414954_C_T	5.52E-02	3.31E-02	3.21E-01	2.27E-01	2.28E-01	5.84E-02	
1_2414962_G_A	1.38E-01	5.27E-05	7.73E-01	-4.16E-02	1.44E-01	1.70E-02	
1_2414973_C_A	8.62E-02	2.12E-06	4.60E-01	-2.01E-01	2.71E-01	4.36E-02	
1_2414989_G_A	9.66E-02	1.67E-06	8.88E-01	-3.22E-02	2.28E-01	8.30E-03	
1_2414998_G_A	2.34E-01	6.69E-03	1.10E-01	-2.39E-01	1.49E-01	9.41E-02	
1_2414999_A_G	2.31E-01	2.24E-08	4.97E-02	3.31E-01	1.68E-01	1.15E-01	
1_2415001_C_G	8.62E-02	9.74E-05	8.56E-01	4.99E-02	2.74E-01	1.07E-02	
1_2415016_C_T	1.83E-01	2.02E-01	1.34E-01	1.21E-01	8.06E-02	8.82E-02	
1_2415019_A_G	4.28E-01	1.27E-03	3.81E-01	1.25E-01	1.42E-01	5.16E-02	
1_2415028_C_T	8.97E-02	7.42E-01	9.60E-01	-7.05E-03	1.40E-01	2.96E-03	
1_2415029_C_G	1.00E-01	7.78E-07	4.32E-01	-2.31E-01	2.93E-01	4.63E-02	
1_2419031_C_T	7.59E-02	2.48E-06	5.27E-01	-1.70E-01	2.69E-01	3.73E-02	
1_2419062_A_G	1.14E-01	2.69E-07	3.38E-01	-4.75E-01	4.96E-01	5.64E-02	
1_2419063_T_C	6.55E-02	1.82E-04	7.25E-01	-9.21E-02	2.62E-01	2.07E-02	
1_2419066_T_C	2.41E-01	2.70E-03	5.98E-01	-8.95E-02	1.70E-01	3.11E-02	
1_2419108_C_T	5.17E-02	3.04E-03	8.80E-01	3.52E-02	2.33E-01	8.90E-03	
1_2419129_A_G	1.48E-01	8.58E-01	3.01E-01	-1.49E-01	1.43E-01	6.09E-02	
1_2419138_C_T	1.48E-01	4.79E-04	6.74E-01	-4.77E-02	1.13E-01	2.48E-02	
1_2419144_T_C	1.69E-01	1.23E-01	8.33E-01	-2.80E-02	1.33E-01	1.25E-02	
1_2419147_A_G	1.45E-01	9.90E-02	5.18E-01	-9.25E-02	1.43E-01	3.81E-02	
1_2419171_A_G	2.79E-01	3.25E-08	1.90E-01	1.68E-01	1.28E-01	7.72E-02	
1_2419186_G_A	2.38E-01	1.72E-03	3.23E-01	-1.76E-01	1.78E-01	5.83E-02	
1_2419204_G_C	1.90E-01	2.74E-02	9.49E-01	-5.08E-03	7.95E-02	3.77E-03	
1_2419210_C_T	9.31E-02	7.95E-01	5.27E-01	-9.47E-02	1.50E-01	3.73E-02	
1_2419258_G_A	5.52E-02	3.31E-02	4.72E-01	1.46E-01	2.02E-01	4.24E-02	
1_2419259_C_T	5.86E-02	6.38E-02	1.32E-01	-2.24E-01	1.49E-01	8.85E-02	
1_2419270_G_C	1.24E-01	1.91E-07	8.22E-02	-3.33E-01	1.91E-01	1.02E-01	
1_2419282_C_T	2.28E-01	1.09E-03	8.60E-03	-1.99E-01	7.51E-02	1.54E-01	
1_2419288_C_T	2.34E-01	2.46E-09	4.24E-02	2.84E-01	1.40E-01	1.19E-01	
1_2419303_C_T	2.10E-01	8.80E-11	8.53E-03	4.39E-01	1.66E-01	1.54E-01	
1_2419327_G_A	5.52E-02	2.57E-05	1.99E-01	-2.73E-01	2.12E-01	7.57E-02	bad-chisq
1_2419345_G_A	5.52E-02	2.25E-04	7.85E-01	-6.72E-02	2.46E-01	1.61E-02	
1_2419408_G_A	3.76E-01	6.99E-03	1.62E-01	-1.19E-01	8.49E-02	8.23E-02	
1_2419435_T_C	4.48E-01	4.11E-03	3.92E-01	1.18E-01	1.37E-01	5.04E-02	
1_2419441_T_C	4.76E-01	2.44E-02	7.57E-01	-4.73E-02	1.53E-01	1.82E-02	
1_2419453_C_G	5.52E-02	8.04E-03	6.92E-01	1.00E-01	2.52E-01	2.34E-02	
1_2419501_T_C	1.34E-01	1.30E-07	8.74E-02	-3.85E-01	2.24E-01	1.01E-01	
1_2419507_G_C	9.31E-02	7.51E-02	2.42E-01	-1.16E-01	9.89E-02	6.89E-02	
1_2419528_C_G	1.14E-01	2.69E-07	3.38E-01	-4.75E-01	4.96E-01	5.64E-02	
1_2419537_G_C	1.90E-01	5.70E-02	4.52E-01	-1.14E-01	1.51E-01	4.43E-02	
1_2419546_C_T	2.55E-01	6.24E-08	1.09E-01	2.44E-01	1.52E-01	9.43E-02	
1_2419549_A_G	1.52E-01	7.32E-01	3.77E-01	-1.26E-01	1.42E-01	5.21E-02	
1_2419576_G_C	1.00E-01	5.48E-06	7.19E-01	-1.31E-01	3.63E-01	2.12E-02	
1_2419585_C_G	1.17E-01	8.71E-07	9.08E-01	-3.89E-02	3.38E-01	6.79E-03	
1_2419594_C_G	4.59E-01	2.65E-04	1.25E-02	1.92E-01	7.62E-02	1.47E-01	
1_2419595_G_C	4.97E-01	2.76E-09	1.22E-02	1.88E-01	7.44E-02	1.47E-01	
1_2419607_G_C	8.28E-02	5.27E-07	3.32E-01	-3.00E-01	3.09E-01	5.72E-02	
1_2419613_A_G	4.28E-01	2.13E-04	7.54E-01	5.24E-02	1.67E-01	1.85E-02	
1_2419614_A_G	4.24E-01	1.22E-04	7.36E-01	5.39E-02	1.60E-01	1.99E-02	
1_2419621_G_A	1.21E-01	1.18E-02	2.25E-02	-2.10E-01	9.15E-02	1.34E-01	
1_2419648_A_G	7.93E-02	6.69E-05	8.03E-01	-5.82E-02	2.33E-01	1.47E-02	
1_2419660_G_A	7.93E-02	3.88E-04	8.38E-01	5.27E-02	2.57E-01	1.21E-02	
1_2419695_G_C	1.14E-01	2.69E-07	3.38E-01	-4.75E-01	4.96E-01	5.64E-02	
1_2419735_C_T	9.31E-02	6.44E-04	1.70E-01	-1.99E-01	1.44E-01	8.08E-02	
1_2419738_A_G	2.72E-01	4.27E-09	2.74E-02	2.29E-01	1.03E-01	1.30E-01	
1_2419744_C_G	1.17E-01	3.87E-01	6.60E-01	-5.77E-02	1.31E-01	2.60E-02	
1_2419756_G_C	1.14E-01	2.69E-07	3.38E-01	-4.75E-01	4.96E-01	5.64E-02	
1_2419762_C_T	1.03E-01	4.14E-04	3.47E-01	1.63E-01	1.73E-01	5.54E-02	
1_2419763_C_T	1.14E-01	2.69E-07	3.38E-01	-4.75E-01	4.96E-01	5.64E-02	
1_2419782_C_A	1.14E-01	2.69E-07	3.38E-01	-4.75E-01	4.96E-01	5.64E-02	
1_2419797_T_C	5.52E-02	1.53E-03	8.17E-01	-6.52E-02	2.82E-01	1.36E-02	
1_2419804_C_G	1.17E-01	8.71E-07	9.08E-01	-3.92E-02	3.38E-01	6.84E-03	
1_2419819_T_C	4.10E-01	3.04E-03	5.42E-01	6.87E-02	1.12E-01	3.60E-02	
1_2419822_A_G	6.21E-01	1.72E-01	1.76E-01	-1.08E-01	7.94E-02	7.97E-02	
1_2419831_G_C	7.93E-02	9.60E-06	3.20E-01	-2.61E-01	2.62E-01	5.86E-02	
1_2419849_T_C	5.52E-02	8.04E-03	8.32E-01	4.69E-02	2.21E-01	1.25E-02	
1_2419895_G_A	1.17E-01	3.28E-01	6.44E-01	-8.52E-02	1.84E-01	2.73E-02	
1_2419900_T_C	6.90E-02	8.81E-05	6.02E-01	-1.55E-01	2.97E-01	3.08E-02	
1_2419901_T_G	1.14E-01	2.69E-07	3.38E-01	-4.75E-01	4.96E-01	5.64E-02	
1_2419954_A_G	1.69E-01	3.62E-01	9.08E-01	1.52E-02	1.31E-01	6.80E-03	
1_2419963_C_T	7.93E-02	9.60E-06	3.58E-01	-2.60E-01	2.83E-01	5.41E-02	
1_2419965_C_G	1.14E-01	2.69E-07	3.38E-01	-4.75E-01	4.96E-01	5.64E-02	
1_2419978_C_T	6.55E-02	1.78E-01	8.69E-01	-1.92E-02	1.16E-01	9.75E-03	
1_2420911_C_T	2.24E-01	4.53E-03	5.48E-01	-9.86E-02	1.64E-01	3.54E-02	
1_2420926_T_C	9.38E-01	3.71E-02	4.71E-01	9.27E-02	1.28E-01	4.25E-02	
1_2420953_T_A	4.93E-01	1.16E-02	4.41E-01	1.13E-01	1.47E-01	4.54E-02	
1_2420962_T_C	4.83E-01	2.66E-02	9.10E-01	1.84E-02	1.63E-01	6.64E-03	
1_2420968_T_C	3.83E-01	4.28E-06	3.54E-01	1.22E-01	1.31E-01	5.46E-02	
1_2420974_G_A	1.10E-01	5.79E-07	5.50E-01	-2.12E-01	3.54E-01	3.53E-02	
1_2420995_A_G	5.52E-02	4.30E-02	1.67E-01	2.14E-01	1.54E-01	8.15E-02	
1_2421016_T_C	5.03E-01	3.42E-02	9.76E-01	-4.16E-03	1.39E-01	1.76E-03	
1_2421022_C_G	1.07E-01	1.23E-06	7.10E-01	-1.21E-01	3.26E-01	2.19E-02	
1_2421091_G_C	1.03E-01	2.61E-06	9.49E-01	-1.80E-02	2.79E-01	3.80E-03	
1_2421103_G_A	1.07E-01	1.23E-06	6.57E-01	-1.39E-01	3.11E-01	2.62E-02	
1_2421106_C_G	4.83E-01	1.41E-02	5.65E-01	1.09E-01	1.89E-01	3.39E-02	
1_2421109_C_T	1.03E-01	2.61E-06	9.49E-01	-1.80E-02	2.79E-01	3.80E-03	
1_2421112_G_A	1.07E-01	1.23E-06	7.10E-01	-1.21E-01	3.26E-01	2.19E-02	
1_2421124_C_G	5.34E-01	1.05E-01	3.28E-01	-1.12E-01	1.14E-01	5.77E-02	
1_2421139_G_C	5.52E-02	2.25E-04	8.39E-01	-5.65E-02	2.77E-01	1.20E-02	
1_2421148_C_T	6.21E-02	1.00E-02	8.22E-01	4.26E-02	1.89E-01	1.33E-02	
1_2421181_T_C	5.52E-02	6.41E-01	8.58E-01	-2.73E-02	1.52E-01	1.06E-02	
1_2421193_T_G	9.31E-02	3.54E-06	7.00E-01	-9.53E-02	2.47E-01	2.27E-02	
1_2421217_G_A	1.14E-01	2.69E-07	3.38E-01	-4.75E-01	4.96E-01	5.64E-02	
1_2421229_G_C	1.17E-01	1.24E-07	1.33E-01	-4.97E-01	3.30E-01	8.85E-02	
1_2421245_C_T	5.52E-02	1.53E-03	1.29E-01	-2.94E-01	1.93E-01	8.94E-02	
1_2421250_C_G	2.10E-01	8.80E-11	8.53E-03	4.39E-01	1.66E-01	1.54E-01	
1_2421253_G_C	1.14E-01	2.69E-07	3.38E-01	-4.75E-01	4.96E-01	5.64E-02	
1_2421271_A_G	5.07E-01	2.64E-02	9.42E-01	1.31E-02	1.78E-01	4.32E-03	
1_2421274_G_A	4.31E-01	1.43E-04	5.70E-01	9.09E-02	1.60E-01	3.35E-02	
1_2421301_C_T	1.07E-01	1.23E-06	7.10E-01	-1.21E-01	3.26E-01	2.19E-02	
1_2421319_C_T	2.10E-01	2.49E-02	9.74E-01	-4.81E-03	1.48E-01	1.91E-03	
1_2421343_C_G	8.28E-02	5.27E-07	3.32E-01	-3.00E-01	3.09E-01	5.72E-02	
1_2421349_G_A	1.07E-01	1.23E-06	8.40E-01	-6.38E-02	3.16E-01	1.19E-02	
1_2426936_C_A	1.14E-01	2.69E-07	3.38E-01	-4.75E-01	4.96E-01	5.64E-02	
1_2426944_C_T	2.10E-01	8.80E-11	8.53E-03	4.39E-01	1.66E-01	1.54E-01	
1_2426956_T_C	2.34E-01	2.77E-03	5.78E-01	-1.06E-01	1.90E-01	3.28E-02	
1_2426959_C_G	1.10E-01	5.79E-07	6.23E-01	-1.77E-01	3.60E-01	2.90E-02	
1_2426962_G_A	8.28E-02	1.95E-04	6.59E-01	9.37E-02	2.12E-01	2.60E-02	
1_2426965_C_G	8.28E-02	3.25E-05	1.88E-02	-2.97E-01	1.26E-01	1.38E-01	
1_2426980_C_G	1.31E-01	8.94E-01	4.69E-01	1.18E-01	1.62E-01	4.26E-02	
1_2426984_T_C	5.17E-02	1.75E-01	6.71E-01	6.91E-02	1.63E-01	2.50E-02	
1_2426989_C_G	2.17E-01	4.64E-03	4.64E-01	-1.21E-01	1.65E-01	4.32E-02	
1_2426995_G_A	8.97E-02	4.81E-05	9.65E-01	1.18E-02	2.67E-01	2.59E-03	
1_2427004_G_C	2.10E-01	1.13E-02	4.65E-01	-1.25E-01	1.70E-01	4.31E-02	
1_2427005_G_A	7.93E-02	9.60E-06	5.48E-01	-1.64E-01	2.73E-01	3.54E-02	
1_2427008_A_G	1.14E-01	2.69E-07	3.38E-01	-4.75E-01	4.96E-01	5.64E-02	
1_2427009_C_T	1.14E-01	2.69E-07	3.38E-01	-4.75E-01	4.96E-01	5.64E-02	
1_2427013_C_G	1.14E-01	2.69E-07	3.38E-01	-4.75E-01	4.96E-01	5.64E-02	
1_2427014_G_C	8.97E-02	9.84E-07	3.09E-01	-3.15E-01	3.09E-01	6.00E-02	
1_2427034_T_C	4.52E-01	1.33E-03	5.98E-02	2.24E-01	1.19E-01	1.11E-01	
1_2427037_A_G	7.59E-02	1.37E-04	9.09E-01	2.64E-02	2.30E-01	6.75E-03	
1_2427046_G_C	8.28E-02	4.52E-06	5.10E-01	-1.67E-01	2.53E-01	3.89E-02	
1_2427054_A_C	1.00E-01	7.53E-02	3.51E-01	1.87E-01	2.01E-01	5.49E-02	
1_2427097_G_C	1.31E-01	4.03E-01	9.34E-01	1.42E-02	1.72E-01	4.86E-03	
1_2427130_G_A	2.14E-01	3.32E-10	4.60E-02	3.45E-01	1.72E-01	1.17E-01	
1_2427133_T_C	2.31E-01	2.23E-02	5.00E-01	-8.59E-02	1.27E-01	3.98E-02	
1_2427139_A_G	1.76E-01	2.11E-01	5.17E-01	9.74E-02	1.50E-01	3.82E-02	
1_2427142_G_C	2.34E-01	2.77E-03	5.78E-01	-1.06E-01	1.90E-01	3.28E-02	
1_2427143_T_A	2.21E-01	1.61E-02	7.22E-01	-6.34E-02	1.78E-01	2.09E-02	
1_2427144_C_G	1.97E-01	1.86E-01	9.95E-01	9.34E-04	1.65E-01	3.34E-04	
1_2427148_G_C	1.31E-01	4.03E-01	9.34E-01	1.42E-02	1.72E-01	4.86E-03	
1_2427193_C_T	3.10E-01	1.50E-04	4.94E-01	7.72E-02	1.13E-01	4.03E-02	
1_2427211_G_C	6.55E-02	1.10E-03	7.65E-01	6.47E-02	2.16E-01	1.76E-02	
1_2427217_C_G	5.52E-02	2.25E-04	8.29E-01	-5.19E-02	2.41E-01	1.27E-02	
1_2427224_G_C	6.21E-02	2.16E-03	8.62E-01	3.45E-02	1.99E-01	1.02E-02	
1_2427265_C_G	6.55E-02	2.42E-05	6.43E-01	-1.30E-01	2.81E-01	2.73E-02	
1_2427289_C_G	7.24E-02	2.76E-04	8.19E-01	5.42E-02	2.37E-01	1.35E-02	
1_2427295_G_A	7.24E-02	9.81E-01	5.13E-01	7.36E-02	1.12E-01	3.86E-02	
1_2427310_G_C	8.28E-02	1.95E-04	6.83E-01	9.74E-02	2.38E-01	2.41E-02	
1_2427316_T_C	5.52E-02	1.53E-03	7.19E-01	-9.08E-02	2.52E-01	2.12E-02	
1_2427319_C_T	5.86E-02	7.57E-04	9.37E-01	1.74E-02	2.22E-01	4.63E-03	
1_2427322_G_A	7.24E-02	5.32E-06	6.38E-01	-1.13E-01	2.39E-01	2.78E-02	
1_2427346_C_T	2.10E-01	8.80E-11	8.53E-03	4.39E-01	1.66E-01	1.54E-01	
1_2427355_A_G	9.66E-02	1.02E-01	5.55E-01	1.14E-01	1.93E-01	3.48E-02	
1_2427361_T_C	2.45E-01	7.77E-02	2.96E-01	7.73E-02	7.38E-02	6.16E-02	
1_2427405_C_A	5.86E-02	7.57E-04	7.16E-01	-9.54E-02	2.62E-01	2.14E-02	
1_2427430_C_G	8.62E-02	9.74E-05	7.22E-01	8.99E-02	2.53E-01	2.10E-02	
1_2427437_C_A	1.14E-01	2.69E-07	3.38E-01	-4.75E-01	4.96E-01	5.64E-02	
1_2427446_G_A	1.14E-01	2.69E-07	3.38E-01	-4.75E-01	4.96E-01	5.64E-02	
1_2427475_C_G	5.86E-02	1.08E-04	8.22E-01	-5.84E-02	2.60E-01	1.32E-02	
1_2427493_C_T	1.14E-01	2.62E-04	2.74E-01	1.63E-01	1.49E-01	6.44E-02	
1_2427511_C_T	5.52E-02	8.04E-03	3.34E-01	2.06E-01	2.12E-01	5.70E-02	
1_2427513_A_G	1.14E-01	2.69E-07	3.38E-01	-4.75E-01	4.96E-01	5.64E-02	
1_2427524_G_A	2.48E-01	1.02E-03	2.47E-01	-1.89E-01	1.63E-01	6.82E-02	
1_2427535_C_T	5.17E-02	4.11E-01	7.59E-01	4.81E-02	1.57E-01	1.81E-02	
1_2427543_A_C	2.14E-01	7.30E-03	6.05E-01	9.88E-02	1.91E-01	3.05E-02	
1_2427551_G_A	4.00E-01	1.65E-03	6.85E-02	1.77E-01	9.71E-02	1.07E-01	
1_2427553_T_C	5.76E-01	8.41E-03	1.70E-01	1.51E-01	1.10E-01	8.08E-02	
1_2427559_A_G	5.86E-02	1.83E-02	1.27E-01	-2.34E-01	1.53E-01	8.98E-02	
1_2427589_G_C	1.17E-01	1.37E-04	7.33E-01	-5.42E-02	1.59E-01	2.01E-02	
1_2427592_G_C	1.28E-01	4.89E-01	6.85E-01	-7.19E-02	1.77E-01	2.39E-02	
1_2427595_T_C	9.66E-02	1.14E-05	2.97E-01	-1.76E-01	1.69E-01	6.14E-02	
1_2427603_T_A	1.14E-01	2.69E-07	3.38E-01	-4.75E-01	4.96E-01	5.64E-02	
1_2427606_C_G	1.10E-01	5.79E-07	6.18E-01	-1.81E-01	3.62E-01	2.94E-02	
1_2427613_T_C	4.52E-01	5.68E-04	3.77E-01	9.49E-02	1.07E-01	5.21E-02	
1_2427620_G_A	1.03E-01	2.61E-06	8.67E-01	-4.73E-02	2.82E-01	9.87E-03	
1_2427640_C_G	1.10E-01	5.79E-07	6.23E-01	-1.77E-01	3.60E-01	2.90E-02	
1_2427643_G_A	4.31E-01	2.43E-01	3.63E-01	-7.71E-02	8.46E-02	5.36E-02	
1_2427676_C_T	1.69E-01	2.20E-01	6.43E-01	7.27E-02	1.57E-01	2.74E-02	
1_2427691_C_T	2.83E-01	1.68E-05	9.98E-01	2.57E-04	1.32E-01	1.14E-04	
1_2427694_C_T	5.52E-02	3.25E-01	8.23E-01	3.46E-02	1.55E-01	1.32E-02	
1_2427707_G_T	2.52E-01	2.25E-08	3.83E-01	1.41E-01	1.61E-01	5.14E-02	
1_2427709_G_C	3.79E-01	1.67E-07	5.50E-01	1.09E-01	1.81E-01	3.53E-02	
1_2427727_G_C	3.90E-01	4.78E-07	6.57E-01	6.87E-02	1.54E-01	2.62E-02	
1_2427728_C_A	4.93E-01	5.78E-03	8.22E-01	3.77E-02	1.67E-01	1.33E-02	
1_2427729_A_C	2.48E-01	7.77E-09	3.11E-01	1.72E-01	1.69E-01	5.97E-02	
1_2427730_A_G	4.17E-01	3.70E-05	9.72E-01	5.05E-03	1.43E-01	2.09E-03	
1_2427731_T_C	5.07E-01	2.64E-02	9.42E-01	1.31E-02	1.78E-01	4.32E-03	
1_2427745_G_A	5.86E-02	9.30E-02	4.01E-01	1.33E-01	1.58E-01	4.95E-02	
1_2427760_C_G	2.10E-01	1.13E-02	5.57E-01	1.05E-01	1.79E-01	3.46E-02	
1_2427775_T_C	1.93E-01	3.05E-03	3.51E-01	7.93E-02	8.49E-02	5.50E-02	
1_2427787_C_T	5.17E-02	4.89E-06	1.41E-01	-2.93E-01	1.99E-01	8.66E-02	bad-chisq
1_2427794_C_T	8.62E-02	5.12E-04	7.38E-01	4.94E-02	1.48E-01	1.97E-02	
1_2427808_C_G	2.38E-01	9.93E-03	6.82E-01	-5.76E-02	1.40E-01	2.42E-02	
1_2427811_G_A	5.86E-02	1.08E-04	8.25E-01	-5.73E-02	2.59E-01	1.30E-02	
1_2427820_G_A	7.24E-02	4.24E-05	6.02E-01	-1.33E-01	2.55E-01	3.07E-02	
1_2427823_C_G	5.86E-02	6.38E-02	3.58E-01	1.84E-01	1.99E-01	5.42E-02	
1_2427835_A_G	4.52E-01	8.66E-08	1.00E-01	1.79E-01	1.09E-01	9.66E-02	
1_2427859_C_G	7.93E-02	6.34E-01	2.94E-01	-1.57E-01	1.50E-01	6.18E-02	
1_2427863_C_T	2.31E-01	4.41E-03	3.29E-01	-1.36E-01	1.39E-01	5.75E-02	
1_2427864_A_T	1.14E-01	2.69E-07	3.38E-01	-4.75E-01	4.96E-01	5.64E-02	
1_2427871_C_G	6.90E-02	5.54E-04	9.13E-01	2.65E-02	2.41E-01	6.47E-03	
1_2427875_G_T	1.10E-01	5.79E-07	6.23E-01	-1.77E-01	3.60E-01	2.90E-02	
1_2427902_A_C	3.24E-01	5.00E-08	3.26E-01	1.06E-01	1.07E-01	5.79E-02	
1_2427904_T_C	2.66E-01	1.52E-03	3.97E-01	-1.25E-01	1.48E-01	5.00E-02	
1_2427907_C_T	8.28E-02	8.82E-01	5.23E-01	8.22E-02	1.28E-01	3.77E-02	
1_2427913_C_G	1.93E-01	3.90E-01	6.47E-01	-6.16E-02	1.34E-01	2.70E-02	
1_2427916_C_G	1.10E-01	5.79E-07	7.15E-01	-1.31E-01	3.60E-01	2.15E-02	
1_2427934_C_T	7.59E-02	3.52E-03	4.59E-01	-1.11E-01	1.49E-01	4.36E-02	
1_2427936_T_C	1.45E-01	2.72E-03	7.27E-01	3.46E-02	9.87E-02	2.06E-02	
1_2427937_C_G	9.31E-02	2.35E-05	9.74E-01	-8.76E-03	2.69E-01	1.92E-03	
1_2427950_G_A	6.90E-02	1.14E-05	4.91E-01	-2.15E-01	3.12E-01	4.06E-02	
1_2427960_T_A	1.14E-01	2.69E-07	3.38E-01	-4.75E-01	4.96E-01	5.64E-02	
1_2427982_T_C	1.28E-01	1.22E-02	1.70E-01	-1.47E-01	1.07E-01	8.08E-02	
1_2428000_G_C	1.07E-01	1.97E-01	4.88E-01	1.25E-01	1.80E-01	4.09E-02	
1_2428006_C_G	7.93E-02	7.57E-03	9.42E-01	-1.07E-02	1.46E-01	4.32E-03	
1_2428010_G_T	2.03E-01	1.16E-02	4.83E-01	-1.19E-01	1.70E-01	4.14E-02	
1_2428025_C_G	6.90E-02	1.14E-05	4.91E-01	-2.15E-01	3.12E-01	4.06E-02	
1_2428028_C_T	1.62E-01	8.11E-01	9.62E-01	-7.03E-03	1.49E-01	2.78E-03	
1_2428032_A_C	1.90E-01	5.70E-02	5.87E-01	-9.23E-02	1.70E-01	3.20E-02	
1_2428042_A_G	3.93E-01	6.85E-03	4.31E-01	8.35E-02	1.06E-01	4.64E-02	
1_2428078_C_G	2.34E-01	2.77E-03	5.78E-01	-1.06E-01	1.90E-01	3.28E-02	
1_2428096_C_T	5.52E-02	3.31E-02	3.45E-01	1.94E-01	2.06E-01	5.57E-02	
1_2428100_G_T	1.21E-01	2.61E-01	8.44E-01	-3.89E-02	1.97E-01	1.16E-02	
1_2428106_A_C	2.03E-01	1.16E-02	4.83E-01	-1.19E-01	1.70E-01	4.14E-02	
1_2428114_C_T	1.34E-01	2.68E-01	9.36E-02	1.81E-01	1.08E-01	9.86E-02	
1_2428117_G_A	1.14E-01	2.69E-07	3.38E-01	-4.75E-01	4.96E-01	5.64E-02	
1_2428126_C_T	1.55E-01	8.43E-01	3.80E-01	1.29E-01	1.47E-01	5.18E-02	
1_2428127_C_G	1.24E-01	1.24E-06	9.19E-01	-2.68E-02	2.64E-01	5.98E-03	
1_2428130_C_T	5.86E-02	7.57E-04	9.62E-01	1.11E-02	2.35E-01	2.78E-03	
1_2428132_C_G	6.55E-02	1.82E-04	7.37E-01	-8.96E-02	2.66E-01	1.98E-02	
1_2428141_C_G	2.03E-01	1.01E-01	7.92E-01	-3.97E-02	1.50E-01	1.56E-02	
1_2428147_C_G	2.14E-01	6.95E-02	9.70E-01	5.51E-03	1.46E-01	2.22E-03	
1_2428168_C_G	9.66E-02	1.14E-05	8.36E-01	-6.26E-02	3.02E-01	1.22E-02	
1_2428174_C_T	1.24E-01	1.24E-06	3.19E-01	-1.85E-01	1.86E-01	5.87E-02	
1_2428177_G_C	1.31E-01	4.03E-01	8.42E-01	-3.30E-02	1.66E-01	1.17E-02	
1_2428180_G_A	2.03E-01	1.16E-02	4.83E-01	-1.19E-01	1.70E-01	4.14E-02	
1_2428183_C_G	4.45E-01	2.66E-05	7.76E-01	3.88E-02	1.36E-01	1.68E-02	
1_2428186_T_C	4.90E-01	7.85E-03	6.79E-01	-5.45E-02	1.32E-01	2.44E-02	
1_2428198_A_G	7.93E-02	1.87E-03	4.18E-01	-1.15E-01	1.42E-01	4.77E-02	
1_2428207_T_C	2.14E-01	1.67E-02	7.97E-01	-3.86E-02	1.50E-01	1.52E-02	
1_2428212_A_C	1.62E-01	5.75E-01	9.20E-01	-1.67E-02	1.66E-01	5.94E-03	
1_2428229_C_A	8.62E-02	2.41E-07	2.48E-01	-3.29E-01	2.84E-01	6.80E-02	
1_2428234_G_A	2.17E-01	2.41E-02	7.76E-01	-4.82E-02	1.69E-01	1.68E-02	
1_2428235_C_A	1.21E-01	2.61E-01	8.44E-01	-3.89E-02	1.97E-01	1.16E-02	
1_2428236_G_A	1.21E-01	2.61E-01	8.44E-01	-3.89E-02	1.97E-01	1.16E-02	
1_2428252_C_G	1.45E-01	7.63E-01	6.05E-01	-8.85E-02	1.71E-01	3.05E-02	
1_2428259_C_G	1.14E-01	2.69E-07	3.38E-01	-4.75E-01	4.96E-01	5.64E-02	
1_2428260_A_C	1.14E-01	2.69E-07	3.38E-01	-4.75E-01	4.96E-01	5.64E-02	
1_2428272_C_T	1.93E-01	1.23E-01	1.58E-01	1.45E-01	1.02E-01	8.31E-02	
1_2428273_G_C	1.72E-01	4.42E-01	9.49E-01	-9.48E-03	1.48E-01	3.78E-03	
1_2428283_G_C	1.21E-01	2.61E-01	8.44E-01	-3.89E-02	1.97E-01	1.16E-02	
1_2428290_A_C	1.14E-01	2.69E-07	3.38E-01	-4.75E-01	4.96E-01	5.64E-02	
1_2428295_G_C	5.86E-02	4.19E-03	7.39E-01	5.32E-02	1.59E-01	1.96E-02	
1_2428322_T_G	3.62E-01	6.98E-04	4.12E-01	-7.30E-02	8.89E-02	4.83E-02	
1_2428333_G_C	5.52E-02	1.53E-03	9.12E-01	-2.69E-02	2.43E-01	6.52E-03	
1_2428345_C_G	6.55E-02	1.10E-03	2.69E-01	-1.70E-01	1.53E-01	6.52E-02	
1_2428348_C_T	1.69E-01	7.23E-01	5.75E-01	8.24E-02	1.47E-01	3.31E-02	
1_2428389_G_A	1.34E-01	5.29E-01	3.55E-01	1.53E-01	1.65E-01	5.45E-02	
1_2428392_A_G	7.24E-02	2.76E-04	9.02E-01	-2.88E-02	2.34E-01	7.23E-03	
1_2443612_G_A	4.90E-01	2.90E-02	8.59E-01	-3.30E-02	1.86E-01	1.05E-02	
1_2443657_C_T	4.86E-01	1.06E-02	3.48E-01	1.85E-01	1.97E-01	5.54E-02	
1_2443675_C_T	7.24E-02	3.73E-01	7.08E-01	-4.26E-02	1.14E-01	2.21E-02	
1_2443756_C_T	6.21E-02	5.58E-06	2.41E-01	-2.99E-01	2.54E-01	6.91E-02	bad-chisq
1_2443759_C_T	1.00E-01	5.48E-06	8.82E-01	-2.85E-02	1.91E-01	8.79E-03	
1_2443768_C_T	7.93E-02	9.60E-06	3.58E-01	-2.60E-01	2.83E-01	5.41E-02	
1_2443780_A_G	1.66E-01	2.91E-01	5.36E-01	1.01E-01	1.63E-01	3.65E-02	
1_2443789_T_C	8.62E-02	1.56E-05	4.07E-01	-1.45E-01	1.74E-01	4.88E-02	
1_2443816_T_C	4.10E-01	5.70E-04	2.24E-01	1.52E-01	1.25E-01	7.16E-02	
1_2443825_C_G	1.14E-01	2.69E-07	3.38E-01	-4.75E-01	4.96E-01	5.64E-02	
1_2443828_G_A	6.21E-02	3.73E-04	6.15E-01	-1.31E-01	2.60E-01	2.97E-02	
1_2443849_C_T	2.34E-01	2.77E-03	5.78E-01	-1.06E-01	1.90E-01	3.28E-02	
1_2443855_G_C	2.14E-01	7.30E-03	6.05E-01	9.88E-02	1.91E-01	3.05E-02	
1_2443873_C_T	1.24E-01	3.72E-01	5.47E-01	5.33E-02	8.84E-02	3.55E-02	
1_2443900_G_A	1.14E-01	2.69E-07	3.38E-01	-4.75E-01	4.96E-01	5.64E-02	
1_2443906_C_T	2.10E-01	1.13E-02	7.02E-01	-5.94E-02	1.55E-01	2.26E-02	
1_2443924_C_T	6.90E-02	1.14E-05	4.91E-01	-2.15E-01	3.12E-01	4.06E-02	
1_2443927_C_T	8.97E-02	7.47E-06	8.98E-01	-3.27E-02	2.54E-01	7.57E-03	
1_2443939_C_T	7.93E-02	6.69E-05	9.78E-01	8.12E-03	2.91E-01	1.64E-03	
1_2443951_C_G	1.14E-01	2.69E-07	3.38E-01	-4.75E-01	4.96E-01	5.64E-02	
1_2443958_A_G	5.17E-02	5.84E-02	3.74E-01	-1.79E-01	2.00E-01	5.24E-02	
1_2444044_C_T	3.07E-01	1.48E-03	4.66E-02	3.12E-01	1.56E-01	1.17E-01	
1_2444056_C_T	5.17E-02	4.68E-04	6.05E-01	-1.33E-01	2.57E-01	3.05E-02	
1_2444068_T_C	8.28E-02	3.25E-05	8.71E-01	4.09E-02	2.51E-01	9.60E-03	
1_2444098_C_T	1.38E-01	3.87E-07	8.44E-02	-3.58E-01	2.07E-01	1.02E-01	
1_2444107_C_T	3.34E-01	4.50E-10	1.14E-01	2.51E-01	1.58E-01	9.30E-02	
1_2444109_C_T	1.14E-01	2.69E-07	3.38E-01	-4.75E-01	4.96E-01	5.64E-02	
1_2444119_A_G	7.24E-02	5.32E-06	6.13E-01	-1.30E-01	2.56E-01	2.99E-02	
1_2444143_C_T	2.31E-01	4.26E-09	2.63E-02	3.37E-01	1.51E-01	1.30E-01	
1_2444161_A_G	1.21E-01	2.61E-01	8.44E-01	-3.89E-02	1.97E-01	1.16E-02	
1_2444167_T_C	1.07E-01	1.23E-06	7.10E-01	-1.21E-01	3.26E-01	2.19E-02	
1_2444176_C_T	5.86E-02	1.77E-01	1.80E-01	2.39E-01	1.78E-01	7.90E-02	
1_2444242_C_T	6.90E-02	2.83E-03	4.85E-01	1.57E-01	2.24E-01	4.12E-02	
1_2444246_G_A	1.86E-01	8.12E-02	6.13E-01	-7.83E-02	1.54E-01	2.99E-02	
1_2444248_C_T	1.21E-01	2.61E-01	8.44E-01	-3.89E-02	1.97E-01	1.16E-02	
1_2444260_T_C	5.86E-02	4.19E-03	4.97E-01	1.72E-01	2.53E-01	4.00E-02	
1_2444284_C_G	1.14E-01	2.69E-07	3.38E-01	-4.75E-01	4.96E-01	5.64E-02	
1_2444287_C_T	1.38E-01	3.87E-07	2.17E-01	-2.55E-01	2.06E-01	7.27E-02	
1_2444305_C_T	4.03E-01	1.17E-03	3.82E-01	7.67E-02	8.77E-02	5.15E-02	
1_2444461_C_T	3.62E-01	3.98E-08	9.11E-02	2.51E-01	1.48E-01	9.94E-02	
1_2444608_G_A	6.55E-02	5.36E-03	4.16E-01	1.92E-01	2.36E-01	4.79E-02	
1_2444621_A_G	3.62E-01	2.16E-09	2.84E-01	2.23E-01	2.08E-01	6.31E-02	
1_2444629_T_C	3.66E-01	5.44E-09	3.48E-01	1.80E-01	1.91E-01	5.53E-02	
1_2444638_C_T	1.00E-01	5.48E-06	7.19E-01	-1.31E-01	3.63E-01	2.12E-02	
1_2444642_C_G	1.14E-01	2.69E-07	3.38E-01	-4.75E-01	4.96E-01	5.64E-02	
1_2444644_G_T	1.03E-01	4.30E-08	1.30E-01	-5.40E-01	3.56E-01	8.90E-02	
1_2444647_A_G	1.17E-01	8.71E-07	8.59E-01	6.03E-02	3.40E-01	1.04E-02	
1_2444648_G_C	1.14E-01	2.69E-07	3.38E-01	-4.75E-01	4.96E-01	5.64E-02	
1_2444650_A_G	1.14E-01	2.69E-07	3.38E-01	-4.75E-01	4.96E-01	5.64E-02	
1_2444653_G_A	4.76E-01	1.28E-02	4.98E-01	1.43E-01	2.10E-01	3.99E-02	
1_2444671_G_A	9.31E-02	2.35E-05	9.53E-01	-1.70E-02	2.86E-01	3.51E-03	
1_2444679_C_T	3.97E-01	6.17E-07	2.55E-01	2.00E-01	1.76E-01	6.71E-02	
1_2444701_G_A	4.76E-01	1.28E-02	4.98E-01	1.43E-01	2.10E-01	3.99E-02	
1_2444722_C_T	3.24E-01	1.59E-02	5.64E-01	8.02E-02	1.39E-01	3.40E-02	
1_2444728_C_T	1.03E-01	3.61E-07	2.80E-04	-3.88E-01	1.06E-01	2.12E-01	
1_2444731_C_T	4.52E-01	2.98E-03	7.34E-01	6.24E-02	1.83E-01	2.01E-02	
1_2444738_T_G	4.41E-01	7.13E-04	6.10E-01	8.81E-02	1.73E-01	3.00E-02	
1_2444767_G_C	6.90E-02	1.14E-05	4.91E-01	-2.15E-01	3.12E-01	4.06E-02	
1_2444806_C_G	6.90E-02	1.14E-05	4.91E-01	-2.15E-01	3.12E-01	4.06E-02	
1_2444809_G_C	3.62E-01	4.16E-02	3.41E-01	1.51E-01	1.58E-01	5.61E-02	
1_2444818_G_A	9.66E-02	1.14E-05	8.36E-01	-6.26E-02	3.02E-01	1.22E-02	
1_2444824_T_C	1.31E-01	1.04E-01	9.23E-01	1.31E-02	1.35E-01	5.73E-03	
1_2444842_C_T	8.97E-02	9.84E-07	3.09E-01	-3.15E-01	3.09E-01	6.00E-02	
1_2444854_C_T	8.97E-02	7.47E-06	6.30E-01	-1.32E-01	2.73E-01	2.84E-02	
1_2444896_T_C	5.17E-02	3.04E-03	8.55E-01	-5.01E-02	2.74E-01	1.08E-02	
1_2444908_C_T	1.14E-01	2.69E-07	3.38E-01	-4.75E-01	4.96E-01	5.64E-02	
1_2444911_T_C	4.55E-01	2.16E-06	8.87E-01	-1.33E-02	9.37E-02	8.35E-03	
1_2444920_G_A	4.59E-01	1.52E-03	4.17E-01	1.47E-01	1.82E-01	4.78E-02	
1_2444932_T_C	2.55E-01	2.75E-07	2.78E-01	1.51E-01	1.39E-01	6.39E-02	
1_2445070_T_C	2.48E-01	1.02E-03	2.47E-01	-1.71E-01	1.47E-01	6.83E-02	
1_2445082_T_C	1.14E-01	2.69E-07	3.38E-01	-4.75E-01	4.96E-01	5.64E-02	
1_2445157_G_T	1.14E-01	2.69E-07	3.38E-01	-4.75E-01	4.96E-01	5.64E-02	
1_2445158_A_G	1.14E-01	2.69E-07	3.38E-01	-4.75E-01	4.96E-01	5.64E-02	
1_2445214_C_T	4.52E-01	5.68E-04	3.43E-01	1.71E-01	1.80E-01	5.58E-02	
1_2445241_C_T	1.66E-01	4.61E-01	8.43E-01	-3.35E-02	1.69E-01	1.17E-02	
1_2445248_G_T	6.21E-02	3.73E-04	7.90E-01	-7.30E-02	2.74E-01	1.57E-02	
1_2445253_C_T	5.52E-02	3.31E-02	6.53E-01	7.47E-02	1.66E-01	2.65E-02	
1_2445274_C_T	6.55E-02	2.42E-05	5.94E-01	-1.55E-01	2.91E-01	3.14E-02	
1_2445331_T_A	5.17E-02	4.68E-04	6.05E-01	-1.33E-01	2.57E-01	3.05E-02	
1_2445346_C_T	1.14E-01	2.69E-07	3.38E-01	-4.75E-01	4.96E-01	5.64E-02	
1_2445394_G_C	1.10E-01	5.79E-07	7.17E-01	-1.30E-01	3.60E-01	2.13E-02	
1_2445448_C_T	1.00E-01	5.48E-06	8.32E-01	5.50E-02	2.58E-01	1.25E-02	
1_2445463_G_A	6.90E-02	2.83E-03	2.29E-01	-2.21E-01	1.84E-01	7.09E-02	
1_2445466_G_C	5.52E-02	1.53E-03	8.17E-01	-6.52E-02	2.82E-01	1.36E-02	
1_2445502_C_T	8.97E-02	7.47E-06	5.16E-01	-1.70E-01	2.62E-01	3.83E-02	
1_2445506_C_T	2.10E-01	8.80E-11	8.53E-03	4.39E-01	1.66E-01	1.54E-01	
1_2445562_C_T	5.86E-02	3.99E-01	7.09E-01	-4.90E-02	1.31E-01	2.20E-02	
1_2445585_A_G	1.14E-01	2.69E-07	3.38E-01	-4.75E-01	4.96E-01	5.64E-02	
1_2445589_T_C	2.55E-01	4.31E-06	3.73E-01	1.26E-01	1.41E-01	5.25E-02	
1_2445634_C_T	8.28E-02	1.49E-02	2.76E-01	2.05E-01	1.88E-01	6.42E-02	
1_2449915_C_T	2.14E-01	3.53E-02	8.41E-01	-3.33E-02	1.66E-01	1.18E-02	
1_2449938_T_A	1.07E-01	1.97E-01	6.19E-01	8.82E-02	1.77E-01	2.93E-02	
1_2449990_C_T	5.86E-02	7.57E-04	6.57E-01	-1.14E-01	2.57E-01	2.62E-02	
1_2450008_C_T	1.00E-01	5.48E-06	7.19E-01	-1.31E-01	3.63E-01	2.12E-02	
1_2450023_C_T	1.14E-01	2.69E-07	3.38E-01	-4.75E-01	4.96E-01	5.64E-02	
1_2450032_C_T	1.10E-01	5.79E-07	7.17E-01	-1.30E-01	3.58E-01	2.14E-02	
1_2450056_C_T	2.34E-01	2.77E-03	5.78E-01	-1.06E-01	1.90E-01	3.28E-02	
1_2450071_A_G	2.28E-01	6.91E-03	3.12E-01	-1.44E-01	1.42E-01	5.96E-02	
1_2450128_C_T	1.00E-01	5.48E-06	7.19E-01	-1.31E-01	3.63E-01	2.12E-02	
1_2450131_G_A	1.14E-01	2.69E-07	3.38E-01	-4.75E-01	4.96E-01	5.64E-02	
1_2452114_T_A	7.24E-02	5.32E-06	3.74E-01	-2.53E-01	2.84E-01	5.24E-02	
1_2452117_A_G	7.24E-02	5.32E-06	3.74E-01	-2.53E-01	2.84E-01	5.24E-02	
1_2452123_G_C	9.66E-02	1.14E-05	8.42E-01	-6.40E-02	3.21E-01	1.17E-02	
1_2452138_T_C	1.00E-01	5.48E-06	7.19E-01	-1.31E-01	3.63E-01	2.12E-02	
1_2452147_C_T	5.86E-02	1.08E-04	8.99E-01	-3.24E-02	2.54E-01	7.52E-03	
1_2452150_C_T	1.62E-01	5.75E-01	9.20E-01	-1.67E-02	1.66E-01	5.94E-03	
1_2452171_C_G	1.14E-01	2.69E-07	3.38E-01	-4.75E-01	4.96E-01	5.64E-02	
1_2452206_C_T	1.72E-01	8.72E-02	8.01E-01	4.19E-02	1.66E-01	1.49E-02	
1_2452261_C_T	1.21E-01	2.61E-01	8.44E-01	-3.89E-02	1.97E-01	1.16E-02	
1_2452267_T_C	5.52E-02	1.53E-03	8.17E-01	-6.52E-02	2.82E-01	1.36E-02	
1_2452294_C_T	9.66E-02	1.67E-06	6.05E-01	-1.52E-01	2.94E-01	3.05E-02	
1_2452297_C_T	6.90E-02	1.14E-05	4.91E-01	-2.15E-01	3.12E-01	4.06E-02	
1_2452627_T_C	1.72E-01	4.42E-01	1.35E-01	-2.16E-01	1.44E-01	8.80E-02	
1_2452630_T_C	9.31E-02	2.35E-05	1.15E-01	-2.89E-01	1.83E-01	9.27E-02	
1_2452633_C_T	5.86E-02	1.08E-04	7.08E-01	-9.61E-02	2.56E-01	2.21E-02	
1_2452634_G_A	2.59E-01	1.57E-03	1.29E-01	-2.47E-01	1.62E-01	8.93E-02	
1_2452636_C_T	2.59E-01	1.57E-03	1.29E-01	-2.47E-01	1.62E-01	8.93E-02	
1_2452648_C_T	2.03E-01	1.01E-01	9.03E-01	-2.00E-02	1.63E-01	7.22E-03	
1_2454142_C_T	1.00E-01	5.48E-06	7.19E-01	-1.31E-01	3.63E-01	2.12E-02	
1_2454205_G_A	4.66E-01	1.54E-02	4.10E-01	1.26E-01	1.52E-01	4.86E-02	
1_2454241_G_A	1.00E-01	5.48E-06	7.19E-01	-1.31E-01	3.63E-01	2.12E-02	
1_2454244_T_G	1.00E-01	5.48E-06	7.19E-01	-1.31E-01	3.63E-01	2.12E-02	
1_2454265_T_C	1.14E-01	2.69E-07	3.38E-01	-4.75E-01	4.96E-01	5.64E-02	
1_2454274_C_T	9.66E-02	1.14E-05	8.36E-01	-6.26E-02	3.02E-01	1.22E-02	
1_2474158_C_T	1.07E-01	1.09E-02	1.40E-01	2.33E-01	1.58E-01	8.68E-02	
1_2474254_T_C	6.21E-02	3.71E-02	9.26E-01	-1.51E-02	1.62E-01	5.50E-03	
1_2474257_T_C	5.34E-01	1.05E-01	2.55E-01	-1.36E-01	1.20E-01	6.71E-02	
1_2474338_C_G	5.52E-02	8.04E-03	7.98E-01	6.25E-02	2.45E-01	1.51E-02	
1_2474341_G_C	5.52E-02	8.04E-03	7.98E-01	6.25E-02	2.45E-01	1.51E-02	
1_2474344_C_T	1.03E-01	8.84E-05	3.64E-01	-1.61E-01	1.77E-01	5.35E-02	
1_2474402_C_T	2.14E-01	7.30E-03	6.05E-01	9.88E-02	1.91E-01	3.05E-02	
1_2474428_T_C	7.24E-02	1.48E-03	6.09E-01	1.34E-01	2.61E-01	3.02E-02	
1_2474509_C_T	7.59E-02	7.61E-04	7.70E-01	8.28E-02	2.83E-01	1.72E-02	
1_2479645_C_T	4.52E-01	6.30E-03	1.08E-01	2.69E-01	1.67E-01	9.46E-02	
1_2479675_T_C	8.28E-02	1.49E-02	8.75E-01	2.19E-02	1.39E-01	9.27E-03	
1_2479684_C_T	1.66E-01	1.03E-06	5.48E-01	-7.89E-02	1.31E-01	3.54E-02	
1_2479726_T_G	8.97E-02	4.81E-05	9.76E-01	9.08E-03	3.03E-01	1.76E-03	
1_2479729_G_C	8.97E-02	4.81E-05	9.76E-01	9.08E-03	3.03E-01	1.76E-03	
1_2479732_T_C	5.17E-02	1.52E-02	3.17E-01	-1.71E-01	1.71E-01	5.90E-02	
1_2479735_G_A	2.62E-01	6.35E-01	7.41E-01	2.81E-02	8.49E-02	1.95E-02	
1_2479804_G_A	1.07E-01	1.23E-06	7.10E-01	-1.21E-01	3.26E-01	2.19E-02	
1_2479878_G_A	2.10E-01	8.80E-11	8.53E-03	4.39E-01	1.66E-01	1.54E-01	
1_2479879_C_T	2.72E-01	6.10E-05	8.52E-02	2.55E-01	1.48E-01	1.01E-01	
1_2479903_A_G	2.41E-01	4.44E-09	1.50E-01	2.09E-01	1.45E-01	8.47E-02	
1_2480299_C_T	6.90E-02	1.14E-05	4.91E-01	-2.15E-01	3.12E-01	4.06E-02	
1_2480302_G_C	1.00E-01	5.48E-06	7.19E-01	-1.31E-01	3.63E-01	2.12E-02	
1_2480368_T_G	8.28E-02	3.25E-05	8.18E-01	-6.40E-02	2.78E-01	1.36E-02	
1_2531587_G_C	1.14E-01	2.69E-07	3.38E-01	-4.75E-01	4.96E-01	5.64E-02	
1_2531590_A_G	1.14E-01	2.69E-07	3.38E-01	-4.75E-01	4.96E-01	5.64E-02	
1_2531593_G_A	1.14E-01	2.69E-07	3.38E-01	-4.75E-01	4.96E-01	5.64E-02	
1_2531604_T_A	2.52E-01	4.50E-09	1.91E-01	2.22E-01	1.69E-01	7.70E-02	
1_2531620_C_T	2.03E-01	1.16E-02	8.35E-01	3.52E-02	1.69E-01	1.23E-02	
1_2531659_G_C	2.14E-01	4.95E-11	3.76E-03	4.99E-01	1.71E-01	1.70E-01	
1_2531665_C_G	1.14E-01	2.69E-07	3.38E-01	-4.75E-01	4.96E-01	5.64E-02	
1_2531668_G_A	1.14E-01	2.69E-07	3.38E-01	-4.75E-01	4.96E-01	5.64E-02	
1_2531674_G_A	1.14E-01	2.69E-07	3.38E-01	-4.75E-01	4.96E-01	5.64E-02	
1_2531676_A_C	1.34E-01	1.30E-07	8.74E-02	-3.85E-01	2.24E-01	1.01E-01	
1_2531677_C_G	1.14E-01	2.69E-07	3.38E-01	-4.75E-01	4.96E-01	5.64E-02	
1_2531698_C_G	9.66E-02	1.67E-06	6.05E-01	-1.52E-01	2.94E-01	3.05E-02	
1_2531713_T_C	1.34E-01	7.78E-01	7.24E-01	-6.47E-02	1.83E-01	2.08E-02	
1_2531719_C_T	1.07E-01	1.23E-06	6.57E-01	-1.37E-01	3.08E-01	2.62E-02	
1_2531738_A_G	5.52E-02	2.25E-04	6.05E-01	-1.24E-01	2.40E-01	3.05E-02	
1_2531752_C_G	7.93E-02	6.69E-05	7.46E-01	-7.66E-02	2.36E-01	1.91E-02	
1_2531785_C_T	1.34E-01	3.29E-01	9.52E-01	-9.94E-03	1.64E-01	3.58E-03	
1_2531796_C_G	2.41E-01	4.44E-09	2.42E-01	2.22E-01	1.90E-01	6.89E-02	
1_2531797_C_G	6.90E-02	5.54E-04	2.75E-01	-1.97E-01	1.81E-01	6.43E-02	
1_2531809_C_T	1.00E-01	5.48E-06	7.19E-01	-1.31E-01	3.63E-01	2.12E-02	
1_2531821_C_T	2.45E-01	1.33E-08	3.51E-01	1.66E-01	1.78E-01	5.49E-02	
1_2531845_C_T	8.62E-02	9.74E-05	7.82E-01	7.49E-02	2.71E-01	1.63E-02	
1_2531923_C_T	4.66E-01	1.53E-05	1.64E-01	1.41E-01	1.01E-01	8.20E-02	
1_2531926_G_C	3.62E-01	2.16E-09	2.84E-01	2.23E-01	2.08E-01	6.31E-02	
1_2531989_G_C	1.24E-01	1.24E-06	2.43E-01	-2.19E-01	1.87E-01	6.88E-02	
1_2532013_G_C	6.55E-02	5.36E-03	2.87E-01	-2.11E-01	1.98E-01	6.28E-02	
1_2532034_T_C	1.10E-01	5.79E-07	6.97E-01	-8.01E-02	2.06E-01	2.30E-02	
1_2532037_C_G	6.90E-02	1.14E-05	4.91E-01	-2.15E-01	3.12E-01	4.06E-02	
1_2532055_A_G	5.52E-02	3.31E-02	1.00E+00	-2.85E-05	1.60E-01	1.05E-05	
1_2532097_T_C	1.14E-01	2.69E-07	3.38E-01	-4.75E-01	4.96E-01	5.64E-02	
1_2532100_C_T	5.17E-02	4.68E-04	7.89E-01	-7.50E-02	2.80E-01	1.58E-02	
1_2553235_A_G	3.10E-01	4.07E-04	8.67E-01	-2.32E-02	1.39E-01	9.85E-03	
1_2553241_T_C	1.90E-01	6.96E-01	3.88E-01	-1.11E-01	1.28E-01	5.09E-02	
1_2553254_T_C	6.24E-01	3.25E-01	1.79E-01	-1.07E-01	7.96E-02	7.92E-02	
1_2553268_G_C	6.21E-02	3.87E-01	8.13E-01	3.51E-02	1.48E-01	1.39E-02	
1_2553286_C_T	1.17E-01	8.99E-01	4.66E-01	-7.91E-02	1.08E-01	4.29E-02	
1_2553291_G_A	6.90E-02	1.14E-05	4.91E-01	-2.15E-01	3.12E-01	4.06E-02	
1_2553313_C_T	1.31E-01	2.35E-01	8.11E-01	-3.53E-02	1.47E-01	1.41E-02	
1_2553319_T_C	4.45E-01	2.66E-05	4.23E-01	1.10E-01	1.37E-01	4.72E-02	
1_2553320_C_G	1.34E-01	1.30E-07	8.74E-02	-3.85E-01	2.24E-01	1.01E-01	
1_2553321_A_C	1.10E-01	5.79E-07	7.15E-01	-1.31E-01	3.60E-01	2.15E-02	
1_2553343_C_G	6.21E-02	5.12E-05	8.50E-01	-4.85E-02	2.56E-01	1.11E-02	
1_2553346_T_C	1.62E-01	4.91E-03	1.80E-01	-1.12E-01	8.36E-02	7.89E-02	
1_2553367_C_T	1.03E-01	1.26E-01	3.44E-01	1.62E-01	1.71E-01	5.57E-02	
1_2553382_T_C	2.00E-01	3.80E-02	2.29E-01	-1.43E-01	1.18E-01	7.08E-02	
1_2553388_T_C	2.38E-01	4.32E-02	4.78E-02	-2.30E-01	1.16E-01	1.16E-01	
1_2553389_C_A	2.62E-01	2.44E-03	1.95E-01	-2.03E-01	1.56E-01	7.63E-02	
1_2553397_T_C	5.52E-01	1.84E-05	3.54E-01	7.23E-02	7.79E-02	5.46E-02	
1_2553417_A_T	1.14E-01	2.69E-07	3.38E-01	-4.75E-01	4.96E-01	5.64E-02	
1_2553427_C_T	6.21E-02	1.00E-02	7.10E-01	-6.94E-02	1.86E-01	2.20E-02	
1_2553431_A_G	2.52E-01	4.53E-07	5.74E-02	2.68E-01	1.41E-01	1.12E-01	
1_2553435_C_T	6.55E-02	5.70E-04	4.70E-01	8.53E-02	1.18E-01	4.25E-02	bad-chisq
1_2553445_T_C	4.93E-01	1.22E-03	8.64E-01	-1.73E-02	1.01E-01	1.01E-02	
1_2553451_C_T	6.55E-02	2.58E-06	2.30E-01	-2.53E-01	2.10E-01	7.07E-02	bad-chisq
1_2553457_C_G	4.07E-01	5.29E-06	3.76E-01	1.58E-01	1.78E-01	5.22E-02	
1_2553459_C_A	1.14E-01	2.69E-07	3.38E-01	-4.75E-01	4.96E-01	5.64E-02	
1_2553463_G_A	3.48E-01	3.87E-05	9.29E-01	-7.21E-03	8.04E-02	5.28E-03	
1_2553466_C_T	1.41E-01	1.26E-02	2.73E-01	-9.38E-02	8.55E-02	6.45E-02	
1_2553509_A_G	1.45E-01	4.78E-01	2.22E-01	-2.02E-01	1.65E-01	7.19E-02	
1_2553523_A_G	6.90E-02	8.81E-05	6.02E-01	-1.55E-01	2.97E-01	3.08E-02	
1_2553552_T_C	4.69E-01	5.76E-03	9.47E-01	-1.05E-02	1.59E-01	3.89E-03	
1_2553553_C_A	1.14E-01	2.69E-07	3.38E-01	-4.75E-01	4.96E-01	5.64E-02	
1_2553554_G_A	1.14E-01	2.69E-07	3.38E-01	-4.75E-01	4.96E-01	5.64E-02	
1_2553559_G_A	4.10E-01	3.06E-05	1.94E-01	1.96E-01	1.51E-01	7.65E-02	
1_2592601_G_A	4.31E-01	2.04E-03	1.90E-02	3.59E-01	1.52E-01	1.38E-01	
1_2592616_C_T	8.62E-02	2.12E-06	6.92E-01	-1.01E-01	2.55E-01	2.34E-02	
1_2592631_C_T	3.59E-01	1.66E-08	3.50E-01	1.33E-01	1.42E-01	5.51E-02	
1_2592640_T_C	2.41E-01	2.70E-03	3.37E-01	-1.46E-01	1.52E-01	5.66E-02	
1_2592643_T_C	5.17E-02	4.68E-04	7.89E-01	-7.50E-02	2.80E-01	1.58E-02	
1_2592646_C_G	1.14E-01	2.69E-07	3.38E-01	-4.75E-01	4.96E-01	5.64E-02	
1_2592652_G_A	5.86E-02	7.57E-04	8.85E-01	3.65E-02	2.52E-01	8.54E-03	
1_2592655_G_T	5.86E-02	7.57E-04	8.85E-01	3.65E-02	2.52E-01	8.54E-03	
1_2592689_G_A	9.31E-02	3.54E-06	8.26E-01	-5.69E-02	2.59E-01	1.29E-02	
1_2592712_C_T	1.10E-01	5.79E-07	6.18E-01	-1.81E-01	3.62E-01	2.94E-02	
1_2592718_G_A	1.14E-01	2.69E-07	3.38E-01	-4.75E-01	4.96E-01	5.64E-02	
1_2592721_C_T	1.14E-01	2.69E-07	3.38E-01	-4.75E-01	4.96E-01	5.64E-02	
1_2592733_C_T	5.52E-02	1.53E-03	8.17E-01	-6.52E-02	2.82E-01	1.36E-02	
1_2592743_G_A	6.90E-02	1.14E-05	4.91E-01	-2.15E-01	3.12E-01	4.06E-02	
1_2592748_C_T	2.69E-01	6.38E-07	2.08E-01	1.69E-01	1.34E-01	7.42E-02	
1_2592769_C_T	2.21E-01	1.22E-01	3.42E-01	-1.21E-01	1.27E-01	5.60E-02	
1_2592784_G_C	7.59E-02	2.02E-05	4.59E-01	-2.04E-01	2.75E-01	4.36E-02	
1_2592807_G_C	1.14E-01	2.69E-07	3.38E-01	-4.75E-01	4.96E-01	5.64E-02	
1_2592823_C_G	1.14E-01	2.69E-07	3.38E-01	-4.75E-01	4.96E-01	5.64E-02	
1_2592868_C_T	1.69E-01	5.52E-01	9.54E-01	-8.99E-03	1.54E-01	3.44E-03	
1_2592894_A_T	6.90E-02	2.83E-03	1.71E-01	-2.20E-01	1.60E-01	8.05E-02	
1_2592895_T_C	1.24E-01	1.24E-06	7.03E-02	-2.82E-01	1.55E-01	1.06E-01	
1_2592973_T_C	3.48E-01	2.04E-08	3.02E-01	1.60E-01	1.54E-01	6.08E-02	
1_2593072_C_G	5.03E-01	3.42E-02	7.14E-01	-6.61E-02	1.80E-01	2.16E-02	
1_2593075_T_C	9.07E-01	5.04E-01	1.31E-01	-1.55E-01	1.02E-01	8.90E-02	
1_2593087_A_G	4.66E-01	1.02E-02	2.94E-01	-1.12E-01	1.06E-01	6.18E-02	
1_2593101_C_T	1.21E-01	1.90E-06	2.69E-01	1.17E-01	1.05E-01	6.51E-02	
1_2593143_G_C	8.28E-02	5.27E-07	3.32E-01	-3.00E-01	3.09E-01	5.72E-02	
1_2593155_C_A	6.90E-02	1.14E-05	4.91E-01	-2.15E-01	3.12E-01	4.06E-02	
1_2593184_A_G	6.90E-02	1.14E-05	4.91E-01	-2.15E-01	3.12E-01	4.06E-02	
1_2593185_A_T	6.90E-02	1.14E-05	4.91E-01	-2.15E-01	3.12E-01	4.06E-02	
1_2593192_C_T	2.55E-01	4.31E-06	3.99E-02	2.75E-01	1.33E-01	1.21E-01	
1_2593237_C_T	4.41E-01	1.66E-03	2.28E-01	1.84E-01	1.52E-01	7.10E-02	
1_2593261_C_T	2.41E-01	4.44E-09	2.42E-01	2.22E-01	1.90E-01	6.89E-02	
1_2593263_C_G	1.03E-01	4.30E-08	1.30E-01	-5.40E-01	3.56E-01	8.90E-02	
1_2593279_G_C	5.17E-02	1.52E-02	6.76E-01	9.31E-02	2.23E-01	2.46E-02	
1_2593301_A_G	3.97E-01	5.91E-05	2.70E-01	1.35E-01	1.23E-01	6.50E-02	
1_2593312_C_G	1.24E-01	7.16E-06	9.96E-02	-2.41E-01	1.46E-01	9.69E-02	
1_2593339_A_G	8.97E-02	4.81E-05	9.65E-01	1.18E-02	2.67E-01	2.59E-03	
1_2593357_C_T	9.66E-02	1.14E-05	9.83E-01	-6.73E-03	3.07E-01	1.29E-03	
1_2593361_C_G	7.59E-02	7.61E-04	7.70E-01	8.28E-02	2.83E-01	1.72E-02	
1_2593362_A_C	7.59E-02	7.61E-04	7.70E-01	8.28E-02	2.83E-01	1.72E-02	
1_2593363_A_T	7.59E-02	7.61E-04	7.70E-01	8.28E-02	2.83E-01	1.72E-02	
1_2593376_G_T	2.59E-01	1.57E-03	1.29E-01	-2.47E-01	1.62E-01	8.93E-02	
1_2593402_A_G	1.07E-01	9.41E-02	2.06E-01	2.27E-01	1.79E-01	7.45E-02	
1_2593427_G_T	1.45E-01	9.72E-01	8.46E-01	-3.24E-02	1.67E-01	1.14E-02	
1_2593429_G_C	8.28E-02	9.85E-04	7.48E-01	5.84E-02	1.82E-01	1.89E-02	
1_2593433_G_A	1.21E-01	2.61E-01	8.44E-01	-3.89E-02	1.97E-01	1.16E-02	
1_2593451_A_G	2.28E-01	6.91E-03	7.10E-01	-6.44E-02	1.73E-01	2.19E-02	
1_2593456_C_T	1.00E-01	5.48E-06	7.19E-01	-1.31E-01	3.63E-01	2.12E-02	
1_2593457_A_G	9.66E-02	1.14E-05	8.36E-01	-6.26E-02	3.02E-01	1.22E-02	
1_2593465_C_T	8.28E-02	3.25E-05	8.18E-01	-6.40E-02	2.78E-01	1.36E-02	
1_2593468_C_T	1.69E-01	7.23E-01	1.91E-01	-1.85E-01	1.41E-01	7.71E-02	
1_2593489_T_C	9.66E-02	6.69E-05	6.84E-01	-6.38E-02	1.57E-01	2.40E-02	
1_2593493_G_A	8.97E-02	4.81E-05	9.76E-01	9.08E-03	3.03E-01	1.76E-03	
1_2593495_G_C	8.97E-02	4.81E-05	9.76E-01	9.08E-03	3.03E-01	1.76E-03	
1_2593498_G_C	2.10E-01	2.49E-02	7.66E-02	-2.40E-01	1.35E-01	1.04E-01	
1_2593507_G_A	5.52E-02	1.53E-03	8.17E-01	-6.52E-02	2.82E-01	1.36E-02	
1_2593510_C_G	3.79E-01	1.67E-07	3.27E-01	1.33E-01	1.36E-01	5.77E-02	
1_2593522_G_C	8.28E-02	5.63E-01	5.27E-01	9.37E-02	1.48E-01	3.73E-02	
1_2593528_G_A	4.66E-01	7.81E-03	1.50E-01	2.44E-01	1.69E-01	8.47E-02	
1_2593537_G_C	1.90E-01	4.88E-01	2.88E-01	-1.59E-01	1.49E-01	6.25E-02	
1_2593543_A_G	6.55E-02	1.10E-03	3.62E-01	-1.53E-01	1.67E-01	5.37E-02	
1_2593549_G_A	1.66E-01	6.76E-01	8.67E-02	1.40E-01	8.12E-02	1.01E-01	
1_2593558_G_C	6.90E-02	1.14E-05	4.91E-01	-2.15E-01	3.12E-01	4.06E-02	
1_2593579_C_G	1.10E-01	2.22E-05	2.83E-01	-2.08E-01	1.93E-01	6.32E-02	
1_2593600_G_A	5.86E-02	3.99E-01	5.85E-01	6.89E-02	1.26E-01	3.22E-02	
1_2593606_G_A	2.28E-01	6.91E-03	7.10E-01	-6.44E-02	1.73E-01	2.19E-02	
1_2593615_G_C	8.97E-02	4.81E-05	9.76E-01	9.08E-03	3.03E-01	1.76E-03	
1_2593618_A_G	7.24E-02	2.76E-04	9.46E-01	1.73E-02	2.55E-01	4.00E-03	
1_2593621_G_A	8.97E-02	4.81E-05	9.76E-01	9.08E-03	3.03E-01	1.76E-03	
1_2593627_C_T	1.31E-01	8.94E-01	8.12E-01	3.73E-02	1.57E-01	1.40E-02	
1_2593630_C_G	1.00E-01	5.48E-06	7.19E-01	-1.31E-01	3.63E-01	2.12E-02	
1_2593639_G_A	3.55E-01	6.68E-02	4.36E-01	1.44E-01	1.85E-01	4.60E-02	
1_2593642_A_G	2.90E-01	2.27E-05	3.25E-01	1.60E-01	1.62E-01	5.80E-02	
1_2593651_A_G	1.00E-01	5.48E-06	8.96E-01	3.60E-02	2.76E-01	7.69E-03	
1_2593723_G_T	4.62E-01	2.41E-03	4.21E-01	1.56E-01	1.94E-01	4.75E-02	
1_2593741_C_T	5.52E-02	8.04E-03	8.67E-01	3.94E-02	2.34E-01	9.90E-03	
1_2593753_C_T	2.55E-01	6.24E-08	7.48E-01	5.25E-02	1.63E-01	1.90E-02	
1_2593756_T_G	1.10E-01	5.79E-07	6.23E-01	-1.77E-01	3.60E-01	2.90E-02	
1_2593762_A_C	1.14E-01	4.06E-01	4.92E-01	1.28E-01	1.85E-01	4.05E-02	
1_2593772_G_A	2.10E-01	8.80E-11	8.53E-03	4.39E-01	1.66E-01	1.54E-01	
1_2601871_G_A	6.55E-02	2.12E-02	1.62E-01	-2.08E-01	1.48E-01	8.23E-02	
1_2601877_C_G	1.10E-01	5.79E-07	7.17E-01	-1.30E-01	3.60E-01	2.13E-02	
1_2601887_C_T	6.21E-02	2.16E-03	5.99E-01	1.31E-01	2.49E-01	3.10E-02	
1_2601890_T_C	5.10E-01	5.15E-03	1.17E-01	2.09E-01	1.33E-01	9.22E-02	
1_2601894_C_G	6.90E-02	2.83E-03	5.79E-01	1.43E-01	2.58E-01	3.27E-02	
1_2601895_C_G	1.17E-01	5.42E-01	5.53E-01	1.04E-01	1.74E-01	3.49E-02	
1_2601922_G_A	2.03E-01	2.58E-02	5.61E-01	9.82E-02	1.69E-01	3.43E-02	
1_2601931_C_T	6.21E-02	5.12E-05	6.60E-02	-2.95E-01	1.60E-01	1.08E-01	
1_2601985_G_C	4.59E-01	2.65E-04	2.30E-01	2.01E-01	1.67E-01	7.07E-02	
1_2601988_C_T	9.66E-02	1.02E-01	3.51E-01	1.48E-01	1.58E-01	5.50E-02	
1_2601991_C_G	2.90E-01	7.03E-05	4.25E-01	1.20E-01	1.50E-01	4.70E-02	
1_2601992_C_G	1.21E-01	1.18E-02	5.21E-01	9.23E-02	1.44E-01	3.78E-02	
1_2602024_C_G	1.14E-01	2.69E-07	3.38E-01	-4.75E-01	4.96E-01	5.64E-02	
1_2602033_C_G	3.10E-01	2.51E-03	5.90E-02	2.86E-01	1.51E-01	1.11E-01	
1_2602036_T_C	5.86E-02	1.08E-04	6.18E-01	-1.06E-01	2.11E-01	2.94E-02	
1_2602052_T_A	1.07E-01	1.66E-07	1.69E-01	-4.37E-01	3.17E-01	8.10E-02	
1_2602054_G_C	1.03E-01	2.61E-06	7.28E-01	-1.02E-01	2.93E-01	2.05E-02	
1_2602060_C_G	3.48E-01	1.92E-03	4.22E-01	-5.84E-02	7.26E-02	4.73E-02	
1_2602063_G_A	4.00E-01	3.88E-05	5.63E-01	-4.18E-02	7.22E-02	3.41E-02	
1_2602069_C_T	5.17E-02	1.52E-02	4.76E-01	1.89E-01	2.65E-01	4.20E-02	
1_2602071_A_G	3.97E-01	6.81E-05	3.30E-01	-6.79E-02	6.97E-02	5.74E-02	
1_2602087_T_C	6.59E-01	9.80E-03	5.57E-01	-3.98E-02	6.77E-02	3.46E-02	
1_2602096_C_T	7.59E-02	7.61E-04	7.39E-01	8.13E-02	2.44E-01	1.96E-02	
1_2602125_C_T	1.00E-01	1.73E-04	3.90E-01	-1.53E-01	1.77E-01	5.06E-02	
1_2602126_G_C	5.17E-02	4.68E-04	7.71E-01	6.67E-02	2.29E-01	1.72E-02	
1_2602129_A_G	6.90E-02	8.81E-05	4.78E-01	-1.46E-01	2.05E-01	4.18E-02	
1_2602132_G_A	2.07E-01	3.67E-02	6.48E-01	-7.16E-02	1.57E-01	2.70E-02	
1_2602137_G_C	1.10E-01	5.79E-07	6.23E-01	-1.77E-01	3.60E-01	2.90E-02	
1_2602150_A_G	2.48E-01	4.16E-01	8.51E-01	-1.66E-02	8.84E-02	1.11E-02	
1_2602159_T_C	4.55E-01	9.36E-04	3.58E-01	1.18E-01	1.28E-01	5.42E-02	
1_2602161_A_C	8.62E-02	9.74E-05	8.56E-01	4.99E-02	2.74E-01	1.07E-02	
1_2602163_C_A	1.41E-01	2.72E-05	2.39E-01	-1.66E-01	1.41E-01	6.94E-02	
1_2602166_C_T	2.14E-01	3.32E-10	3.89E-02	3.28E-01	1.58E-01	1.21E-01	
1_2602171_C_T	6.21E-02	3.71E-02	6.03E-01	-7.71E-02	1.48E-01	3.07E-02	
1_2602186_C_G	1.66E-01	1.95E-07	1.13E-01	-2.42E-01	1.52E-01	9.34E-02	
1_2602192_C_T	8.28E-02	9.85E-04	1.40E-01	-2.05E-01	1.38E-01	8.69E-02	
1_2602204_C_G	4.21E-01	2.40E-05	5.59E-01	9.70E-02	1.66E-01	3.44E-02	
1_2602252_C_T	2.79E-01	2.60E-05	8.17E-01	3.69E-02	1.59E-01	1.36E-02	
1_2602255_G_C	7.24E-02	1.48E-03	5.72E-01	1.11E-01	1.96E-01	3.33E-02	
1_2602256_C_G	1.00E-01	9.50E-08	3.12E-01	-3.09E-01	3.05E-01	5.96E-02	
1_2602267_G_C	4.90E-01	3.10E-04	4.70E-01	7.84E-02	1.08E-01	4.26E-02	
1_2602271_T_C	5.38E-01	1.49E-02	7.38E-01	3.84E-02	1.15E-01	1.97E-02	
1_2602278_A_C	1.00E-01	5.48E-06	7.19E-01	-1.31E-01	3.63E-01	2.12E-02	
1_2602286_C_G	5.45E-01	3.02E-02	8.14E-01	2.81E-02	1.19E-01	1.39E-02	
1_2602288_G_A	7.24E-02	6.50E-03	5.47E-01	-7.97E-02	1.32E-01	3.55E-02	
1_2602292_A_C	4.38E-01	2.03E-07	7.36E-01	3.84E-02	1.13E-01	1.99E-02	
1_2602293_A_G	4.31E-01	4.29E-08	6.47E-01	5.40E-02	1.18E-01	2.70E-02	
1_2602315_C_G	3.76E-01	9.58E-10	1.70E-01	1.63E-01	1.18E-01	8.09E-02	
1_2602348_C_T	2.69E-01	2.45E-06	2.28E-02	3.10E-01	1.36E-01	1.34E-01	
1_2602361_C_A	7.59E-02	2.50E-07	1.03E-01	-3.98E-01	2.44E-01	9.59E-02	bad-chisq
1_2602362_G_A	7.93E-02	9.60E-06	6.41E-01	-1.12E-01	2.41E-01	2.75E-02	
1_2602364_A_G	1.52E-01	7.50E-01	7.87E-01	2.39E-02	8.86E-02	1.59E-02	
1_2602381_T_C	2.41E-01	4.44E-09	2.42E-01	2.22E-01	1.90E-01	6.89E-02	
1_2602386_A_C	2.41E-01	4.44E-09	2.42E-01	2.22E-01	1.90E-01	6.89E-02	
1_2602390_C_T	8.28E-02	4.76E-01	2.70E-01	1.48E-01	1.34E-01	6.49E-02	
1_2602399_C_T	3.03E-01	8.53E-04	4.41E-01	1.22E-01	1.58E-01	4.54E-02	
1_2620583_C_T	6.55E-02	2.42E-05	6.47E-01	-1.29E-01	2.80E-01	2.70E-02	
1_2620613_A_C	1.17E-01	1.24E-07	1.21E-01	-5.26E-01	3.38E-01	9.13E-02	
1_2620614_C_A	1.14E-01	2.69E-07	3.38E-01	-4.75E-01	4.96E-01	5.64E-02	
1_2620617_A_G	2.52E-01	4.50E-09	1.91E-01	2.22E-01	1.69E-01	7.70E-02	
1_2620630_C_T	5.86E-02	7.57E-04	8.92E-01	3.24E-02	2.38E-01	8.03E-03	
1_2630836_C_G	1.34E-01	5.29E-01	3.90E-01	-1.43E-01	1.66E-01	5.06E-02	
1_2630847_G_C	1.34E-01	5.29E-01	3.90E-01	-1.43E-01	1.66E-01	5.06E-02	
1_2630848_C_T	1.34E-01	5.29E-01	3.90E-01	-1.43E-01	1.66E-01	5.06E-02	
1_2630857_A_C	5.52E-02	2.25E-04	8.80E-01	-4.10E-02	2.71E-01	8.91E-03	
1_2630863_C_T	2.45E-01	1.33E-08	2.32E-02	3.41E-01	1.49E-01	1.33E-01	
1_2630879_T_C	3.86E-01	1.26E-01	9.85E-01	3.07E-03	1.58E-01	1.14E-03	
1_2630908_C_T	4.14E-01	2.05E-06	7.60E-01	4.72E-02	1.54E-01	1.80E-02	
1_2630920_T_C	3.41E-01	3.51E-03	9.66E-01	6.10E-03	1.44E-01	2.50E-03	
1_2630926_C_T	7.24E-02	2.76E-04	8.20E-01	5.91E-02	2.59E-01	1.34E-02	
1_2630941_G_A	7.93E-02	1.87E-03	9.49E-01	-8.45E-03	1.32E-01	3.77E-03	
1_2630950_C_G	5.86E-02	4.19E-03	7.55E-01	8.14E-02	2.60E-01	1.84E-02	
1_2630959_T_C	5.86E-02	1.08E-04	7.50E-01	-9.19E-02	2.88E-01	1.88E-02	
1_2630974_C_T	2.59E-01	3.70E-08	3.39E-01	1.47E-01	1.54E-01	5.64E-02	
1_2630983_C_G	8.28E-02	5.27E-07	3.32E-01	-3.00E-01	3.09E-01	5.72E-02	
1_2630998_A_G	2.03E-01	2.58E-02	2.71E-01	-1.64E-01	1.49E-01	6.49E-02	
1_2631028_C_T	7.24E-02	1.48E-03	4.78E-01	-1.22E-01	1.72E-01	4.18E-02	
1_2631034_T_C	3.41E-01	3.51E-03	2.38E-01	1.71E-01	1.45E-01	6.95E-02	
1_2631055_C_T	6.55E-02	1.10E-03	2.54E-01	-2.23E-01	1.96E-01	6.71E-02	
1_2631058_G_A	4.38E-01	1.68E-04	9.45E-01	1.02E-02	1.48E-01	4.08E-03	
1_2631061_A_G	2.38E-01	4.28E-03	4.00E-01	-1.23E-01	1.46E-01	4.97E-02	
1_2631076_G_C	1.76E-01	5.30E-01	5.73E-01	4.83E-02	8.56E-02	3.33E-02	
1_2631079_G_A	2.31E-01	4.41E-03	9.78E-02	-2.33E-01	1.40E-01	9.74E-02	
1_2631082_C_G	4.41E-01	4.12E-05	7.90E-01	4.20E-02	1.57E-01	1.57E-02	
1_2631089_T_C	2.72E-01	1.52E-06	2.34E-01	1.60E-01	1.35E-01	7.01E-02	
1_2631094_C_G	4.72E-01	4.20E-03	9.42E-01	1.07E-02	1.48E-01	4.26E-03	
1_2631106_C_G	5.52E-02	2.25E-04	8.83E-01	-3.98E-02	2.71E-01	8.67E-03	
1_2631109_T_C	3.14E-01	1.00E-04	8.62E-02	2.13E-01	1.24E-01	1.01E-01	
1_2631136_C_G	5.00E-01	2.43E-02	9.13E-01	2.00E-02	1.84E-01	6.41E-03	
1_2631175_G_A	7.59E-02	2.48E-06	5.27E-01	-1.70E-01	2.69E-01	3.73E-02	
1_2631179_A_G	6.21E-02	1.00E-02	8.31E-01	4.40E-02	2.07E-01	1.26E-02	
1_2631192_G_A	1.21E-01	3.97E-03	6.21E-01	6.63E-02	1.34E-01	2.91E-02	
1_2632636_C_T	6.55E-02	1.10E-03	6.20E-01	1.09E-01	2.20E-01	2.92E-02	
1_2632639_C_T	2.10E-01	2.18E-04	2.15E-01	-1.37E-01	1.10E-01	7.31E-02	
1_2632715_T_C	5.28E-01	9.31E-03	2.49E-01	1.45E-01	1.26E-01	6.79E-02	
1_2632771_T_C	4.69E-01	5.76E-03	5.87E-01	-7.46E-02	1.37E-01	3.20E-02	
1_2632776_C_T	9.31E-02	1.33E-04	6.44E-01	8.59E-02	1.86E-01	2.72E-02	
1_2632783_G_C	3.86E-01	7.89E-07	5.26E-01	-9.13E-02	1.44E-01	3.74E-02	
1_2642872_C_T	4.31E-01	3.67E-04	5.94E-01	9.65E-02	1.81E-01	3.14E-02	
1_2642896_C_T	2.03E-01	2.58E-02	5.00E-01	1.12E-01	1.66E-01	3.98E-02	
1_2642899_C_G	8.97E-02	4.81E-05	9.76E-01	9.08E-03	3.03E-01	1.76E-03	
1_2642902_C_T	8.62E-02	9.74E-05	8.59E-01	4.90E-02	2.75E-01	1.05E-02	
1_2642917_T_C	6.55E-02	2.42E-05	5.94E-01	-1.55E-01	2.91E-01	3.14E-02	
1_2642944_C_T	1.10E-01	5.79E-07	6.23E-01	-1.77E-01	3.60E-01	2.90E-02	
1_2642956_T_C	1.03E-01	2.61E-06	9.51E-01	-1.74E-02	2.80E-01	3.66E-03	
1_2642968_C_T	2.17E-01	1.88E-10	2.35E-02	4.07E-01	1.79E-01	1.33E-01	
1_2643001_G_A	5.52E-02	2.25E-04	7.28E-01	-7.33E-02	2.10E-01	2.05E-02	
1_2643055_G_C	6.90E-02	8.81E-05	6.02E-01	-1.55E-01	2.97E-01	3.08E-02	
1_2643096_C_T	1.00E-01	7.53E-02	3.51E-01	1.87E-01	2.01E-01	5.49E-02	
1_2643176_C_T	6.55E-02	1.10E-03	1.58E-01	-2.29E-01	1.62E-01	8.31E-02	
1_2643190_G_C	4.90E-01	3.79E-03	7.92E-01	4.19E-02	1.59E-01	1.55E-02	
1_2643206_G_A	5.86E-02	1.08E-04	7.50E-01	-9.19E-02	2.88E-01	1.88E-02	
1_2643208_C_T	4.34E-01	1.19E-05	9.90E-01	1.75E-03	1.38E-01	7.50E-04	
1_2643232_G_C	6.55E-02	5.36E-03	5.14E-01	1.69E-01	2.59E-01	3.85E-02	
1_2643241_G_A	3.31E-01	1.07E-04	2.05E-01	-1.56E-01	1.22E-01	7.47E-02	
1_2643268_C_T	5.52E-02	3.31E-02	5.70E-01	1.12E-01	1.97E-01	3.35E-02	
1_2643269_G_T	7.59E-02	7.61E-04	7.70E-01	8.28E-02	2.83E-01	1.72E-02	
1_2643280_C_T	2.41E-01	4.44E-09	2.42E-01	2.22E-01	1.90E-01	6.89E-02	
1_2643309_G_C	1.14E-01	2.69E-07	3.38E-01	-4.75E-01	4.96E-01	5.64E-02	
1_2643321_C_A	1.14E-01	2.69E-07	3.38E-01	-4.75E-01	4.96E-01	5.64E-02	
1_2643323_C_T	8.97E-02	3.60E-01	9.12E-01	1.73E-02	1.57E-01	6.50E-03	
1_2643349_G_C	1.00E-01	5.48E-06	7.19E-01	-1.31E-01	3.63E-01	2.12E-02	
1_2643379_C_G	1.86E-01	4.07E-01	7.15E-01	5.51E-02	1.51E-01	2.15E-02	
1_2643385_T_C	5.24E-01	6.25E-03	1.91E-01	1.56E-01	1.19E-01	7.70E-02	
1_2643391_T_C	2.79E-01	7.68E-03	5.66E-01	-5.94E-02	1.03E-01	3.39E-02	
1_2643399_T_C	8.62E-02	2.12E-06	5.03E-01	-1.90E-01	2.83E-01	3.95E-02	
1_2643406_A_G	1.10E-01	5.79E-07	6.23E-01	-1.77E-01	3.60E-01	2.90E-02	
1_2643451_G_C	2.38E-01	1.41E-09	8.87E-02	3.10E-01	1.82E-01	1.00E-01	
1_2643478_C_T	5.17E-02	4.68E-04	7.89E-01	-7.50E-02	2.80E-01	1.58E-02	
1_2643491_C_A	1.14E-01	2.69E-07	3.38E-01	-4.75E-01	4.96E-01	5.64E-02	
1_2643496_A_G	9.31E-02	5.04E-01	6.44E-01	-7.07E-02	1.53E-01	2.73E-02	
1_2643503_G_T	6.21E-02	3.73E-04	8.97E-01	-3.01E-02	2.32E-01	7.65E-03	
1_2643515_C_A	6.21E-02	2.16E-03	8.78E-01	3.70E-02	2.41E-01	9.03E-03	
1_2643529_C_G	1.14E-01	2.69E-07	3.38E-01	-4.75E-01	4.96E-01	5.64E-02	
1_2643533_C_A	6.90E-02	1.14E-05	4.91E-01	-2.15E-01	3.12E-01	4.06E-02	
1_2643604_C_G	5.21E-01	8.27E-04	2.27E-03	2.23E-01	7.24E-02	1.79E-01	
1_2643611_G_T	1.14E-01	2.29E-01	9.38E-01	1.29E-02	1.66E-01	4.57E-03	
1_2643622_G_A	2.17E-01	1.88E-10	2.35E-02	4.07E-01	1.79E-01	1.33E-01	
1_2643632_G_A	5.52E-01	3.59E-04	1.28E-03	2.25E-01	6.93E-02	1.88E-01	
1_2643673_C_T	1.66E-01	6.95E-02	1.07E-03	2.60E-01	7.88E-02	1.91E-01	
1_2643676_C_T	1.10E-01	2.90E-01	6.29E-01	8.04E-02	1.66E-01	2.85E-02	
1_2643682_T_C	8.41E-01	1.17E-01	3.18E-03	-2.36E-01	7.93E-02	1.73E-01	
1_2643694_C_T	6.21E-02	2.16E-03	3.11E-01	-1.72E-01	1.69E-01	5.97E-02	
1_2643697_C_T	8.97E-02	1.62E-02	3.78E-01	-9.02E-02	1.02E-01	5.19E-02	
1_2643704_A_G	1.28E-01	8.81E-08	1.38E-01	-3.60E-01	2.42E-01	8.73E-02	
1_2643706_C_G	9.31E-02	2.35E-05	9.52E-01	1.60E-02	2.66E-01	3.55E-03	
1_2643712_C_G	1.10E-01	5.79E-07	5.38E-01	-2.44E-01	3.96E-01	3.63E-02	
1_2643715_G_C	5.17E-02	4.11E-01	2.89E-01	-1.62E-01	1.53E-01	6.25E-02	
1_2643725_T_A	1.03E-01	8.84E-05	7.00E-01	8.03E-02	2.08E-01	2.27E-02	
1_2643733_A_G	4.86E-01	6.89E-05	9.09E-01	-1.03E-02	8.98E-02	6.74E-03	
1_2643736_G_C	8.28E-02	1.95E-04	7.83E-01	7.35E-02	2.66E-01	1.63E-02	
1_2643757_A_G	7.93E-02	9.70E-01	2.83E-01	-1.54E-01	1.43E-01	6.32E-02	
1_2643762_G_C	1.14E-01	2.69E-07	3.38E-01	-4.75E-01	4.96E-01	5.64E-02	
1_2643765_C_G	1.21E-01	2.59E-06	7.29E-01	9.69E-02	2.79E-01	2.05E-02	
1_2643799_G_A	3.03E-01	8.53E-04	4.48E-02	2.91E-01	1.44E-01	1.18E-01	
1_2643800_C_T	2.48E-01	3.82E-08	3.86E-01	1.49E-01	1.72E-01	5.11E-02	
1_2643859_G_A	5.17E-02	4.68E-04	9.29E-01	-2.16E-02	2.44E-01	5.22E-03	
1_2643890_T_G	7.93E-02	9.60E-06	6.48E-01	-1.16E-01	2.53E-01	2.69E-02	
1_2643898_G_A	9.66E-02	1.14E-05	9.45E-01	1.69E-02	2.46E-01	4.06E-03	
1_2643904_C_T	1.21E-01	7.11E-05	9.04E-02	-2.20E-01	1.30E-01	9.96E-02	
1_2643913_C_T	5.52E-02	2.57E-05	4.78E-01	-1.53E-01	2.15E-01	4.18E-02	bad-chisq
1_2643919_G_A	5.86E-02	1.08E-04	3.27E-01	-2.13E-01	2.17E-01	5.78E-02	
1_2643922_C_T	1.21E-01	9.75E-01	9.09E-01	-1.78E-02	1.55E-01	6.76E-03	
1_2643931_T_C	5.79E-01	2.14E-04	2.50E-02	1.86E-01	8.25E-02	1.32E-01	
1_2643967_C_G	1.14E-01	2.69E-07	3.38E-01	-4.75E-01	4.96E-01	5.64E-02	
1_2643986_C_A	1.14E-01	2.69E-07	3.38E-01	-4.75E-01	4.96E-01	5.64E-02	
1_2643995_A_G	9.31E-02	3.54E-06	8.01E-01	-7.56E-02	3.00E-01	1.48E-02	
1_2643996_A_C	9.31E-02	3.54E-06	8.01E-01	-7.56E-02	3.00E-01	1.48E-02	
1_2643997_G_C	6.55E-02	2.42E-05	6.47E-01	-1.29E-01	2.80E-01	2.70E-02	
1_2671780_C_T	1.62E-01	8.11E-01	9.36E-02	-2.28E-01	1.36E-01	9.87E-02	
1_2671789_T_C	3.55E-01	6.75E-09	3.10E-01	1.52E-01	1.49E-01	5.99E-02	
1_2671807_G_A	2.41E-01	2.27E-08	3.40E-01	1.44E-01	1.51E-01	5.63E-02	
1_2671816_C_A	2.10E-01	8.80E-11	8.53E-03	4.39E-01	1.66E-01	1.54E-01	
1_2671825_T_C	2.24E-01	4.71E-02	4.99E-02	-2.53E-01	1.28E-01	1.15E-01	
1_2671834_G_A	5.17E-02	4.11E-01	8.19E-02	3.10E-01	1.77E-01	1.02E-01	
1_2671835_T_C	1.55E-01	5.15E-04	2.59E-01	-1.32E-01	1.17E-01	6.65E-02	
1_2671855_T_C	4.38E-01	6.30E-05	8.20E-01	3.20E-02	1.41E-01	1.34E-02	
1_2671861_C_T	3.31E-01	8.91E-03	3.13E-01	1.42E-01	1.40E-01	5.94E-02	
1_2671870_A_G	2.69E-01	2.95E-05	5.76E-02	2.87E-01	1.50E-01	1.12E-01	
1_2671873_A_G	3.93E-01	4.82E-02	9.53E-01	-7.52E-03	1.28E-01	3.47E-03	
1_2671888_T_C	2.41E-01	1.08E-07	5.29E-02	3.02E-01	1.55E-01	1.14E-01	
1_2671897_T_C	4.00E-01	1.32E-05	3.07E-01	-1.37E-01	1.34E-01	6.02E-02	
1_2671909_T_C	1.79E-01	2.68E-01	1.18E-01	-1.95E-01	1.24E-01	9.19E-02	
1_2671930_C_T	2.76E-01	1.22E-04	8.33E-02	2.61E-01	1.50E-01	1.02E-01	
1_2671933_C_T	2.72E-01	6.10E-05	7.36E-02	2.56E-01	1.42E-01	1.05E-01	
1_2671936_C_G	1.00E-01	5.48E-06	7.19E-01	-1.31E-01	3.63E-01	2.12E-02	
1_2671942_C_T	2.52E-01	6.84E-06	1.43E-01	2.19E-01	1.49E-01	8.63E-02	
1_2671963_A_G	2.62E-01	2.18E-08	1.96E-02	3.16E-01	1.35E-01	1.37E-01	
1_2671972_C_T	1.55E-01	5.99E-01	4.58E-01	-9.74E-02	1.31E-01	4.38E-02	
1_2671987_A_G	1.14E-01	2.69E-07	3.38E-01	-4.75E-01	4.96E-01	5.64E-02	
1_2709573_C_T	1.59E-01	9.55E-01	1.92E-01	-2.05E-01	1.57E-01	7.68E-02	
1_2709577_T_C	3.93E-01	7.68E-08	2.50E-01	2.09E-01	1.81E-01	6.78E-02	
1_2709590_G_A	1.48E-01	6.09E-01	1.85E-01	-2.08E-01	1.56E-01	7.80E-02	
1_2709591_T_C	1.14E-01	2.69E-07	3.38E-01	-4.75E-01	4.96E-01	5.64E-02	
1_2709613_C_G	1.24E-01	3.65E-01	7.25E-01	-6.47E-02	1.84E-01	2.07E-02	
1_2709619_C_T	5.52E-02	2.25E-04	6.09E-01	-1.16E-01	2.28E-01	3.01E-02	
1_2709634_C_T	3.21E-01	1.04E-02	8.28E-02	2.38E-01	1.37E-01	1.02E-01	
1_2709649_T_C	1.14E-01	2.69E-07	3.38E-01	-4.75E-01	4.96E-01	5.64E-02	
1_2709655_G_C	2.38E-01	2.15E-02	2.54E-01	-1.65E-01	1.45E-01	6.72E-02	
1_2709660_C_T	5.86E-02	7.57E-04	7.19E-01	-9.45E-02	2.63E-01	2.12E-02	
1_2709661_C_G	1.45E-01	4.78E-01	2.22E-01	-2.02E-01	1.65E-01	7.19E-02	
1_2709667_C_T	9.66E-02	9.78E-01	4.44E-01	9.83E-02	1.28E-01	4.51E-02	
1_2709685_T_C	2.24E-01	2.32E-02	2.52E-01	-1.53E-01	1.34E-01	6.75E-02	
1_2709697_C_T	1.52E-01	9.91E-01	1.42E-01	-2.08E-01	1.41E-01	8.65E-02	
1_2709711_C_T	1.10E-01	2.22E-05	8.84E-01	3.09E-02	2.12E-01	8.57E-03	
1_2709715_A_G	4.55E-01	5.74E-05	5.51E-01	6.04E-02	1.01E-01	3.51E-02	
1_2709721_C_T	5.52E-02	1.07E-01	1.33E-01	2.96E-01	1.97E-01	8.85E-02	
1_2709727_C_T	2.52E-01	4.50E-09	1.34E-01	2.65E-01	1.77E-01	8.82E-02	
1_2709732_A_C	3.97E-01	5.59E-03	3.87E-01	-6.30E-02	7.28E-02	5.09E-02	
1_2709739_T_C	4.24E-01	3.14E-04	2.94E-01	1.26E-01	1.20E-01	6.18E-02	
1_2709745_C_T	1.45E-01	4.78E-01	2.22E-01	-2.02E-01	1.65E-01	7.19E-02	
1_2709751_C_T	6.21E-02	2.16E-03	6.84E-01	8.45E-02	2.07E-01	2.40E-02	
1_2709780_G_A	2.14E-01	3.53E-02	8.41E-01	-3.33E-02	1.66E-01	1.18E-02	
1_2709781_C_T	1.76E-01	7.51E-01	1.44E-01	-1.98E-01	1.35E-01	8.60E-02	
1_2709802_C_T	2.52E-01	1.05E-07	6.58E-02	2.49E-01	1.35E-01	1.08E-01	
1_2709814_C_T	7.59E-02	2.02E-05	7.80E-01	-6.40E-02	2.29E-01	1.65E-02	
1_2709820_C_T	5.17E-02	5.84E-02	1.22E-01	-2.36E-01	1.52E-01	9.09E-02	
1_2709847_T_C	5.03E-01	3.42E-02	5.42E-01	-1.02E-01	1.67E-01	3.59E-02	
1_2709862_T_C	8.97E-02	4.81E-03	3.14E-01	1.72E-01	1.70E-01	5.93E-02	
1_2709877_C_T	9.66E-02	1.67E-06	1.01E-01	-3.02E-01	1.84E-01	9.64E-02	
1_2709886_T_C	9.66E-02	3.36E-04	6.04E-01	1.06E-01	2.03E-01	3.06E-02	
1_2709889_G_C	3.86E-01	8.55E-06	3.56E-01	1.34E-01	1.45E-01	5.44E-02	
1_2709916_C_T	7.59E-02	8.17E-01	8.52E-01	-2.29E-02	1.23E-01	1.10E-02	
1_2709942_C_G	1.14E-01	2.69E-07	3.38E-01	-4.75E-01	4.96E-01	5.64E-02	
1_2709947_A_T	1.14E-01	2.69E-07	3.38E-01	-4.75E-01	4.96E-01	5.64E-02	
1_2709954_G_C	3.45E-01	5.30E-07	7.05E-01	-4.49E-02	1.18E-01	2.23E-02	
1_2709963_C_G	6.90E-02	8.81E-05	6.02E-01	-1.55E-01	2.97E-01	3.08E-02	
1_2709965_C_T	5.86E-02	7.34E-01	4.33E-01	9.50E-02	1.21E-01	4.63E-02	
1_2709967_G_C	4.41E-01	7.13E-04	6.24E-01	-7.41E-02	1.51E-01	2.89E-02	
1_2709973_C_T	4.17E-01	3.70E-05	4.43E-01	9.59E-02	1.25E-01	4.52E-02	
1_2709976_C_G	3.21E-01	4.86E-03	3.15E-01	1.25E-01	1.24E-01	5.92E-02	
1_2709979_C_T	8.28E-02	1.16E-01	5.10E-01	8.85E-02	1.34E-01	3.88E-02	
1_2709985_C_T	2.14E-01	4.95E-11	6.01E-03	4.34E-01	1.57E-01	1.61E-01	
1_2709991_C_T	6.90E-02	7.71E-01	3.60E-01	1.20E-01	1.31E-01	5.39E-02	
1_2710039_C_G	1.00E-01	9.50E-08	2.23E-01	-3.85E-01	3.15E-01	7.18E-02	
1_2710044_A_C	6.90E-02	1.14E-05	4.91E-01	-2.15E-01	3.12E-01	4.06E-02	
1_2710073_G_C	6.21E-02	5.12E-05	6.93E-01	-1.10E-01	2.79E-01	2.33E-02	
1_2710081_C_T	2.41E-01	4.44E-09	2.42E-01	2.22E-01	1.90E-01	6.89E-02	
1_2710084_G_C	1.41E-01	8.19E-01	7.29E-01	-5.69E-02	1.64E-01	2.04E-02	
1_2710087_T_C	1.59E-01	2.91E-03	1.62E-01	2.04E-01	1.46E-01	8.23E-02	
1_2710090_C_T	9.66E-02	1.15E-01	3.87E-01	1.26E-01	1.45E-01	5.10E-02	
1_2710099_C_G	6.55E-02	1.10E-03	7.46E-01	7.69E-02	2.37E-01	1.91E-02	
1_2710110_T_C	1.14E-01	2.69E-07	3.38E-01	-4.75E-01	4.96E-01	5.64E-02	
1_2710126_T_C	3.10E-01	5.17E-05	3.34E-01	1.31E-01	1.36E-01	5.69E-02	
1_2710129_C_G	5.17E-02	4.68E-04	9.85E-01	4.89E-03	2.58E-01	1.12E-03	
1_2710133_A_G	4.93E-01	1.16E-02	4.01E-01	1.54E-01	1.83E-01	4.95E-02	
1_2710138_T_C	2.00E-01	1.38E-01	8.79E-01	-2.01E-02	1.32E-01	9.01E-03	
1_2710154_C_G	1.93E-01	1.44E-01	9.95E-01	-8.78E-04	1.47E-01	3.51E-04	
1_2710159_G_C	4.90E-01	7.85E-03	3.43E-01	1.64E-01	1.72E-01	5.59E-02	
1_2710162_G_C	2.28E-01	7.33E-09	7.32E-02	2.90E-01	1.61E-01	1.05E-01	
1_2710184_G_A	6.90E-02	8.81E-05	6.02E-01	-1.55E-01	2.97E-01	3.08E-02	
1_2710186_G_C	6.90E-02	8.81E-05	6.02E-01	-1.55E-01	2.97E-01	3.08E-02	
1_2710198_G_C	3.55E-01	4.75E-03	5.26E-01	8.08E-02	1.27E-01	3.74E-02	
1_2710204_G_C	3.31E-01	1.81E-03	7.39E-01	4.23E-02	1.27E-01	1.96E-02	
1_2710207_C_G	6.21E-02	3.73E-04	7.92E-01	6.18E-02	2.34E-01	1.56E-02	
1_2710280_T_G	6.21E-02	3.73E-04	6.15E-01	-1.31E-01	2.60E-01	2.97E-02	
1_2710285_C_T	4.00E-01	3.72E-07	3.39E-01	1.54E-01	1.61E-01	5.63E-02	
1_2741997_C_A	1.14E-01	2.69E-07	3.38E-01	-4.75E-01	4.96E-01	5.64E-02	
1_2742001_C_G	1.03E-01	4.30E-08	1.30E-01	-5.40E-01	3.56E-01	8.90E-02	
1_2742012_T_C	1.14E-01	2.69E-07	3.38E-01	-4.75E-01	4.96E-01	5.64E-02	
1_2742013_C_T	6.21E-02	2.16E-03	9.77E-01	6.62E-03	2.34E-01	1.67E-03	
1_2742017_T_A	6.90E-02	8.81E-05	6.02E-01	-1.55E-01	2.97E-01	3.08E-02	
1_2742020_C_T	1.14E-01	2.69E-07	3.38E-01	-4.75E-01	4.96E-01	5.64E-02	
1_2742023_G_C	1.14E-01	2.69E-07	3.38E-01	-4.75E-01	4.96E-01	5.64E-02	
1_2742032_G_A	4.76E-01	1.28E-02	4.98E-01	1.43E-01	2.10E-01	3.99E-02	
1_2742046_C_T	1.00E-01	7.53E-02	3.51E-01	1.87E-01	2.01E-01	5.49E-02	
1_2742049_C_T	2.93E-01	9.94E-04	8.34E-02	2.52E-01	1.45E-01	1.02E-01	
1_2742050_A_G	4.76E-01	1.28E-02	4.98E-01	1.43E-01	2.10E-01	3.99E-02	
1_2742051_T_C	1.52E-01	5.01E-01	4.52E-01	1.20E-01	1.59E-01	4.43E-02	
1_2742056_C_T	1.86E-01	4.05E-02	7.56E-01	5.11E-02	1.64E-01	1.84E-02	
1_2742058_T_C	2.97E-01	6.91E-04	7.22E-01	5.24E-02	1.47E-01	2.09E-02	
1_2742075_C_G	3.93E-01	7.68E-08	2.50E-01	2.09E-01	1.81E-01	6.78E-02	
1_2742076_C_G	7.59E-02	2.48E-06	5.93E-01	-1.41E-01	2.64E-01	3.15E-02	
1_2742077_G_A	1.90E-01	3.19E-01	3.08E-02	-2.78E-01	1.28E-01	1.27E-01	
1_2742092_G_C	1.14E-01	2.69E-07	3.38E-01	-4.75E-01	4.96E-01	5.64E-02	
1_2742100_C_T	6.21E-02	3.73E-04	6.50E-01	-1.17E-01	2.58E-01	2.67E-02	
1_2742121_A_G	4.62E-01	2.41E-03	7.44E-01	-4.73E-02	1.45E-01	1.93E-02	
1_2742130_C_T	2.17E-01	1.88E-10	9.65E-03	4.23E-01	1.62E-01	1.52E-01	
1_2742151_C_T	1.24E-01	5.85E-01	6.11E-01	-7.28E-02	1.43E-01	3.00E-02	
1_2742160_A_G	2.41E-01	1.08E-07	9.00E-02	2.53E-01	1.49E-01	9.97E-02	
1_2742163_C_T	1.21E-01	4.48E-01	8.78E-01	-2.32E-02	1.51E-01	9.06E-03	
1_2742178_C_T	4.28E-01	5.34E-04	5.09E-01	-9.95E-02	1.50E-01	3.90E-02	
1_2742184_G_A	5.52E-02	8.04E-03	7.40E-01	7.84E-02	2.37E-01	1.95E-02	
1_2742208_G_C	8.62E-02	9.74E-05	8.59E-01	4.90E-02	2.75E-01	1.05E-02	
1_2742217_G_A	6.90E-02	5.54E-04	8.77E-01	-3.47E-02	2.23E-01	9.15E-03	
1_2742220_G_C	7.59E-02	2.02E-05	4.59E-01	-2.04E-01	2.75E-01	4.36E-02	
1_2742226_G_A	4.93E-01	2.23E-02	7.63E-01	-5.07E-02	1.68E-01	1.78E-02	
1_2742234_G_A	1.14E-01	2.69E-07	3.38E-01	-4.75E-01	4.96E-01	5.64E-02	
1_2742241_C_T	6.55E-02	2.12E-02	3.70E-01	1.62E-01	1.81E-01	5.28E-02	
1_2742270_T_A	1.00E-01	5.48E-06	7.19E-01	-1.31E-01	3.63E-01	2.12E-02	
1_2742274_G_C	3.14E-01	7.27E-04	3.55E-01	1.36E-01	1.47E-01	5.45E-02	
1_2742278_G_A	1.00E-01	5.48E-06	7.19E-01	-1.31E-01	3.63E-01	2.12E-02	
1_2742286_G_C	6.21E-02	3.73E-04	7.90E-01	-7.30E-02	2.74E-01	1.57E-02	
1_2742307_G_C	5.17E-02	3.04E-03	8.86E-01	-4.00E-02	2.79E-01	8.44E-03	
1_2742313_T_C	1.45E-01	5.19E-07	7.46E-02	-2.79E-01	1.56E-01	1.05E-01	
1_2742325_C_G	9.66E-02	2.08E-07	3.57E-01	-2.58E-01	2.80E-01	5.43E-02	
1_2742331_C_T	1.03E-01	1.63E-05	7.78E-01	6.20E-02	2.20E-01	1.66E-02	
1_2742342_A_T	1.14E-01	2.69E-07	3.38E-01	-4.75E-01	4.96E-01	5.64E-02	
1_2742347_C_G	1.10E-01	5.79E-07	6.23E-01	-1.77E-01	3.60E-01	2.90E-02	
1_2742348_C_A	1.14E-01	2.69E-07	3.38E-01	-4.75E-01	4.96E-01	5.64E-02	
1_2742353_A_G	2.62E-01	9.94E-08	9.31E-01	1.50E-02	1.72E-01	5.14E-03	
1_2742358_G_A	5.86E-02	4.19E-03	6.38E-01	1.18E-01	2.51E-01	2.77E-02	
1_2742367_C_T	5.86E-02	7.57E-04	8.53E-01	-4.75E-02	2.57E-01	1.09E-02	
1_2742376_G_C	1.10E-01	5.79E-07	6.23E-01	-1.77E-01	3.60E-01	2.90E-02	
1_2742386_A_G	9.07E-01	9.43E-03	9.46E-01	8.29E-03	1.23E-01	3.99E-03	
1_2742397_C_T	3.07E-01	1.48E-03	5.33E-02	2.89E-01	1.49E-01	1.14E-01	
1_2742407_C_G	1.00E-01	5.48E-06	7.19E-01	-1.31E-01	3.63E-01	2.12E-02	
1_2742413_C_T	1.93E-01	9.67E-01	2.24E-01	-1.46E-01	1.20E-01	7.16E-02	
1_2742444_T_C	6.90E-02	8.81E-05	6.02E-01	-1.55E-01	2.97E-01	3.08E-02	
1_2742457_G_A	1.14E-01	2.69E-07	3.38E-01	-4.75E-01	4.96E-01	5.64E-02	
1_2742460_T_C	1.97E-01	2.08E-04	6.02E-01	-4.40E-02	8.45E-02	3.07E-02	
1_2742465_G_A	1.14E-01	2.69E-07	3.38E-01	-4.75E-01	4.96E-01	5.64E-02	
1_2742468_C_A	7.59E-02	7.61E-04	7.70E-01	8.28E-02	2.83E-01	1.72E-02	
1_2742475_G_C	5.93E-01	7.18E-03	9.47E-01	-5.60E-03	8.41E-02	3.93E-03	
1_2742482_T_C	1.59E-01	2.87E-04	5.31E-01	9.30E-02	1.48E-01	3.70E-02	
1_2742495_T_C	2.21E-01	6.74E-10	4.15E-02	3.46E-01	1.69E-01	1.20E-01	
1_2742524_A_G	1.14E-01	2.69E-07	3.38E-01	-4.75E-01	4.96E-01	5.64E-02	
1_2742525_T_G	2.17E-01	1.88E-10	2.35E-02	4.07E-01	1.79E-01	1.33E-01	
1_2742526_G_C	6.90E-02	1.14E-05	4.91E-01	-2.15E-01	3.12E-01	4.06E-02	
1_2742531_C_T	6.55E-02	2.42E-05	6.15E-01	-1.34E-01	2.66E-01	2.96E-02	
1_2742532_G_C	6.21E-02	3.73E-04	9.32E-01	-2.10E-02	2.45E-01	5.04E-03	
1_2742576_G_A	2.83E-01	1.59E-04	6.80E-01	6.49E-02	1.57E-01	2.43E-02	
1_2763005_G_A	2.76E-01	4.00E-05	5.24E-02	2.86E-01	1.47E-01	1.14E-01	
1_2763008_A_G	1.76E-01	3.47E-01	3.47E-01	1.56E-01	1.66E-01	5.54E-02	
1_2763017_C_T	1.59E-01	5.53E-01	3.64E-01	-1.38E-01	1.52E-01	5.35E-02	
1_2763021_C_G	7.93E-02	9.60E-06	7.26E-01	-8.61E-02	2.45E-01	2.07E-02	
1_2763029_T_C	2.41E-01	1.44E-02	2.43E-01	-1.59E-01	1.36E-01	6.88E-02	
1_2763041_C_T	5.17E-02	4.68E-04	7.89E-01	-7.50E-02	2.80E-01	1.58E-02	
1_2763047_A_G	2.28E-01	2.17E-10	1.19E-02	4.24E-01	1.67E-01	1.48E-01	
1_2763053_G_A	3.10E-01	4.07E-04	4.05E-01	-1.08E-01	1.30E-01	4.90E-02	
1_2763110_C_G	4.07E-01	1.62E-05	5.90E-01	8.63E-02	1.60E-01	3.18E-02	
1_2763134_G_A	9.66E-02	1.73E-02	9.63E-01	-6.01E-03	1.31E-01	2.71E-03	
1_2763143_G_C	1.00E-01	7.53E-02	3.51E-01	1.87E-01	2.01E-01	5.49E-02	
1_2763161_A_G	1.21E-01	7.11E-05	1.14E-01	-2.26E-01	1.43E-01	9.30E-02	
1_2763162_G_A	9.31E-02	4.54E-07	2.15E-01	-2.40E-01	1.93E-01	7.30E-02	
1_2763163_G_A	1.07E-01	1.23E-06	3.08E-01	-2.08E-01	2.03E-01	6.01E-02	
1_2763167_T_C	2.76E-01	1.23E-05	8.74E-01	2.05E-02	1.29E-01	9.37E-03	
1_2763200_C_T	1.03E-01	1.26E-01	4.14E-01	1.56E-01	1.91E-01	4.81E-02	
1_2763209_C_G	3.07E-01	3.49E-03	9.94E-02	2.52E-01	1.52E-01	9.70E-02	
1_2763218_C_G	6.55E-02	1.82E-04	7.30E-01	-7.91E-02	2.29E-01	2.04E-02	
1_2763233_G_C	4.66E-01	1.72E-03	8.36E-01	3.22E-02	1.56E-01	1.22E-02	
1_2763245_C_T	2.28E-01	7.33E-09	1.06E-01	2.49E-01	1.53E-01	9.52E-02	
1_2763254_C_T	2.17E-01	1.88E-10	2.35E-02	4.07E-01	1.79E-01	1.33E-01	
1_2763278_G_A	8.62E-02	9.74E-05	6.02E-01	-9.19E-02	1.76E-01	3.08E-02	
1_2763284_C_T	2.17E-01	1.88E-10	2.35E-02	4.07E-01	1.79E-01	1.33E-01	
1_2763290_G_C	6.90E-02	1.14E-05	4.91E-01	-2.15E-01	3.12E-01	4.06E-02	
1_2763302_T_C	4.69E-01	2.71E-03	8.44E-01	-2.91E-02	1.48E-01	1.16E-02	
1_2763312_T_A	6.90E-02	1.14E-05	4.91E-01	-2.15E-01	3.12E-01	4.06E-02	
1_2763317_G_A	2.03E-01	5.30E-02	3.30E-01	-1.26E-01	1.29E-01	5.74E-02	
1_2763326_G_C	6.21E-02	5.12E-05	7.39E-01	-8.30E-02	2.49E-01	1.97E-02	
1_2763353_G_C	5.17E-02	5.48E-05	5.82E-01	-1.37E-01	2.49E-01	3.24E-02	bad-chisq
1_2763365_C_G	4.72E-01	4.20E-03	7.76E-01	4.32E-02	1.52E-01	1.67E-02	
1_2763386_C_G	1.07E-01	1.23E-06	8.95E-01	-3.93E-02	2.98E-01	7.77E-03	
1_2763391_A_G	1.10E-01	9.38E-01	6.56E-01	4.52E-02	1.01E-01	2.63E-02	
1_2763396_T_G	2.52E-01	1.05E-07	3.64E-02	3.26E-01	1.55E-01	1.23E-01	
1_2763398_G_C	4.00E-01	3.72E-07	3.56E-01	1.57E-01	1.70E-01	5.44E-02	
1_2763419_T_C	4.86E-01	3.73E-02	3.84E-01	-1.51E-01	1.73E-01	5.13E-02	
